entity_type	entity_id	field_name	value	source_name	source_record_id	source_release	source_url_or_endpoint	retrieved_at	evidence_nature	parser_version	raw_file	raw_record_hash
cancer_context	CANCER-001	Configured_Open_Targets_disease_ID	MONDO_0005061	Open Targets disease mapping	MONDO_0005061	26.09	https://api.platform.opentargets.org/api/v4/graphql	2026-09-30T07:41:58.308760+00:00	Inferred	opentargets-v0.2.2	"[""data\\raw\\opentargets\\26.09\\CANCER-001_MONDO_0005061_configured_disease.json""]"	3a87fb47fbb62abff49b1dc77fdfd986835b43a132a7e1c3446e0ab571c56119
cancer_context	CANCER-001	Resolved_Open_Targets_disease_ID	MONDO_0005061	Open Targets disease mapping	MONDO_0005061	26.09	https://api.platform.opentargets.org/api/v4/graphql	2026-09-30T07:41:58.308760+00:00	Observed	opentargets-v0.2.2	"[""data\\raw\\opentargets\\26.09\\CANCER-001_MONDO_0005061_configured_disease.json""]"	3a87fb47fbb62abff49b1dc77fdfd986835b43a132a7e1c3446e0ab571c56119
cancer_context	CANCER-001	Open_Targets_resolution_method	configured_id	Open Targets disease mapping	MONDO_0005061	26.09	https://api.platform.opentargets.org/api/v4/graphql	2026-09-30T07:41:58.308760+00:00	Observed	opentargets-v0.2.2	"[""data\\raw\\opentargets\\26.09\\CANCER-001_MONDO_0005061_configured_disease.json""]"	3a87fb47fbb62abff49b1dc77fdfd986835b43a132a7e1c3446e0ab571c56119
cancer_context	CANCER-001	Open_Targets_mapping_scope	exact_disease	Open Targets disease mapping	MONDO_0005061	26.09	https://api.platform.opentargets.org/api/v4/graphql	2026-09-30T07:41:58.308760+00:00	Inferred	opentargets-v0.2.2	"[""data\\raw\\opentargets\\26.09\\CANCER-001_MONDO_0005061_configured_disease.json""]"	3a87fb47fbb62abff49b1dc77fdfd986835b43a132a7e1c3446e0ab571c56119
cancer_context	CANCER-001	Open_Targets_mapping_confidence	high	Open Targets disease mapping	MONDO_0005061	26.09	https://api.platform.opentargets.org/api/v4/graphql	2026-09-30T07:41:58.308760+00:00	Inferred	opentargets-v0.2.2	"[""data\\raw\\opentargets\\26.09\\CANCER-001_MONDO_0005061_configured_disease.json""]"	3a87fb47fbb62abff49b1dc77fdfd986835b43a132a7e1c3446e0ab571c56119
cancer_context	CANCER-001	Open_Targets_mapping_rationale	Open Targets disease mapping represents lung adenocarcinoma at disease level. KRAS p.G12C is retained as a separate project molecular context and is not attributed to the Open Targets disease ontology.	Open Targets disease mapping	MONDO_0005061	26.09	https://api.platform.opentargets.org/api/v4/graphql	2026-09-30T07:41:58.308760+00:00	Inferred	opentargets-v0.2.2	"[""data\\raw\\opentargets\\26.09\\CANCER-001_MONDO_0005061_configured_disease.json""]"	3a87fb47fbb62abff49b1dc77fdfd986835b43a132a7e1c3446e0ab571c56119
cancer_context	CANCER-004	Configured_Open_Targets_disease_ID	MONDO_0005184	Open Targets disease mapping	MONDO_0005184	26.09	https://api.platform.opentargets.org/api/v4/graphql	2026-09-30T07:41:58.308760+00:00	Inferred	opentargets-v0.2.2	"[""data\\raw\\opentargets\\26.09\\CANCER-004_MONDO_0005184_configured_disease.json""]"	536576421a68ceb4552357e403abc7baea689d5dce29edee8484ae1ad32ec037
cancer_context	CANCER-004	Resolved_Open_Targets_disease_ID	MONDO_0005184	Open Targets disease mapping	MONDO_0005184	26.09	https://api.platform.opentargets.org/api/v4/graphql	2026-09-30T07:41:58.308760+00:00	Observed	opentargets-v0.2.2	"[""data\\raw\\opentargets\\26.09\\CANCER-004_MONDO_0005184_configured_disease.json""]"	536576421a68ceb4552357e403abc7baea689d5dce29edee8484ae1ad32ec037
cancer_context	CANCER-004	Open_Targets_resolution_method	configured_id	Open Targets disease mapping	MONDO_0005184	26.09	https://api.platform.opentargets.org/api/v4/graphql	2026-09-30T07:41:58.308760+00:00	Observed	opentargets-v0.2.2	"[""data\\raw\\opentargets\\26.09\\CANCER-004_MONDO_0005184_configured_disease.json""]"	536576421a68ceb4552357e403abc7baea689d5dce29edee8484ae1ad32ec037
cancer_context	CANCER-004	Open_Targets_mapping_scope	exact_disease	Open Targets disease mapping	MONDO_0005184	26.09	https://api.platform.opentargets.org/api/v4/graphql	2026-09-30T07:41:58.308760+00:00	Inferred	opentargets-v0.2.2	"[""data\\raw\\opentargets\\26.09\\CANCER-004_MONDO_0005184_configured_disease.json""]"	536576421a68ceb4552357e403abc7baea689d5dce29edee8484ae1ad32ec037
cancer_context	CANCER-004	Open_Targets_mapping_confidence	high	Open Targets disease mapping	MONDO_0005184	26.09	https://api.platform.opentargets.org/api/v4/graphql	2026-09-30T07:41:58.308760+00:00	Inferred	opentargets-v0.2.2	"[""data\\raw\\opentargets\\26.09\\CANCER-004_MONDO_0005184_configured_disease.json""]"	536576421a68ceb4552357e403abc7baea689d5dce29edee8484ae1ad32ec037
cancer_context	CANCER-004	Open_Targets_mapping_rationale	MONDO_0005184 is the disease-level pancreatic ductal adenocarcinoma entity. KRAS p.G12D remains a separate project molecular context and is not attributed to the Open Targets disease-level association score.	Open Targets disease mapping	MONDO_0005184	26.09	https://api.platform.opentargets.org/api/v4/graphql	2026-09-30T07:41:58.308760+00:00	Inferred	opentargets-v0.2.2	"[""data\\raw\\opentargets\\26.09\\CANCER-004_MONDO_0005184_configured_disease.json""]"	536576421a68ceb4552357e403abc7baea689d5dce29edee8484ae1ad32ec037
cancer_context	CANCER-011	Configured_Open_Targets_disease_ID	MONDO_0018177	Open Targets disease mapping	MONDO_0018177	26.09	https://api.platform.opentargets.org/api/v4/graphql	2026-09-30T07:41:58.308760+00:00	Inferred	opentargets-v0.2.2	"[""data\\raw\\opentargets\\26.09\\CANCER-011_MONDO_0018177_configured_disease.json""]"	7388f5460b8321f309e94fedcd79524081aff003a229f9e3adb5571c79884b67
cancer_context	CANCER-011	Resolved_Open_Targets_disease_ID	MONDO_0018177	Open Targets disease mapping	MONDO_0018177	26.09	https://api.platform.opentargets.org/api/v4/graphql	2026-09-30T07:41:58.308760+00:00	Observed	opentargets-v0.2.2	"[""data\\raw\\opentargets\\26.09\\CANCER-011_MONDO_0018177_configured_disease.json""]"	7388f5460b8321f309e94fedcd79524081aff003a229f9e3adb5571c79884b67
cancer_context	CANCER-011	Open_Targets_resolution_method	configured_id	Open Targets disease mapping	MONDO_0018177	26.09	https://api.platform.opentargets.org/api/v4/graphql	2026-09-30T07:41:58.308760+00:00	Observed	opentargets-v0.2.2	"[""data\\raw\\opentargets\\26.09\\CANCER-011_MONDO_0018177_configured_disease.json""]"	7388f5460b8321f309e94fedcd79524081aff003a229f9e3adb5571c79884b67
cancer_context	CANCER-011	Open_Targets_mapping_scope	exact_disease	Open Targets disease mapping	MONDO_0018177	26.09	https://api.platform.opentargets.org/api/v4/graphql	2026-09-30T07:41:58.308760+00:00	Inferred	opentargets-v0.2.2	"[""data\\raw\\opentargets\\26.09\\CANCER-011_MONDO_0018177_configured_disease.json""]"	7388f5460b8321f309e94fedcd79524081aff003a229f9e3adb5571c79884b67
cancer_context	CANCER-011	Open_Targets_mapping_confidence	high	Open Targets disease mapping	MONDO_0018177	26.09	https://api.platform.opentargets.org/api/v4/graphql	2026-09-30T07:41:58.308760+00:00	Inferred	opentargets-v0.2.2	"[""data\\raw\\opentargets\\26.09\\CANCER-011_MONDO_0018177_configured_disease.json""]"	7388f5460b8321f309e94fedcd79524081aff003a229f9e3adb5571c79884b67
cancer_context	CANCER-011	Open_Targets_mapping_rationale	MONDO_0018177 captures glioblastoma at disease level. IDH-wildtype remains a separate project molecular context so generic Open Targets association scores are not misrepresented as IDH-wildtype-specific evidence.	Open Targets disease mapping	MONDO_0018177	26.09	https://api.platform.opentargets.org/api/v4/graphql	2026-09-30T07:41:58.308760+00:00	Inferred	opentargets-v0.2.2	"[""data\\raw\\opentargets\\26.09\\CANCER-011_MONDO_0018177_configured_disease.json""]"	7388f5460b8321f309e94fedcd79524081aff003a229f9e3adb5571c79884b67
cancer_context	CANCER-013	Configured_Open_Targets_disease_ID	MONDO_0018874	Open Targets disease mapping	MONDO_0018874	26.09	https://api.platform.opentargets.org/api/v4/graphql	2026-09-30T07:41:58.308760+00:00	Inferred	opentargets-v0.2.2	"[""data\\raw\\opentargets\\26.09\\CANCER-013_MONDO_0018874_configured_disease.json""]"	6b32a33849d7ed20f1667420f9b8c4da9eb6387edfe44a1b5ae41e7caa86d365
cancer_context	CANCER-013	Resolved_Open_Targets_disease_ID	MONDO_0018874	Open Targets disease mapping	MONDO_0018874	26.09	https://api.platform.opentargets.org/api/v4/graphql	2026-09-30T07:41:58.308760+00:00	Observed	opentargets-v0.2.2	"[""data\\raw\\opentargets\\26.09\\CANCER-013_MONDO_0018874_configured_disease.json""]"	6b32a33849d7ed20f1667420f9b8c4da9eb6387edfe44a1b5ae41e7caa86d365
cancer_context	CANCER-013	Open_Targets_resolution_method	configured_id	Open Targets disease mapping	MONDO_0018874	26.09	https://api.platform.opentargets.org/api/v4/graphql	2026-09-30T07:41:58.308760+00:00	Observed	opentargets-v0.2.2	"[""data\\raw\\opentargets\\26.09\\CANCER-013_MONDO_0018874_configured_disease.json""]"	6b32a33849d7ed20f1667420f9b8c4da9eb6387edfe44a1b5ae41e7caa86d365
cancer_context	CANCER-013	Open_Targets_mapping_scope	exact_disease	Open Targets disease mapping	MONDO_0018874	26.09	https://api.platform.opentargets.org/api/v4/graphql	2026-09-30T07:41:58.308760+00:00	Inferred	opentargets-v0.2.2	"[""data\\raw\\opentargets\\26.09\\CANCER-013_MONDO_0018874_configured_disease.json""]"	6b32a33849d7ed20f1667420f9b8c4da9eb6387edfe44a1b5ae41e7caa86d365
cancer_context	CANCER-013	Open_Targets_mapping_confidence	high	Open Targets disease mapping	MONDO_0018874	26.09	https://api.platform.opentargets.org/api/v4/graphql	2026-09-30T07:41:58.308760+00:00	Inferred	opentargets-v0.2.2	"[""data\\raw\\opentargets\\26.09\\CANCER-013_MONDO_0018874_configured_disease.json""]"	6b32a33849d7ed20f1667420f9b8c4da9eb6387edfe44a1b5ae41e7caa86d365
cancer_context	CANCER-013	Open_Targets_mapping_rationale	Open Targets mapping captures AML at disease level. FLT3-mutant status remains separate and association scores are not interpreted as FLT3-mutant-specific without independent evidence.	Open Targets disease mapping	MONDO_0018874	26.09	https://api.platform.opentargets.org/api/v4/graphql	2026-09-30T07:41:58.308760+00:00	Inferred	opentargets-v0.2.2	"[""data\\raw\\opentargets\\26.09\\CANCER-013_MONDO_0018874_configured_disease.json""]"	6b32a33849d7ed20f1667420f9b8c4da9eb6387edfe44a1b5ae41e7caa86d365
cancer_target_pair	EVID-0001	association_score	0.7029978547925759	Open Targets Platform	ENSG00000133703|MONDO_0005061	26.09	https://api.platform.opentargets.org/api/v4/graphql	2026-09-30T07:41:58.308760+00:00	Aggregated evidence	opentargets-v0.2.2	"[""data\\raw\\opentargets\\26.09\\CANCER-001_MONDO_0005061_associated_targets_page_0000.json"", ""data\\raw\\opentargets\\26.09\\CANCER-001_MONDO_0005061_associated_targets_page_0001.json"", ""data\\raw\\opentargets\\26.09\\CANCER-001_MONDO_0005061_associated_targets_page_0002.json"", ""data\\raw\\opentargets\\26.09\\CANCER-001_MONDO_0005061_associated_targets_page_0003.json"", ""data\\raw\\opentargets\\26.09\\CANCER-001_MONDO_0005061_associated_targets_page_0004.json"", ""data\\raw\\opentargets\\26.09\\CANCER-001_MONDO_0005061_associated_targets_page_0005.json"", ""data\\raw\\opentargets\\26.09\\CANCER-001_MONDO_0005061_associated_targets_page_0006.json"", ""data\\raw\\opentargets\\26.09\\CANCER-001_MONDO_0005061_associated_targets_page_0007.json"", ""data\\raw\\opentargets\\26.09\\CANCER-001_MONDO_0005061_associated_targets_page_0008.json"", ""data\\raw\\opentargets\\26.09\\CANCER-001_MONDO_0005061_associated_targets_page_0009.json"", ""data\\raw\\opentargets\\26.09\\CANCER-001_MONDO_0005061_associated_targets_page_0010.json"", ""data\\raw\\opentargets\\26.09\\CANCER-001_MONDO_0005061_associated_targets_page_0011.json"", ""data\\raw\\opentargets\\26.09\\CANCER-001_MONDO_0005061_associated_targets_page_0012.json"", ""data\\raw\\opentargets\\26.09\\CANCER-001_MONDO_0005061_associated_targets_page_0013.json"", ""data\\raw\\opentargets\\26.09\\CANCER-001_MONDO_0005061_associated_targets_page_0014.json"", ""data\\raw\\opentargets\\26.09\\CANCER-001_MONDO_0005061_associated_targets_page_0015.json"", ""data\\raw\\opentargets\\26.09\\CANCER-001_MONDO_0005061_associated_targets_page_0016.json"", ""data\\raw\\opentargets\\26.09\\CANCER-001_MONDO_0005061_associated_targets_page_0017.json"", ""data\\raw\\opentargets\\26.09\\CANCER-001_MONDO_0005061_associated_targets_page_0018.json"", ""data\\raw\\opentargets\\26.09\\CANCER-001_MONDO_0005061_associated_targets_page_0019.json"", ""data\\raw\\opentargets\\26.09\\CANCER-001_MONDO_0005061_associated_targets_page_0020.json"", ""data\\raw\\opentargets\\26.09\\CANCER-001_MONDO_0005061_associated_targets_page_0021.json""]"	18cdfdbadf09c3ffcd2305bdc567d244b249b5a555f982a9b153e9f410868e59
cancer_target_pair	EVID-0001	genetic_association_score		Open Targets Platform	ENSG00000133703|MONDO_0005061	26.09	https://api.platform.opentargets.org/api/v4/graphql	2026-09-30T07:41:58.308760+00:00	Aggregated evidence	opentargets-v0.2.2	"[""data\\raw\\opentargets\\26.09\\CANCER-001_MONDO_0005061_associated_targets_page_0000.json"", ""data\\raw\\opentargets\\26.09\\CANCER-001_MONDO_0005061_associated_targets_page_0001.json"", ""data\\raw\\opentargets\\26.09\\CANCER-001_MONDO_0005061_associated_targets_page_0002.json"", ""data\\raw\\opentargets\\26.09\\CANCER-001_MONDO_0005061_associated_targets_page_0003.json"", ""data\\raw\\opentargets\\26.09\\CANCER-001_MONDO_0005061_associated_targets_page_0004.json"", ""data\\raw\\opentargets\\26.09\\CANCER-001_MONDO_0005061_associated_targets_page_0005.json"", ""data\\raw\\opentargets\\26.09\\CANCER-001_MONDO_0005061_associated_targets_page_0006.json"", ""data\\raw\\opentargets\\26.09\\CANCER-001_MONDO_0005061_associated_targets_page_0007.json"", ""data\\raw\\opentargets\\26.09\\CANCER-001_MONDO_0005061_associated_targets_page_0008.json"", ""data\\raw\\opentargets\\26.09\\CANCER-001_MONDO_0005061_associated_targets_page_0009.json"", ""data\\raw\\opentargets\\26.09\\CANCER-001_MONDO_0005061_associated_targets_page_0010.json"", ""data\\raw\\opentargets\\26.09\\CANCER-001_MONDO_0005061_associated_targets_page_0011.json"", ""data\\raw\\opentargets\\26.09\\CANCER-001_MONDO_0005061_associated_targets_page_0012.json"", ""data\\raw\\opentargets\\26.09\\CANCER-001_MONDO_0005061_associated_targets_page_0013.json"", ""data\\raw\\opentargets\\26.09\\CANCER-001_MONDO_0005061_associated_targets_page_0014.json"", ""data\\raw\\opentargets\\26.09\\CANCER-001_MONDO_0005061_associated_targets_page_0015.json"", ""data\\raw\\opentargets\\26.09\\CANCER-001_MONDO_0005061_associated_targets_page_0016.json"", ""data\\raw\\opentargets\\26.09\\CANCER-001_MONDO_0005061_associated_targets_page_0017.json"", ""data\\raw\\opentargets\\26.09\\CANCER-001_MONDO_0005061_associated_targets_page_0018.json"", ""data\\raw\\opentargets\\26.09\\CANCER-001_MONDO_0005061_associated_targets_page_0019.json"", ""data\\raw\\opentargets\\26.09\\CANCER-001_MONDO_0005061_associated_targets_page_0020.json"", ""data\\raw\\opentargets\\26.09\\CANCER-001_MONDO_0005061_associated_targets_page_0021.json""]"	18cdfdbadf09c3ffcd2305bdc567d244b249b5a555f982a9b153e9f410868e59
cancer_target_pair	EVID-0001	somatic_mutation_score	0.8224435219117215	Open Targets Platform	ENSG00000133703|MONDO_0005061	26.09	https://api.platform.opentargets.org/api/v4/graphql	2026-09-30T07:41:58.308760+00:00	Aggregated evidence	opentargets-v0.2.2	"[""data\\raw\\opentargets\\26.09\\CANCER-001_MONDO_0005061_associated_targets_page_0000.json"", ""data\\raw\\opentargets\\26.09\\CANCER-001_MONDO_0005061_associated_targets_page_0001.json"", ""data\\raw\\opentargets\\26.09\\CANCER-001_MONDO_0005061_associated_targets_page_0002.json"", ""data\\raw\\opentargets\\26.09\\CANCER-001_MONDO_0005061_associated_targets_page_0003.json"", ""data\\raw\\opentargets\\26.09\\CANCER-001_MONDO_0005061_associated_targets_page_0004.json"", ""data\\raw\\opentargets\\26.09\\CANCER-001_MONDO_0005061_associated_targets_page_0005.json"", ""data\\raw\\opentargets\\26.09\\CANCER-001_MONDO_0005061_associated_targets_page_0006.json"", ""data\\raw\\opentargets\\26.09\\CANCER-001_MONDO_0005061_associated_targets_page_0007.json"", ""data\\raw\\opentargets\\26.09\\CANCER-001_MONDO_0005061_associated_targets_page_0008.json"", ""data\\raw\\opentargets\\26.09\\CANCER-001_MONDO_0005061_associated_targets_page_0009.json"", ""data\\raw\\opentargets\\26.09\\CANCER-001_MONDO_0005061_associated_targets_page_0010.json"", ""data\\raw\\opentargets\\26.09\\CANCER-001_MONDO_0005061_associated_targets_page_0011.json"", ""data\\raw\\opentargets\\26.09\\CANCER-001_MONDO_0005061_associated_targets_page_0012.json"", ""data\\raw\\opentargets\\26.09\\CANCER-001_MONDO_0005061_associated_targets_page_0013.json"", ""data\\raw\\opentargets\\26.09\\CANCER-001_MONDO_0005061_associated_targets_page_0014.json"", ""data\\raw\\opentargets\\26.09\\CANCER-001_MONDO_0005061_associated_targets_page_0015.json"", ""data\\raw\\opentargets\\26.09\\CANCER-001_MONDO_0005061_associated_targets_page_0016.json"", ""data\\raw\\opentargets\\26.09\\CANCER-001_MONDO_0005061_associated_targets_page_0017.json"", ""data\\raw\\opentargets\\26.09\\CANCER-001_MONDO_0005061_associated_targets_page_0018.json"", ""data\\raw\\opentargets\\26.09\\CANCER-001_MONDO_0005061_associated_targets_page_0019.json"", ""data\\raw\\opentargets\\26.09\\CANCER-001_MONDO_0005061_associated_targets_page_0020.json"", ""data\\raw\\opentargets\\26.09\\CANCER-001_MONDO_0005061_associated_targets_page_0021.json""]"	18cdfdbadf09c3ffcd2305bdc567d244b249b5a555f982a9b153e9f410868e59
cancer_target_pair	EVID-0001	known_drug_score		Open Targets Platform	ENSG00000133703|MONDO_0005061	26.09	https://api.platform.opentargets.org/api/v4/graphql	2026-09-30T07:41:58.308760+00:00	Aggregated evidence	opentargets-v0.2.2	"[""data\\raw\\opentargets\\26.09\\CANCER-001_MONDO_0005061_associated_targets_page_0000.json"", ""data\\raw\\opentargets\\26.09\\CANCER-001_MONDO_0005061_associated_targets_page_0001.json"", ""data\\raw\\opentargets\\26.09\\CANCER-001_MONDO_0005061_associated_targets_page_0002.json"", ""data\\raw\\opentargets\\26.09\\CANCER-001_MONDO_0005061_associated_targets_page_0003.json"", ""data\\raw\\opentargets\\26.09\\CANCER-001_MONDO_0005061_associated_targets_page_0004.json"", ""data\\raw\\opentargets\\26.09\\CANCER-001_MONDO_0005061_associated_targets_page_0005.json"", ""data\\raw\\opentargets\\26.09\\CANCER-001_MONDO_0005061_associated_targets_page_0006.json"", ""data\\raw\\opentargets\\26.09\\CANCER-001_MONDO_0005061_associated_targets_page_0007.json"", ""data\\raw\\opentargets\\26.09\\CANCER-001_MONDO_0005061_associated_targets_page_0008.json"", ""data\\raw\\opentargets\\26.09\\CANCER-001_MONDO_0005061_associated_targets_page_0009.json"", ""data\\raw\\opentargets\\26.09\\CANCER-001_MONDO_0005061_associated_targets_page_0010.json"", ""data\\raw\\opentargets\\26.09\\CANCER-001_MONDO_0005061_associated_targets_page_0011.json"", ""data\\raw\\opentargets\\26.09\\CANCER-001_MONDO_0005061_associated_targets_page_0012.json"", ""data\\raw\\opentargets\\26.09\\CANCER-001_MONDO_0005061_associated_targets_page_0013.json"", ""data\\raw\\opentargets\\26.09\\CANCER-001_MONDO_0005061_associated_targets_page_0014.json"", ""data\\raw\\opentargets\\26.09\\CANCER-001_MONDO_0005061_associated_targets_page_0015.json"", ""data\\raw\\opentargets\\26.09\\CANCER-001_MONDO_0005061_associated_targets_page_0016.json"", ""data\\raw\\opentargets\\26.09\\CANCER-001_MONDO_0005061_associated_targets_page_0017.json"", ""data\\raw\\opentargets\\26.09\\CANCER-001_MONDO_0005061_associated_targets_page_0018.json"", ""data\\raw\\opentargets\\26.09\\CANCER-001_MONDO_0005061_associated_targets_page_0019.json"", ""data\\raw\\opentargets\\26.09\\CANCER-001_MONDO_0005061_associated_targets_page_0020.json"", ""data\\raw\\opentargets\\26.09\\CANCER-001_MONDO_0005061_associated_targets_page_0021.json""]"	18cdfdbadf09c3ffcd2305bdc567d244b249b5a555f982a9b153e9f410868e59
cancer_target_pair	EVID-0001	literature_score	0.9904198205006515	Open Targets Platform	ENSG00000133703|MONDO_0005061	26.09	https://api.platform.opentargets.org/api/v4/graphql	2026-09-30T07:41:58.308760+00:00	Aggregated evidence	opentargets-v0.2.2	"[""data\\raw\\opentargets\\26.09\\CANCER-001_MONDO_0005061_associated_targets_page_0000.json"", ""data\\raw\\opentargets\\26.09\\CANCER-001_MONDO_0005061_associated_targets_page_0001.json"", ""data\\raw\\opentargets\\26.09\\CANCER-001_MONDO_0005061_associated_targets_page_0002.json"", ""data\\raw\\opentargets\\26.09\\CANCER-001_MONDO_0005061_associated_targets_page_0003.json"", ""data\\raw\\opentargets\\26.09\\CANCER-001_MONDO_0005061_associated_targets_page_0004.json"", ""data\\raw\\opentargets\\26.09\\CANCER-001_MONDO_0005061_associated_targets_page_0005.json"", ""data\\raw\\opentargets\\26.09\\CANCER-001_MONDO_0005061_associated_targets_page_0006.json"", ""data\\raw\\opentargets\\26.09\\CANCER-001_MONDO_0005061_associated_targets_page_0007.json"", ""data\\raw\\opentargets\\26.09\\CANCER-001_MONDO_0005061_associated_targets_page_0008.json"", ""data\\raw\\opentargets\\26.09\\CANCER-001_MONDO_0005061_associated_targets_page_0009.json"", ""data\\raw\\opentargets\\26.09\\CANCER-001_MONDO_0005061_associated_targets_page_0010.json"", ""data\\raw\\opentargets\\26.09\\CANCER-001_MONDO_0005061_associated_targets_page_0011.json"", ""data\\raw\\opentargets\\26.09\\CANCER-001_MONDO_0005061_associated_targets_page_0012.json"", ""data\\raw\\opentargets\\26.09\\CANCER-001_MONDO_0005061_associated_targets_page_0013.json"", ""data\\raw\\opentargets\\26.09\\CANCER-001_MONDO_0005061_associated_targets_page_0014.json"", ""data\\raw\\opentargets\\26.09\\CANCER-001_MONDO_0005061_associated_targets_page_0015.json"", ""data\\raw\\opentargets\\26.09\\CANCER-001_MONDO_0005061_associated_targets_page_0016.json"", ""data\\raw\\opentargets\\26.09\\CANCER-001_MONDO_0005061_associated_targets_page_0017.json"", ""data\\raw\\opentargets\\26.09\\CANCER-001_MONDO_0005061_associated_targets_page_0018.json"", ""data\\raw\\opentargets\\26.09\\CANCER-001_MONDO_0005061_associated_targets_page_0019.json"", ""data\\raw\\opentargets\\26.09\\CANCER-001_MONDO_0005061_associated_targets_page_0020.json"", ""data\\raw\\opentargets\\26.09\\CANCER-001_MONDO_0005061_associated_targets_page_0021.json""]"	18cdfdbadf09c3ffcd2305bdc567d244b249b5a555f982a9b153e9f410868e59
cancer_target_pair	EVID-0001	tractability_json	"[{""label"": ""Approved Drug"", ""modality"": ""SM"", ""value"": true}, {""label"": ""Advanced Clinical"", ""modality"": ""SM"", ""value"": false}, {""label"": ""Phase 1 Clinical"", ""modality"": ""SM"", ""value"": false}, {""label"": ""Structure with Ligand"", ""modality"": ""SM"", ""value"": true}, {""label"": ""High-Quality Ligand"", ""modality"": ""SM"", ""value"": true}, {""label"": ""High-Quality Pocket"", ""modality"": ""SM"", ""value"": false}, {""label"": ""Med-Quality Pocket"", ""modality"": ""SM"", ""value"": false}, {""label"": ""Druggable Family"", ""modality"": ""SM"", ""value"": false}, {""label"": ""Approved Drug"", ""modality"": ""AB"", ""value"": false}, {""label"": ""Advanced Clinical"", ""modality"": ""AB"", ""value"": false}, {""label"": ""Phase 1 Clinical"", ""modality"": ""AB"", ""value"": false}, {""label"": ""UniProt loc high conf"", ""modality"": ""AB"", ""value"": true}, {""label"": ""GO CC high conf"", ""modality"": ""AB"", ""value"": true}, {""label"": ""UniProt loc med conf"", ""modality"": ""AB"", ""value"": false}, {""label"": ""UniProt SigP or TMHMM"", ""modality"": ""AB"", ""value"": false}, {""label"": ""GO CC med conf"", ""modality"": ""AB"", ""value"": false}, {""label"": ""Human Protein Atlas loc"", ""modality"": ""AB"", ""value"": false}, {""label"": ""Approved Drug"", ""modality"": ""PR"", ""value"": false}, {""label"": ""Advanced Clinical"", ""modality"": ""PR"", ""value"": false}, {""label"": ""Phase 1 Clinical"", ""modality"": ""PR"", ""value"": false}, {""label"": ""Literature"", ""modality"": ""PR"", ""value"": true}, {""label"": ""UniProt Ubiquitination"", ""modality"": ""PR"", ""value"": true}, {""label"": ""Database Ubiquitination"", ""modality"": ""PR"", ""value"": true}, {""label"": ""Half-life Data"", ""modality"": ""PR"", ""value"": true}, {""label"": ""Small Molecule Binder"", ""modality"": ""PR"", ""value"": true}, {""label"": ""Approved Drug"", ""modality"": ""OC"", ""value"": false}, {""label"": ""Advanced Clinical"", ""modality"": ""OC"", ""value"": false}, {""label"": ""Phase 1 Clinical"", ""modality"": ""OC"", ""value"": false}]"	Open Targets Platform	ENSG00000133703|MONDO_0005061	26.09	https://api.platform.opentargets.org/api/v4/graphql	2026-09-30T07:41:58.308760+00:00	Aggregated evidence	opentargets-v0.2.2	data\raw\opentargets\26.09\target_ENSG00000133703_tractability.json	18cdfdbadf09c3ffcd2305bdc567d244b249b5a555f982a9b153e9f410868e59
cancer_target_pair	EVID-0004	association_score	0.40600440668422155	Open Targets Platform	ENSG00000133703|MONDO_0005184	26.09	https://api.platform.opentargets.org/api/v4/graphql	2026-09-30T07:41:58.308760+00:00	Aggregated evidence	opentargets-v0.2.2	"[""data\\raw\\opentargets\\26.09\\CANCER-004_MONDO_0005184_associated_targets_page_0000.json"", ""data\\raw\\opentargets\\26.09\\CANCER-004_MONDO_0005184_associated_targets_page_0001.json"", ""data\\raw\\opentargets\\26.09\\CANCER-004_MONDO_0005184_associated_targets_page_0002.json"", ""data\\raw\\opentargets\\26.09\\CANCER-004_MONDO_0005184_associated_targets_page_0003.json"", ""data\\raw\\opentargets\\26.09\\CANCER-004_MONDO_0005184_associated_targets_page_0004.json"", ""data\\raw\\opentargets\\26.09\\CANCER-004_MONDO_0005184_associated_targets_page_0005.json"", ""data\\raw\\opentargets\\26.09\\CANCER-004_MONDO_0005184_associated_targets_page_0006.json"", ""data\\raw\\opentargets\\26.09\\CANCER-004_MONDO_0005184_associated_targets_page_0007.json"", ""data\\raw\\opentargets\\26.09\\CANCER-004_MONDO_0005184_associated_targets_page_0008.json"", ""data\\raw\\opentargets\\26.09\\CANCER-004_MONDO_0005184_associated_targets_page_0009.json"", ""data\\raw\\opentargets\\26.09\\CANCER-004_MONDO_0005184_associated_targets_page_0010.json"", ""data\\raw\\opentargets\\26.09\\CANCER-004_MONDO_0005184_associated_targets_page_0011.json"", ""data\\raw\\opentargets\\26.09\\CANCER-004_MONDO_0005184_associated_targets_page_0012.json"", ""data\\raw\\opentargets\\26.09\\CANCER-004_MONDO_0005184_associated_targets_page_0013.json"", ""data\\raw\\opentargets\\26.09\\CANCER-004_MONDO_0005184_associated_targets_page_0014.json"", ""data\\raw\\opentargets\\26.09\\CANCER-004_MONDO_0005184_associated_targets_page_0015.json""]"	70a8b728e37beca008f71ad74af6e837dcc6a344cff86e2ba117c791ce0daee3
cancer_target_pair	EVID-0004	genetic_association_score	0.0	Open Targets Platform	ENSG00000133703|MONDO_0005184	26.09	https://api.platform.opentargets.org/api/v4/graphql	2026-09-30T07:41:58.308760+00:00	Aggregated evidence	opentargets-v0.2.2	"[""data\\raw\\opentargets\\26.09\\CANCER-004_MONDO_0005184_associated_targets_page_0000.json"", ""data\\raw\\opentargets\\26.09\\CANCER-004_MONDO_0005184_associated_targets_page_0001.json"", ""data\\raw\\opentargets\\26.09\\CANCER-004_MONDO_0005184_associated_targets_page_0002.json"", ""data\\raw\\opentargets\\26.09\\CANCER-004_MONDO_0005184_associated_targets_page_0003.json"", ""data\\raw\\opentargets\\26.09\\CANCER-004_MONDO_0005184_associated_targets_page_0004.json"", ""data\\raw\\opentargets\\26.09\\CANCER-004_MONDO_0005184_associated_targets_page_0005.json"", ""data\\raw\\opentargets\\26.09\\CANCER-004_MONDO_0005184_associated_targets_page_0006.json"", ""data\\raw\\opentargets\\26.09\\CANCER-004_MONDO_0005184_associated_targets_page_0007.json"", ""data\\raw\\opentargets\\26.09\\CANCER-004_MONDO_0005184_associated_targets_page_0008.json"", ""data\\raw\\opentargets\\26.09\\CANCER-004_MONDO_0005184_associated_targets_page_0009.json"", ""data\\raw\\opentargets\\26.09\\CANCER-004_MONDO_0005184_associated_targets_page_0010.json"", ""data\\raw\\opentargets\\26.09\\CANCER-004_MONDO_0005184_associated_targets_page_0011.json"", ""data\\raw\\opentargets\\26.09\\CANCER-004_MONDO_0005184_associated_targets_page_0012.json"", ""data\\raw\\opentargets\\26.09\\CANCER-004_MONDO_0005184_associated_targets_page_0013.json"", ""data\\raw\\opentargets\\26.09\\CANCER-004_MONDO_0005184_associated_targets_page_0014.json"", ""data\\raw\\opentargets\\26.09\\CANCER-004_MONDO_0005184_associated_targets_page_0015.json""]"	70a8b728e37beca008f71ad74af6e837dcc6a344cff86e2ba117c791ce0daee3
cancer_target_pair	EVID-0004	somatic_mutation_score	0.607930797611621	Open Targets Platform	ENSG00000133703|MONDO_0005184	26.09	https://api.platform.opentargets.org/api/v4/graphql	2026-09-30T07:41:58.308760+00:00	Aggregated evidence	opentargets-v0.2.2	"[""data\\raw\\opentargets\\26.09\\CANCER-004_MONDO_0005184_associated_targets_page_0000.json"", ""data\\raw\\opentargets\\26.09\\CANCER-004_MONDO_0005184_associated_targets_page_0001.json"", ""data\\raw\\opentargets\\26.09\\CANCER-004_MONDO_0005184_associated_targets_page_0002.json"", ""data\\raw\\opentargets\\26.09\\CANCER-004_MONDO_0005184_associated_targets_page_0003.json"", ""data\\raw\\opentargets\\26.09\\CANCER-004_MONDO_0005184_associated_targets_page_0004.json"", ""data\\raw\\opentargets\\26.09\\CANCER-004_MONDO_0005184_associated_targets_page_0005.json"", ""data\\raw\\opentargets\\26.09\\CANCER-004_MONDO_0005184_associated_targets_page_0006.json"", ""data\\raw\\opentargets\\26.09\\CANCER-004_MONDO_0005184_associated_targets_page_0007.json"", ""data\\raw\\opentargets\\26.09\\CANCER-004_MONDO_0005184_associated_targets_page_0008.json"", ""data\\raw\\opentargets\\26.09\\CANCER-004_MONDO_0005184_associated_targets_page_0009.json"", ""data\\raw\\opentargets\\26.09\\CANCER-004_MONDO_0005184_associated_targets_page_0010.json"", ""data\\raw\\opentargets\\26.09\\CANCER-004_MONDO_0005184_associated_targets_page_0011.json"", ""data\\raw\\opentargets\\26.09\\CANCER-004_MONDO_0005184_associated_targets_page_0012.json"", ""data\\raw\\opentargets\\26.09\\CANCER-004_MONDO_0005184_associated_targets_page_0013.json"", ""data\\raw\\opentargets\\26.09\\CANCER-004_MONDO_0005184_associated_targets_page_0014.json"", ""data\\raw\\opentargets\\26.09\\CANCER-004_MONDO_0005184_associated_targets_page_0015.json""]"	70a8b728e37beca008f71ad74af6e837dcc6a344cff86e2ba117c791ce0daee3
cancer_target_pair	EVID-0004	known_drug_score		Open Targets Platform	ENSG00000133703|MONDO_0005184	26.09	https://api.platform.opentargets.org/api/v4/graphql	2026-09-30T07:41:58.308760+00:00	Aggregated evidence	opentargets-v0.2.2	"[""data\\raw\\opentargets\\26.09\\CANCER-004_MONDO_0005184_associated_targets_page_0000.json"", ""data\\raw\\opentargets\\26.09\\CANCER-004_MONDO_0005184_associated_targets_page_0001.json"", ""data\\raw\\opentargets\\26.09\\CANCER-004_MONDO_0005184_associated_targets_page_0002.json"", ""data\\raw\\opentargets\\26.09\\CANCER-004_MONDO_0005184_associated_targets_page_0003.json"", ""data\\raw\\opentargets\\26.09\\CANCER-004_MONDO_0005184_associated_targets_page_0004.json"", ""data\\raw\\opentargets\\26.09\\CANCER-004_MONDO_0005184_associated_targets_page_0005.json"", ""data\\raw\\opentargets\\26.09\\CANCER-004_MONDO_0005184_associated_targets_page_0006.json"", ""data\\raw\\opentargets\\26.09\\CANCER-004_MONDO_0005184_associated_targets_page_0007.json"", ""data\\raw\\opentargets\\26.09\\CANCER-004_MONDO_0005184_associated_targets_page_0008.json"", ""data\\raw\\opentargets\\26.09\\CANCER-004_MONDO_0005184_associated_targets_page_0009.json"", ""data\\raw\\opentargets\\26.09\\CANCER-004_MONDO_0005184_associated_targets_page_0010.json"", ""data\\raw\\opentargets\\26.09\\CANCER-004_MONDO_0005184_associated_targets_page_0011.json"", ""data\\raw\\opentargets\\26.09\\CANCER-004_MONDO_0005184_associated_targets_page_0012.json"", ""data\\raw\\opentargets\\26.09\\CANCER-004_MONDO_0005184_associated_targets_page_0013.json"", ""data\\raw\\opentargets\\26.09\\CANCER-004_MONDO_0005184_associated_targets_page_0014.json"", ""data\\raw\\opentargets\\26.09\\CANCER-004_MONDO_0005184_associated_targets_page_0015.json""]"	70a8b728e37beca008f71ad74af6e837dcc6a344cff86e2ba117c791ce0daee3
cancer_target_pair	EVID-0004	literature_score	0.9956688449960591	Open Targets Platform	ENSG00000133703|MONDO_0005184	26.09	https://api.platform.opentargets.org/api/v4/graphql	2026-09-30T07:41:58.308760+00:00	Aggregated evidence	opentargets-v0.2.2	"[""data\\raw\\opentargets\\26.09\\CANCER-004_MONDO_0005184_associated_targets_page_0000.json"", ""data\\raw\\opentargets\\26.09\\CANCER-004_MONDO_0005184_associated_targets_page_0001.json"", ""data\\raw\\opentargets\\26.09\\CANCER-004_MONDO_0005184_associated_targets_page_0002.json"", ""data\\raw\\opentargets\\26.09\\CANCER-004_MONDO_0005184_associated_targets_page_0003.json"", ""data\\raw\\opentargets\\26.09\\CANCER-004_MONDO_0005184_associated_targets_page_0004.json"", ""data\\raw\\opentargets\\26.09\\CANCER-004_MONDO_0005184_associated_targets_page_0005.json"", ""data\\raw\\opentargets\\26.09\\CANCER-004_MONDO_0005184_associated_targets_page_0006.json"", ""data\\raw\\opentargets\\26.09\\CANCER-004_MONDO_0005184_associated_targets_page_0007.json"", ""data\\raw\\opentargets\\26.09\\CANCER-004_MONDO_0005184_associated_targets_page_0008.json"", ""data\\raw\\opentargets\\26.09\\CANCER-004_MONDO_0005184_associated_targets_page_0009.json"", ""data\\raw\\opentargets\\26.09\\CANCER-004_MONDO_0005184_associated_targets_page_0010.json"", ""data\\raw\\opentargets\\26.09\\CANCER-004_MONDO_0005184_associated_targets_page_0011.json"", ""data\\raw\\opentargets\\26.09\\CANCER-004_MONDO_0005184_associated_targets_page_0012.json"", ""data\\raw\\opentargets\\26.09\\CANCER-004_MONDO_0005184_associated_targets_page_0013.json"", ""data\\raw\\opentargets\\26.09\\CANCER-004_MONDO_0005184_associated_targets_page_0014.json"", ""data\\raw\\opentargets\\26.09\\CANCER-004_MONDO_0005184_associated_targets_page_0015.json""]"	70a8b728e37beca008f71ad74af6e837dcc6a344cff86e2ba117c791ce0daee3
cancer_target_pair	EVID-0004	tractability_json	"[{""label"": ""Approved Drug"", ""modality"": ""SM"", ""value"": true}, {""label"": ""Advanced Clinical"", ""modality"": ""SM"", ""value"": false}, {""label"": ""Phase 1 Clinical"", ""modality"": ""SM"", ""value"": false}, {""label"": ""Structure with Ligand"", ""modality"": ""SM"", ""value"": true}, {""label"": ""High-Quality Ligand"", ""modality"": ""SM"", ""value"": true}, {""label"": ""High-Quality Pocket"", ""modality"": ""SM"", ""value"": false}, {""label"": ""Med-Quality Pocket"", ""modality"": ""SM"", ""value"": false}, {""label"": ""Druggable Family"", ""modality"": ""SM"", ""value"": false}, {""label"": ""Approved Drug"", ""modality"": ""AB"", ""value"": false}, {""label"": ""Advanced Clinical"", ""modality"": ""AB"", ""value"": false}, {""label"": ""Phase 1 Clinical"", ""modality"": ""AB"", ""value"": false}, {""label"": ""UniProt loc high conf"", ""modality"": ""AB"", ""value"": true}, {""label"": ""GO CC high conf"", ""modality"": ""AB"", ""value"": true}, {""label"": ""UniProt loc med conf"", ""modality"": ""AB"", ""value"": false}, {""label"": ""UniProt SigP or TMHMM"", ""modality"": ""AB"", ""value"": false}, {""label"": ""GO CC med conf"", ""modality"": ""AB"", ""value"": false}, {""label"": ""Human Protein Atlas loc"", ""modality"": ""AB"", ""value"": false}, {""label"": ""Approved Drug"", ""modality"": ""PR"", ""value"": false}, {""label"": ""Advanced Clinical"", ""modality"": ""PR"", ""value"": false}, {""label"": ""Phase 1 Clinical"", ""modality"": ""PR"", ""value"": false}, {""label"": ""Literature"", ""modality"": ""PR"", ""value"": true}, {""label"": ""UniProt Ubiquitination"", ""modality"": ""PR"", ""value"": true}, {""label"": ""Database Ubiquitination"", ""modality"": ""PR"", ""value"": true}, {""label"": ""Half-life Data"", ""modality"": ""PR"", ""value"": true}, {""label"": ""Small Molecule Binder"", ""modality"": ""PR"", ""value"": true}, {""label"": ""Approved Drug"", ""modality"": ""OC"", ""value"": false}, {""label"": ""Advanced Clinical"", ""modality"": ""OC"", ""value"": false}, {""label"": ""Phase 1 Clinical"", ""modality"": ""OC"", ""value"": false}]"	Open Targets Platform	ENSG00000133703|MONDO_0005184	26.09	https://api.platform.opentargets.org/api/v4/graphql	2026-09-30T07:41:58.308760+00:00	Aggregated evidence	opentargets-v0.2.2	data\raw\opentargets\26.09\target_ENSG00000133703_tractability.json	70a8b728e37beca008f71ad74af6e837dcc6a344cff86e2ba117c791ce0daee3
cancer_target_pair	EVID-0009	association_score	0.8339104632069917	Open Targets Platform	ENSG00000122025|MONDO_0018874	26.09	https://api.platform.opentargets.org/api/v4/graphql	2026-09-30T07:41:58.308760+00:00	Aggregated evidence	opentargets-v0.2.2	"[""data\\raw\\opentargets\\26.09\\CANCER-013_MONDO_0018874_associated_targets_page_0000.json"", ""data\\raw\\opentargets\\26.09\\CANCER-013_MONDO_0018874_associated_targets_page_0001.json"", ""data\\raw\\opentargets\\26.09\\CANCER-013_MONDO_0018874_associated_targets_page_0002.json"", ""data\\raw\\opentargets\\26.09\\CANCER-013_MONDO_0018874_associated_targets_page_0003.json"", ""data\\raw\\opentargets\\26.09\\CANCER-013_MONDO_0018874_associated_targets_page_0004.json"", ""data\\raw\\opentargets\\26.09\\CANCER-013_MONDO_0018874_associated_targets_page_0005.json"", ""data\\raw\\opentargets\\26.09\\CANCER-013_MONDO_0018874_associated_targets_page_0006.json"", ""data\\raw\\opentargets\\26.09\\CANCER-013_MONDO_0018874_associated_targets_page_0007.json"", ""data\\raw\\opentargets\\26.09\\CANCER-013_MONDO_0018874_associated_targets_page_0008.json"", ""data\\raw\\opentargets\\26.09\\CANCER-013_MONDO_0018874_associated_targets_page_0009.json"", ""data\\raw\\opentargets\\26.09\\CANCER-013_MONDO_0018874_associated_targets_page_0010.json"", ""data\\raw\\opentargets\\26.09\\CANCER-013_MONDO_0018874_associated_targets_page_0011.json"", ""data\\raw\\opentargets\\26.09\\CANCER-013_MONDO_0018874_associated_targets_page_0012.json"", ""data\\raw\\opentargets\\26.09\\CANCER-013_MONDO_0018874_associated_targets_page_0013.json"", ""data\\raw\\opentargets\\26.09\\CANCER-013_MONDO_0018874_associated_targets_page_0014.json"", ""data\\raw\\opentargets\\26.09\\CANCER-013_MONDO_0018874_associated_targets_page_0015.json"", ""data\\raw\\opentargets\\26.09\\CANCER-013_MONDO_0018874_associated_targets_page_0016.json"", ""data\\raw\\opentargets\\26.09\\CANCER-013_MONDO_0018874_associated_targets_page_0017.json"", ""data\\raw\\opentargets\\26.09\\CANCER-013_MONDO_0018874_associated_targets_page_0018.json"", ""data\\raw\\opentargets\\26.09\\CANCER-013_MONDO_0018874_associated_targets_page_0019.json"", ""data\\raw\\opentargets\\26.09\\CANCER-013_MONDO_0018874_associated_targets_page_0020.json"", ""data\\raw\\opentargets\\26.09\\CANCER-013_MONDO_0018874_associated_targets_page_0021.json"", ""data\\raw\\opentargets\\26.09\\CANCER-013_MONDO_0018874_associated_targets_page_0022.json"", ""data\\raw\\opentargets\\26.09\\CANCER-013_MONDO_0018874_associated_targets_page_0023.json"", ""data\\raw\\opentargets\\26.09\\CANCER-013_MONDO_0018874_associated_targets_page_0024.json"", ""data\\raw\\opentargets\\26.09\\CANCER-013_MONDO_0018874_associated_targets_page_0025.json""]"	ed5a790617bb26c355ffab35c46b41b85fd8fa2cb6de3f3b54e7a16a0cd7d55f
cancer_target_pair	EVID-0009	genetic_association_score	0.547137717850459	Open Targets Platform	ENSG00000122025|MONDO_0018874	26.09	https://api.platform.opentargets.org/api/v4/graphql	2026-09-30T07:41:58.308760+00:00	Aggregated evidence	opentargets-v0.2.2	"[""data\\raw\\opentargets\\26.09\\CANCER-013_MONDO_0018874_associated_targets_page_0000.json"", ""data\\raw\\opentargets\\26.09\\CANCER-013_MONDO_0018874_associated_targets_page_0001.json"", ""data\\raw\\opentargets\\26.09\\CANCER-013_MONDO_0018874_associated_targets_page_0002.json"", ""data\\raw\\opentargets\\26.09\\CANCER-013_MONDO_0018874_associated_targets_page_0003.json"", ""data\\raw\\opentargets\\26.09\\CANCER-013_MONDO_0018874_associated_targets_page_0004.json"", ""data\\raw\\opentargets\\26.09\\CANCER-013_MONDO_0018874_associated_targets_page_0005.json"", ""data\\raw\\opentargets\\26.09\\CANCER-013_MONDO_0018874_associated_targets_page_0006.json"", ""data\\raw\\opentargets\\26.09\\CANCER-013_MONDO_0018874_associated_targets_page_0007.json"", ""data\\raw\\opentargets\\26.09\\CANCER-013_MONDO_0018874_associated_targets_page_0008.json"", ""data\\raw\\opentargets\\26.09\\CANCER-013_MONDO_0018874_associated_targets_page_0009.json"", ""data\\raw\\opentargets\\26.09\\CANCER-013_MONDO_0018874_associated_targets_page_0010.json"", ""data\\raw\\opentargets\\26.09\\CANCER-013_MONDO_0018874_associated_targets_page_0011.json"", ""data\\raw\\opentargets\\26.09\\CANCER-013_MONDO_0018874_associated_targets_page_0012.json"", ""data\\raw\\opentargets\\26.09\\CANCER-013_MONDO_0018874_associated_targets_page_0013.json"", ""data\\raw\\opentargets\\26.09\\CANCER-013_MONDO_0018874_associated_targets_page_0014.json"", ""data\\raw\\opentargets\\26.09\\CANCER-013_MONDO_0018874_associated_targets_page_0015.json"", ""data\\raw\\opentargets\\26.09\\CANCER-013_MONDO_0018874_associated_targets_page_0016.json"", ""data\\raw\\opentargets\\26.09\\CANCER-013_MONDO_0018874_associated_targets_page_0017.json"", ""data\\raw\\opentargets\\26.09\\CANCER-013_MONDO_0018874_associated_targets_page_0018.json"", ""data\\raw\\opentargets\\26.09\\CANCER-013_MONDO_0018874_associated_targets_page_0019.json"", ""data\\raw\\opentargets\\26.09\\CANCER-013_MONDO_0018874_associated_targets_page_0020.json"", ""data\\raw\\opentargets\\26.09\\CANCER-013_MONDO_0018874_associated_targets_page_0021.json"", ""data\\raw\\opentargets\\26.09\\CANCER-013_MONDO_0018874_associated_targets_page_0022.json"", ""data\\raw\\opentargets\\26.09\\CANCER-013_MONDO_0018874_associated_targets_page_0023.json"", ""data\\raw\\opentargets\\26.09\\CANCER-013_MONDO_0018874_associated_targets_page_0024.json"", ""data\\raw\\opentargets\\26.09\\CANCER-013_MONDO_0018874_associated_targets_page_0025.json""]"	ed5a790617bb26c355ffab35c46b41b85fd8fa2cb6de3f3b54e7a16a0cd7d55f
cancer_target_pair	EVID-0009	somatic_mutation_score	0.8491589454045098	Open Targets Platform	ENSG00000122025|MONDO_0018874	26.09	https://api.platform.opentargets.org/api/v4/graphql	2026-09-30T07:41:58.308760+00:00	Aggregated evidence	opentargets-v0.2.2	"[""data\\raw\\opentargets\\26.09\\CANCER-013_MONDO_0018874_associated_targets_page_0000.json"", ""data\\raw\\opentargets\\26.09\\CANCER-013_MONDO_0018874_associated_targets_page_0001.json"", ""data\\raw\\opentargets\\26.09\\CANCER-013_MONDO_0018874_associated_targets_page_0002.json"", ""data\\raw\\opentargets\\26.09\\CANCER-013_MONDO_0018874_associated_targets_page_0003.json"", ""data\\raw\\opentargets\\26.09\\CANCER-013_MONDO_0018874_associated_targets_page_0004.json"", ""data\\raw\\opentargets\\26.09\\CANCER-013_MONDO_0018874_associated_targets_page_0005.json"", ""data\\raw\\opentargets\\26.09\\CANCER-013_MONDO_0018874_associated_targets_page_0006.json"", ""data\\raw\\opentargets\\26.09\\CANCER-013_MONDO_0018874_associated_targets_page_0007.json"", ""data\\raw\\opentargets\\26.09\\CANCER-013_MONDO_0018874_associated_targets_page_0008.json"", ""data\\raw\\opentargets\\26.09\\CANCER-013_MONDO_0018874_associated_targets_page_0009.json"", ""data\\raw\\opentargets\\26.09\\CANCER-013_MONDO_0018874_associated_targets_page_0010.json"", ""data\\raw\\opentargets\\26.09\\CANCER-013_MONDO_0018874_associated_targets_page_0011.json"", ""data\\raw\\opentargets\\26.09\\CANCER-013_MONDO_0018874_associated_targets_page_0012.json"", ""data\\raw\\opentargets\\26.09\\CANCER-013_MONDO_0018874_associated_targets_page_0013.json"", ""data\\raw\\opentargets\\26.09\\CANCER-013_MONDO_0018874_associated_targets_page_0014.json"", ""data\\raw\\opentargets\\26.09\\CANCER-013_MONDO_0018874_associated_targets_page_0015.json"", ""data\\raw\\opentargets\\26.09\\CANCER-013_MONDO_0018874_associated_targets_page_0016.json"", ""data\\raw\\opentargets\\26.09\\CANCER-013_MONDO_0018874_associated_targets_page_0017.json"", ""data\\raw\\opentargets\\26.09\\CANCER-013_MONDO_0018874_associated_targets_page_0018.json"", ""data\\raw\\opentargets\\26.09\\CANCER-013_MONDO_0018874_associated_targets_page_0019.json"", ""data\\raw\\opentargets\\26.09\\CANCER-013_MONDO_0018874_associated_targets_page_0020.json"", ""data\\raw\\opentargets\\26.09\\CANCER-013_MONDO_0018874_associated_targets_page_0021.json"", ""data\\raw\\opentargets\\26.09\\CANCER-013_MONDO_0018874_associated_targets_page_0022.json"", ""data\\raw\\opentargets\\26.09\\CANCER-013_MONDO_0018874_associated_targets_page_0023.json"", ""data\\raw\\opentargets\\26.09\\CANCER-013_MONDO_0018874_associated_targets_page_0024.json"", ""data\\raw\\opentargets\\26.09\\CANCER-013_MONDO_0018874_associated_targets_page_0025.json""]"	ed5a790617bb26c355ffab35c46b41b85fd8fa2cb6de3f3b54e7a16a0cd7d55f
cancer_target_pair	EVID-0009	known_drug_score		Open Targets Platform	ENSG00000122025|MONDO_0018874	26.09	https://api.platform.opentargets.org/api/v4/graphql	2026-09-30T07:41:58.308760+00:00	Aggregated evidence	opentargets-v0.2.2	"[""data\\raw\\opentargets\\26.09\\CANCER-013_MONDO_0018874_associated_targets_page_0000.json"", ""data\\raw\\opentargets\\26.09\\CANCER-013_MONDO_0018874_associated_targets_page_0001.json"", ""data\\raw\\opentargets\\26.09\\CANCER-013_MONDO_0018874_associated_targets_page_0002.json"", ""data\\raw\\opentargets\\26.09\\CANCER-013_MONDO_0018874_associated_targets_page_0003.json"", ""data\\raw\\opentargets\\26.09\\CANCER-013_MONDO_0018874_associated_targets_page_0004.json"", ""data\\raw\\opentargets\\26.09\\CANCER-013_MONDO_0018874_associated_targets_page_0005.json"", ""data\\raw\\opentargets\\26.09\\CANCER-013_MONDO_0018874_associated_targets_page_0006.json"", ""data\\raw\\opentargets\\26.09\\CANCER-013_MONDO_0018874_associated_targets_page_0007.json"", ""data\\raw\\opentargets\\26.09\\CANCER-013_MONDO_0018874_associated_targets_page_0008.json"", ""data\\raw\\opentargets\\26.09\\CANCER-013_MONDO_0018874_associated_targets_page_0009.json"", ""data\\raw\\opentargets\\26.09\\CANCER-013_MONDO_0018874_associated_targets_page_0010.json"", ""data\\raw\\opentargets\\26.09\\CANCER-013_MONDO_0018874_associated_targets_page_0011.json"", ""data\\raw\\opentargets\\26.09\\CANCER-013_MONDO_0018874_associated_targets_page_0012.json"", ""data\\raw\\opentargets\\26.09\\CANCER-013_MONDO_0018874_associated_targets_page_0013.json"", ""data\\raw\\opentargets\\26.09\\CANCER-013_MONDO_0018874_associated_targets_page_0014.json"", ""data\\raw\\opentargets\\26.09\\CANCER-013_MONDO_0018874_associated_targets_page_0015.json"", ""data\\raw\\opentargets\\26.09\\CANCER-013_MONDO_0018874_associated_targets_page_0016.json"", ""data\\raw\\opentargets\\26.09\\CANCER-013_MONDO_0018874_associated_targets_page_0017.json"", ""data\\raw\\opentargets\\26.09\\CANCER-013_MONDO_0018874_associated_targets_page_0018.json"", ""data\\raw\\opentargets\\26.09\\CANCER-013_MONDO_0018874_associated_targets_page_0019.json"", ""data\\raw\\opentargets\\26.09\\CANCER-013_MONDO_0018874_associated_targets_page_0020.json"", ""data\\raw\\opentargets\\26.09\\CANCER-013_MONDO_0018874_associated_targets_page_0021.json"", ""data\\raw\\opentargets\\26.09\\CANCER-013_MONDO_0018874_associated_targets_page_0022.json"", ""data\\raw\\opentargets\\26.09\\CANCER-013_MONDO_0018874_associated_targets_page_0023.json"", ""data\\raw\\opentargets\\26.09\\CANCER-013_MONDO_0018874_associated_targets_page_0024.json"", ""data\\raw\\opentargets\\26.09\\CANCER-013_MONDO_0018874_associated_targets_page_0025.json""]"	ed5a790617bb26c355ffab35c46b41b85fd8fa2cb6de3f3b54e7a16a0cd7d55f
cancer_target_pair	EVID-0009	literature_score	0.9990613822522391	Open Targets Platform	ENSG00000122025|MONDO_0018874	26.09	https://api.platform.opentargets.org/api/v4/graphql	2026-09-30T07:41:58.308760+00:00	Aggregated evidence	opentargets-v0.2.2	"[""data\\raw\\opentargets\\26.09\\CANCER-013_MONDO_0018874_associated_targets_page_0000.json"", ""data\\raw\\opentargets\\26.09\\CANCER-013_MONDO_0018874_associated_targets_page_0001.json"", ""data\\raw\\opentargets\\26.09\\CANCER-013_MONDO_0018874_associated_targets_page_0002.json"", ""data\\raw\\opentargets\\26.09\\CANCER-013_MONDO_0018874_associated_targets_page_0003.json"", ""data\\raw\\opentargets\\26.09\\CANCER-013_MONDO_0018874_associated_targets_page_0004.json"", ""data\\raw\\opentargets\\26.09\\CANCER-013_MONDO_0018874_associated_targets_page_0005.json"", ""data\\raw\\opentargets\\26.09\\CANCER-013_MONDO_0018874_associated_targets_page_0006.json"", ""data\\raw\\opentargets\\26.09\\CANCER-013_MONDO_0018874_associated_targets_page_0007.json"", ""data\\raw\\opentargets\\26.09\\CANCER-013_MONDO_0018874_associated_targets_page_0008.json"", ""data\\raw\\opentargets\\26.09\\CANCER-013_MONDO_0018874_associated_targets_page_0009.json"", ""data\\raw\\opentargets\\26.09\\CANCER-013_MONDO_0018874_associated_targets_page_0010.json"", ""data\\raw\\opentargets\\26.09\\CANCER-013_MONDO_0018874_associated_targets_page_0011.json"", ""data\\raw\\opentargets\\26.09\\CANCER-013_MONDO_0018874_associated_targets_page_0012.json"", ""data\\raw\\opentargets\\26.09\\CANCER-013_MONDO_0018874_associated_targets_page_0013.json"", ""data\\raw\\opentargets\\26.09\\CANCER-013_MONDO_0018874_associated_targets_page_0014.json"", ""data\\raw\\opentargets\\26.09\\CANCER-013_MONDO_0018874_associated_targets_page_0015.json"", ""data\\raw\\opentargets\\26.09\\CANCER-013_MONDO_0018874_associated_targets_page_0016.json"", ""data\\raw\\opentargets\\26.09\\CANCER-013_MONDO_0018874_associated_targets_page_0017.json"", ""data\\raw\\opentargets\\26.09\\CANCER-013_MONDO_0018874_associated_targets_page_0018.json"", ""data\\raw\\opentargets\\26.09\\CANCER-013_MONDO_0018874_associated_targets_page_0019.json"", ""data\\raw\\opentargets\\26.09\\CANCER-013_MONDO_0018874_associated_targets_page_0020.json"", ""data\\raw\\opentargets\\26.09\\CANCER-013_MONDO_0018874_associated_targets_page_0021.json"", ""data\\raw\\opentargets\\26.09\\CANCER-013_MONDO_0018874_associated_targets_page_0022.json"", ""data\\raw\\opentargets\\26.09\\CANCER-013_MONDO_0018874_associated_targets_page_0023.json"", ""data\\raw\\opentargets\\26.09\\CANCER-013_MONDO_0018874_associated_targets_page_0024.json"", ""data\\raw\\opentargets\\26.09\\CANCER-013_MONDO_0018874_associated_targets_page_0025.json""]"	ed5a790617bb26c355ffab35c46b41b85fd8fa2cb6de3f3b54e7a16a0cd7d55f
cancer_target_pair	EVID-0009	tractability_json	"[{""label"": ""Approved Drug"", ""modality"": ""SM"", ""value"": true}, {""label"": ""Advanced Clinical"", ""modality"": ""SM"", ""value"": false}, {""label"": ""Phase 1 Clinical"", ""modality"": ""SM"", ""value"": false}, {""label"": ""Structure with Ligand"", ""modality"": ""SM"", ""value"": true}, {""label"": ""High-Quality Ligand"", ""modality"": ""SM"", ""value"": true}, {""label"": ""High-Quality Pocket"", ""modality"": ""SM"", ""value"": false}, {""label"": ""Med-Quality Pocket"", ""modality"": ""SM"", ""value"": true}, {""label"": ""Druggable Family"", ""modality"": ""SM"", ""value"": true}, {""label"": ""Approved Drug"", ""modality"": ""AB"", ""value"": false}, {""label"": ""Advanced Clinical"", ""modality"": ""AB"", ""value"": false}, {""label"": ""Phase 1 Clinical"", ""modality"": ""AB"", ""value"": true}, {""label"": ""UniProt loc high conf"", ""modality"": ""AB"", ""value"": false}, {""label"": ""GO CC high conf"", ""modality"": ""AB"", ""value"": true}, {""label"": ""UniProt loc med conf"", ""modality"": ""AB"", ""value"": false}, {""label"": ""UniProt SigP or TMHMM"", ""modality"": ""AB"", ""value"": true}, {""label"": ""GO CC med conf"", ""modality"": ""AB"", ""value"": false}, {""label"": ""Human Protein Atlas loc"", ""modality"": ""AB"", ""value"": false}, {""label"": ""Approved Drug"", ""modality"": ""PR"", ""value"": false}, {""label"": ""Advanced Clinical"", ""modality"": ""PR"", ""value"": false}, {""label"": ""Phase 1 Clinical"", ""modality"": ""PR"", ""value"": false}, {""label"": ""Literature"", ""modality"": ""PR"", ""value"": true}, {""label"": ""UniProt Ubiquitination"", ""modality"": ""PR"", ""value"": true}, {""label"": ""Database Ubiquitination"", ""modality"": ""PR"", ""value"": true}, {""label"": ""Half-life Data"", ""modality"": ""PR"", ""value"": false}, {""label"": ""Small Molecule Binder"", ""modality"": ""PR"", ""value"": true}, {""label"": ""Approved Drug"", ""modality"": ""OC"", ""value"": false}, {""label"": ""Advanced Clinical"", ""modality"": ""OC"", ""value"": true}, {""label"": ""Phase 1 Clinical"", ""modality"": ""OC"", ""value"": false}]"	Open Targets Platform	ENSG00000122025|MONDO_0018874	26.09	https://api.platform.opentargets.org/api/v4/graphql	2026-09-30T07:41:58.308760+00:00	Aggregated evidence	opentargets-v0.2.2	data\raw\opentargets\26.09\target_ENSG00000122025_tractability.json	ed5a790617bb26c355ffab35c46b41b85fd8fa2cb6de3f3b54e7a16a0cd7d55f
cancer_target_pair	EVID-0013	association_score	0.30515444727969865	Open Targets Platform	ENSG00000179295|MONDO_0005061	26.09	https://api.platform.opentargets.org/api/v4/graphql	2026-09-30T07:41:58.308760+00:00	Aggregated evidence	opentargets-v0.2.2	"[""data\\raw\\opentargets\\26.09\\CANCER-001_MONDO_0005061_associated_targets_page_0000.json"", ""data\\raw\\opentargets\\26.09\\CANCER-001_MONDO_0005061_associated_targets_page_0001.json"", ""data\\raw\\opentargets\\26.09\\CANCER-001_MONDO_0005061_associated_targets_page_0002.json"", ""data\\raw\\opentargets\\26.09\\CANCER-001_MONDO_0005061_associated_targets_page_0003.json"", ""data\\raw\\opentargets\\26.09\\CANCER-001_MONDO_0005061_associated_targets_page_0004.json"", ""data\\raw\\opentargets\\26.09\\CANCER-001_MONDO_0005061_associated_targets_page_0005.json"", ""data\\raw\\opentargets\\26.09\\CANCER-001_MONDO_0005061_associated_targets_page_0006.json"", ""data\\raw\\opentargets\\26.09\\CANCER-001_MONDO_0005061_associated_targets_page_0007.json"", ""data\\raw\\opentargets\\26.09\\CANCER-001_MONDO_0005061_associated_targets_page_0008.json"", ""data\\raw\\opentargets\\26.09\\CANCER-001_MONDO_0005061_associated_targets_page_0009.json"", ""data\\raw\\opentargets\\26.09\\CANCER-001_MONDO_0005061_associated_targets_page_0010.json"", ""data\\raw\\opentargets\\26.09\\CANCER-001_MONDO_0005061_associated_targets_page_0011.json"", ""data\\raw\\opentargets\\26.09\\CANCER-001_MONDO_0005061_associated_targets_page_0012.json"", ""data\\raw\\opentargets\\26.09\\CANCER-001_MONDO_0005061_associated_targets_page_0013.json"", ""data\\raw\\opentargets\\26.09\\CANCER-001_MONDO_0005061_associated_targets_page_0014.json"", ""data\\raw\\opentargets\\26.09\\CANCER-001_MONDO_0005061_associated_targets_page_0015.json"", ""data\\raw\\opentargets\\26.09\\CANCER-001_MONDO_0005061_associated_targets_page_0016.json"", ""data\\raw\\opentargets\\26.09\\CANCER-001_MONDO_0005061_associated_targets_page_0017.json"", ""data\\raw\\opentargets\\26.09\\CANCER-001_MONDO_0005061_associated_targets_page_0018.json"", ""data\\raw\\opentargets\\26.09\\CANCER-001_MONDO_0005061_associated_targets_page_0019.json"", ""data\\raw\\opentargets\\26.09\\CANCER-001_MONDO_0005061_associated_targets_page_0020.json"", ""data\\raw\\opentargets\\26.09\\CANCER-001_MONDO_0005061_associated_targets_page_0021.json""]"	70bed24e9b32d462ccfbfa3f516bfe62cd5886c1ee3b0ba07de35eaf402bdac7
cancer_target_pair	EVID-0013	genetic_association_score		Open Targets Platform	ENSG00000179295|MONDO_0005061	26.09	https://api.platform.opentargets.org/api/v4/graphql	2026-09-30T07:41:58.308760+00:00	Aggregated evidence	opentargets-v0.2.2	"[""data\\raw\\opentargets\\26.09\\CANCER-001_MONDO_0005061_associated_targets_page_0000.json"", ""data\\raw\\opentargets\\26.09\\CANCER-001_MONDO_0005061_associated_targets_page_0001.json"", ""data\\raw\\opentargets\\26.09\\CANCER-001_MONDO_0005061_associated_targets_page_0002.json"", ""data\\raw\\opentargets\\26.09\\CANCER-001_MONDO_0005061_associated_targets_page_0003.json"", ""data\\raw\\opentargets\\26.09\\CANCER-001_MONDO_0005061_associated_targets_page_0004.json"", ""data\\raw\\opentargets\\26.09\\CANCER-001_MONDO_0005061_associated_targets_page_0005.json"", ""data\\raw\\opentargets\\26.09\\CANCER-001_MONDO_0005061_associated_targets_page_0006.json"", ""data\\raw\\opentargets\\26.09\\CANCER-001_MONDO_0005061_associated_targets_page_0007.json"", ""data\\raw\\opentargets\\26.09\\CANCER-001_MONDO_0005061_associated_targets_page_0008.json"", ""data\\raw\\opentargets\\26.09\\CANCER-001_MONDO_0005061_associated_targets_page_0009.json"", ""data\\raw\\opentargets\\26.09\\CANCER-001_MONDO_0005061_associated_targets_page_0010.json"", ""data\\raw\\opentargets\\26.09\\CANCER-001_MONDO_0005061_associated_targets_page_0011.json"", ""data\\raw\\opentargets\\26.09\\CANCER-001_MONDO_0005061_associated_targets_page_0012.json"", ""data\\raw\\opentargets\\26.09\\CANCER-001_MONDO_0005061_associated_targets_page_0013.json"", ""data\\raw\\opentargets\\26.09\\CANCER-001_MONDO_0005061_associated_targets_page_0014.json"", ""data\\raw\\opentargets\\26.09\\CANCER-001_MONDO_0005061_associated_targets_page_0015.json"", ""data\\raw\\opentargets\\26.09\\CANCER-001_MONDO_0005061_associated_targets_page_0016.json"", ""data\\raw\\opentargets\\26.09\\CANCER-001_MONDO_0005061_associated_targets_page_0017.json"", ""data\\raw\\opentargets\\26.09\\CANCER-001_MONDO_0005061_associated_targets_page_0018.json"", ""data\\raw\\opentargets\\26.09\\CANCER-001_MONDO_0005061_associated_targets_page_0019.json"", ""data\\raw\\opentargets\\26.09\\CANCER-001_MONDO_0005061_associated_targets_page_0020.json"", ""data\\raw\\opentargets\\26.09\\CANCER-001_MONDO_0005061_associated_targets_page_0021.json""]"	70bed24e9b32d462ccfbfa3f516bfe62cd5886c1ee3b0ba07de35eaf402bdac7
cancer_target_pair	EVID-0013	somatic_mutation_score	0.4559480982087158	Open Targets Platform	ENSG00000179295|MONDO_0005061	26.09	https://api.platform.opentargets.org/api/v4/graphql	2026-09-30T07:41:58.308760+00:00	Aggregated evidence	opentargets-v0.2.2	"[""data\\raw\\opentargets\\26.09\\CANCER-001_MONDO_0005061_associated_targets_page_0000.json"", ""data\\raw\\opentargets\\26.09\\CANCER-001_MONDO_0005061_associated_targets_page_0001.json"", ""data\\raw\\opentargets\\26.09\\CANCER-001_MONDO_0005061_associated_targets_page_0002.json"", ""data\\raw\\opentargets\\26.09\\CANCER-001_MONDO_0005061_associated_targets_page_0003.json"", ""data\\raw\\opentargets\\26.09\\CANCER-001_MONDO_0005061_associated_targets_page_0004.json"", ""data\\raw\\opentargets\\26.09\\CANCER-001_MONDO_0005061_associated_targets_page_0005.json"", ""data\\raw\\opentargets\\26.09\\CANCER-001_MONDO_0005061_associated_targets_page_0006.json"", ""data\\raw\\opentargets\\26.09\\CANCER-001_MONDO_0005061_associated_targets_page_0007.json"", ""data\\raw\\opentargets\\26.09\\CANCER-001_MONDO_0005061_associated_targets_page_0008.json"", ""data\\raw\\opentargets\\26.09\\CANCER-001_MONDO_0005061_associated_targets_page_0009.json"", ""data\\raw\\opentargets\\26.09\\CANCER-001_MONDO_0005061_associated_targets_page_0010.json"", ""data\\raw\\opentargets\\26.09\\CANCER-001_MONDO_0005061_associated_targets_page_0011.json"", ""data\\raw\\opentargets\\26.09\\CANCER-001_MONDO_0005061_associated_targets_page_0012.json"", ""data\\raw\\opentargets\\26.09\\CANCER-001_MONDO_0005061_associated_targets_page_0013.json"", ""data\\raw\\opentargets\\26.09\\CANCER-001_MONDO_0005061_associated_targets_page_0014.json"", ""data\\raw\\opentargets\\26.09\\CANCER-001_MONDO_0005061_associated_targets_page_0015.json"", ""data\\raw\\opentargets\\26.09\\CANCER-001_MONDO_0005061_associated_targets_page_0016.json"", ""data\\raw\\opentargets\\26.09\\CANCER-001_MONDO_0005061_associated_targets_page_0017.json"", ""data\\raw\\opentargets\\26.09\\CANCER-001_MONDO_0005061_associated_targets_page_0018.json"", ""data\\raw\\opentargets\\26.09\\CANCER-001_MONDO_0005061_associated_targets_page_0019.json"", ""data\\raw\\opentargets\\26.09\\CANCER-001_MONDO_0005061_associated_targets_page_0020.json"", ""data\\raw\\opentargets\\26.09\\CANCER-001_MONDO_0005061_associated_targets_page_0021.json""]"	70bed24e9b32d462ccfbfa3f516bfe62cd5886c1ee3b0ba07de35eaf402bdac7
cancer_target_pair	EVID-0013	known_drug_score		Open Targets Platform	ENSG00000179295|MONDO_0005061	26.09	https://api.platform.opentargets.org/api/v4/graphql	2026-09-30T07:41:58.308760+00:00	Aggregated evidence	opentargets-v0.2.2	"[""data\\raw\\opentargets\\26.09\\CANCER-001_MONDO_0005061_associated_targets_page_0000.json"", ""data\\raw\\opentargets\\26.09\\CANCER-001_MONDO_0005061_associated_targets_page_0001.json"", ""data\\raw\\opentargets\\26.09\\CANCER-001_MONDO_0005061_associated_targets_page_0002.json"", ""data\\raw\\opentargets\\26.09\\CANCER-001_MONDO_0005061_associated_targets_page_0003.json"", ""data\\raw\\opentargets\\26.09\\CANCER-001_MONDO_0005061_associated_targets_page_0004.json"", ""data\\raw\\opentargets\\26.09\\CANCER-001_MONDO_0005061_associated_targets_page_0005.json"", ""data\\raw\\opentargets\\26.09\\CANCER-001_MONDO_0005061_associated_targets_page_0006.json"", ""data\\raw\\opentargets\\26.09\\CANCER-001_MONDO_0005061_associated_targets_page_0007.json"", ""data\\raw\\opentargets\\26.09\\CANCER-001_MONDO_0005061_associated_targets_page_0008.json"", ""data\\raw\\opentargets\\26.09\\CANCER-001_MONDO_0005061_associated_targets_page_0009.json"", ""data\\raw\\opentargets\\26.09\\CANCER-001_MONDO_0005061_associated_targets_page_0010.json"", ""data\\raw\\opentargets\\26.09\\CANCER-001_MONDO_0005061_associated_targets_page_0011.json"", ""data\\raw\\opentargets\\26.09\\CANCER-001_MONDO_0005061_associated_targets_page_0012.json"", ""data\\raw\\opentargets\\26.09\\CANCER-001_MONDO_0005061_associated_targets_page_0013.json"", ""data\\raw\\opentargets\\26.09\\CANCER-001_MONDO_0005061_associated_targets_page_0014.json"", ""data\\raw\\opentargets\\26.09\\CANCER-001_MONDO_0005061_associated_targets_page_0015.json"", ""data\\raw\\opentargets\\26.09\\CANCER-001_MONDO_0005061_associated_targets_page_0016.json"", ""data\\raw\\opentargets\\26.09\\CANCER-001_MONDO_0005061_associated_targets_page_0017.json"", ""data\\raw\\opentargets\\26.09\\CANCER-001_MONDO_0005061_associated_targets_page_0018.json"", ""data\\raw\\opentargets\\26.09\\CANCER-001_MONDO_0005061_associated_targets_page_0019.json"", ""data\\raw\\opentargets\\26.09\\CANCER-001_MONDO_0005061_associated_targets_page_0020.json"", ""data\\raw\\opentargets\\26.09\\CANCER-001_MONDO_0005061_associated_targets_page_0021.json""]"	70bed24e9b32d462ccfbfa3f516bfe62cd5886c1ee3b0ba07de35eaf402bdac7
cancer_target_pair	EVID-0013	literature_score	0.8816536410050931	Open Targets Platform	ENSG00000179295|MONDO_0005061	26.09	https://api.platform.opentargets.org/api/v4/graphql	2026-09-30T07:41:58.308760+00:00	Aggregated evidence	opentargets-v0.2.2	"[""data\\raw\\opentargets\\26.09\\CANCER-001_MONDO_0005061_associated_targets_page_0000.json"", ""data\\raw\\opentargets\\26.09\\CANCER-001_MONDO_0005061_associated_targets_page_0001.json"", ""data\\raw\\opentargets\\26.09\\CANCER-001_MONDO_0005061_associated_targets_page_0002.json"", ""data\\raw\\opentargets\\26.09\\CANCER-001_MONDO_0005061_associated_targets_page_0003.json"", ""data\\raw\\opentargets\\26.09\\CANCER-001_MONDO_0005061_associated_targets_page_0004.json"", ""data\\raw\\opentargets\\26.09\\CANCER-001_MONDO_0005061_associated_targets_page_0005.json"", ""data\\raw\\opentargets\\26.09\\CANCER-001_MONDO_0005061_associated_targets_page_0006.json"", ""data\\raw\\opentargets\\26.09\\CANCER-001_MONDO_0005061_associated_targets_page_0007.json"", ""data\\raw\\opentargets\\26.09\\CANCER-001_MONDO_0005061_associated_targets_page_0008.json"", ""data\\raw\\opentargets\\26.09\\CANCER-001_MONDO_0005061_associated_targets_page_0009.json"", ""data\\raw\\opentargets\\26.09\\CANCER-001_MONDO_0005061_associated_targets_page_0010.json"", ""data\\raw\\opentargets\\26.09\\CANCER-001_MONDO_0005061_associated_targets_page_0011.json"", ""data\\raw\\opentargets\\26.09\\CANCER-001_MONDO_0005061_associated_targets_page_0012.json"", ""data\\raw\\opentargets\\26.09\\CANCER-001_MONDO_0005061_associated_targets_page_0013.json"", ""data\\raw\\opentargets\\26.09\\CANCER-001_MONDO_0005061_associated_targets_page_0014.json"", ""data\\raw\\opentargets\\26.09\\CANCER-001_MONDO_0005061_associated_targets_page_0015.json"", ""data\\raw\\opentargets\\26.09\\CANCER-001_MONDO_0005061_associated_targets_page_0016.json"", ""data\\raw\\opentargets\\26.09\\CANCER-001_MONDO_0005061_associated_targets_page_0017.json"", ""data\\raw\\opentargets\\26.09\\CANCER-001_MONDO_0005061_associated_targets_page_0018.json"", ""data\\raw\\opentargets\\26.09\\CANCER-001_MONDO_0005061_associated_targets_page_0019.json"", ""data\\raw\\opentargets\\26.09\\CANCER-001_MONDO_0005061_associated_targets_page_0020.json"", ""data\\raw\\opentargets\\26.09\\CANCER-001_MONDO_0005061_associated_targets_page_0021.json""]"	70bed24e9b32d462ccfbfa3f516bfe62cd5886c1ee3b0ba07de35eaf402bdac7
cancer_target_pair	EVID-0013	tractability_json	"[{""label"": ""Approved Drug"", ""modality"": ""SM"", ""value"": false}, {""label"": ""Advanced Clinical"", ""modality"": ""SM"", ""value"": true}, {""label"": ""Phase 1 Clinical"", ""modality"": ""SM"", ""value"": false}, {""label"": ""Structure with Ligand"", ""modality"": ""SM"", ""value"": true}, {""label"": ""High-Quality Ligand"", ""modality"": ""SM"", ""value"": true}, {""label"": ""High-Quality Pocket"", ""modality"": ""SM"", ""value"": false}, {""label"": ""Med-Quality Pocket"", ""modality"": ""SM"", ""value"": false}, {""label"": ""Druggable Family"", ""modality"": ""SM"", ""value"": true}, {""label"": ""Approved Drug"", ""modality"": ""AB"", ""value"": false}, {""label"": ""Advanced Clinical"", ""modality"": ""AB"", ""value"": false}, {""label"": ""Phase 1 Clinical"", ""modality"": ""AB"", ""value"": false}, {""label"": ""UniProt loc high conf"", ""modality"": ""AB"", ""value"": false}, {""label"": ""GO CC high conf"", ""modality"": ""AB"", ""value"": false}, {""label"": ""UniProt loc med conf"", ""modality"": ""AB"", ""value"": false}, {""label"": ""UniProt SigP or TMHMM"", ""modality"": ""AB"", ""value"": false}, {""label"": ""GO CC med conf"", ""modality"": ""AB"", ""value"": false}, {""label"": ""Human Protein Atlas loc"", ""modality"": ""AB"", ""value"": false}, {""label"": ""Approved Drug"", ""modality"": ""PR"", ""value"": false}, {""label"": ""Advanced Clinical"", ""modality"": ""PR"", ""value"": false}, {""label"": ""Phase 1 Clinical"", ""modality"": ""PR"", ""value"": false}, {""label"": ""Literature"", ""modality"": ""PR"", ""value"": true}, {""label"": ""UniProt Ubiquitination"", ""modality"": ""PR"", ""value"": false}, {""label"": ""Database Ubiquitination"", ""modality"": ""PR"", ""value"": true}, {""label"": ""Half-life Data"", ""modality"": ""PR"", ""value"": true}, {""label"": ""Small Molecule Binder"", ""modality"": ""PR"", ""value"": true}, {""label"": ""Approved Drug"", ""modality"": ""OC"", ""value"": false}, {""label"": ""Advanced Clinical"", ""modality"": ""OC"", ""value"": false}, {""label"": ""Phase 1 Clinical"", ""modality"": ""OC"", ""value"": false}]"	Open Targets Platform	ENSG00000179295|MONDO_0005061	26.09	https://api.platform.opentargets.org/api/v4/graphql	2026-09-30T07:41:58.308760+00:00	Aggregated evidence	opentargets-v0.2.2	data\raw\opentargets\26.09\target_ENSG00000179295_tractability.json	70bed24e9b32d462ccfbfa3f516bfe62cd5886c1ee3b0ba07de35eaf402bdac7
cancer_target_pair	EVID-0014	association_score	0.2986903524990941	Open Targets Platform	ENSG00000115904|MONDO_0005061	26.09	https://api.platform.opentargets.org/api/v4/graphql	2026-09-30T07:41:58.308760+00:00	Aggregated evidence	opentargets-v0.2.2	"[""data\\raw\\opentargets\\26.09\\CANCER-001_MONDO_0005061_associated_targets_page_0000.json"", ""data\\raw\\opentargets\\26.09\\CANCER-001_MONDO_0005061_associated_targets_page_0001.json"", ""data\\raw\\opentargets\\26.09\\CANCER-001_MONDO_0005061_associated_targets_page_0002.json"", ""data\\raw\\opentargets\\26.09\\CANCER-001_MONDO_0005061_associated_targets_page_0003.json"", ""data\\raw\\opentargets\\26.09\\CANCER-001_MONDO_0005061_associated_targets_page_0004.json"", ""data\\raw\\opentargets\\26.09\\CANCER-001_MONDO_0005061_associated_targets_page_0005.json"", ""data\\raw\\opentargets\\26.09\\CANCER-001_MONDO_0005061_associated_targets_page_0006.json"", ""data\\raw\\opentargets\\26.09\\CANCER-001_MONDO_0005061_associated_targets_page_0007.json"", ""data\\raw\\opentargets\\26.09\\CANCER-001_MONDO_0005061_associated_targets_page_0008.json"", ""data\\raw\\opentargets\\26.09\\CANCER-001_MONDO_0005061_associated_targets_page_0009.json"", ""data\\raw\\opentargets\\26.09\\CANCER-001_MONDO_0005061_associated_targets_page_0010.json"", ""data\\raw\\opentargets\\26.09\\CANCER-001_MONDO_0005061_associated_targets_page_0011.json"", ""data\\raw\\opentargets\\26.09\\CANCER-001_MONDO_0005061_associated_targets_page_0012.json"", ""data\\raw\\opentargets\\26.09\\CANCER-001_MONDO_0005061_associated_targets_page_0013.json"", ""data\\raw\\opentargets\\26.09\\CANCER-001_MONDO_0005061_associated_targets_page_0014.json"", ""data\\raw\\opentargets\\26.09\\CANCER-001_MONDO_0005061_associated_targets_page_0015.json"", ""data\\raw\\opentargets\\26.09\\CANCER-001_MONDO_0005061_associated_targets_page_0016.json"", ""data\\raw\\opentargets\\26.09\\CANCER-001_MONDO_0005061_associated_targets_page_0017.json"", ""data\\raw\\opentargets\\26.09\\CANCER-001_MONDO_0005061_associated_targets_page_0018.json"", ""data\\raw\\opentargets\\26.09\\CANCER-001_MONDO_0005061_associated_targets_page_0019.json"", ""data\\raw\\opentargets\\26.09\\CANCER-001_MONDO_0005061_associated_targets_page_0020.json"", ""data\\raw\\opentargets\\26.09\\CANCER-001_MONDO_0005061_associated_targets_page_0021.json""]"	757ff5cfa9652277215723f49fec57345ea1ef5fda68b267ea39f368bd143d45
cancer_target_pair	EVID-0014	genetic_association_score		Open Targets Platform	ENSG00000115904|MONDO_0005061	26.09	https://api.platform.opentargets.org/api/v4/graphql	2026-09-30T07:41:58.308760+00:00	Aggregated evidence	opentargets-v0.2.2	"[""data\\raw\\opentargets\\26.09\\CANCER-001_MONDO_0005061_associated_targets_page_0000.json"", ""data\\raw\\opentargets\\26.09\\CANCER-001_MONDO_0005061_associated_targets_page_0001.json"", ""data\\raw\\opentargets\\26.09\\CANCER-001_MONDO_0005061_associated_targets_page_0002.json"", ""data\\raw\\opentargets\\26.09\\CANCER-001_MONDO_0005061_associated_targets_page_0003.json"", ""data\\raw\\opentargets\\26.09\\CANCER-001_MONDO_0005061_associated_targets_page_0004.json"", ""data\\raw\\opentargets\\26.09\\CANCER-001_MONDO_0005061_associated_targets_page_0005.json"", ""data\\raw\\opentargets\\26.09\\CANCER-001_MONDO_0005061_associated_targets_page_0006.json"", ""data\\raw\\opentargets\\26.09\\CANCER-001_MONDO_0005061_associated_targets_page_0007.json"", ""data\\raw\\opentargets\\26.09\\CANCER-001_MONDO_0005061_associated_targets_page_0008.json"", ""data\\raw\\opentargets\\26.09\\CANCER-001_MONDO_0005061_associated_targets_page_0009.json"", ""data\\raw\\opentargets\\26.09\\CANCER-001_MONDO_0005061_associated_targets_page_0010.json"", ""data\\raw\\opentargets\\26.09\\CANCER-001_MONDO_0005061_associated_targets_page_0011.json"", ""data\\raw\\opentargets\\26.09\\CANCER-001_MONDO_0005061_associated_targets_page_0012.json"", ""data\\raw\\opentargets\\26.09\\CANCER-001_MONDO_0005061_associated_targets_page_0013.json"", ""data\\raw\\opentargets\\26.09\\CANCER-001_MONDO_0005061_associated_targets_page_0014.json"", ""data\\raw\\opentargets\\26.09\\CANCER-001_MONDO_0005061_associated_targets_page_0015.json"", ""data\\raw\\opentargets\\26.09\\CANCER-001_MONDO_0005061_associated_targets_page_0016.json"", ""data\\raw\\opentargets\\26.09\\CANCER-001_MONDO_0005061_associated_targets_page_0017.json"", ""data\\raw\\opentargets\\26.09\\CANCER-001_MONDO_0005061_associated_targets_page_0018.json"", ""data\\raw\\opentargets\\26.09\\CANCER-001_MONDO_0005061_associated_targets_page_0019.json"", ""data\\raw\\opentargets\\26.09\\CANCER-001_MONDO_0005061_associated_targets_page_0020.json"", ""data\\raw\\opentargets\\26.09\\CANCER-001_MONDO_0005061_associated_targets_page_0021.json""]"	757ff5cfa9652277215723f49fec57345ea1ef5fda68b267ea39f368bd143d45
cancer_target_pair	EVID-0014	somatic_mutation_score	0.4559480982087158	Open Targets Platform	ENSG00000115904|MONDO_0005061	26.09	https://api.platform.opentargets.org/api/v4/graphql	2026-09-30T07:41:58.308760+00:00	Aggregated evidence	opentargets-v0.2.2	"[""data\\raw\\opentargets\\26.09\\CANCER-001_MONDO_0005061_associated_targets_page_0000.json"", ""data\\raw\\opentargets\\26.09\\CANCER-001_MONDO_0005061_associated_targets_page_0001.json"", ""data\\raw\\opentargets\\26.09\\CANCER-001_MONDO_0005061_associated_targets_page_0002.json"", ""data\\raw\\opentargets\\26.09\\CANCER-001_MONDO_0005061_associated_targets_page_0003.json"", ""data\\raw\\opentargets\\26.09\\CANCER-001_MONDO_0005061_associated_targets_page_0004.json"", ""data\\raw\\opentargets\\26.09\\CANCER-001_MONDO_0005061_associated_targets_page_0005.json"", ""data\\raw\\opentargets\\26.09\\CANCER-001_MONDO_0005061_associated_targets_page_0006.json"", ""data\\raw\\opentargets\\26.09\\CANCER-001_MONDO_0005061_associated_targets_page_0007.json"", ""data\\raw\\opentargets\\26.09\\CANCER-001_MONDO_0005061_associated_targets_page_0008.json"", ""data\\raw\\opentargets\\26.09\\CANCER-001_MONDO_0005061_associated_targets_page_0009.json"", ""data\\raw\\opentargets\\26.09\\CANCER-001_MONDO_0005061_associated_targets_page_0010.json"", ""data\\raw\\opentargets\\26.09\\CANCER-001_MONDO_0005061_associated_targets_page_0011.json"", ""data\\raw\\opentargets\\26.09\\CANCER-001_MONDO_0005061_associated_targets_page_0012.json"", ""data\\raw\\opentargets\\26.09\\CANCER-001_MONDO_0005061_associated_targets_page_0013.json"", ""data\\raw\\opentargets\\26.09\\CANCER-001_MONDO_0005061_associated_targets_page_0014.json"", ""data\\raw\\opentargets\\26.09\\CANCER-001_MONDO_0005061_associated_targets_page_0015.json"", ""data\\raw\\opentargets\\26.09\\CANCER-001_MONDO_0005061_associated_targets_page_0016.json"", ""data\\raw\\opentargets\\26.09\\CANCER-001_MONDO_0005061_associated_targets_page_0017.json"", ""data\\raw\\opentargets\\26.09\\CANCER-001_MONDO_0005061_associated_targets_page_0018.json"", ""data\\raw\\opentargets\\26.09\\CANCER-001_MONDO_0005061_associated_targets_page_0019.json"", ""data\\raw\\opentargets\\26.09\\CANCER-001_MONDO_0005061_associated_targets_page_0020.json"", ""data\\raw\\opentargets\\26.09\\CANCER-001_MONDO_0005061_associated_targets_page_0021.json""]"	757ff5cfa9652277215723f49fec57345ea1ef5fda68b267ea39f368bd143d45
cancer_target_pair	EVID-0014	known_drug_score		Open Targets Platform	ENSG00000115904|MONDO_0005061	26.09	https://api.platform.opentargets.org/api/v4/graphql	2026-09-30T07:41:58.308760+00:00	Aggregated evidence	opentargets-v0.2.2	"[""data\\raw\\opentargets\\26.09\\CANCER-001_MONDO_0005061_associated_targets_page_0000.json"", ""data\\raw\\opentargets\\26.09\\CANCER-001_MONDO_0005061_associated_targets_page_0001.json"", ""data\\raw\\opentargets\\26.09\\CANCER-001_MONDO_0005061_associated_targets_page_0002.json"", ""data\\raw\\opentargets\\26.09\\CANCER-001_MONDO_0005061_associated_targets_page_0003.json"", ""data\\raw\\opentargets\\26.09\\CANCER-001_MONDO_0005061_associated_targets_page_0004.json"", ""data\\raw\\opentargets\\26.09\\CANCER-001_MONDO_0005061_associated_targets_page_0005.json"", ""data\\raw\\opentargets\\26.09\\CANCER-001_MONDO_0005061_associated_targets_page_0006.json"", ""data\\raw\\opentargets\\26.09\\CANCER-001_MONDO_0005061_associated_targets_page_0007.json"", ""data\\raw\\opentargets\\26.09\\CANCER-001_MONDO_0005061_associated_targets_page_0008.json"", ""data\\raw\\opentargets\\26.09\\CANCER-001_MONDO_0005061_associated_targets_page_0009.json"", ""data\\raw\\opentargets\\26.09\\CANCER-001_MONDO_0005061_associated_targets_page_0010.json"", ""data\\raw\\opentargets\\26.09\\CANCER-001_MONDO_0005061_associated_targets_page_0011.json"", ""data\\raw\\opentargets\\26.09\\CANCER-001_MONDO_0005061_associated_targets_page_0012.json"", ""data\\raw\\opentargets\\26.09\\CANCER-001_MONDO_0005061_associated_targets_page_0013.json"", ""data\\raw\\opentargets\\26.09\\CANCER-001_MONDO_0005061_associated_targets_page_0014.json"", ""data\\raw\\opentargets\\26.09\\CANCER-001_MONDO_0005061_associated_targets_page_0015.json"", ""data\\raw\\opentargets\\26.09\\CANCER-001_MONDO_0005061_associated_targets_page_0016.json"", ""data\\raw\\opentargets\\26.09\\CANCER-001_MONDO_0005061_associated_targets_page_0017.json"", ""data\\raw\\opentargets\\26.09\\CANCER-001_MONDO_0005061_associated_targets_page_0018.json"", ""data\\raw\\opentargets\\26.09\\CANCER-001_MONDO_0005061_associated_targets_page_0019.json"", ""data\\raw\\opentargets\\26.09\\CANCER-001_MONDO_0005061_associated_targets_page_0020.json"", ""data\\raw\\opentargets\\26.09\\CANCER-001_MONDO_0005061_associated_targets_page_0021.json""]"	757ff5cfa9652277215723f49fec57345ea1ef5fda68b267ea39f368bd143d45
cancer_target_pair	EVID-0014	literature_score	0.7074970233472735	Open Targets Platform	ENSG00000115904|MONDO_0005061	26.09	https://api.platform.opentargets.org/api/v4/graphql	2026-09-30T07:41:58.308760+00:00	Aggregated evidence	opentargets-v0.2.2	"[""data\\raw\\opentargets\\26.09\\CANCER-001_MONDO_0005061_associated_targets_page_0000.json"", ""data\\raw\\opentargets\\26.09\\CANCER-001_MONDO_0005061_associated_targets_page_0001.json"", ""data\\raw\\opentargets\\26.09\\CANCER-001_MONDO_0005061_associated_targets_page_0002.json"", ""data\\raw\\opentargets\\26.09\\CANCER-001_MONDO_0005061_associated_targets_page_0003.json"", ""data\\raw\\opentargets\\26.09\\CANCER-001_MONDO_0005061_associated_targets_page_0004.json"", ""data\\raw\\opentargets\\26.09\\CANCER-001_MONDO_0005061_associated_targets_page_0005.json"", ""data\\raw\\opentargets\\26.09\\CANCER-001_MONDO_0005061_associated_targets_page_0006.json"", ""data\\raw\\opentargets\\26.09\\CANCER-001_MONDO_0005061_associated_targets_page_0007.json"", ""data\\raw\\opentargets\\26.09\\CANCER-001_MONDO_0005061_associated_targets_page_0008.json"", ""data\\raw\\opentargets\\26.09\\CANCER-001_MONDO_0005061_associated_targets_page_0009.json"", ""data\\raw\\opentargets\\26.09\\CANCER-001_MONDO_0005061_associated_targets_page_0010.json"", ""data\\raw\\opentargets\\26.09\\CANCER-001_MONDO_0005061_associated_targets_page_0011.json"", ""data\\raw\\opentargets\\26.09\\CANCER-001_MONDO_0005061_associated_targets_page_0012.json"", ""data\\raw\\opentargets\\26.09\\CANCER-001_MONDO_0005061_associated_targets_page_0013.json"", ""data\\raw\\opentargets\\26.09\\CANCER-001_MONDO_0005061_associated_targets_page_0014.json"", ""data\\raw\\opentargets\\26.09\\CANCER-001_MONDO_0005061_associated_targets_page_0015.json"", ""data\\raw\\opentargets\\26.09\\CANCER-001_MONDO_0005061_associated_targets_page_0016.json"", ""data\\raw\\opentargets\\26.09\\CANCER-001_MONDO_0005061_associated_targets_page_0017.json"", ""data\\raw\\opentargets\\26.09\\CANCER-001_MONDO_0005061_associated_targets_page_0018.json"", ""data\\raw\\opentargets\\26.09\\CANCER-001_MONDO_0005061_associated_targets_page_0019.json"", ""data\\raw\\opentargets\\26.09\\CANCER-001_MONDO_0005061_associated_targets_page_0020.json"", ""data\\raw\\opentargets\\26.09\\CANCER-001_MONDO_0005061_associated_targets_page_0021.json""]"	757ff5cfa9652277215723f49fec57345ea1ef5fda68b267ea39f368bd143d45
cancer_target_pair	EVID-0014	tractability_json	"[{""label"": ""Approved Drug"", ""modality"": ""SM"", ""value"": false}, {""label"": ""Advanced Clinical"", ""modality"": ""SM"", ""value"": false}, {""label"": ""Phase 1 Clinical"", ""modality"": ""SM"", ""value"": false}, {""label"": ""Structure with Ligand"", ""modality"": ""SM"", ""value"": true}, {""label"": ""High-Quality Ligand"", ""modality"": ""SM"", ""value"": true}, {""label"": ""High-Quality Pocket"", ""modality"": ""SM"", ""value"": true}, {""label"": ""Med-Quality Pocket"", ""modality"": ""SM"", ""value"": false}, {""label"": ""Druggable Family"", ""modality"": ""SM"", ""value"": false}, {""label"": ""Approved Drug"", ""modality"": ""AB"", ""value"": false}, {""label"": ""Advanced Clinical"", ""modality"": ""AB"", ""value"": false}, {""label"": ""Phase 1 Clinical"", ""modality"": ""AB"", ""value"": false}, {""label"": ""UniProt loc high conf"", ""modality"": ""AB"", ""value"": false}, {""label"": ""GO CC high conf"", ""modality"": ""AB"", ""value"": true}, {""label"": ""UniProt loc med conf"", ""modality"": ""AB"", ""value"": false}, {""label"": ""UniProt SigP or TMHMM"", ""modality"": ""AB"", ""value"": false}, {""label"": ""GO CC med conf"", ""modality"": ""AB"", ""value"": false}, {""label"": ""Human Protein Atlas loc"", ""modality"": ""AB"", ""value"": false}, {""label"": ""Approved Drug"", ""modality"": ""PR"", ""value"": false}, {""label"": ""Advanced Clinical"", ""modality"": ""PR"", ""value"": false}, {""label"": ""Phase 1 Clinical"", ""modality"": ""PR"", ""value"": false}, {""label"": ""Literature"", ""modality"": ""PR"", ""value"": false}, {""label"": ""UniProt Ubiquitination"", ""modality"": ""PR"", ""value"": false}, {""label"": ""Database Ubiquitination"", ""modality"": ""PR"", ""value"": true}, {""label"": ""Half-life Data"", ""modality"": ""PR"", ""value"": true}, {""label"": ""Small Molecule Binder"", ""modality"": ""PR"", ""value"": true}, {""label"": ""Approved Drug"", ""modality"": ""OC"", ""value"": false}, {""label"": ""Advanced Clinical"", ""modality"": ""OC"", ""value"": false}, {""label"": ""Phase 1 Clinical"", ""modality"": ""OC"", ""value"": false}]"	Open Targets Platform	ENSG00000115904|MONDO_0005061	26.09	https://api.platform.opentargets.org/api/v4/graphql	2026-09-30T07:41:58.308760+00:00	Aggregated evidence	opentargets-v0.2.2	data\raw\opentargets\26.09\target_ENSG00000115904_tractability.json	757ff5cfa9652277215723f49fec57345ea1ef5fda68b267ea39f368bd143d45
cancer_target_pair	EVID-0015	association_score	0.021165191104016413	Open Targets Platform	ENSG00000177885|MONDO_0005061	26.09	https://api.platform.opentargets.org/api/v4/graphql	2026-09-30T07:41:58.308760+00:00	Aggregated evidence	opentargets-v0.2.2	"[""data\\raw\\opentargets\\26.09\\CANCER-001_MONDO_0005061_associated_targets_page_0000.json"", ""data\\raw\\opentargets\\26.09\\CANCER-001_MONDO_0005061_associated_targets_page_0001.json"", ""data\\raw\\opentargets\\26.09\\CANCER-001_MONDO_0005061_associated_targets_page_0002.json"", ""data\\raw\\opentargets\\26.09\\CANCER-001_MONDO_0005061_associated_targets_page_0003.json"", ""data\\raw\\opentargets\\26.09\\CANCER-001_MONDO_0005061_associated_targets_page_0004.json"", ""data\\raw\\opentargets\\26.09\\CANCER-001_MONDO_0005061_associated_targets_page_0005.json"", ""data\\raw\\opentargets\\26.09\\CANCER-001_MONDO_0005061_associated_targets_page_0006.json"", ""data\\raw\\opentargets\\26.09\\CANCER-001_MONDO_0005061_associated_targets_page_0007.json"", ""data\\raw\\opentargets\\26.09\\CANCER-001_MONDO_0005061_associated_targets_page_0008.json"", ""data\\raw\\opentargets\\26.09\\CANCER-001_MONDO_0005061_associated_targets_page_0009.json"", ""data\\raw\\opentargets\\26.09\\CANCER-001_MONDO_0005061_associated_targets_page_0010.json"", ""data\\raw\\opentargets\\26.09\\CANCER-001_MONDO_0005061_associated_targets_page_0011.json"", ""data\\raw\\opentargets\\26.09\\CANCER-001_MONDO_0005061_associated_targets_page_0012.json"", ""data\\raw\\opentargets\\26.09\\CANCER-001_MONDO_0005061_associated_targets_page_0013.json"", ""data\\raw\\opentargets\\26.09\\CANCER-001_MONDO_0005061_associated_targets_page_0014.json"", ""data\\raw\\opentargets\\26.09\\CANCER-001_MONDO_0005061_associated_targets_page_0015.json"", ""data\\raw\\opentargets\\26.09\\CANCER-001_MONDO_0005061_associated_targets_page_0016.json"", ""data\\raw\\opentargets\\26.09\\CANCER-001_MONDO_0005061_associated_targets_page_0017.json"", ""data\\raw\\opentargets\\26.09\\CANCER-001_MONDO_0005061_associated_targets_page_0018.json"", ""data\\raw\\opentargets\\26.09\\CANCER-001_MONDO_0005061_associated_targets_page_0019.json"", ""data\\raw\\opentargets\\26.09\\CANCER-001_MONDO_0005061_associated_targets_page_0020.json"", ""data\\raw\\opentargets\\26.09\\CANCER-001_MONDO_0005061_associated_targets_page_0021.json""]"	ce5f113f9d2a0a9bab75c2afa9dd99ab17e5e0a2da8c9b6e0cc1af1371bc93d5
cancer_target_pair	EVID-0015	genetic_association_score		Open Targets Platform	ENSG00000177885|MONDO_0005061	26.09	https://api.platform.opentargets.org/api/v4/graphql	2026-09-30T07:41:58.308760+00:00	Aggregated evidence	opentargets-v0.2.2	"[""data\\raw\\opentargets\\26.09\\CANCER-001_MONDO_0005061_associated_targets_page_0000.json"", ""data\\raw\\opentargets\\26.09\\CANCER-001_MONDO_0005061_associated_targets_page_0001.json"", ""data\\raw\\opentargets\\26.09\\CANCER-001_MONDO_0005061_associated_targets_page_0002.json"", ""data\\raw\\opentargets\\26.09\\CANCER-001_MONDO_0005061_associated_targets_page_0003.json"", ""data\\raw\\opentargets\\26.09\\CANCER-001_MONDO_0005061_associated_targets_page_0004.json"", ""data\\raw\\opentargets\\26.09\\CANCER-001_MONDO_0005061_associated_targets_page_0005.json"", ""data\\raw\\opentargets\\26.09\\CANCER-001_MONDO_0005061_associated_targets_page_0006.json"", ""data\\raw\\opentargets\\26.09\\CANCER-001_MONDO_0005061_associated_targets_page_0007.json"", ""data\\raw\\opentargets\\26.09\\CANCER-001_MONDO_0005061_associated_targets_page_0008.json"", ""data\\raw\\opentargets\\26.09\\CANCER-001_MONDO_0005061_associated_targets_page_0009.json"", ""data\\raw\\opentargets\\26.09\\CANCER-001_MONDO_0005061_associated_targets_page_0010.json"", ""data\\raw\\opentargets\\26.09\\CANCER-001_MONDO_0005061_associated_targets_page_0011.json"", ""data\\raw\\opentargets\\26.09\\CANCER-001_MONDO_0005061_associated_targets_page_0012.json"", ""data\\raw\\opentargets\\26.09\\CANCER-001_MONDO_0005061_associated_targets_page_0013.json"", ""data\\raw\\opentargets\\26.09\\CANCER-001_MONDO_0005061_associated_targets_page_0014.json"", ""data\\raw\\opentargets\\26.09\\CANCER-001_MONDO_0005061_associated_targets_page_0015.json"", ""data\\raw\\opentargets\\26.09\\CANCER-001_MONDO_0005061_associated_targets_page_0016.json"", ""data\\raw\\opentargets\\26.09\\CANCER-001_MONDO_0005061_associated_targets_page_0017.json"", ""data\\raw\\opentargets\\26.09\\CANCER-001_MONDO_0005061_associated_targets_page_0018.json"", ""data\\raw\\opentargets\\26.09\\CANCER-001_MONDO_0005061_associated_targets_page_0019.json"", ""data\\raw\\opentargets\\26.09\\CANCER-001_MONDO_0005061_associated_targets_page_0020.json"", ""data\\raw\\opentargets\\26.09\\CANCER-001_MONDO_0005061_associated_targets_page_0021.json""]"	ce5f113f9d2a0a9bab75c2afa9dd99ab17e5e0a2da8c9b6e0cc1af1371bc93d5
cancer_target_pair	EVID-0015	somatic_mutation_score		Open Targets Platform	ENSG00000177885|MONDO_0005061	26.09	https://api.platform.opentargets.org/api/v4/graphql	2026-09-30T07:41:58.308760+00:00	Aggregated evidence	opentargets-v0.2.2	"[""data\\raw\\opentargets\\26.09\\CANCER-001_MONDO_0005061_associated_targets_page_0000.json"", ""data\\raw\\opentargets\\26.09\\CANCER-001_MONDO_0005061_associated_targets_page_0001.json"", ""data\\raw\\opentargets\\26.09\\CANCER-001_MONDO_0005061_associated_targets_page_0002.json"", ""data\\raw\\opentargets\\26.09\\CANCER-001_MONDO_0005061_associated_targets_page_0003.json"", ""data\\raw\\opentargets\\26.09\\CANCER-001_MONDO_0005061_associated_targets_page_0004.json"", ""data\\raw\\opentargets\\26.09\\CANCER-001_MONDO_0005061_associated_targets_page_0005.json"", ""data\\raw\\opentargets\\26.09\\CANCER-001_MONDO_0005061_associated_targets_page_0006.json"", ""data\\raw\\opentargets\\26.09\\CANCER-001_MONDO_0005061_associated_targets_page_0007.json"", ""data\\raw\\opentargets\\26.09\\CANCER-001_MONDO_0005061_associated_targets_page_0008.json"", ""data\\raw\\opentargets\\26.09\\CANCER-001_MONDO_0005061_associated_targets_page_0009.json"", ""data\\raw\\opentargets\\26.09\\CANCER-001_MONDO_0005061_associated_targets_page_0010.json"", ""data\\raw\\opentargets\\26.09\\CANCER-001_MONDO_0005061_associated_targets_page_0011.json"", ""data\\raw\\opentargets\\26.09\\CANCER-001_MONDO_0005061_associated_targets_page_0012.json"", ""data\\raw\\opentargets\\26.09\\CANCER-001_MONDO_0005061_associated_targets_page_0013.json"", ""data\\raw\\opentargets\\26.09\\CANCER-001_MONDO_0005061_associated_targets_page_0014.json"", ""data\\raw\\opentargets\\26.09\\CANCER-001_MONDO_0005061_associated_targets_page_0015.json"", ""data\\raw\\opentargets\\26.09\\CANCER-001_MONDO_0005061_associated_targets_page_0016.json"", ""data\\raw\\opentargets\\26.09\\CANCER-001_MONDO_0005061_associated_targets_page_0017.json"", ""data\\raw\\opentargets\\26.09\\CANCER-001_MONDO_0005061_associated_targets_page_0018.json"", ""data\\raw\\opentargets\\26.09\\CANCER-001_MONDO_0005061_associated_targets_page_0019.json"", ""data\\raw\\opentargets\\26.09\\CANCER-001_MONDO_0005061_associated_targets_page_0020.json"", ""data\\raw\\opentargets\\26.09\\CANCER-001_MONDO_0005061_associated_targets_page_0021.json""]"	ce5f113f9d2a0a9bab75c2afa9dd99ab17e5e0a2da8c9b6e0cc1af1371bc93d5
cancer_target_pair	EVID-0015	known_drug_score		Open Targets Platform	ENSG00000177885|MONDO_0005061	26.09	https://api.platform.opentargets.org/api/v4/graphql	2026-09-30T07:41:58.308760+00:00	Aggregated evidence	opentargets-v0.2.2	"[""data\\raw\\opentargets\\26.09\\CANCER-001_MONDO_0005061_associated_targets_page_0000.json"", ""data\\raw\\opentargets\\26.09\\CANCER-001_MONDO_0005061_associated_targets_page_0001.json"", ""data\\raw\\opentargets\\26.09\\CANCER-001_MONDO_0005061_associated_targets_page_0002.json"", ""data\\raw\\opentargets\\26.09\\CANCER-001_MONDO_0005061_associated_targets_page_0003.json"", ""data\\raw\\opentargets\\26.09\\CANCER-001_MONDO_0005061_associated_targets_page_0004.json"", ""data\\raw\\opentargets\\26.09\\CANCER-001_MONDO_0005061_associated_targets_page_0005.json"", ""data\\raw\\opentargets\\26.09\\CANCER-001_MONDO_0005061_associated_targets_page_0006.json"", ""data\\raw\\opentargets\\26.09\\CANCER-001_MONDO_0005061_associated_targets_page_0007.json"", ""data\\raw\\opentargets\\26.09\\CANCER-001_MONDO_0005061_associated_targets_page_0008.json"", ""data\\raw\\opentargets\\26.09\\CANCER-001_MONDO_0005061_associated_targets_page_0009.json"", ""data\\raw\\opentargets\\26.09\\CANCER-001_MONDO_0005061_associated_targets_page_0010.json"", ""data\\raw\\opentargets\\26.09\\CANCER-001_MONDO_0005061_associated_targets_page_0011.json"", ""data\\raw\\opentargets\\26.09\\CANCER-001_MONDO_0005061_associated_targets_page_0012.json"", ""data\\raw\\opentargets\\26.09\\CANCER-001_MONDO_0005061_associated_targets_page_0013.json"", ""data\\raw\\opentargets\\26.09\\CANCER-001_MONDO_0005061_associated_targets_page_0014.json"", ""data\\raw\\opentargets\\26.09\\CANCER-001_MONDO_0005061_associated_targets_page_0015.json"", ""data\\raw\\opentargets\\26.09\\CANCER-001_MONDO_0005061_associated_targets_page_0016.json"", ""data\\raw\\opentargets\\26.09\\CANCER-001_MONDO_0005061_associated_targets_page_0017.json"", ""data\\raw\\opentargets\\26.09\\CANCER-001_MONDO_0005061_associated_targets_page_0018.json"", ""data\\raw\\opentargets\\26.09\\CANCER-001_MONDO_0005061_associated_targets_page_0019.json"", ""data\\raw\\opentargets\\26.09\\CANCER-001_MONDO_0005061_associated_targets_page_0020.json"", ""data\\raw\\opentargets\\26.09\\CANCER-001_MONDO_0005061_associated_targets_page_0021.json""]"	ce5f113f9d2a0a9bab75c2afa9dd99ab17e5e0a2da8c9b6e0cc1af1371bc93d5
cancer_target_pair	EVID-0015	literature_score	0.1740756611374859	Open Targets Platform	ENSG00000177885|MONDO_0005061	26.09	https://api.platform.opentargets.org/api/v4/graphql	2026-09-30T07:41:58.308760+00:00	Aggregated evidence	opentargets-v0.2.2	"[""data\\raw\\opentargets\\26.09\\CANCER-001_MONDO_0005061_associated_targets_page_0000.json"", ""data\\raw\\opentargets\\26.09\\CANCER-001_MONDO_0005061_associated_targets_page_0001.json"", ""data\\raw\\opentargets\\26.09\\CANCER-001_MONDO_0005061_associated_targets_page_0002.json"", ""data\\raw\\opentargets\\26.09\\CANCER-001_MONDO_0005061_associated_targets_page_0003.json"", ""data\\raw\\opentargets\\26.09\\CANCER-001_MONDO_0005061_associated_targets_page_0004.json"", ""data\\raw\\opentargets\\26.09\\CANCER-001_MONDO_0005061_associated_targets_page_0005.json"", ""data\\raw\\opentargets\\26.09\\CANCER-001_MONDO_0005061_associated_targets_page_0006.json"", ""data\\raw\\opentargets\\26.09\\CANCER-001_MONDO_0005061_associated_targets_page_0007.json"", ""data\\raw\\opentargets\\26.09\\CANCER-001_MONDO_0005061_associated_targets_page_0008.json"", ""data\\raw\\opentargets\\26.09\\CANCER-001_MONDO_0005061_associated_targets_page_0009.json"", ""data\\raw\\opentargets\\26.09\\CANCER-001_MONDO_0005061_associated_targets_page_0010.json"", ""data\\raw\\opentargets\\26.09\\CANCER-001_MONDO_0005061_associated_targets_page_0011.json"", ""data\\raw\\opentargets\\26.09\\CANCER-001_MONDO_0005061_associated_targets_page_0012.json"", ""data\\raw\\opentargets\\26.09\\CANCER-001_MONDO_0005061_associated_targets_page_0013.json"", ""data\\raw\\opentargets\\26.09\\CANCER-001_MONDO_0005061_associated_targets_page_0014.json"", ""data\\raw\\opentargets\\26.09\\CANCER-001_MONDO_0005061_associated_targets_page_0015.json"", ""data\\raw\\opentargets\\26.09\\CANCER-001_MONDO_0005061_associated_targets_page_0016.json"", ""data\\raw\\opentargets\\26.09\\CANCER-001_MONDO_0005061_associated_targets_page_0017.json"", ""data\\raw\\opentargets\\26.09\\CANCER-001_MONDO_0005061_associated_targets_page_0018.json"", ""data\\raw\\opentargets\\26.09\\CANCER-001_MONDO_0005061_associated_targets_page_0019.json"", ""data\\raw\\opentargets\\26.09\\CANCER-001_MONDO_0005061_associated_targets_page_0020.json"", ""data\\raw\\opentargets\\26.09\\CANCER-001_MONDO_0005061_associated_targets_page_0021.json""]"	ce5f113f9d2a0a9bab75c2afa9dd99ab17e5e0a2da8c9b6e0cc1af1371bc93d5
cancer_target_pair	EVID-0015	tractability_json	"[{""label"": ""Approved Drug"", ""modality"": ""SM"", ""value"": false}, {""label"": ""Advanced Clinical"", ""modality"": ""SM"", ""value"": false}, {""label"": ""Phase 1 Clinical"", ""modality"": ""SM"", ""value"": false}, {""label"": ""Structure with Ligand"", ""modality"": ""SM"", ""value"": true}, {""label"": ""High-Quality Ligand"", ""modality"": ""SM"", ""value"": true}, {""label"": ""High-Quality Pocket"", ""modality"": ""SM"", ""value"": true}, {""label"": ""Med-Quality Pocket"", ""modality"": ""SM"", ""value"": false}, {""label"": ""Druggable Family"", ""modality"": ""SM"", ""value"": false}, {""label"": ""Approved Drug"", ""modality"": ""AB"", ""value"": false}, {""label"": ""Advanced Clinical"", ""modality"": ""AB"", ""value"": false}, {""label"": ""Phase 1 Clinical"", ""modality"": ""AB"", ""value"": false}, {""label"": ""UniProt loc high conf"", ""modality"": ""AB"", ""value"": false}, {""label"": ""GO CC high conf"", ""modality"": ""AB"", ""value"": true}, {""label"": ""UniProt loc med conf"", ""modality"": ""AB"", ""value"": false}, {""label"": ""UniProt SigP or TMHMM"", ""modality"": ""AB"", ""value"": false}, {""label"": ""GO CC med conf"", ""modality"": ""AB"", ""value"": false}, {""label"": ""Human Protein Atlas loc"", ""modality"": ""AB"", ""value"": false}, {""label"": ""Approved Drug"", ""modality"": ""PR"", ""value"": false}, {""label"": ""Advanced Clinical"", ""modality"": ""PR"", ""value"": false}, {""label"": ""Phase 1 Clinical"", ""modality"": ""PR"", ""value"": false}, {""label"": ""Literature"", ""modality"": ""PR"", ""value"": false}, {""label"": ""UniProt Ubiquitination"", ""modality"": ""PR"", ""value"": true}, {""label"": ""Database Ubiquitination"", ""modality"": ""PR"", ""value"": true}, {""label"": ""Half-life Data"", ""modality"": ""PR"", ""value"": true}, {""label"": ""Small Molecule Binder"", ""modality"": ""PR"", ""value"": true}, {""label"": ""Approved Drug"", ""modality"": ""OC"", ""value"": false}, {""label"": ""Advanced Clinical"", ""modality"": ""OC"", ""value"": false}, {""label"": ""Phase 1 Clinical"", ""modality"": ""OC"", ""value"": false}]"	Open Targets Platform	ENSG00000177885|MONDO_0005061	26.09	https://api.platform.opentargets.org/api/v4/graphql	2026-09-30T07:41:58.308760+00:00	Aggregated evidence	opentargets-v0.2.2	data\raw\opentargets\26.09\target_ENSG00000177885_tractability.json	ce5f113f9d2a0a9bab75c2afa9dd99ab17e5e0a2da8c9b6e0cc1af1371bc93d5
cancer_target_pair	EVID-0016	association_score	0.3856222655074394	Open Targets Platform	ENSG00000105976|MONDO_0005061	26.09	https://api.platform.opentargets.org/api/v4/graphql	2026-09-30T07:41:58.308760+00:00	Aggregated evidence	opentargets-v0.2.2	"[""data\\raw\\opentargets\\26.09\\CANCER-001_MONDO_0005061_associated_targets_page_0000.json"", ""data\\raw\\opentargets\\26.09\\CANCER-001_MONDO_0005061_associated_targets_page_0001.json"", ""data\\raw\\opentargets\\26.09\\CANCER-001_MONDO_0005061_associated_targets_page_0002.json"", ""data\\raw\\opentargets\\26.09\\CANCER-001_MONDO_0005061_associated_targets_page_0003.json"", ""data\\raw\\opentargets\\26.09\\CANCER-001_MONDO_0005061_associated_targets_page_0004.json"", ""data\\raw\\opentargets\\26.09\\CANCER-001_MONDO_0005061_associated_targets_page_0005.json"", ""data\\raw\\opentargets\\26.09\\CANCER-001_MONDO_0005061_associated_targets_page_0006.json"", ""data\\raw\\opentargets\\26.09\\CANCER-001_MONDO_0005061_associated_targets_page_0007.json"", ""data\\raw\\opentargets\\26.09\\CANCER-001_MONDO_0005061_associated_targets_page_0008.json"", ""data\\raw\\opentargets\\26.09\\CANCER-001_MONDO_0005061_associated_targets_page_0009.json"", ""data\\raw\\opentargets\\26.09\\CANCER-001_MONDO_0005061_associated_targets_page_0010.json"", ""data\\raw\\opentargets\\26.09\\CANCER-001_MONDO_0005061_associated_targets_page_0011.json"", ""data\\raw\\opentargets\\26.09\\CANCER-001_MONDO_0005061_associated_targets_page_0012.json"", ""data\\raw\\opentargets\\26.09\\CANCER-001_MONDO_0005061_associated_targets_page_0013.json"", ""data\\raw\\opentargets\\26.09\\CANCER-001_MONDO_0005061_associated_targets_page_0014.json"", ""data\\raw\\opentargets\\26.09\\CANCER-001_MONDO_0005061_associated_targets_page_0015.json"", ""data\\raw\\opentargets\\26.09\\CANCER-001_MONDO_0005061_associated_targets_page_0016.json"", ""data\\raw\\opentargets\\26.09\\CANCER-001_MONDO_0005061_associated_targets_page_0017.json"", ""data\\raw\\opentargets\\26.09\\CANCER-001_MONDO_0005061_associated_targets_page_0018.json"", ""data\\raw\\opentargets\\26.09\\CANCER-001_MONDO_0005061_associated_targets_page_0019.json"", ""data\\raw\\opentargets\\26.09\\CANCER-001_MONDO_0005061_associated_targets_page_0020.json"", ""data\\raw\\opentargets\\26.09\\CANCER-001_MONDO_0005061_associated_targets_page_0021.json""]"	6f89d6aea5183fa70c369b5bbf8fbc36e88ccd23785949137b380ead30316e6e
cancer_target_pair	EVID-0016	genetic_association_score		Open Targets Platform	ENSG00000105976|MONDO_0005061	26.09	https://api.platform.opentargets.org/api/v4/graphql	2026-09-30T07:41:58.308760+00:00	Aggregated evidence	opentargets-v0.2.2	"[""data\\raw\\opentargets\\26.09\\CANCER-001_MONDO_0005061_associated_targets_page_0000.json"", ""data\\raw\\opentargets\\26.09\\CANCER-001_MONDO_0005061_associated_targets_page_0001.json"", ""data\\raw\\opentargets\\26.09\\CANCER-001_MONDO_0005061_associated_targets_page_0002.json"", ""data\\raw\\opentargets\\26.09\\CANCER-001_MONDO_0005061_associated_targets_page_0003.json"", ""data\\raw\\opentargets\\26.09\\CANCER-001_MONDO_0005061_associated_targets_page_0004.json"", ""data\\raw\\opentargets\\26.09\\CANCER-001_MONDO_0005061_associated_targets_page_0005.json"", ""data\\raw\\opentargets\\26.09\\CANCER-001_MONDO_0005061_associated_targets_page_0006.json"", ""data\\raw\\opentargets\\26.09\\CANCER-001_MONDO_0005061_associated_targets_page_0007.json"", ""data\\raw\\opentargets\\26.09\\CANCER-001_MONDO_0005061_associated_targets_page_0008.json"", ""data\\raw\\opentargets\\26.09\\CANCER-001_MONDO_0005061_associated_targets_page_0009.json"", ""data\\raw\\opentargets\\26.09\\CANCER-001_MONDO_0005061_associated_targets_page_0010.json"", ""data\\raw\\opentargets\\26.09\\CANCER-001_MONDO_0005061_associated_targets_page_0011.json"", ""data\\raw\\opentargets\\26.09\\CANCER-001_MONDO_0005061_associated_targets_page_0012.json"", ""data\\raw\\opentargets\\26.09\\CANCER-001_MONDO_0005061_associated_targets_page_0013.json"", ""data\\raw\\opentargets\\26.09\\CANCER-001_MONDO_0005061_associated_targets_page_0014.json"", ""data\\raw\\opentargets\\26.09\\CANCER-001_MONDO_0005061_associated_targets_page_0015.json"", ""data\\raw\\opentargets\\26.09\\CANCER-001_MONDO_0005061_associated_targets_page_0016.json"", ""data\\raw\\opentargets\\26.09\\CANCER-001_MONDO_0005061_associated_targets_page_0017.json"", ""data\\raw\\opentargets\\26.09\\CANCER-001_MONDO_0005061_associated_targets_page_0018.json"", ""data\\raw\\opentargets\\26.09\\CANCER-001_MONDO_0005061_associated_targets_page_0019.json"", ""data\\raw\\opentargets\\26.09\\CANCER-001_MONDO_0005061_associated_targets_page_0020.json"", ""data\\raw\\opentargets\\26.09\\CANCER-001_MONDO_0005061_associated_targets_page_0021.json""]"	6f89d6aea5183fa70c369b5bbf8fbc36e88ccd23785949137b380ead30316e6e
cancer_target_pair	EVID-0016	somatic_mutation_score	0.4528299701893636	Open Targets Platform	ENSG00000105976|MONDO_0005061	26.09	https://api.platform.opentargets.org/api/v4/graphql	2026-09-30T07:41:58.308760+00:00	Aggregated evidence	opentargets-v0.2.2	"[""data\\raw\\opentargets\\26.09\\CANCER-001_MONDO_0005061_associated_targets_page_0000.json"", ""data\\raw\\opentargets\\26.09\\CANCER-001_MONDO_0005061_associated_targets_page_0001.json"", ""data\\raw\\opentargets\\26.09\\CANCER-001_MONDO_0005061_associated_targets_page_0002.json"", ""data\\raw\\opentargets\\26.09\\CANCER-001_MONDO_0005061_associated_targets_page_0003.json"", ""data\\raw\\opentargets\\26.09\\CANCER-001_MONDO_0005061_associated_targets_page_0004.json"", ""data\\raw\\opentargets\\26.09\\CANCER-001_MONDO_0005061_associated_targets_page_0005.json"", ""data\\raw\\opentargets\\26.09\\CANCER-001_MONDO_0005061_associated_targets_page_0006.json"", ""data\\raw\\opentargets\\26.09\\CANCER-001_MONDO_0005061_associated_targets_page_0007.json"", ""data\\raw\\opentargets\\26.09\\CANCER-001_MONDO_0005061_associated_targets_page_0008.json"", ""data\\raw\\opentargets\\26.09\\CANCER-001_MONDO_0005061_associated_targets_page_0009.json"", ""data\\raw\\opentargets\\26.09\\CANCER-001_MONDO_0005061_associated_targets_page_0010.json"", ""data\\raw\\opentargets\\26.09\\CANCER-001_MONDO_0005061_associated_targets_page_0011.json"", ""data\\raw\\opentargets\\26.09\\CANCER-001_MONDO_0005061_associated_targets_page_0012.json"", ""data\\raw\\opentargets\\26.09\\CANCER-001_MONDO_0005061_associated_targets_page_0013.json"", ""data\\raw\\opentargets\\26.09\\CANCER-001_MONDO_0005061_associated_targets_page_0014.json"", ""data\\raw\\opentargets\\26.09\\CANCER-001_MONDO_0005061_associated_targets_page_0015.json"", ""data\\raw\\opentargets\\26.09\\CANCER-001_MONDO_0005061_associated_targets_page_0016.json"", ""data\\raw\\opentargets\\26.09\\CANCER-001_MONDO_0005061_associated_targets_page_0017.json"", ""data\\raw\\opentargets\\26.09\\CANCER-001_MONDO_0005061_associated_targets_page_0018.json"", ""data\\raw\\opentargets\\26.09\\CANCER-001_MONDO_0005061_associated_targets_page_0019.json"", ""data\\raw\\opentargets\\26.09\\CANCER-001_MONDO_0005061_associated_targets_page_0020.json"", ""data\\raw\\opentargets\\26.09\\CANCER-001_MONDO_0005061_associated_targets_page_0021.json""]"	6f89d6aea5183fa70c369b5bbf8fbc36e88ccd23785949137b380ead30316e6e
cancer_target_pair	EVID-0016	known_drug_score		Open Targets Platform	ENSG00000105976|MONDO_0005061	26.09	https://api.platform.opentargets.org/api/v4/graphql	2026-09-30T07:41:58.308760+00:00	Aggregated evidence	opentargets-v0.2.2	"[""data\\raw\\opentargets\\26.09\\CANCER-001_MONDO_0005061_associated_targets_page_0000.json"", ""data\\raw\\opentargets\\26.09\\CANCER-001_MONDO_0005061_associated_targets_page_0001.json"", ""data\\raw\\opentargets\\26.09\\CANCER-001_MONDO_0005061_associated_targets_page_0002.json"", ""data\\raw\\opentargets\\26.09\\CANCER-001_MONDO_0005061_associated_targets_page_0003.json"", ""data\\raw\\opentargets\\26.09\\CANCER-001_MONDO_0005061_associated_targets_page_0004.json"", ""data\\raw\\opentargets\\26.09\\CANCER-001_MONDO_0005061_associated_targets_page_0005.json"", ""data\\raw\\opentargets\\26.09\\CANCER-001_MONDO_0005061_associated_targets_page_0006.json"", ""data\\raw\\opentargets\\26.09\\CANCER-001_MONDO_0005061_associated_targets_page_0007.json"", ""data\\raw\\opentargets\\26.09\\CANCER-001_MONDO_0005061_associated_targets_page_0008.json"", ""data\\raw\\opentargets\\26.09\\CANCER-001_MONDO_0005061_associated_targets_page_0009.json"", ""data\\raw\\opentargets\\26.09\\CANCER-001_MONDO_0005061_associated_targets_page_0010.json"", ""data\\raw\\opentargets\\26.09\\CANCER-001_MONDO_0005061_associated_targets_page_0011.json"", ""data\\raw\\opentargets\\26.09\\CANCER-001_MONDO_0005061_associated_targets_page_0012.json"", ""data\\raw\\opentargets\\26.09\\CANCER-001_MONDO_0005061_associated_targets_page_0013.json"", ""data\\raw\\opentargets\\26.09\\CANCER-001_MONDO_0005061_associated_targets_page_0014.json"", ""data\\raw\\opentargets\\26.09\\CANCER-001_MONDO_0005061_associated_targets_page_0015.json"", ""data\\raw\\opentargets\\26.09\\CANCER-001_MONDO_0005061_associated_targets_page_0016.json"", ""data\\raw\\opentargets\\26.09\\CANCER-001_MONDO_0005061_associated_targets_page_0017.json"", ""data\\raw\\opentargets\\26.09\\CANCER-001_MONDO_0005061_associated_targets_page_0018.json"", ""data\\raw\\opentargets\\26.09\\CANCER-001_MONDO_0005061_associated_targets_page_0019.json"", ""data\\raw\\opentargets\\26.09\\CANCER-001_MONDO_0005061_associated_targets_page_0020.json"", ""data\\raw\\opentargets\\26.09\\CANCER-001_MONDO_0005061_associated_targets_page_0021.json""]"	6f89d6aea5183fa70c369b5bbf8fbc36e88ccd23785949137b380ead30316e6e
cancer_target_pair	EVID-0016	literature_score	0.9268774120614676	Open Targets Platform	ENSG00000105976|MONDO_0005061	26.09	https://api.platform.opentargets.org/api/v4/graphql	2026-09-30T07:41:58.308760+00:00	Aggregated evidence	opentargets-v0.2.2	"[""data\\raw\\opentargets\\26.09\\CANCER-001_MONDO_0005061_associated_targets_page_0000.json"", ""data\\raw\\opentargets\\26.09\\CANCER-001_MONDO_0005061_associated_targets_page_0001.json"", ""data\\raw\\opentargets\\26.09\\CANCER-001_MONDO_0005061_associated_targets_page_0002.json"", ""data\\raw\\opentargets\\26.09\\CANCER-001_MONDO_0005061_associated_targets_page_0003.json"", ""data\\raw\\opentargets\\26.09\\CANCER-001_MONDO_0005061_associated_targets_page_0004.json"", ""data\\raw\\opentargets\\26.09\\CANCER-001_MONDO_0005061_associated_targets_page_0005.json"", ""data\\raw\\opentargets\\26.09\\CANCER-001_MONDO_0005061_associated_targets_page_0006.json"", ""data\\raw\\opentargets\\26.09\\CANCER-001_MONDO_0005061_associated_targets_page_0007.json"", ""data\\raw\\opentargets\\26.09\\CANCER-001_MONDO_0005061_associated_targets_page_0008.json"", ""data\\raw\\opentargets\\26.09\\CANCER-001_MONDO_0005061_associated_targets_page_0009.json"", ""data\\raw\\opentargets\\26.09\\CANCER-001_MONDO_0005061_associated_targets_page_0010.json"", ""data\\raw\\opentargets\\26.09\\CANCER-001_MONDO_0005061_associated_targets_page_0011.json"", ""data\\raw\\opentargets\\26.09\\CANCER-001_MONDO_0005061_associated_targets_page_0012.json"", ""data\\raw\\opentargets\\26.09\\CANCER-001_MONDO_0005061_associated_targets_page_0013.json"", ""data\\raw\\opentargets\\26.09\\CANCER-001_MONDO_0005061_associated_targets_page_0014.json"", ""data\\raw\\opentargets\\26.09\\CANCER-001_MONDO_0005061_associated_targets_page_0015.json"", ""data\\raw\\opentargets\\26.09\\CANCER-001_MONDO_0005061_associated_targets_page_0016.json"", ""data\\raw\\opentargets\\26.09\\CANCER-001_MONDO_0005061_associated_targets_page_0017.json"", ""data\\raw\\opentargets\\26.09\\CANCER-001_MONDO_0005061_associated_targets_page_0018.json"", ""data\\raw\\opentargets\\26.09\\CANCER-001_MONDO_0005061_associated_targets_page_0019.json"", ""data\\raw\\opentargets\\26.09\\CANCER-001_MONDO_0005061_associated_targets_page_0020.json"", ""data\\raw\\opentargets\\26.09\\CANCER-001_MONDO_0005061_associated_targets_page_0021.json""]"	6f89d6aea5183fa70c369b5bbf8fbc36e88ccd23785949137b380ead30316e6e
cancer_target_pair	EVID-0016	tractability_json	"[{""label"": ""Approved Drug"", ""modality"": ""SM"", ""value"": true}, {""label"": ""Advanced Clinical"", ""modality"": ""SM"", ""value"": false}, {""label"": ""Phase 1 Clinical"", ""modality"": ""SM"", ""value"": false}, {""label"": ""Structure with Ligand"", ""modality"": ""SM"", ""value"": true}, {""label"": ""High-Quality Ligand"", ""modality"": ""SM"", ""value"": true}, {""label"": ""High-Quality Pocket"", ""modality"": ""SM"", ""value"": true}, {""label"": ""Med-Quality Pocket"", ""modality"": ""SM"", ""value"": false}, {""label"": ""Druggable Family"", ""modality"": ""SM"", ""value"": true}, {""label"": ""Approved Drug"", ""modality"": ""AB"", ""value"": true}, {""label"": ""Advanced Clinical"", ""modality"": ""AB"", ""value"": false}, {""label"": ""Phase 1 Clinical"", ""modality"": ""AB"", ""value"": false}, {""label"": ""UniProt loc high conf"", ""modality"": ""AB"", ""value"": false}, {""label"": ""GO CC high conf"", ""modality"": ""AB"", ""value"": true}, {""label"": ""UniProt loc med conf"", ""modality"": ""AB"", ""value"": true}, {""label"": ""UniProt SigP or TMHMM"", ""modality"": ""AB"", ""value"": true}, {""label"": ""GO CC med conf"", ""modality"": ""AB"", ""value"": false}, {""label"": ""Human Protein Atlas loc"", ""modality"": ""AB"", ""value"": true}, {""label"": ""Approved Drug"", ""modality"": ""PR"", ""value"": false}, {""label"": ""Advanced Clinical"", ""modality"": ""PR"", ""value"": false}, {""label"": ""Phase 1 Clinical"", ""modality"": ""PR"", ""value"": false}, {""label"": ""Literature"", ""modality"": ""PR"", ""value"": true}, {""label"": ""UniProt Ubiquitination"", ""modality"": ""PR"", ""value"": true}, {""label"": ""Database Ubiquitination"", ""modality"": ""PR"", ""value"": true}, {""label"": ""Half-life Data"", ""modality"": ""PR"", ""value"": true}, {""label"": ""Small Molecule Binder"", ""modality"": ""PR"", ""value"": true}, {""label"": ""Approved Drug"", ""modality"": ""OC"", ""value"": false}, {""label"": ""Advanced Clinical"", ""modality"": ""OC"", ""value"": true}, {""label"": ""Phase 1 Clinical"", ""modality"": ""OC"", ""value"": false}]"	Open Targets Platform	ENSG00000105976|MONDO_0005061	26.09	https://api.platform.opentargets.org/api/v4/graphql	2026-09-30T07:41:58.308760+00:00	Aggregated evidence	opentargets-v0.2.2	data\raw\opentargets\26.09\target_ENSG00000105976_tractability.json	6f89d6aea5183fa70c369b5bbf8fbc36e88ccd23785949137b380ead30316e6e
cancer_target_pair	EVID-0017	association_score	0.6889006083351639	Open Targets Platform	ENSG00000157764|MONDO_0005061	26.09	https://api.platform.opentargets.org/api/v4/graphql	2026-09-30T07:41:58.308760+00:00	Aggregated evidence	opentargets-v0.2.2	"[""data\\raw\\opentargets\\26.09\\CANCER-001_MONDO_0005061_associated_targets_page_0000.json"", ""data\\raw\\opentargets\\26.09\\CANCER-001_MONDO_0005061_associated_targets_page_0001.json"", ""data\\raw\\opentargets\\26.09\\CANCER-001_MONDO_0005061_associated_targets_page_0002.json"", ""data\\raw\\opentargets\\26.09\\CANCER-001_MONDO_0005061_associated_targets_page_0003.json"", ""data\\raw\\opentargets\\26.09\\CANCER-001_MONDO_0005061_associated_targets_page_0004.json"", ""data\\raw\\opentargets\\26.09\\CANCER-001_MONDO_0005061_associated_targets_page_0005.json"", ""data\\raw\\opentargets\\26.09\\CANCER-001_MONDO_0005061_associated_targets_page_0006.json"", ""data\\raw\\opentargets\\26.09\\CANCER-001_MONDO_0005061_associated_targets_page_0007.json"", ""data\\raw\\opentargets\\26.09\\CANCER-001_MONDO_0005061_associated_targets_page_0008.json"", ""data\\raw\\opentargets\\26.09\\CANCER-001_MONDO_0005061_associated_targets_page_0009.json"", ""data\\raw\\opentargets\\26.09\\CANCER-001_MONDO_0005061_associated_targets_page_0010.json"", ""data\\raw\\opentargets\\26.09\\CANCER-001_MONDO_0005061_associated_targets_page_0011.json"", ""data\\raw\\opentargets\\26.09\\CANCER-001_MONDO_0005061_associated_targets_page_0012.json"", ""data\\raw\\opentargets\\26.09\\CANCER-001_MONDO_0005061_associated_targets_page_0013.json"", ""data\\raw\\opentargets\\26.09\\CANCER-001_MONDO_0005061_associated_targets_page_0014.json"", ""data\\raw\\opentargets\\26.09\\CANCER-001_MONDO_0005061_associated_targets_page_0015.json"", ""data\\raw\\opentargets\\26.09\\CANCER-001_MONDO_0005061_associated_targets_page_0016.json"", ""data\\raw\\opentargets\\26.09\\CANCER-001_MONDO_0005061_associated_targets_page_0017.json"", ""data\\raw\\opentargets\\26.09\\CANCER-001_MONDO_0005061_associated_targets_page_0018.json"", ""data\\raw\\opentargets\\26.09\\CANCER-001_MONDO_0005061_associated_targets_page_0019.json"", ""data\\raw\\opentargets\\26.09\\CANCER-001_MONDO_0005061_associated_targets_page_0020.json"", ""data\\raw\\opentargets\\26.09\\CANCER-001_MONDO_0005061_associated_targets_page_0021.json""]"	7cb40d00836aa2ce36e5aa4df10fd11e515c5d97a6f4dc88e085aa66511ef110
cancer_target_pair	EVID-0017	genetic_association_score		Open Targets Platform	ENSG00000157764|MONDO_0005061	26.09	https://api.platform.opentargets.org/api/v4/graphql	2026-09-30T07:41:58.308760+00:00	Aggregated evidence	opentargets-v0.2.2	"[""data\\raw\\opentargets\\26.09\\CANCER-001_MONDO_0005061_associated_targets_page_0000.json"", ""data\\raw\\opentargets\\26.09\\CANCER-001_MONDO_0005061_associated_targets_page_0001.json"", ""data\\raw\\opentargets\\26.09\\CANCER-001_MONDO_0005061_associated_targets_page_0002.json"", ""data\\raw\\opentargets\\26.09\\CANCER-001_MONDO_0005061_associated_targets_page_0003.json"", ""data\\raw\\opentargets\\26.09\\CANCER-001_MONDO_0005061_associated_targets_page_0004.json"", ""data\\raw\\opentargets\\26.09\\CANCER-001_MONDO_0005061_associated_targets_page_0005.json"", ""data\\raw\\opentargets\\26.09\\CANCER-001_MONDO_0005061_associated_targets_page_0006.json"", ""data\\raw\\opentargets\\26.09\\CANCER-001_MONDO_0005061_associated_targets_page_0007.json"", ""data\\raw\\opentargets\\26.09\\CANCER-001_MONDO_0005061_associated_targets_page_0008.json"", ""data\\raw\\opentargets\\26.09\\CANCER-001_MONDO_0005061_associated_targets_page_0009.json"", ""data\\raw\\opentargets\\26.09\\CANCER-001_MONDO_0005061_associated_targets_page_0010.json"", ""data\\raw\\opentargets\\26.09\\CANCER-001_MONDO_0005061_associated_targets_page_0011.json"", ""data\\raw\\opentargets\\26.09\\CANCER-001_MONDO_0005061_associated_targets_page_0012.json"", ""data\\raw\\opentargets\\26.09\\CANCER-001_MONDO_0005061_associated_targets_page_0013.json"", ""data\\raw\\opentargets\\26.09\\CANCER-001_MONDO_0005061_associated_targets_page_0014.json"", ""data\\raw\\opentargets\\26.09\\CANCER-001_MONDO_0005061_associated_targets_page_0015.json"", ""data\\raw\\opentargets\\26.09\\CANCER-001_MONDO_0005061_associated_targets_page_0016.json"", ""data\\raw\\opentargets\\26.09\\CANCER-001_MONDO_0005061_associated_targets_page_0017.json"", ""data\\raw\\opentargets\\26.09\\CANCER-001_MONDO_0005061_associated_targets_page_0018.json"", ""data\\raw\\opentargets\\26.09\\CANCER-001_MONDO_0005061_associated_targets_page_0019.json"", ""data\\raw\\opentargets\\26.09\\CANCER-001_MONDO_0005061_associated_targets_page_0020.json"", ""data\\raw\\opentargets\\26.09\\CANCER-001_MONDO_0005061_associated_targets_page_0021.json""]"	7cb40d00836aa2ce36e5aa4df10fd11e515c5d97a6f4dc88e085aa66511ef110
cancer_target_pair	EVID-0017	somatic_mutation_score	0.802949333833564	Open Targets Platform	ENSG00000157764|MONDO_0005061	26.09	https://api.platform.opentargets.org/api/v4/graphql	2026-09-30T07:41:58.308760+00:00	Aggregated evidence	opentargets-v0.2.2	"[""data\\raw\\opentargets\\26.09\\CANCER-001_MONDO_0005061_associated_targets_page_0000.json"", ""data\\raw\\opentargets\\26.09\\CANCER-001_MONDO_0005061_associated_targets_page_0001.json"", ""data\\raw\\opentargets\\26.09\\CANCER-001_MONDO_0005061_associated_targets_page_0002.json"", ""data\\raw\\opentargets\\26.09\\CANCER-001_MONDO_0005061_associated_targets_page_0003.json"", ""data\\raw\\opentargets\\26.09\\CANCER-001_MONDO_0005061_associated_targets_page_0004.json"", ""data\\raw\\opentargets\\26.09\\CANCER-001_MONDO_0005061_associated_targets_page_0005.json"", ""data\\raw\\opentargets\\26.09\\CANCER-001_MONDO_0005061_associated_targets_page_0006.json"", ""data\\raw\\opentargets\\26.09\\CANCER-001_MONDO_0005061_associated_targets_page_0007.json"", ""data\\raw\\opentargets\\26.09\\CANCER-001_MONDO_0005061_associated_targets_page_0008.json"", ""data\\raw\\opentargets\\26.09\\CANCER-001_MONDO_0005061_associated_targets_page_0009.json"", ""data\\raw\\opentargets\\26.09\\CANCER-001_MONDO_0005061_associated_targets_page_0010.json"", ""data\\raw\\opentargets\\26.09\\CANCER-001_MONDO_0005061_associated_targets_page_0011.json"", ""data\\raw\\opentargets\\26.09\\CANCER-001_MONDO_0005061_associated_targets_page_0012.json"", ""data\\raw\\opentargets\\26.09\\CANCER-001_MONDO_0005061_associated_targets_page_0013.json"", ""data\\raw\\opentargets\\26.09\\CANCER-001_MONDO_0005061_associated_targets_page_0014.json"", ""data\\raw\\opentargets\\26.09\\CANCER-001_MONDO_0005061_associated_targets_page_0015.json"", ""data\\raw\\opentargets\\26.09\\CANCER-001_MONDO_0005061_associated_targets_page_0016.json"", ""data\\raw\\opentargets\\26.09\\CANCER-001_MONDO_0005061_associated_targets_page_0017.json"", ""data\\raw\\opentargets\\26.09\\CANCER-001_MONDO_0005061_associated_targets_page_0018.json"", ""data\\raw\\opentargets\\26.09\\CANCER-001_MONDO_0005061_associated_targets_page_0019.json"", ""data\\raw\\opentargets\\26.09\\CANCER-001_MONDO_0005061_associated_targets_page_0020.json"", ""data\\raw\\opentargets\\26.09\\CANCER-001_MONDO_0005061_associated_targets_page_0021.json""]"	7cb40d00836aa2ce36e5aa4df10fd11e515c5d97a6f4dc88e085aa66511ef110
cancer_target_pair	EVID-0017	known_drug_score		Open Targets Platform	ENSG00000157764|MONDO_0005061	26.09	https://api.platform.opentargets.org/api/v4/graphql	2026-09-30T07:41:58.308760+00:00	Aggregated evidence	opentargets-v0.2.2	"[""data\\raw\\opentargets\\26.09\\CANCER-001_MONDO_0005061_associated_targets_page_0000.json"", ""data\\raw\\opentargets\\26.09\\CANCER-001_MONDO_0005061_associated_targets_page_0001.json"", ""data\\raw\\opentargets\\26.09\\CANCER-001_MONDO_0005061_associated_targets_page_0002.json"", ""data\\raw\\opentargets\\26.09\\CANCER-001_MONDO_0005061_associated_targets_page_0003.json"", ""data\\raw\\opentargets\\26.09\\CANCER-001_MONDO_0005061_associated_targets_page_0004.json"", ""data\\raw\\opentargets\\26.09\\CANCER-001_MONDO_0005061_associated_targets_page_0005.json"", ""data\\raw\\opentargets\\26.09\\CANCER-001_MONDO_0005061_associated_targets_page_0006.json"", ""data\\raw\\opentargets\\26.09\\CANCER-001_MONDO_0005061_associated_targets_page_0007.json"", ""data\\raw\\opentargets\\26.09\\CANCER-001_MONDO_0005061_associated_targets_page_0008.json"", ""data\\raw\\opentargets\\26.09\\CANCER-001_MONDO_0005061_associated_targets_page_0009.json"", ""data\\raw\\opentargets\\26.09\\CANCER-001_MONDO_0005061_associated_targets_page_0010.json"", ""data\\raw\\opentargets\\26.09\\CANCER-001_MONDO_0005061_associated_targets_page_0011.json"", ""data\\raw\\opentargets\\26.09\\CANCER-001_MONDO_0005061_associated_targets_page_0012.json"", ""data\\raw\\opentargets\\26.09\\CANCER-001_MONDO_0005061_associated_targets_page_0013.json"", ""data\\raw\\opentargets\\26.09\\CANCER-001_MONDO_0005061_associated_targets_page_0014.json"", ""data\\raw\\opentargets\\26.09\\CANCER-001_MONDO_0005061_associated_targets_page_0015.json"", ""data\\raw\\opentargets\\26.09\\CANCER-001_MONDO_0005061_associated_targets_page_0016.json"", ""data\\raw\\opentargets\\26.09\\CANCER-001_MONDO_0005061_associated_targets_page_0017.json"", ""data\\raw\\opentargets\\26.09\\CANCER-001_MONDO_0005061_associated_targets_page_0018.json"", ""data\\raw\\opentargets\\26.09\\CANCER-001_MONDO_0005061_associated_targets_page_0019.json"", ""data\\raw\\opentargets\\26.09\\CANCER-001_MONDO_0005061_associated_targets_page_0020.json"", ""data\\raw\\opentargets\\26.09\\CANCER-001_MONDO_0005061_associated_targets_page_0021.json""]"	7cb40d00836aa2ce36e5aa4df10fd11e515c5d97a6f4dc88e085aa66511ef110
cancer_target_pair	EVID-0017	literature_score	0.7243862678093105	Open Targets Platform	ENSG00000157764|MONDO_0005061	26.09	https://api.platform.opentargets.org/api/v4/graphql	2026-09-30T07:41:58.308760+00:00	Aggregated evidence	opentargets-v0.2.2	"[""data\\raw\\opentargets\\26.09\\CANCER-001_MONDO_0005061_associated_targets_page_0000.json"", ""data\\raw\\opentargets\\26.09\\CANCER-001_MONDO_0005061_associated_targets_page_0001.json"", ""data\\raw\\opentargets\\26.09\\CANCER-001_MONDO_0005061_associated_targets_page_0002.json"", ""data\\raw\\opentargets\\26.09\\CANCER-001_MONDO_0005061_associated_targets_page_0003.json"", ""data\\raw\\opentargets\\26.09\\CANCER-001_MONDO_0005061_associated_targets_page_0004.json"", ""data\\raw\\opentargets\\26.09\\CANCER-001_MONDO_0005061_associated_targets_page_0005.json"", ""data\\raw\\opentargets\\26.09\\CANCER-001_MONDO_0005061_associated_targets_page_0006.json"", ""data\\raw\\opentargets\\26.09\\CANCER-001_MONDO_0005061_associated_targets_page_0007.json"", ""data\\raw\\opentargets\\26.09\\CANCER-001_MONDO_0005061_associated_targets_page_0008.json"", ""data\\raw\\opentargets\\26.09\\CANCER-001_MONDO_0005061_associated_targets_page_0009.json"", ""data\\raw\\opentargets\\26.09\\CANCER-001_MONDO_0005061_associated_targets_page_0010.json"", ""data\\raw\\opentargets\\26.09\\CANCER-001_MONDO_0005061_associated_targets_page_0011.json"", ""data\\raw\\opentargets\\26.09\\CANCER-001_MONDO_0005061_associated_targets_page_0012.json"", ""data\\raw\\opentargets\\26.09\\CANCER-001_MONDO_0005061_associated_targets_page_0013.json"", ""data\\raw\\opentargets\\26.09\\CANCER-001_MONDO_0005061_associated_targets_page_0014.json"", ""data\\raw\\opentargets\\26.09\\CANCER-001_MONDO_0005061_associated_targets_page_0015.json"", ""data\\raw\\opentargets\\26.09\\CANCER-001_MONDO_0005061_associated_targets_page_0016.json"", ""data\\raw\\opentargets\\26.09\\CANCER-001_MONDO_0005061_associated_targets_page_0017.json"", ""data\\raw\\opentargets\\26.09\\CANCER-001_MONDO_0005061_associated_targets_page_0018.json"", ""data\\raw\\opentargets\\26.09\\CANCER-001_MONDO_0005061_associated_targets_page_0019.json"", ""data\\raw\\opentargets\\26.09\\CANCER-001_MONDO_0005061_associated_targets_page_0020.json"", ""data\\raw\\opentargets\\26.09\\CANCER-001_MONDO_0005061_associated_targets_page_0021.json""]"	7cb40d00836aa2ce36e5aa4df10fd11e515c5d97a6f4dc88e085aa66511ef110
cancer_target_pair	EVID-0017	tractability_json	"[{""label"": ""Approved Drug"", ""modality"": ""SM"", ""value"": true}, {""label"": ""Advanced Clinical"", ""modality"": ""SM"", ""value"": false}, {""label"": ""Phase 1 Clinical"", ""modality"": ""SM"", ""value"": false}, {""label"": ""Structure with Ligand"", ""modality"": ""SM"", ""value"": true}, {""label"": ""High-Quality Ligand"", ""modality"": ""SM"", ""value"": true}, {""label"": ""High-Quality Pocket"", ""modality"": ""SM"", ""value"": true}, {""label"": ""Med-Quality Pocket"", ""modality"": ""SM"", ""value"": false}, {""label"": ""Druggable Family"", ""modality"": ""SM"", ""value"": true}, {""label"": ""Approved Drug"", ""modality"": ""AB"", ""value"": false}, {""label"": ""Advanced Clinical"", ""modality"": ""AB"", ""value"": false}, {""label"": ""Phase 1 Clinical"", ""modality"": ""AB"", ""value"": false}, {""label"": ""UniProt loc high conf"", ""modality"": ""AB"", ""value"": true}, {""label"": ""GO CC high conf"", ""modality"": ""AB"", ""value"": true}, {""label"": ""UniProt loc med conf"", ""modality"": ""AB"", ""value"": false}, {""label"": ""UniProt SigP or TMHMM"", ""modality"": ""AB"", ""value"": false}, {""label"": ""GO CC med conf"", ""modality"": ""AB"", ""value"": false}, {""label"": ""Human Protein Atlas loc"", ""modality"": ""AB"", ""value"": true}, {""label"": ""Approved Drug"", ""modality"": ""PR"", ""value"": false}, {""label"": ""Advanced Clinical"", ""modality"": ""PR"", ""value"": false}, {""label"": ""Phase 1 Clinical"", ""modality"": ""PR"", ""value"": false}, {""label"": ""Literature"", ""modality"": ""PR"", ""value"": true}, {""label"": ""UniProt Ubiquitination"", ""modality"": ""PR"", ""value"": true}, {""label"": ""Database Ubiquitination"", ""modality"": ""PR"", ""value"": true}, {""label"": ""Half-life Data"", ""modality"": ""PR"", ""value"": true}, {""label"": ""Small Molecule Binder"", ""modality"": ""PR"", ""value"": true}, {""label"": ""Approved Drug"", ""modality"": ""OC"", ""value"": false}, {""label"": ""Advanced Clinical"", ""modality"": ""OC"", ""value"": false}, {""label"": ""Phase 1 Clinical"", ""modality"": ""OC"", ""value"": false}]"	Open Targets Platform	ENSG00000157764|MONDO_0005061	26.09	https://api.platform.opentargets.org/api/v4/graphql	2026-09-30T07:41:58.308760+00:00	Aggregated evidence	opentargets-v0.2.2	data\raw\opentargets\26.09\target_ENSG00000157764_tractability.json	7cb40d00836aa2ce36e5aa4df10fd11e515c5d97a6f4dc88e085aa66511ef110
cancer_target_pair	EVID-0018	association_score	0.32508408872104055	Open Targets Platform	ENSG00000169032|MONDO_0005061	26.09	https://api.platform.opentargets.org/api/v4/graphql	2026-09-30T07:41:58.308760+00:00	Aggregated evidence	opentargets-v0.2.2	"[""data\\raw\\opentargets\\26.09\\CANCER-001_MONDO_0005061_associated_targets_page_0000.json"", ""data\\raw\\opentargets\\26.09\\CANCER-001_MONDO_0005061_associated_targets_page_0001.json"", ""data\\raw\\opentargets\\26.09\\CANCER-001_MONDO_0005061_associated_targets_page_0002.json"", ""data\\raw\\opentargets\\26.09\\CANCER-001_MONDO_0005061_associated_targets_page_0003.json"", ""data\\raw\\opentargets\\26.09\\CANCER-001_MONDO_0005061_associated_targets_page_0004.json"", ""data\\raw\\opentargets\\26.09\\CANCER-001_MONDO_0005061_associated_targets_page_0005.json"", ""data\\raw\\opentargets\\26.09\\CANCER-001_MONDO_0005061_associated_targets_page_0006.json"", ""data\\raw\\opentargets\\26.09\\CANCER-001_MONDO_0005061_associated_targets_page_0007.json"", ""data\\raw\\opentargets\\26.09\\CANCER-001_MONDO_0005061_associated_targets_page_0008.json"", ""data\\raw\\opentargets\\26.09\\CANCER-001_MONDO_0005061_associated_targets_page_0009.json"", ""data\\raw\\opentargets\\26.09\\CANCER-001_MONDO_0005061_associated_targets_page_0010.json"", ""data\\raw\\opentargets\\26.09\\CANCER-001_MONDO_0005061_associated_targets_page_0011.json"", ""data\\raw\\opentargets\\26.09\\CANCER-001_MONDO_0005061_associated_targets_page_0012.json"", ""data\\raw\\opentargets\\26.09\\CANCER-001_MONDO_0005061_associated_targets_page_0013.json"", ""data\\raw\\opentargets\\26.09\\CANCER-001_MONDO_0005061_associated_targets_page_0014.json"", ""data\\raw\\opentargets\\26.09\\CANCER-001_MONDO_0005061_associated_targets_page_0015.json"", ""data\\raw\\opentargets\\26.09\\CANCER-001_MONDO_0005061_associated_targets_page_0016.json"", ""data\\raw\\opentargets\\26.09\\CANCER-001_MONDO_0005061_associated_targets_page_0017.json"", ""data\\raw\\opentargets\\26.09\\CANCER-001_MONDO_0005061_associated_targets_page_0018.json"", ""data\\raw\\opentargets\\26.09\\CANCER-001_MONDO_0005061_associated_targets_page_0019.json"", ""data\\raw\\opentargets\\26.09\\CANCER-001_MONDO_0005061_associated_targets_page_0020.json"", ""data\\raw\\opentargets\\26.09\\CANCER-001_MONDO_0005061_associated_targets_page_0021.json""]"	90c76380ac76b6e40974d1ea994292e1cb53860bdaa38be6b82687c44dacc85f
cancer_target_pair	EVID-0018	genetic_association_score		Open Targets Platform	ENSG00000169032|MONDO_0005061	26.09	https://api.platform.opentargets.org/api/v4/graphql	2026-09-30T07:41:58.308760+00:00	Aggregated evidence	opentargets-v0.2.2	"[""data\\raw\\opentargets\\26.09\\CANCER-001_MONDO_0005061_associated_targets_page_0000.json"", ""data\\raw\\opentargets\\26.09\\CANCER-001_MONDO_0005061_associated_targets_page_0001.json"", ""data\\raw\\opentargets\\26.09\\CANCER-001_MONDO_0005061_associated_targets_page_0002.json"", ""data\\raw\\opentargets\\26.09\\CANCER-001_MONDO_0005061_associated_targets_page_0003.json"", ""data\\raw\\opentargets\\26.09\\CANCER-001_MONDO_0005061_associated_targets_page_0004.json"", ""data\\raw\\opentargets\\26.09\\CANCER-001_MONDO_0005061_associated_targets_page_0005.json"", ""data\\raw\\opentargets\\26.09\\CANCER-001_MONDO_0005061_associated_targets_page_0006.json"", ""data\\raw\\opentargets\\26.09\\CANCER-001_MONDO_0005061_associated_targets_page_0007.json"", ""data\\raw\\opentargets\\26.09\\CANCER-001_MONDO_0005061_associated_targets_page_0008.json"", ""data\\raw\\opentargets\\26.09\\CANCER-001_MONDO_0005061_associated_targets_page_0009.json"", ""data\\raw\\opentargets\\26.09\\CANCER-001_MONDO_0005061_associated_targets_page_0010.json"", ""data\\raw\\opentargets\\26.09\\CANCER-001_MONDO_0005061_associated_targets_page_0011.json"", ""data\\raw\\opentargets\\26.09\\CANCER-001_MONDO_0005061_associated_targets_page_0012.json"", ""data\\raw\\opentargets\\26.09\\CANCER-001_MONDO_0005061_associated_targets_page_0013.json"", ""data\\raw\\opentargets\\26.09\\CANCER-001_MONDO_0005061_associated_targets_page_0014.json"", ""data\\raw\\opentargets\\26.09\\CANCER-001_MONDO_0005061_associated_targets_page_0015.json"", ""data\\raw\\opentargets\\26.09\\CANCER-001_MONDO_0005061_associated_targets_page_0016.json"", ""data\\raw\\opentargets\\26.09\\CANCER-001_MONDO_0005061_associated_targets_page_0017.json"", ""data\\raw\\opentargets\\26.09\\CANCER-001_MONDO_0005061_associated_targets_page_0018.json"", ""data\\raw\\opentargets\\26.09\\CANCER-001_MONDO_0005061_associated_targets_page_0019.json"", ""data\\raw\\opentargets\\26.09\\CANCER-001_MONDO_0005061_associated_targets_page_0020.json"", ""data\\raw\\opentargets\\26.09\\CANCER-001_MONDO_0005061_associated_targets_page_0021.json""]"	90c76380ac76b6e40974d1ea994292e1cb53860bdaa38be6b82687c44dacc85f
cancer_target_pair	EVID-0018	somatic_mutation_score	0.41069346254478073	Open Targets Platform	ENSG00000169032|MONDO_0005061	26.09	https://api.platform.opentargets.org/api/v4/graphql	2026-09-30T07:41:58.308760+00:00	Aggregated evidence	opentargets-v0.2.2	"[""data\\raw\\opentargets\\26.09\\CANCER-001_MONDO_0005061_associated_targets_page_0000.json"", ""data\\raw\\opentargets\\26.09\\CANCER-001_MONDO_0005061_associated_targets_page_0001.json"", ""data\\raw\\opentargets\\26.09\\CANCER-001_MONDO_0005061_associated_targets_page_0002.json"", ""data\\raw\\opentargets\\26.09\\CANCER-001_MONDO_0005061_associated_targets_page_0003.json"", ""data\\raw\\opentargets\\26.09\\CANCER-001_MONDO_0005061_associated_targets_page_0004.json"", ""data\\raw\\opentargets\\26.09\\CANCER-001_MONDO_0005061_associated_targets_page_0005.json"", ""data\\raw\\opentargets\\26.09\\CANCER-001_MONDO_0005061_associated_targets_page_0006.json"", ""data\\raw\\opentargets\\26.09\\CANCER-001_MONDO_0005061_associated_targets_page_0007.json"", ""data\\raw\\opentargets\\26.09\\CANCER-001_MONDO_0005061_associated_targets_page_0008.json"", ""data\\raw\\opentargets\\26.09\\CANCER-001_MONDO_0005061_associated_targets_page_0009.json"", ""data\\raw\\opentargets\\26.09\\CANCER-001_MONDO_0005061_associated_targets_page_0010.json"", ""data\\raw\\opentargets\\26.09\\CANCER-001_MONDO_0005061_associated_targets_page_0011.json"", ""data\\raw\\opentargets\\26.09\\CANCER-001_MONDO_0005061_associated_targets_page_0012.json"", ""data\\raw\\opentargets\\26.09\\CANCER-001_MONDO_0005061_associated_targets_page_0013.json"", ""data\\raw\\opentargets\\26.09\\CANCER-001_MONDO_0005061_associated_targets_page_0014.json"", ""data\\raw\\opentargets\\26.09\\CANCER-001_MONDO_0005061_associated_targets_page_0015.json"", ""data\\raw\\opentargets\\26.09\\CANCER-001_MONDO_0005061_associated_targets_page_0016.json"", ""data\\raw\\opentargets\\26.09\\CANCER-001_MONDO_0005061_associated_targets_page_0017.json"", ""data\\raw\\opentargets\\26.09\\CANCER-001_MONDO_0005061_associated_targets_page_0018.json"", ""data\\raw\\opentargets\\26.09\\CANCER-001_MONDO_0005061_associated_targets_page_0019.json"", ""data\\raw\\opentargets\\26.09\\CANCER-001_MONDO_0005061_associated_targets_page_0020.json"", ""data\\raw\\opentargets\\26.09\\CANCER-001_MONDO_0005061_associated_targets_page_0021.json""]"	90c76380ac76b6e40974d1ea994292e1cb53860bdaa38be6b82687c44dacc85f
cancer_target_pair	EVID-0018	known_drug_score		Open Targets Platform	ENSG00000169032|MONDO_0005061	26.09	https://api.platform.opentargets.org/api/v4/graphql	2026-09-30T07:41:58.308760+00:00	Aggregated evidence	opentargets-v0.2.2	"[""data\\raw\\opentargets\\26.09\\CANCER-001_MONDO_0005061_associated_targets_page_0000.json"", ""data\\raw\\opentargets\\26.09\\CANCER-001_MONDO_0005061_associated_targets_page_0001.json"", ""data\\raw\\opentargets\\26.09\\CANCER-001_MONDO_0005061_associated_targets_page_0002.json"", ""data\\raw\\opentargets\\26.09\\CANCER-001_MONDO_0005061_associated_targets_page_0003.json"", ""data\\raw\\opentargets\\26.09\\CANCER-001_MONDO_0005061_associated_targets_page_0004.json"", ""data\\raw\\opentargets\\26.09\\CANCER-001_MONDO_0005061_associated_targets_page_0005.json"", ""data\\raw\\opentargets\\26.09\\CANCER-001_MONDO_0005061_associated_targets_page_0006.json"", ""data\\raw\\opentargets\\26.09\\CANCER-001_MONDO_0005061_associated_targets_page_0007.json"", ""data\\raw\\opentargets\\26.09\\CANCER-001_MONDO_0005061_associated_targets_page_0008.json"", ""data\\raw\\opentargets\\26.09\\CANCER-001_MONDO_0005061_associated_targets_page_0009.json"", ""data\\raw\\opentargets\\26.09\\CANCER-001_MONDO_0005061_associated_targets_page_0010.json"", ""data\\raw\\opentargets\\26.09\\CANCER-001_MONDO_0005061_associated_targets_page_0011.json"", ""data\\raw\\opentargets\\26.09\\CANCER-001_MONDO_0005061_associated_targets_page_0012.json"", ""data\\raw\\opentargets\\26.09\\CANCER-001_MONDO_0005061_associated_targets_page_0013.json"", ""data\\raw\\opentargets\\26.09\\CANCER-001_MONDO_0005061_associated_targets_page_0014.json"", ""data\\raw\\opentargets\\26.09\\CANCER-001_MONDO_0005061_associated_targets_page_0015.json"", ""data\\raw\\opentargets\\26.09\\CANCER-001_MONDO_0005061_associated_targets_page_0016.json"", ""data\\raw\\opentargets\\26.09\\CANCER-001_MONDO_0005061_associated_targets_page_0017.json"", ""data\\raw\\opentargets\\26.09\\CANCER-001_MONDO_0005061_associated_targets_page_0018.json"", ""data\\raw\\opentargets\\26.09\\CANCER-001_MONDO_0005061_associated_targets_page_0019.json"", ""data\\raw\\opentargets\\26.09\\CANCER-001_MONDO_0005061_associated_targets_page_0020.json"", ""data\\raw\\opentargets\\26.09\\CANCER-001_MONDO_0005061_associated_targets_page_0021.json""]"	90c76380ac76b6e40974d1ea994292e1cb53860bdaa38be6b82687c44dacc85f
cancer_target_pair	EVID-0018	literature_score	0.3963143141751095	Open Targets Platform	ENSG00000169032|MONDO_0005061	26.09	https://api.platform.opentargets.org/api/v4/graphql	2026-09-30T07:41:58.308760+00:00	Aggregated evidence	opentargets-v0.2.2	"[""data\\raw\\opentargets\\26.09\\CANCER-001_MONDO_0005061_associated_targets_page_0000.json"", ""data\\raw\\opentargets\\26.09\\CANCER-001_MONDO_0005061_associated_targets_page_0001.json"", ""data\\raw\\opentargets\\26.09\\CANCER-001_MONDO_0005061_associated_targets_page_0002.json"", ""data\\raw\\opentargets\\26.09\\CANCER-001_MONDO_0005061_associated_targets_page_0003.json"", ""data\\raw\\opentargets\\26.09\\CANCER-001_MONDO_0005061_associated_targets_page_0004.json"", ""data\\raw\\opentargets\\26.09\\CANCER-001_MONDO_0005061_associated_targets_page_0005.json"", ""data\\raw\\opentargets\\26.09\\CANCER-001_MONDO_0005061_associated_targets_page_0006.json"", ""data\\raw\\opentargets\\26.09\\CANCER-001_MONDO_0005061_associated_targets_page_0007.json"", ""data\\raw\\opentargets\\26.09\\CANCER-001_MONDO_0005061_associated_targets_page_0008.json"", ""data\\raw\\opentargets\\26.09\\CANCER-001_MONDO_0005061_associated_targets_page_0009.json"", ""data\\raw\\opentargets\\26.09\\CANCER-001_MONDO_0005061_associated_targets_page_0010.json"", ""data\\raw\\opentargets\\26.09\\CANCER-001_MONDO_0005061_associated_targets_page_0011.json"", ""data\\raw\\opentargets\\26.09\\CANCER-001_MONDO_0005061_associated_targets_page_0012.json"", ""data\\raw\\opentargets\\26.09\\CANCER-001_MONDO_0005061_associated_targets_page_0013.json"", ""data\\raw\\opentargets\\26.09\\CANCER-001_MONDO_0005061_associated_targets_page_0014.json"", ""data\\raw\\opentargets\\26.09\\CANCER-001_MONDO_0005061_associated_targets_page_0015.json"", ""data\\raw\\opentargets\\26.09\\CANCER-001_MONDO_0005061_associated_targets_page_0016.json"", ""data\\raw\\opentargets\\26.09\\CANCER-001_MONDO_0005061_associated_targets_page_0017.json"", ""data\\raw\\opentargets\\26.09\\CANCER-001_MONDO_0005061_associated_targets_page_0018.json"", ""data\\raw\\opentargets\\26.09\\CANCER-001_MONDO_0005061_associated_targets_page_0019.json"", ""data\\raw\\opentargets\\26.09\\CANCER-001_MONDO_0005061_associated_targets_page_0020.json"", ""data\\raw\\opentargets\\26.09\\CANCER-001_MONDO_0005061_associated_targets_page_0021.json""]"	90c76380ac76b6e40974d1ea994292e1cb53860bdaa38be6b82687c44dacc85f
cancer_target_pair	EVID-0018	tractability_json	"[{""label"": ""Approved Drug"", ""modality"": ""SM"", ""value"": true}, {""label"": ""Advanced Clinical"", ""modality"": ""SM"", ""value"": false}, {""label"": ""Phase 1 Clinical"", ""modality"": ""SM"", ""value"": false}, {""label"": ""Structure with Ligand"", ""modality"": ""SM"", ""value"": true}, {""label"": ""High-Quality Ligand"", ""modality"": ""SM"", ""value"": true}, {""label"": ""High-Quality Pocket"", ""modality"": ""SM"", ""value"": true}, {""label"": ""Med-Quality Pocket"", ""modality"": ""SM"", ""value"": false}, {""label"": ""Druggable Family"", ""modality"": ""SM"", ""value"": true}, {""label"": ""Approved Drug"", ""modality"": ""AB"", ""value"": false}, {""label"": ""Advanced Clinical"", ""modality"": ""AB"", ""value"": false}, {""label"": ""Phase 1 Clinical"", ""modality"": ""AB"", ""value"": false}, {""label"": ""UniProt loc high conf"", ""modality"": ""AB"", ""value"": true}, {""label"": ""GO CC high conf"", ""modality"": ""AB"", ""value"": true}, {""label"": ""UniProt loc med conf"", ""modality"": ""AB"", ""value"": false}, {""label"": ""UniProt SigP or TMHMM"", ""modality"": ""AB"", ""value"": false}, {""label"": ""GO CC med conf"", ""modality"": ""AB"", ""value"": false}, {""label"": ""Human Protein Atlas loc"", ""modality"": ""AB"", ""value"": true}, {""label"": ""Approved Drug"", ""modality"": ""PR"", ""value"": false}, {""label"": ""Advanced Clinical"", ""modality"": ""PR"", ""value"": false}, {""label"": ""Phase 1 Clinical"", ""modality"": ""PR"", ""value"": false}, {""label"": ""Literature"", ""modality"": ""PR"", ""value"": true}, {""label"": ""UniProt Ubiquitination"", ""modality"": ""PR"", ""value"": false}, {""label"": ""Database Ubiquitination"", ""modality"": ""PR"", ""value"": true}, {""label"": ""Half-life Data"", ""modality"": ""PR"", ""value"": true}, {""label"": ""Small Molecule Binder"", ""modality"": ""PR"", ""value"": true}, {""label"": ""Approved Drug"", ""modality"": ""OC"", ""value"": false}, {""label"": ""Advanced Clinical"", ""modality"": ""OC"", ""value"": false}, {""label"": ""Phase 1 Clinical"", ""modality"": ""OC"", ""value"": false}]"	Open Targets Platform	ENSG00000169032|MONDO_0005061	26.09	https://api.platform.opentargets.org/api/v4/graphql	2026-09-30T07:41:58.308760+00:00	Aggregated evidence	opentargets-v0.2.2	data\raw\opentargets\26.09\target_ENSG00000169032_tractability.json	90c76380ac76b6e40974d1ea994292e1cb53860bdaa38be6b82687c44dacc85f
cancer_target_pair	EVID-0019	association_score	0.30442348843656597	Open Targets Platform	ENSG00000132155|MONDO_0005061	26.09	https://api.platform.opentargets.org/api/v4/graphql	2026-09-30T07:41:58.308760+00:00	Aggregated evidence	opentargets-v0.2.2	"[""data\\raw\\opentargets\\26.09\\CANCER-001_MONDO_0005061_associated_targets_page_0000.json"", ""data\\raw\\opentargets\\26.09\\CANCER-001_MONDO_0005061_associated_targets_page_0001.json"", ""data\\raw\\opentargets\\26.09\\CANCER-001_MONDO_0005061_associated_targets_page_0002.json"", ""data\\raw\\opentargets\\26.09\\CANCER-001_MONDO_0005061_associated_targets_page_0003.json"", ""data\\raw\\opentargets\\26.09\\CANCER-001_MONDO_0005061_associated_targets_page_0004.json"", ""data\\raw\\opentargets\\26.09\\CANCER-001_MONDO_0005061_associated_targets_page_0005.json"", ""data\\raw\\opentargets\\26.09\\CANCER-001_MONDO_0005061_associated_targets_page_0006.json"", ""data\\raw\\opentargets\\26.09\\CANCER-001_MONDO_0005061_associated_targets_page_0007.json"", ""data\\raw\\opentargets\\26.09\\CANCER-001_MONDO_0005061_associated_targets_page_0008.json"", ""data\\raw\\opentargets\\26.09\\CANCER-001_MONDO_0005061_associated_targets_page_0009.json"", ""data\\raw\\opentargets\\26.09\\CANCER-001_MONDO_0005061_associated_targets_page_0010.json"", ""data\\raw\\opentargets\\26.09\\CANCER-001_MONDO_0005061_associated_targets_page_0011.json"", ""data\\raw\\opentargets\\26.09\\CANCER-001_MONDO_0005061_associated_targets_page_0012.json"", ""data\\raw\\opentargets\\26.09\\CANCER-001_MONDO_0005061_associated_targets_page_0013.json"", ""data\\raw\\opentargets\\26.09\\CANCER-001_MONDO_0005061_associated_targets_page_0014.json"", ""data\\raw\\opentargets\\26.09\\CANCER-001_MONDO_0005061_associated_targets_page_0015.json"", ""data\\raw\\opentargets\\26.09\\CANCER-001_MONDO_0005061_associated_targets_page_0016.json"", ""data\\raw\\opentargets\\26.09\\CANCER-001_MONDO_0005061_associated_targets_page_0017.json"", ""data\\raw\\opentargets\\26.09\\CANCER-001_MONDO_0005061_associated_targets_page_0018.json"", ""data\\raw\\opentargets\\26.09\\CANCER-001_MONDO_0005061_associated_targets_page_0019.json"", ""data\\raw\\opentargets\\26.09\\CANCER-001_MONDO_0005061_associated_targets_page_0020.json"", ""data\\raw\\opentargets\\26.09\\CANCER-001_MONDO_0005061_associated_targets_page_0021.json""]"	70fcd0214c6945784e764b6ea3f079ea0518216d423ee876e716b72841c551ba
cancer_target_pair	EVID-0019	genetic_association_score		Open Targets Platform	ENSG00000132155|MONDO_0005061	26.09	https://api.platform.opentargets.org/api/v4/graphql	2026-09-30T07:41:58.308760+00:00	Aggregated evidence	opentargets-v0.2.2	"[""data\\raw\\opentargets\\26.09\\CANCER-001_MONDO_0005061_associated_targets_page_0000.json"", ""data\\raw\\opentargets\\26.09\\CANCER-001_MONDO_0005061_associated_targets_page_0001.json"", ""data\\raw\\opentargets\\26.09\\CANCER-001_MONDO_0005061_associated_targets_page_0002.json"", ""data\\raw\\opentargets\\26.09\\CANCER-001_MONDO_0005061_associated_targets_page_0003.json"", ""data\\raw\\opentargets\\26.09\\CANCER-001_MONDO_0005061_associated_targets_page_0004.json"", ""data\\raw\\opentargets\\26.09\\CANCER-001_MONDO_0005061_associated_targets_page_0005.json"", ""data\\raw\\opentargets\\26.09\\CANCER-001_MONDO_0005061_associated_targets_page_0006.json"", ""data\\raw\\opentargets\\26.09\\CANCER-001_MONDO_0005061_associated_targets_page_0007.json"", ""data\\raw\\opentargets\\26.09\\CANCER-001_MONDO_0005061_associated_targets_page_0008.json"", ""data\\raw\\opentargets\\26.09\\CANCER-001_MONDO_0005061_associated_targets_page_0009.json"", ""data\\raw\\opentargets\\26.09\\CANCER-001_MONDO_0005061_associated_targets_page_0010.json"", ""data\\raw\\opentargets\\26.09\\CANCER-001_MONDO_0005061_associated_targets_page_0011.json"", ""data\\raw\\opentargets\\26.09\\CANCER-001_MONDO_0005061_associated_targets_page_0012.json"", ""data\\raw\\opentargets\\26.09\\CANCER-001_MONDO_0005061_associated_targets_page_0013.json"", ""data\\raw\\opentargets\\26.09\\CANCER-001_MONDO_0005061_associated_targets_page_0014.json"", ""data\\raw\\opentargets\\26.09\\CANCER-001_MONDO_0005061_associated_targets_page_0015.json"", ""data\\raw\\opentargets\\26.09\\CANCER-001_MONDO_0005061_associated_targets_page_0016.json"", ""data\\raw\\opentargets\\26.09\\CANCER-001_MONDO_0005061_associated_targets_page_0017.json"", ""data\\raw\\opentargets\\26.09\\CANCER-001_MONDO_0005061_associated_targets_page_0018.json"", ""data\\raw\\opentargets\\26.09\\CANCER-001_MONDO_0005061_associated_targets_page_0019.json"", ""data\\raw\\opentargets\\26.09\\CANCER-001_MONDO_0005061_associated_targets_page_0020.json"", ""data\\raw\\opentargets\\26.09\\CANCER-001_MONDO_0005061_associated_targets_page_0021.json""]"	70fcd0214c6945784e764b6ea3f079ea0518216d423ee876e716b72841c551ba
cancer_target_pair	EVID-0019	somatic_mutation_score	0.4559480982087158	Open Targets Platform	ENSG00000132155|MONDO_0005061	26.09	https://api.platform.opentargets.org/api/v4/graphql	2026-09-30T07:41:58.308760+00:00	Aggregated evidence	opentargets-v0.2.2	"[""data\\raw\\opentargets\\26.09\\CANCER-001_MONDO_0005061_associated_targets_page_0000.json"", ""data\\raw\\opentargets\\26.09\\CANCER-001_MONDO_0005061_associated_targets_page_0001.json"", ""data\\raw\\opentargets\\26.09\\CANCER-001_MONDO_0005061_associated_targets_page_0002.json"", ""data\\raw\\opentargets\\26.09\\CANCER-001_MONDO_0005061_associated_targets_page_0003.json"", ""data\\raw\\opentargets\\26.09\\CANCER-001_MONDO_0005061_associated_targets_page_0004.json"", ""data\\raw\\opentargets\\26.09\\CANCER-001_MONDO_0005061_associated_targets_page_0005.json"", ""data\\raw\\opentargets\\26.09\\CANCER-001_MONDO_0005061_associated_targets_page_0006.json"", ""data\\raw\\opentargets\\26.09\\CANCER-001_MONDO_0005061_associated_targets_page_0007.json"", ""data\\raw\\opentargets\\26.09\\CANCER-001_MONDO_0005061_associated_targets_page_0008.json"", ""data\\raw\\opentargets\\26.09\\CANCER-001_MONDO_0005061_associated_targets_page_0009.json"", ""data\\raw\\opentargets\\26.09\\CANCER-001_MONDO_0005061_associated_targets_page_0010.json"", ""data\\raw\\opentargets\\26.09\\CANCER-001_MONDO_0005061_associated_targets_page_0011.json"", ""data\\raw\\opentargets\\26.09\\CANCER-001_MONDO_0005061_associated_targets_page_0012.json"", ""data\\raw\\opentargets\\26.09\\CANCER-001_MONDO_0005061_associated_targets_page_0013.json"", ""data\\raw\\opentargets\\26.09\\CANCER-001_MONDO_0005061_associated_targets_page_0014.json"", ""data\\raw\\opentargets\\26.09\\CANCER-001_MONDO_0005061_associated_targets_page_0015.json"", ""data\\raw\\opentargets\\26.09\\CANCER-001_MONDO_0005061_associated_targets_page_0016.json"", ""data\\raw\\opentargets\\26.09\\CANCER-001_MONDO_0005061_associated_targets_page_0017.json"", ""data\\raw\\opentargets\\26.09\\CANCER-001_MONDO_0005061_associated_targets_page_0018.json"", ""data\\raw\\opentargets\\26.09\\CANCER-001_MONDO_0005061_associated_targets_page_0019.json"", ""data\\raw\\opentargets\\26.09\\CANCER-001_MONDO_0005061_associated_targets_page_0020.json"", ""data\\raw\\opentargets\\26.09\\CANCER-001_MONDO_0005061_associated_targets_page_0021.json""]"	70fcd0214c6945784e764b6ea3f079ea0518216d423ee876e716b72841c551ba
cancer_target_pair	EVID-0019	known_drug_score		Open Targets Platform	ENSG00000132155|MONDO_0005061	26.09	https://api.platform.opentargets.org/api/v4/graphql	2026-09-30T07:41:58.308760+00:00	Aggregated evidence	opentargets-v0.2.2	"[""data\\raw\\opentargets\\26.09\\CANCER-001_MONDO_0005061_associated_targets_page_0000.json"", ""data\\raw\\opentargets\\26.09\\CANCER-001_MONDO_0005061_associated_targets_page_0001.json"", ""data\\raw\\opentargets\\26.09\\CANCER-001_MONDO_0005061_associated_targets_page_0002.json"", ""data\\raw\\opentargets\\26.09\\CANCER-001_MONDO_0005061_associated_targets_page_0003.json"", ""data\\raw\\opentargets\\26.09\\CANCER-001_MONDO_0005061_associated_targets_page_0004.json"", ""data\\raw\\opentargets\\26.09\\CANCER-001_MONDO_0005061_associated_targets_page_0005.json"", ""data\\raw\\opentargets\\26.09\\CANCER-001_MONDO_0005061_associated_targets_page_0006.json"", ""data\\raw\\opentargets\\26.09\\CANCER-001_MONDO_0005061_associated_targets_page_0007.json"", ""data\\raw\\opentargets\\26.09\\CANCER-001_MONDO_0005061_associated_targets_page_0008.json"", ""data\\raw\\opentargets\\26.09\\CANCER-001_MONDO_0005061_associated_targets_page_0009.json"", ""data\\raw\\opentargets\\26.09\\CANCER-001_MONDO_0005061_associated_targets_page_0010.json"", ""data\\raw\\opentargets\\26.09\\CANCER-001_MONDO_0005061_associated_targets_page_0011.json"", ""data\\raw\\opentargets\\26.09\\CANCER-001_MONDO_0005061_associated_targets_page_0012.json"", ""data\\raw\\opentargets\\26.09\\CANCER-001_MONDO_0005061_associated_targets_page_0013.json"", ""data\\raw\\opentargets\\26.09\\CANCER-001_MONDO_0005061_associated_targets_page_0014.json"", ""data\\raw\\opentargets\\26.09\\CANCER-001_MONDO_0005061_associated_targets_page_0015.json"", ""data\\raw\\opentargets\\26.09\\CANCER-001_MONDO_0005061_associated_targets_page_0016.json"", ""data\\raw\\opentargets\\26.09\\CANCER-001_MONDO_0005061_associated_targets_page_0017.json"", ""data\\raw\\opentargets\\26.09\\CANCER-001_MONDO_0005061_associated_targets_page_0018.json"", ""data\\raw\\opentargets\\26.09\\CANCER-001_MONDO_0005061_associated_targets_page_0019.json"", ""data\\raw\\opentargets\\26.09\\CANCER-001_MONDO_0005061_associated_targets_page_0020.json"", ""data\\raw\\opentargets\\26.09\\CANCER-001_MONDO_0005061_associated_targets_page_0021.json""]"	70fcd0214c6945784e764b6ea3f079ea0518216d423ee876e716b72841c551ba
cancer_target_pair	EVID-0019	literature_score	0.625917023389041	Open Targets Platform	ENSG00000132155|MONDO_0005061	26.09	https://api.platform.opentargets.org/api/v4/graphql	2026-09-30T07:41:58.308760+00:00	Aggregated evidence	opentargets-v0.2.2	"[""data\\raw\\opentargets\\26.09\\CANCER-001_MONDO_0005061_associated_targets_page_0000.json"", ""data\\raw\\opentargets\\26.09\\CANCER-001_MONDO_0005061_associated_targets_page_0001.json"", ""data\\raw\\opentargets\\26.09\\CANCER-001_MONDO_0005061_associated_targets_page_0002.json"", ""data\\raw\\opentargets\\26.09\\CANCER-001_MONDO_0005061_associated_targets_page_0003.json"", ""data\\raw\\opentargets\\26.09\\CANCER-001_MONDO_0005061_associated_targets_page_0004.json"", ""data\\raw\\opentargets\\26.09\\CANCER-001_MONDO_0005061_associated_targets_page_0005.json"", ""data\\raw\\opentargets\\26.09\\CANCER-001_MONDO_0005061_associated_targets_page_0006.json"", ""data\\raw\\opentargets\\26.09\\CANCER-001_MONDO_0005061_associated_targets_page_0007.json"", ""data\\raw\\opentargets\\26.09\\CANCER-001_MONDO_0005061_associated_targets_page_0008.json"", ""data\\raw\\opentargets\\26.09\\CANCER-001_MONDO_0005061_associated_targets_page_0009.json"", ""data\\raw\\opentargets\\26.09\\CANCER-001_MONDO_0005061_associated_targets_page_0010.json"", ""data\\raw\\opentargets\\26.09\\CANCER-001_MONDO_0005061_associated_targets_page_0011.json"", ""data\\raw\\opentargets\\26.09\\CANCER-001_MONDO_0005061_associated_targets_page_0012.json"", ""data\\raw\\opentargets\\26.09\\CANCER-001_MONDO_0005061_associated_targets_page_0013.json"", ""data\\raw\\opentargets\\26.09\\CANCER-001_MONDO_0005061_associated_targets_page_0014.json"", ""data\\raw\\opentargets\\26.09\\CANCER-001_MONDO_0005061_associated_targets_page_0015.json"", ""data\\raw\\opentargets\\26.09\\CANCER-001_MONDO_0005061_associated_targets_page_0016.json"", ""data\\raw\\opentargets\\26.09\\CANCER-001_MONDO_0005061_associated_targets_page_0017.json"", ""data\\raw\\opentargets\\26.09\\CANCER-001_MONDO_0005061_associated_targets_page_0018.json"", ""data\\raw\\opentargets\\26.09\\CANCER-001_MONDO_0005061_associated_targets_page_0019.json"", ""data\\raw\\opentargets\\26.09\\CANCER-001_MONDO_0005061_associated_targets_page_0020.json"", ""data\\raw\\opentargets\\26.09\\CANCER-001_MONDO_0005061_associated_targets_page_0021.json""]"	70fcd0214c6945784e764b6ea3f079ea0518216d423ee876e716b72841c551ba
cancer_target_pair	EVID-0019	tractability_json	"[{""label"": ""Approved Drug"", ""modality"": ""SM"", ""value"": true}, {""label"": ""Advanced Clinical"", ""modality"": ""SM"", ""value"": false}, {""label"": ""Phase 1 Clinical"", ""modality"": ""SM"", ""value"": false}, {""label"": ""Structure with Ligand"", ""modality"": ""SM"", ""value"": true}, {""label"": ""High-Quality Ligand"", ""modality"": ""SM"", ""value"": true}, {""label"": ""High-Quality Pocket"", ""modality"": ""SM"", ""value"": true}, {""label"": ""Med-Quality Pocket"", ""modality"": ""SM"", ""value"": false}, {""label"": ""Druggable Family"", ""modality"": ""SM"", ""value"": true}, {""label"": ""Approved Drug"", ""modality"": ""AB"", ""value"": false}, {""label"": ""Advanced Clinical"", ""modality"": ""AB"", ""value"": false}, {""label"": ""Phase 1 Clinical"", ""modality"": ""AB"", ""value"": false}, {""label"": ""UniProt loc high conf"", ""modality"": ""AB"", ""value"": false}, {""label"": ""GO CC high conf"", ""modality"": ""AB"", ""value"": true}, {""label"": ""UniProt loc med conf"", ""modality"": ""AB"", ""value"": true}, {""label"": ""UniProt SigP or TMHMM"", ""modality"": ""AB"", ""value"": false}, {""label"": ""GO CC med conf"", ""modality"": ""AB"", ""value"": false}, {""label"": ""Human Protein Atlas loc"", ""modality"": ""AB"", ""value"": true}, {""label"": ""Approved Drug"", ""modality"": ""PR"", ""value"": false}, {""label"": ""Advanced Clinical"", ""modality"": ""PR"", ""value"": false}, {""label"": ""Phase 1 Clinical"", ""modality"": ""PR"", ""value"": false}, {""label"": ""Literature"", ""modality"": ""PR"", ""value"": false}, {""label"": ""UniProt Ubiquitination"", ""modality"": ""PR"", ""value"": false}, {""label"": ""Database Ubiquitination"", ""modality"": ""PR"", ""value"": true}, {""label"": ""Half-life Data"", ""modality"": ""PR"", ""value"": true}, {""label"": ""Small Molecule Binder"", ""modality"": ""PR"", ""value"": true}, {""label"": ""Approved Drug"", ""modality"": ""OC"", ""value"": false}, {""label"": ""Advanced Clinical"", ""modality"": ""OC"", ""value"": false}, {""label"": ""Phase 1 Clinical"", ""modality"": ""OC"", ""value"": false}]"	Open Targets Platform	ENSG00000132155|MONDO_0005061	26.09	https://api.platform.opentargets.org/api/v4/graphql	2026-09-30T07:41:58.308760+00:00	Aggregated evidence	opentargets-v0.2.2	data\raw\opentargets\26.09\target_ENSG00000132155_tractability.json	70fcd0214c6945784e764b6ea3f079ea0518216d423ee876e716b72841c551ba
cancer_target_pair	EVID-0020	association_score	0.2945642547221118	Open Targets Platform	ENSG00000179295|MONDO_0005184	26.09	https://api.platform.opentargets.org/api/v4/graphql	2026-09-30T07:41:58.308760+00:00	Aggregated evidence	opentargets-v0.2.2	"[""data\\raw\\opentargets\\26.09\\CANCER-004_MONDO_0005184_associated_targets_page_0000.json"", ""data\\raw\\opentargets\\26.09\\CANCER-004_MONDO_0005184_associated_targets_page_0001.json"", ""data\\raw\\opentargets\\26.09\\CANCER-004_MONDO_0005184_associated_targets_page_0002.json"", ""data\\raw\\opentargets\\26.09\\CANCER-004_MONDO_0005184_associated_targets_page_0003.json"", ""data\\raw\\opentargets\\26.09\\CANCER-004_MONDO_0005184_associated_targets_page_0004.json"", ""data\\raw\\opentargets\\26.09\\CANCER-004_MONDO_0005184_associated_targets_page_0005.json"", ""data\\raw\\opentargets\\26.09\\CANCER-004_MONDO_0005184_associated_targets_page_0006.json"", ""data\\raw\\opentargets\\26.09\\CANCER-004_MONDO_0005184_associated_targets_page_0007.json"", ""data\\raw\\opentargets\\26.09\\CANCER-004_MONDO_0005184_associated_targets_page_0008.json"", ""data\\raw\\opentargets\\26.09\\CANCER-004_MONDO_0005184_associated_targets_page_0009.json"", ""data\\raw\\opentargets\\26.09\\CANCER-004_MONDO_0005184_associated_targets_page_0010.json"", ""data\\raw\\opentargets\\26.09\\CANCER-004_MONDO_0005184_associated_targets_page_0011.json"", ""data\\raw\\opentargets\\26.09\\CANCER-004_MONDO_0005184_associated_targets_page_0012.json"", ""data\\raw\\opentargets\\26.09\\CANCER-004_MONDO_0005184_associated_targets_page_0013.json"", ""data\\raw\\opentargets\\26.09\\CANCER-004_MONDO_0005184_associated_targets_page_0014.json"", ""data\\raw\\opentargets\\26.09\\CANCER-004_MONDO_0005184_associated_targets_page_0015.json""]"	51f2f8172386f9d39d18eb991efdf070c688e4edbfd9a4464428eb8e964a15f6
cancer_target_pair	EVID-0020	genetic_association_score		Open Targets Platform	ENSG00000179295|MONDO_0005184	26.09	https://api.platform.opentargets.org/api/v4/graphql	2026-09-30T07:41:58.308760+00:00	Aggregated evidence	opentargets-v0.2.2	"[""data\\raw\\opentargets\\26.09\\CANCER-004_MONDO_0005184_associated_targets_page_0000.json"", ""data\\raw\\opentargets\\26.09\\CANCER-004_MONDO_0005184_associated_targets_page_0001.json"", ""data\\raw\\opentargets\\26.09\\CANCER-004_MONDO_0005184_associated_targets_page_0002.json"", ""data\\raw\\opentargets\\26.09\\CANCER-004_MONDO_0005184_associated_targets_page_0003.json"", ""data\\raw\\opentargets\\26.09\\CANCER-004_MONDO_0005184_associated_targets_page_0004.json"", ""data\\raw\\opentargets\\26.09\\CANCER-004_MONDO_0005184_associated_targets_page_0005.json"", ""data\\raw\\opentargets\\26.09\\CANCER-004_MONDO_0005184_associated_targets_page_0006.json"", ""data\\raw\\opentargets\\26.09\\CANCER-004_MONDO_0005184_associated_targets_page_0007.json"", ""data\\raw\\opentargets\\26.09\\CANCER-004_MONDO_0005184_associated_targets_page_0008.json"", ""data\\raw\\opentargets\\26.09\\CANCER-004_MONDO_0005184_associated_targets_page_0009.json"", ""data\\raw\\opentargets\\26.09\\CANCER-004_MONDO_0005184_associated_targets_page_0010.json"", ""data\\raw\\opentargets\\26.09\\CANCER-004_MONDO_0005184_associated_targets_page_0011.json"", ""data\\raw\\opentargets\\26.09\\CANCER-004_MONDO_0005184_associated_targets_page_0012.json"", ""data\\raw\\opentargets\\26.09\\CANCER-004_MONDO_0005184_associated_targets_page_0013.json"", ""data\\raw\\opentargets\\26.09\\CANCER-004_MONDO_0005184_associated_targets_page_0014.json"", ""data\\raw\\opentargets\\26.09\\CANCER-004_MONDO_0005184_associated_targets_page_0015.json""]"	51f2f8172386f9d39d18eb991efdf070c688e4edbfd9a4464428eb8e964a15f6
cancer_target_pair	EVID-0020	somatic_mutation_score	0.4559480982087158	Open Targets Platform	ENSG00000179295|MONDO_0005184	26.09	https://api.platform.opentargets.org/api/v4/graphql	2026-09-30T07:41:58.308760+00:00	Aggregated evidence	opentargets-v0.2.2	"[""data\\raw\\opentargets\\26.09\\CANCER-004_MONDO_0005184_associated_targets_page_0000.json"", ""data\\raw\\opentargets\\26.09\\CANCER-004_MONDO_0005184_associated_targets_page_0001.json"", ""data\\raw\\opentargets\\26.09\\CANCER-004_MONDO_0005184_associated_targets_page_0002.json"", ""data\\raw\\opentargets\\26.09\\CANCER-004_MONDO_0005184_associated_targets_page_0003.json"", ""data\\raw\\opentargets\\26.09\\CANCER-004_MONDO_0005184_associated_targets_page_0004.json"", ""data\\raw\\opentargets\\26.09\\CANCER-004_MONDO_0005184_associated_targets_page_0005.json"", ""data\\raw\\opentargets\\26.09\\CANCER-004_MONDO_0005184_associated_targets_page_0006.json"", ""data\\raw\\opentargets\\26.09\\CANCER-004_MONDO_0005184_associated_targets_page_0007.json"", ""data\\raw\\opentargets\\26.09\\CANCER-004_MONDO_0005184_associated_targets_page_0008.json"", ""data\\raw\\opentargets\\26.09\\CANCER-004_MONDO_0005184_associated_targets_page_0009.json"", ""data\\raw\\opentargets\\26.09\\CANCER-004_MONDO_0005184_associated_targets_page_0010.json"", ""data\\raw\\opentargets\\26.09\\CANCER-004_MONDO_0005184_associated_targets_page_0011.json"", ""data\\raw\\opentargets\\26.09\\CANCER-004_MONDO_0005184_associated_targets_page_0012.json"", ""data\\raw\\opentargets\\26.09\\CANCER-004_MONDO_0005184_associated_targets_page_0013.json"", ""data\\raw\\opentargets\\26.09\\CANCER-004_MONDO_0005184_associated_targets_page_0014.json"", ""data\\raw\\opentargets\\26.09\\CANCER-004_MONDO_0005184_associated_targets_page_0015.json""]"	51f2f8172386f9d39d18eb991efdf070c688e4edbfd9a4464428eb8e964a15f6
cancer_target_pair	EVID-0020	known_drug_score		Open Targets Platform	ENSG00000179295|MONDO_0005184	26.09	https://api.platform.opentargets.org/api/v4/graphql	2026-09-30T07:41:58.308760+00:00	Aggregated evidence	opentargets-v0.2.2	"[""data\\raw\\opentargets\\26.09\\CANCER-004_MONDO_0005184_associated_targets_page_0000.json"", ""data\\raw\\opentargets\\26.09\\CANCER-004_MONDO_0005184_associated_targets_page_0001.json"", ""data\\raw\\opentargets\\26.09\\CANCER-004_MONDO_0005184_associated_targets_page_0002.json"", ""data\\raw\\opentargets\\26.09\\CANCER-004_MONDO_0005184_associated_targets_page_0003.json"", ""data\\raw\\opentargets\\26.09\\CANCER-004_MONDO_0005184_associated_targets_page_0004.json"", ""data\\raw\\opentargets\\26.09\\CANCER-004_MONDO_0005184_associated_targets_page_0005.json"", ""data\\raw\\opentargets\\26.09\\CANCER-004_MONDO_0005184_associated_targets_page_0006.json"", ""data\\raw\\opentargets\\26.09\\CANCER-004_MONDO_0005184_associated_targets_page_0007.json"", ""data\\raw\\opentargets\\26.09\\CANCER-004_MONDO_0005184_associated_targets_page_0008.json"", ""data\\raw\\opentargets\\26.09\\CANCER-004_MONDO_0005184_associated_targets_page_0009.json"", ""data\\raw\\opentargets\\26.09\\CANCER-004_MONDO_0005184_associated_targets_page_0010.json"", ""data\\raw\\opentargets\\26.09\\CANCER-004_MONDO_0005184_associated_targets_page_0011.json"", ""data\\raw\\opentargets\\26.09\\CANCER-004_MONDO_0005184_associated_targets_page_0012.json"", ""data\\raw\\opentargets\\26.09\\CANCER-004_MONDO_0005184_associated_targets_page_0013.json"", ""data\\raw\\opentargets\\26.09\\CANCER-004_MONDO_0005184_associated_targets_page_0014.json"", ""data\\raw\\opentargets\\26.09\\CANCER-004_MONDO_0005184_associated_targets_page_0015.json""]"	51f2f8172386f9d39d18eb991efdf070c688e4edbfd9a4464428eb8e964a15f6
cancer_target_pair	EVID-0020	literature_score	0.5717546726326023	Open Targets Platform	ENSG00000179295|MONDO_0005184	26.09	https://api.platform.opentargets.org/api/v4/graphql	2026-09-30T07:41:58.308760+00:00	Aggregated evidence	opentargets-v0.2.2	"[""data\\raw\\opentargets\\26.09\\CANCER-004_MONDO_0005184_associated_targets_page_0000.json"", ""data\\raw\\opentargets\\26.09\\CANCER-004_MONDO_0005184_associated_targets_page_0001.json"", ""data\\raw\\opentargets\\26.09\\CANCER-004_MONDO_0005184_associated_targets_page_0002.json"", ""data\\raw\\opentargets\\26.09\\CANCER-004_MONDO_0005184_associated_targets_page_0003.json"", ""data\\raw\\opentargets\\26.09\\CANCER-004_MONDO_0005184_associated_targets_page_0004.json"", ""data\\raw\\opentargets\\26.09\\CANCER-004_MONDO_0005184_associated_targets_page_0005.json"", ""data\\raw\\opentargets\\26.09\\CANCER-004_MONDO_0005184_associated_targets_page_0006.json"", ""data\\raw\\opentargets\\26.09\\CANCER-004_MONDO_0005184_associated_targets_page_0007.json"", ""data\\raw\\opentargets\\26.09\\CANCER-004_MONDO_0005184_associated_targets_page_0008.json"", ""data\\raw\\opentargets\\26.09\\CANCER-004_MONDO_0005184_associated_targets_page_0009.json"", ""data\\raw\\opentargets\\26.09\\CANCER-004_MONDO_0005184_associated_targets_page_0010.json"", ""data\\raw\\opentargets\\26.09\\CANCER-004_MONDO_0005184_associated_targets_page_0011.json"", ""data\\raw\\opentargets\\26.09\\CANCER-004_MONDO_0005184_associated_targets_page_0012.json"", ""data\\raw\\opentargets\\26.09\\CANCER-004_MONDO_0005184_associated_targets_page_0013.json"", ""data\\raw\\opentargets\\26.09\\CANCER-004_MONDO_0005184_associated_targets_page_0014.json"", ""data\\raw\\opentargets\\26.09\\CANCER-004_MONDO_0005184_associated_targets_page_0015.json""]"	51f2f8172386f9d39d18eb991efdf070c688e4edbfd9a4464428eb8e964a15f6
cancer_target_pair	EVID-0020	tractability_json	"[{""label"": ""Approved Drug"", ""modality"": ""SM"", ""value"": false}, {""label"": ""Advanced Clinical"", ""modality"": ""SM"", ""value"": true}, {""label"": ""Phase 1 Clinical"", ""modality"": ""SM"", ""value"": false}, {""label"": ""Structure with Ligand"", ""modality"": ""SM"", ""value"": true}, {""label"": ""High-Quality Ligand"", ""modality"": ""SM"", ""value"": true}, {""label"": ""High-Quality Pocket"", ""modality"": ""SM"", ""value"": false}, {""label"": ""Med-Quality Pocket"", ""modality"": ""SM"", ""value"": false}, {""label"": ""Druggable Family"", ""modality"": ""SM"", ""value"": true}, {""label"": ""Approved Drug"", ""modality"": ""AB"", ""value"": false}, {""label"": ""Advanced Clinical"", ""modality"": ""AB"", ""value"": false}, {""label"": ""Phase 1 Clinical"", ""modality"": ""AB"", ""value"": false}, {""label"": ""UniProt loc high conf"", ""modality"": ""AB"", ""value"": false}, {""label"": ""GO CC high conf"", ""modality"": ""AB"", ""value"": false}, {""label"": ""UniProt loc med conf"", ""modality"": ""AB"", ""value"": false}, {""label"": ""UniProt SigP or TMHMM"", ""modality"": ""AB"", ""value"": false}, {""label"": ""GO CC med conf"", ""modality"": ""AB"", ""value"": false}, {""label"": ""Human Protein Atlas loc"", ""modality"": ""AB"", ""value"": false}, {""label"": ""Approved Drug"", ""modality"": ""PR"", ""value"": false}, {""label"": ""Advanced Clinical"", ""modality"": ""PR"", ""value"": false}, {""label"": ""Phase 1 Clinical"", ""modality"": ""PR"", ""value"": false}, {""label"": ""Literature"", ""modality"": ""PR"", ""value"": true}, {""label"": ""UniProt Ubiquitination"", ""modality"": ""PR"", ""value"": false}, {""label"": ""Database Ubiquitination"", ""modality"": ""PR"", ""value"": true}, {""label"": ""Half-life Data"", ""modality"": ""PR"", ""value"": true}, {""label"": ""Small Molecule Binder"", ""modality"": ""PR"", ""value"": true}, {""label"": ""Approved Drug"", ""modality"": ""OC"", ""value"": false}, {""label"": ""Advanced Clinical"", ""modality"": ""OC"", ""value"": false}, {""label"": ""Phase 1 Clinical"", ""modality"": ""OC"", ""value"": false}]"	Open Targets Platform	ENSG00000179295|MONDO_0005184	26.09	https://api.platform.opentargets.org/api/v4/graphql	2026-09-30T07:41:58.308760+00:00	Aggregated evidence	opentargets-v0.2.2	data\raw\opentargets\26.09\target_ENSG00000179295_tractability.json	51f2f8172386f9d39d18eb991efdf070c688e4edbfd9a4464428eb8e964a15f6
cancer_target_pair	EVID-0021	association_score	0.29109824743436136	Open Targets Platform	ENSG00000115904|MONDO_0005184	26.09	https://api.platform.opentargets.org/api/v4/graphql	2026-09-30T07:41:58.308760+00:00	Aggregated evidence	opentargets-v0.2.2	"[""data\\raw\\opentargets\\26.09\\CANCER-004_MONDO_0005184_associated_targets_page_0000.json"", ""data\\raw\\opentargets\\26.09\\CANCER-004_MONDO_0005184_associated_targets_page_0001.json"", ""data\\raw\\opentargets\\26.09\\CANCER-004_MONDO_0005184_associated_targets_page_0002.json"", ""data\\raw\\opentargets\\26.09\\CANCER-004_MONDO_0005184_associated_targets_page_0003.json"", ""data\\raw\\opentargets\\26.09\\CANCER-004_MONDO_0005184_associated_targets_page_0004.json"", ""data\\raw\\opentargets\\26.09\\CANCER-004_MONDO_0005184_associated_targets_page_0005.json"", ""data\\raw\\opentargets\\26.09\\CANCER-004_MONDO_0005184_associated_targets_page_0006.json"", ""data\\raw\\opentargets\\26.09\\CANCER-004_MONDO_0005184_associated_targets_page_0007.json"", ""data\\raw\\opentargets\\26.09\\CANCER-004_MONDO_0005184_associated_targets_page_0008.json"", ""data\\raw\\opentargets\\26.09\\CANCER-004_MONDO_0005184_associated_targets_page_0009.json"", ""data\\raw\\opentargets\\26.09\\CANCER-004_MONDO_0005184_associated_targets_page_0010.json"", ""data\\raw\\opentargets\\26.09\\CANCER-004_MONDO_0005184_associated_targets_page_0011.json"", ""data\\raw\\opentargets\\26.09\\CANCER-004_MONDO_0005184_associated_targets_page_0012.json"", ""data\\raw\\opentargets\\26.09\\CANCER-004_MONDO_0005184_associated_targets_page_0013.json"", ""data\\raw\\opentargets\\26.09\\CANCER-004_MONDO_0005184_associated_targets_page_0014.json"", ""data\\raw\\opentargets\\26.09\\CANCER-004_MONDO_0005184_associated_targets_page_0015.json""]"	6aca49588d5e40466cc556e67e7ec8b7f31426ec3035e329c32bb789b7393b06
cancer_target_pair	EVID-0021	genetic_association_score		Open Targets Platform	ENSG00000115904|MONDO_0005184	26.09	https://api.platform.opentargets.org/api/v4/graphql	2026-09-30T07:41:58.308760+00:00	Aggregated evidence	opentargets-v0.2.2	"[""data\\raw\\opentargets\\26.09\\CANCER-004_MONDO_0005184_associated_targets_page_0000.json"", ""data\\raw\\opentargets\\26.09\\CANCER-004_MONDO_0005184_associated_targets_page_0001.json"", ""data\\raw\\opentargets\\26.09\\CANCER-004_MONDO_0005184_associated_targets_page_0002.json"", ""data\\raw\\opentargets\\26.09\\CANCER-004_MONDO_0005184_associated_targets_page_0003.json"", ""data\\raw\\opentargets\\26.09\\CANCER-004_MONDO_0005184_associated_targets_page_0004.json"", ""data\\raw\\opentargets\\26.09\\CANCER-004_MONDO_0005184_associated_targets_page_0005.json"", ""data\\raw\\opentargets\\26.09\\CANCER-004_MONDO_0005184_associated_targets_page_0006.json"", ""data\\raw\\opentargets\\26.09\\CANCER-004_MONDO_0005184_associated_targets_page_0007.json"", ""data\\raw\\opentargets\\26.09\\CANCER-004_MONDO_0005184_associated_targets_page_0008.json"", ""data\\raw\\opentargets\\26.09\\CANCER-004_MONDO_0005184_associated_targets_page_0009.json"", ""data\\raw\\opentargets\\26.09\\CANCER-004_MONDO_0005184_associated_targets_page_0010.json"", ""data\\raw\\opentargets\\26.09\\CANCER-004_MONDO_0005184_associated_targets_page_0011.json"", ""data\\raw\\opentargets\\26.09\\CANCER-004_MONDO_0005184_associated_targets_page_0012.json"", ""data\\raw\\opentargets\\26.09\\CANCER-004_MONDO_0005184_associated_targets_page_0013.json"", ""data\\raw\\opentargets\\26.09\\CANCER-004_MONDO_0005184_associated_targets_page_0014.json"", ""data\\raw\\opentargets\\26.09\\CANCER-004_MONDO_0005184_associated_targets_page_0015.json""]"	6aca49588d5e40466cc556e67e7ec8b7f31426ec3035e329c32bb789b7393b06
cancer_target_pair	EVID-0021	somatic_mutation_score	0.4559480982087158	Open Targets Platform	ENSG00000115904|MONDO_0005184	26.09	https://api.platform.opentargets.org/api/v4/graphql	2026-09-30T07:41:58.308760+00:00	Aggregated evidence	opentargets-v0.2.2	"[""data\\raw\\opentargets\\26.09\\CANCER-004_MONDO_0005184_associated_targets_page_0000.json"", ""data\\raw\\opentargets\\26.09\\CANCER-004_MONDO_0005184_associated_targets_page_0001.json"", ""data\\raw\\opentargets\\26.09\\CANCER-004_MONDO_0005184_associated_targets_page_0002.json"", ""data\\raw\\opentargets\\26.09\\CANCER-004_MONDO_0005184_associated_targets_page_0003.json"", ""data\\raw\\opentargets\\26.09\\CANCER-004_MONDO_0005184_associated_targets_page_0004.json"", ""data\\raw\\opentargets\\26.09\\CANCER-004_MONDO_0005184_associated_targets_page_0005.json"", ""data\\raw\\opentargets\\26.09\\CANCER-004_MONDO_0005184_associated_targets_page_0006.json"", ""data\\raw\\opentargets\\26.09\\CANCER-004_MONDO_0005184_associated_targets_page_0007.json"", ""data\\raw\\opentargets\\26.09\\CANCER-004_MONDO_0005184_associated_targets_page_0008.json"", ""data\\raw\\opentargets\\26.09\\CANCER-004_MONDO_0005184_associated_targets_page_0009.json"", ""data\\raw\\opentargets\\26.09\\CANCER-004_MONDO_0005184_associated_targets_page_0010.json"", ""data\\raw\\opentargets\\26.09\\CANCER-004_MONDO_0005184_associated_targets_page_0011.json"", ""data\\raw\\opentargets\\26.09\\CANCER-004_MONDO_0005184_associated_targets_page_0012.json"", ""data\\raw\\opentargets\\26.09\\CANCER-004_MONDO_0005184_associated_targets_page_0013.json"", ""data\\raw\\opentargets\\26.09\\CANCER-004_MONDO_0005184_associated_targets_page_0014.json"", ""data\\raw\\opentargets\\26.09\\CANCER-004_MONDO_0005184_associated_targets_page_0015.json""]"	6aca49588d5e40466cc556e67e7ec8b7f31426ec3035e329c32bb789b7393b06
cancer_target_pair	EVID-0021	known_drug_score		Open Targets Platform	ENSG00000115904|MONDO_0005184	26.09	https://api.platform.opentargets.org/api/v4/graphql	2026-09-30T07:41:58.308760+00:00	Aggregated evidence	opentargets-v0.2.2	"[""data\\raw\\opentargets\\26.09\\CANCER-004_MONDO_0005184_associated_targets_page_0000.json"", ""data\\raw\\opentargets\\26.09\\CANCER-004_MONDO_0005184_associated_targets_page_0001.json"", ""data\\raw\\opentargets\\26.09\\CANCER-004_MONDO_0005184_associated_targets_page_0002.json"", ""data\\raw\\opentargets\\26.09\\CANCER-004_MONDO_0005184_associated_targets_page_0003.json"", ""data\\raw\\opentargets\\26.09\\CANCER-004_MONDO_0005184_associated_targets_page_0004.json"", ""data\\raw\\opentargets\\26.09\\CANCER-004_MONDO_0005184_associated_targets_page_0005.json"", ""data\\raw\\opentargets\\26.09\\CANCER-004_MONDO_0005184_associated_targets_page_0006.json"", ""data\\raw\\opentargets\\26.09\\CANCER-004_MONDO_0005184_associated_targets_page_0007.json"", ""data\\raw\\opentargets\\26.09\\CANCER-004_MONDO_0005184_associated_targets_page_0008.json"", ""data\\raw\\opentargets\\26.09\\CANCER-004_MONDO_0005184_associated_targets_page_0009.json"", ""data\\raw\\opentargets\\26.09\\CANCER-004_MONDO_0005184_associated_targets_page_0010.json"", ""data\\raw\\opentargets\\26.09\\CANCER-004_MONDO_0005184_associated_targets_page_0011.json"", ""data\\raw\\opentargets\\26.09\\CANCER-004_MONDO_0005184_associated_targets_page_0012.json"", ""data\\raw\\opentargets\\26.09\\CANCER-004_MONDO_0005184_associated_targets_page_0013.json"", ""data\\raw\\opentargets\\26.09\\CANCER-004_MONDO_0005184_associated_targets_page_0014.json"", ""data\\raw\\opentargets\\26.09\\CANCER-004_MONDO_0005184_associated_targets_page_0015.json""]"	6aca49588d5e40466cc556e67e7ec8b7f31426ec3035e329c32bb789b7393b06
cancer_target_pair	EVID-0021	literature_score	0.4505024396711236	Open Targets Platform	ENSG00000115904|MONDO_0005184	26.09	https://api.platform.opentargets.org/api/v4/graphql	2026-09-30T07:41:58.308760+00:00	Aggregated evidence	opentargets-v0.2.2	"[""data\\raw\\opentargets\\26.09\\CANCER-004_MONDO_0005184_associated_targets_page_0000.json"", ""data\\raw\\opentargets\\26.09\\CANCER-004_MONDO_0005184_associated_targets_page_0001.json"", ""data\\raw\\opentargets\\26.09\\CANCER-004_MONDO_0005184_associated_targets_page_0002.json"", ""data\\raw\\opentargets\\26.09\\CANCER-004_MONDO_0005184_associated_targets_page_0003.json"", ""data\\raw\\opentargets\\26.09\\CANCER-004_MONDO_0005184_associated_targets_page_0004.json"", ""data\\raw\\opentargets\\26.09\\CANCER-004_MONDO_0005184_associated_targets_page_0005.json"", ""data\\raw\\opentargets\\26.09\\CANCER-004_MONDO_0005184_associated_targets_page_0006.json"", ""data\\raw\\opentargets\\26.09\\CANCER-004_MONDO_0005184_associated_targets_page_0007.json"", ""data\\raw\\opentargets\\26.09\\CANCER-004_MONDO_0005184_associated_targets_page_0008.json"", ""data\\raw\\opentargets\\26.09\\CANCER-004_MONDO_0005184_associated_targets_page_0009.json"", ""data\\raw\\opentargets\\26.09\\CANCER-004_MONDO_0005184_associated_targets_page_0010.json"", ""data\\raw\\opentargets\\26.09\\CANCER-004_MONDO_0005184_associated_targets_page_0011.json"", ""data\\raw\\opentargets\\26.09\\CANCER-004_MONDO_0005184_associated_targets_page_0012.json"", ""data\\raw\\opentargets\\26.09\\CANCER-004_MONDO_0005184_associated_targets_page_0013.json"", ""data\\raw\\opentargets\\26.09\\CANCER-004_MONDO_0005184_associated_targets_page_0014.json"", ""data\\raw\\opentargets\\26.09\\CANCER-004_MONDO_0005184_associated_targets_page_0015.json""]"	6aca49588d5e40466cc556e67e7ec8b7f31426ec3035e329c32bb789b7393b06
cancer_target_pair	EVID-0021	tractability_json	"[{""label"": ""Approved Drug"", ""modality"": ""SM"", ""value"": false}, {""label"": ""Advanced Clinical"", ""modality"": ""SM"", ""value"": false}, {""label"": ""Phase 1 Clinical"", ""modality"": ""SM"", ""value"": false}, {""label"": ""Structure with Ligand"", ""modality"": ""SM"", ""value"": true}, {""label"": ""High-Quality Ligand"", ""modality"": ""SM"", ""value"": true}, {""label"": ""High-Quality Pocket"", ""modality"": ""SM"", ""value"": true}, {""label"": ""Med-Quality Pocket"", ""modality"": ""SM"", ""value"": false}, {""label"": ""Druggable Family"", ""modality"": ""SM"", ""value"": false}, {""label"": ""Approved Drug"", ""modality"": ""AB"", ""value"": false}, {""label"": ""Advanced Clinical"", ""modality"": ""AB"", ""value"": false}, {""label"": ""Phase 1 Clinical"", ""modality"": ""AB"", ""value"": false}, {""label"": ""UniProt loc high conf"", ""modality"": ""AB"", ""value"": false}, {""label"": ""GO CC high conf"", ""modality"": ""AB"", ""value"": true}, {""label"": ""UniProt loc med conf"", ""modality"": ""AB"", ""value"": false}, {""label"": ""UniProt SigP or TMHMM"", ""modality"": ""AB"", ""value"": false}, {""label"": ""GO CC med conf"", ""modality"": ""AB"", ""value"": false}, {""label"": ""Human Protein Atlas loc"", ""modality"": ""AB"", ""value"": false}, {""label"": ""Approved Drug"", ""modality"": ""PR"", ""value"": false}, {""label"": ""Advanced Clinical"", ""modality"": ""PR"", ""value"": false}, {""label"": ""Phase 1 Clinical"", ""modality"": ""PR"", ""value"": false}, {""label"": ""Literature"", ""modality"": ""PR"", ""value"": false}, {""label"": ""UniProt Ubiquitination"", ""modality"": ""PR"", ""value"": false}, {""label"": ""Database Ubiquitination"", ""modality"": ""PR"", ""value"": true}, {""label"": ""Half-life Data"", ""modality"": ""PR"", ""value"": true}, {""label"": ""Small Molecule Binder"", ""modality"": ""PR"", ""value"": true}, {""label"": ""Approved Drug"", ""modality"": ""OC"", ""value"": false}, {""label"": ""Advanced Clinical"", ""modality"": ""OC"", ""value"": false}, {""label"": ""Phase 1 Clinical"", ""modality"": ""OC"", ""value"": false}]"	Open Targets Platform	ENSG00000115904|MONDO_0005184	26.09	https://api.platform.opentargets.org/api/v4/graphql	2026-09-30T07:41:58.308760+00:00	Aggregated evidence	opentargets-v0.2.2	data\raw\opentargets\26.09\target_ENSG00000115904_tractability.json	6aca49588d5e40466cc556e67e7ec8b7f31426ec3035e329c32bb789b7393b06
cancer_target_pair	EVID-0022	association_score	0.3701944989225757	Open Targets Platform	ENSG00000146648|MONDO_0005184	26.09	https://api.platform.opentargets.org/api/v4/graphql	2026-09-30T07:41:58.308760+00:00	Aggregated evidence	opentargets-v0.2.2	"[""data\\raw\\opentargets\\26.09\\CANCER-004_MONDO_0005184_associated_targets_page_0000.json"", ""data\\raw\\opentargets\\26.09\\CANCER-004_MONDO_0005184_associated_targets_page_0001.json"", ""data\\raw\\opentargets\\26.09\\CANCER-004_MONDO_0005184_associated_targets_page_0002.json"", ""data\\raw\\opentargets\\26.09\\CANCER-004_MONDO_0005184_associated_targets_page_0003.json"", ""data\\raw\\opentargets\\26.09\\CANCER-004_MONDO_0005184_associated_targets_page_0004.json"", ""data\\raw\\opentargets\\26.09\\CANCER-004_MONDO_0005184_associated_targets_page_0005.json"", ""data\\raw\\opentargets\\26.09\\CANCER-004_MONDO_0005184_associated_targets_page_0006.json"", ""data\\raw\\opentargets\\26.09\\CANCER-004_MONDO_0005184_associated_targets_page_0007.json"", ""data\\raw\\opentargets\\26.09\\CANCER-004_MONDO_0005184_associated_targets_page_0008.json"", ""data\\raw\\opentargets\\26.09\\CANCER-004_MONDO_0005184_associated_targets_page_0009.json"", ""data\\raw\\opentargets\\26.09\\CANCER-004_MONDO_0005184_associated_targets_page_0010.json"", ""data\\raw\\opentargets\\26.09\\CANCER-004_MONDO_0005184_associated_targets_page_0011.json"", ""data\\raw\\opentargets\\26.09\\CANCER-004_MONDO_0005184_associated_targets_page_0012.json"", ""data\\raw\\opentargets\\26.09\\CANCER-004_MONDO_0005184_associated_targets_page_0013.json"", ""data\\raw\\opentargets\\26.09\\CANCER-004_MONDO_0005184_associated_targets_page_0014.json"", ""data\\raw\\opentargets\\26.09\\CANCER-004_MONDO_0005184_associated_targets_page_0015.json""]"	f3c53d923150247e9f5712e0e9e39259a21c90fc9c1671a868c5f33a265bf81e
cancer_target_pair	EVID-0022	genetic_association_score		Open Targets Platform	ENSG00000146648|MONDO_0005184	26.09	https://api.platform.opentargets.org/api/v4/graphql	2026-09-30T07:41:58.308760+00:00	Aggregated evidence	opentargets-v0.2.2	"[""data\\raw\\opentargets\\26.09\\CANCER-004_MONDO_0005184_associated_targets_page_0000.json"", ""data\\raw\\opentargets\\26.09\\CANCER-004_MONDO_0005184_associated_targets_page_0001.json"", ""data\\raw\\opentargets\\26.09\\CANCER-004_MONDO_0005184_associated_targets_page_0002.json"", ""data\\raw\\opentargets\\26.09\\CANCER-004_MONDO_0005184_associated_targets_page_0003.json"", ""data\\raw\\opentargets\\26.09\\CANCER-004_MONDO_0005184_associated_targets_page_0004.json"", ""data\\raw\\opentargets\\26.09\\CANCER-004_MONDO_0005184_associated_targets_page_0005.json"", ""data\\raw\\opentargets\\26.09\\CANCER-004_MONDO_0005184_associated_targets_page_0006.json"", ""data\\raw\\opentargets\\26.09\\CANCER-004_MONDO_0005184_associated_targets_page_0007.json"", ""data\\raw\\opentargets\\26.09\\CANCER-004_MONDO_0005184_associated_targets_page_0008.json"", ""data\\raw\\opentargets\\26.09\\CANCER-004_MONDO_0005184_associated_targets_page_0009.json"", ""data\\raw\\opentargets\\26.09\\CANCER-004_MONDO_0005184_associated_targets_page_0010.json"", ""data\\raw\\opentargets\\26.09\\CANCER-004_MONDO_0005184_associated_targets_page_0011.json"", ""data\\raw\\opentargets\\26.09\\CANCER-004_MONDO_0005184_associated_targets_page_0012.json"", ""data\\raw\\opentargets\\26.09\\CANCER-004_MONDO_0005184_associated_targets_page_0013.json"", ""data\\raw\\opentargets\\26.09\\CANCER-004_MONDO_0005184_associated_targets_page_0014.json"", ""data\\raw\\opentargets\\26.09\\CANCER-004_MONDO_0005184_associated_targets_page_0015.json""]"	f3c53d923150247e9f5712e0e9e39259a21c90fc9c1671a868c5f33a265bf81e
cancer_target_pair	EVID-0022	somatic_mutation_score	0.4559480982087158	Open Targets Platform	ENSG00000146648|MONDO_0005184	26.09	https://api.platform.opentargets.org/api/v4/graphql	2026-09-30T07:41:58.308760+00:00	Aggregated evidence	opentargets-v0.2.2	"[""data\\raw\\opentargets\\26.09\\CANCER-004_MONDO_0005184_associated_targets_page_0000.json"", ""data\\raw\\opentargets\\26.09\\CANCER-004_MONDO_0005184_associated_targets_page_0001.json"", ""data\\raw\\opentargets\\26.09\\CANCER-004_MONDO_0005184_associated_targets_page_0002.json"", ""data\\raw\\opentargets\\26.09\\CANCER-004_MONDO_0005184_associated_targets_page_0003.json"", ""data\\raw\\opentargets\\26.09\\CANCER-004_MONDO_0005184_associated_targets_page_0004.json"", ""data\\raw\\opentargets\\26.09\\CANCER-004_MONDO_0005184_associated_targets_page_0005.json"", ""data\\raw\\opentargets\\26.09\\CANCER-004_MONDO_0005184_associated_targets_page_0006.json"", ""data\\raw\\opentargets\\26.09\\CANCER-004_MONDO_0005184_associated_targets_page_0007.json"", ""data\\raw\\opentargets\\26.09\\CANCER-004_MONDO_0005184_associated_targets_page_0008.json"", ""data\\raw\\opentargets\\26.09\\CANCER-004_MONDO_0005184_associated_targets_page_0009.json"", ""data\\raw\\opentargets\\26.09\\CANCER-004_MONDO_0005184_associated_targets_page_0010.json"", ""data\\raw\\opentargets\\26.09\\CANCER-004_MONDO_0005184_associated_targets_page_0011.json"", ""data\\raw\\opentargets\\26.09\\CANCER-004_MONDO_0005184_associated_targets_page_0012.json"", ""data\\raw\\opentargets\\26.09\\CANCER-004_MONDO_0005184_associated_targets_page_0013.json"", ""data\\raw\\opentargets\\26.09\\CANCER-004_MONDO_0005184_associated_targets_page_0014.json"", ""data\\raw\\opentargets\\26.09\\CANCER-004_MONDO_0005184_associated_targets_page_0015.json""]"	f3c53d923150247e9f5712e0e9e39259a21c90fc9c1671a868c5f33a265bf81e
cancer_target_pair	EVID-0022	known_drug_score		Open Targets Platform	ENSG00000146648|MONDO_0005184	26.09	https://api.platform.opentargets.org/api/v4/graphql	2026-09-30T07:41:58.308760+00:00	Aggregated evidence	opentargets-v0.2.2	"[""data\\raw\\opentargets\\26.09\\CANCER-004_MONDO_0005184_associated_targets_page_0000.json"", ""data\\raw\\opentargets\\26.09\\CANCER-004_MONDO_0005184_associated_targets_page_0001.json"", ""data\\raw\\opentargets\\26.09\\CANCER-004_MONDO_0005184_associated_targets_page_0002.json"", ""data\\raw\\opentargets\\26.09\\CANCER-004_MONDO_0005184_associated_targets_page_0003.json"", ""data\\raw\\opentargets\\26.09\\CANCER-004_MONDO_0005184_associated_targets_page_0004.json"", ""data\\raw\\opentargets\\26.09\\CANCER-004_MONDO_0005184_associated_targets_page_0005.json"", ""data\\raw\\opentargets\\26.09\\CANCER-004_MONDO_0005184_associated_targets_page_0006.json"", ""data\\raw\\opentargets\\26.09\\CANCER-004_MONDO_0005184_associated_targets_page_0007.json"", ""data\\raw\\opentargets\\26.09\\CANCER-004_MONDO_0005184_associated_targets_page_0008.json"", ""data\\raw\\opentargets\\26.09\\CANCER-004_MONDO_0005184_associated_targets_page_0009.json"", ""data\\raw\\opentargets\\26.09\\CANCER-004_MONDO_0005184_associated_targets_page_0010.json"", ""data\\raw\\opentargets\\26.09\\CANCER-004_MONDO_0005184_associated_targets_page_0011.json"", ""data\\raw\\opentargets\\26.09\\CANCER-004_MONDO_0005184_associated_targets_page_0012.json"", ""data\\raw\\opentargets\\26.09\\CANCER-004_MONDO_0005184_associated_targets_page_0013.json"", ""data\\raw\\opentargets\\26.09\\CANCER-004_MONDO_0005184_associated_targets_page_0014.json"", ""data\\raw\\opentargets\\26.09\\CANCER-004_MONDO_0005184_associated_targets_page_0015.json""]"	f3c53d923150247e9f5712e0e9e39259a21c90fc9c1671a868c5f33a265bf81e
cancer_target_pair	EVID-0022	literature_score	0.967718207405752	Open Targets Platform	ENSG00000146648|MONDO_0005184	26.09	https://api.platform.opentargets.org/api/v4/graphql	2026-09-30T07:41:58.308760+00:00	Aggregated evidence	opentargets-v0.2.2	"[""data\\raw\\opentargets\\26.09\\CANCER-004_MONDO_0005184_associated_targets_page_0000.json"", ""data\\raw\\opentargets\\26.09\\CANCER-004_MONDO_0005184_associated_targets_page_0001.json"", ""data\\raw\\opentargets\\26.09\\CANCER-004_MONDO_0005184_associated_targets_page_0002.json"", ""data\\raw\\opentargets\\26.09\\CANCER-004_MONDO_0005184_associated_targets_page_0003.json"", ""data\\raw\\opentargets\\26.09\\CANCER-004_MONDO_0005184_associated_targets_page_0004.json"", ""data\\raw\\opentargets\\26.09\\CANCER-004_MONDO_0005184_associated_targets_page_0005.json"", ""data\\raw\\opentargets\\26.09\\CANCER-004_MONDO_0005184_associated_targets_page_0006.json"", ""data\\raw\\opentargets\\26.09\\CANCER-004_MONDO_0005184_associated_targets_page_0007.json"", ""data\\raw\\opentargets\\26.09\\CANCER-004_MONDO_0005184_associated_targets_page_0008.json"", ""data\\raw\\opentargets\\26.09\\CANCER-004_MONDO_0005184_associated_targets_page_0009.json"", ""data\\raw\\opentargets\\26.09\\CANCER-004_MONDO_0005184_associated_targets_page_0010.json"", ""data\\raw\\opentargets\\26.09\\CANCER-004_MONDO_0005184_associated_targets_page_0011.json"", ""data\\raw\\opentargets\\26.09\\CANCER-004_MONDO_0005184_associated_targets_page_0012.json"", ""data\\raw\\opentargets\\26.09\\CANCER-004_MONDO_0005184_associated_targets_page_0013.json"", ""data\\raw\\opentargets\\26.09\\CANCER-004_MONDO_0005184_associated_targets_page_0014.json"", ""data\\raw\\opentargets\\26.09\\CANCER-004_MONDO_0005184_associated_targets_page_0015.json""]"	f3c53d923150247e9f5712e0e9e39259a21c90fc9c1671a868c5f33a265bf81e
cancer_target_pair	EVID-0022	tractability_json	"[{""label"": ""Approved Drug"", ""modality"": ""SM"", ""value"": true}, {""label"": ""Advanced Clinical"", ""modality"": ""SM"", ""value"": false}, {""label"": ""Phase 1 Clinical"", ""modality"": ""SM"", ""value"": false}, {""label"": ""Structure with Ligand"", ""modality"": ""SM"", ""value"": true}, {""label"": ""High-Quality Ligand"", ""modality"": ""SM"", ""value"": true}, {""label"": ""High-Quality Pocket"", ""modality"": ""SM"", ""value"": true}, {""label"": ""Med-Quality Pocket"", ""modality"": ""SM"", ""value"": false}, {""label"": ""Druggable Family"", ""modality"": ""SM"", ""value"": true}, {""label"": ""Approved Drug"", ""modality"": ""AB"", ""value"": true}, {""label"": ""Advanced Clinical"", ""modality"": ""AB"", ""value"": false}, {""label"": ""Phase 1 Clinical"", ""modality"": ""AB"", ""value"": false}, {""label"": ""UniProt loc high conf"", ""modality"": ""AB"", ""value"": true}, {""label"": ""GO CC high conf"", ""modality"": ""AB"", ""value"": true}, {""label"": ""UniProt loc med conf"", ""modality"": ""AB"", ""value"": true}, {""label"": ""UniProt SigP or TMHMM"", ""modality"": ""AB"", ""value"": true}, {""label"": ""GO CC med conf"", ""modality"": ""AB"", ""value"": false}, {""label"": ""Human Protein Atlas loc"", ""modality"": ""AB"", ""value"": true}, {""label"": ""Approved Drug"", ""modality"": ""PR"", ""value"": false}, {""label"": ""Advanced Clinical"", ""modality"": ""PR"", ""value"": false}, {""label"": ""Phase 1 Clinical"", ""modality"": ""PR"", ""value"": false}, {""label"": ""Literature"", ""modality"": ""PR"", ""value"": true}, {""label"": ""UniProt Ubiquitination"", ""modality"": ""PR"", ""value"": true}, {""label"": ""Database Ubiquitination"", ""modality"": ""PR"", ""value"": true}, {""label"": ""Half-life Data"", ""modality"": ""PR"", ""value"": true}, {""label"": ""Small Molecule Binder"", ""modality"": ""PR"", ""value"": true}, {""label"": ""Approved Drug"", ""modality"": ""OC"", ""value"": false}, {""label"": ""Advanced Clinical"", ""modality"": ""OC"", ""value"": true}, {""label"": ""Phase 1 Clinical"", ""modality"": ""OC"", ""value"": false}]"	Open Targets Platform	ENSG00000146648|MONDO_0005184	26.09	https://api.platform.opentargets.org/api/v4/graphql	2026-09-30T07:41:58.308760+00:00	Aggregated evidence	opentargets-v0.2.2	data\raw\opentargets\26.09\target_ENSG00000146648_tractability.json	f3c53d923150247e9f5712e0e9e39259a21c90fc9c1671a868c5f33a265bf81e
cancer_target_pair	EVID-0023	association_score	0.3041270133514216	Open Targets Platform	ENSG00000169032|MONDO_0005184	26.09	https://api.platform.opentargets.org/api/v4/graphql	2026-09-30T07:41:58.308760+00:00	Aggregated evidence	opentargets-v0.2.2	"[""data\\raw\\opentargets\\26.09\\CANCER-004_MONDO_0005184_associated_targets_page_0000.json"", ""data\\raw\\opentargets\\26.09\\CANCER-004_MONDO_0005184_associated_targets_page_0001.json"", ""data\\raw\\opentargets\\26.09\\CANCER-004_MONDO_0005184_associated_targets_page_0002.json"", ""data\\raw\\opentargets\\26.09\\CANCER-004_MONDO_0005184_associated_targets_page_0003.json"", ""data\\raw\\opentargets\\26.09\\CANCER-004_MONDO_0005184_associated_targets_page_0004.json"", ""data\\raw\\opentargets\\26.09\\CANCER-004_MONDO_0005184_associated_targets_page_0005.json"", ""data\\raw\\opentargets\\26.09\\CANCER-004_MONDO_0005184_associated_targets_page_0006.json"", ""data\\raw\\opentargets\\26.09\\CANCER-004_MONDO_0005184_associated_targets_page_0007.json"", ""data\\raw\\opentargets\\26.09\\CANCER-004_MONDO_0005184_associated_targets_page_0008.json"", ""data\\raw\\opentargets\\26.09\\CANCER-004_MONDO_0005184_associated_targets_page_0009.json"", ""data\\raw\\opentargets\\26.09\\CANCER-004_MONDO_0005184_associated_targets_page_0010.json"", ""data\\raw\\opentargets\\26.09\\CANCER-004_MONDO_0005184_associated_targets_page_0011.json"", ""data\\raw\\opentargets\\26.09\\CANCER-004_MONDO_0005184_associated_targets_page_0012.json"", ""data\\raw\\opentargets\\26.09\\CANCER-004_MONDO_0005184_associated_targets_page_0013.json"", ""data\\raw\\opentargets\\26.09\\CANCER-004_MONDO_0005184_associated_targets_page_0014.json"", ""data\\raw\\opentargets\\26.09\\CANCER-004_MONDO_0005184_associated_targets_page_0015.json""]"	813b99eddc12afe35c532fc3f5b2f7ab1a7fb24a40aa1170b8b347b582d79f8e
cancer_target_pair	EVID-0023	genetic_association_score		Open Targets Platform	ENSG00000169032|MONDO_0005184	26.09	https://api.platform.opentargets.org/api/v4/graphql	2026-09-30T07:41:58.308760+00:00	Aggregated evidence	opentargets-v0.2.2	"[""data\\raw\\opentargets\\26.09\\CANCER-004_MONDO_0005184_associated_targets_page_0000.json"", ""data\\raw\\opentargets\\26.09\\CANCER-004_MONDO_0005184_associated_targets_page_0001.json"", ""data\\raw\\opentargets\\26.09\\CANCER-004_MONDO_0005184_associated_targets_page_0002.json"", ""data\\raw\\opentargets\\26.09\\CANCER-004_MONDO_0005184_associated_targets_page_0003.json"", ""data\\raw\\opentargets\\26.09\\CANCER-004_MONDO_0005184_associated_targets_page_0004.json"", ""data\\raw\\opentargets\\26.09\\CANCER-004_MONDO_0005184_associated_targets_page_0005.json"", ""data\\raw\\opentargets\\26.09\\CANCER-004_MONDO_0005184_associated_targets_page_0006.json"", ""data\\raw\\opentargets\\26.09\\CANCER-004_MONDO_0005184_associated_targets_page_0007.json"", ""data\\raw\\opentargets\\26.09\\CANCER-004_MONDO_0005184_associated_targets_page_0008.json"", ""data\\raw\\opentargets\\26.09\\CANCER-004_MONDO_0005184_associated_targets_page_0009.json"", ""data\\raw\\opentargets\\26.09\\CANCER-004_MONDO_0005184_associated_targets_page_0010.json"", ""data\\raw\\opentargets\\26.09\\CANCER-004_MONDO_0005184_associated_targets_page_0011.json"", ""data\\raw\\opentargets\\26.09\\CANCER-004_MONDO_0005184_associated_targets_page_0012.json"", ""data\\raw\\opentargets\\26.09\\CANCER-004_MONDO_0005184_associated_targets_page_0013.json"", ""data\\raw\\opentargets\\26.09\\CANCER-004_MONDO_0005184_associated_targets_page_0014.json"", ""data\\raw\\opentargets\\26.09\\CANCER-004_MONDO_0005184_associated_targets_page_0015.json""]"	813b99eddc12afe35c532fc3f5b2f7ab1a7fb24a40aa1170b8b347b582d79f8e
cancer_target_pair	EVID-0023	somatic_mutation_score	0.4559480982087158	Open Targets Platform	ENSG00000169032|MONDO_0005184	26.09	https://api.platform.opentargets.org/api/v4/graphql	2026-09-30T07:41:58.308760+00:00	Aggregated evidence	opentargets-v0.2.2	"[""data\\raw\\opentargets\\26.09\\CANCER-004_MONDO_0005184_associated_targets_page_0000.json"", ""data\\raw\\opentargets\\26.09\\CANCER-004_MONDO_0005184_associated_targets_page_0001.json"", ""data\\raw\\opentargets\\26.09\\CANCER-004_MONDO_0005184_associated_targets_page_0002.json"", ""data\\raw\\opentargets\\26.09\\CANCER-004_MONDO_0005184_associated_targets_page_0003.json"", ""data\\raw\\opentargets\\26.09\\CANCER-004_MONDO_0005184_associated_targets_page_0004.json"", ""data\\raw\\opentargets\\26.09\\CANCER-004_MONDO_0005184_associated_targets_page_0005.json"", ""data\\raw\\opentargets\\26.09\\CANCER-004_MONDO_0005184_associated_targets_page_0006.json"", ""data\\raw\\opentargets\\26.09\\CANCER-004_MONDO_0005184_associated_targets_page_0007.json"", ""data\\raw\\opentargets\\26.09\\CANCER-004_MONDO_0005184_associated_targets_page_0008.json"", ""data\\raw\\opentargets\\26.09\\CANCER-004_MONDO_0005184_associated_targets_page_0009.json"", ""data\\raw\\opentargets\\26.09\\CANCER-004_MONDO_0005184_associated_targets_page_0010.json"", ""data\\raw\\opentargets\\26.09\\CANCER-004_MONDO_0005184_associated_targets_page_0011.json"", ""data\\raw\\opentargets\\26.09\\CANCER-004_MONDO_0005184_associated_targets_page_0012.json"", ""data\\raw\\opentargets\\26.09\\CANCER-004_MONDO_0005184_associated_targets_page_0013.json"", ""data\\raw\\opentargets\\26.09\\CANCER-004_MONDO_0005184_associated_targets_page_0014.json"", ""data\\raw\\opentargets\\26.09\\CANCER-004_MONDO_0005184_associated_targets_page_0015.json""]"	813b99eddc12afe35c532fc3f5b2f7ab1a7fb24a40aa1170b8b347b582d79f8e
cancer_target_pair	EVID-0023	known_drug_score		Open Targets Platform	ENSG00000169032|MONDO_0005184	26.09	https://api.platform.opentargets.org/api/v4/graphql	2026-09-30T07:41:58.308760+00:00	Aggregated evidence	opentargets-v0.2.2	"[""data\\raw\\opentargets\\26.09\\CANCER-004_MONDO_0005184_associated_targets_page_0000.json"", ""data\\raw\\opentargets\\26.09\\CANCER-004_MONDO_0005184_associated_targets_page_0001.json"", ""data\\raw\\opentargets\\26.09\\CANCER-004_MONDO_0005184_associated_targets_page_0002.json"", ""data\\raw\\opentargets\\26.09\\CANCER-004_MONDO_0005184_associated_targets_page_0003.json"", ""data\\raw\\opentargets\\26.09\\CANCER-004_MONDO_0005184_associated_targets_page_0004.json"", ""data\\raw\\opentargets\\26.09\\CANCER-004_MONDO_0005184_associated_targets_page_0005.json"", ""data\\raw\\opentargets\\26.09\\CANCER-004_MONDO_0005184_associated_targets_page_0006.json"", ""data\\raw\\opentargets\\26.09\\CANCER-004_MONDO_0005184_associated_targets_page_0007.json"", ""data\\raw\\opentargets\\26.09\\CANCER-004_MONDO_0005184_associated_targets_page_0008.json"", ""data\\raw\\opentargets\\26.09\\CANCER-004_MONDO_0005184_associated_targets_page_0009.json"", ""data\\raw\\opentargets\\26.09\\CANCER-004_MONDO_0005184_associated_targets_page_0010.json"", ""data\\raw\\opentargets\\26.09\\CANCER-004_MONDO_0005184_associated_targets_page_0011.json"", ""data\\raw\\opentargets\\26.09\\CANCER-004_MONDO_0005184_associated_targets_page_0012.json"", ""data\\raw\\opentargets\\26.09\\CANCER-004_MONDO_0005184_associated_targets_page_0013.json"", ""data\\raw\\opentargets\\26.09\\CANCER-004_MONDO_0005184_associated_targets_page_0014.json"", ""data\\raw\\opentargets\\26.09\\CANCER-004_MONDO_0005184_associated_targets_page_0015.json""]"	813b99eddc12afe35c532fc3f5b2f7ab1a7fb24a40aa1170b8b347b582d79f8e
cancer_target_pair	EVID-0023	literature_score	0.18323470335156472	Open Targets Platform	ENSG00000169032|MONDO_0005184	26.09	https://api.platform.opentargets.org/api/v4/graphql	2026-09-30T07:41:58.308760+00:00	Aggregated evidence	opentargets-v0.2.2	"[""data\\raw\\opentargets\\26.09\\CANCER-004_MONDO_0005184_associated_targets_page_0000.json"", ""data\\raw\\opentargets\\26.09\\CANCER-004_MONDO_0005184_associated_targets_page_0001.json"", ""data\\raw\\opentargets\\26.09\\CANCER-004_MONDO_0005184_associated_targets_page_0002.json"", ""data\\raw\\opentargets\\26.09\\CANCER-004_MONDO_0005184_associated_targets_page_0003.json"", ""data\\raw\\opentargets\\26.09\\CANCER-004_MONDO_0005184_associated_targets_page_0004.json"", ""data\\raw\\opentargets\\26.09\\CANCER-004_MONDO_0005184_associated_targets_page_0005.json"", ""data\\raw\\opentargets\\26.09\\CANCER-004_MONDO_0005184_associated_targets_page_0006.json"", ""data\\raw\\opentargets\\26.09\\CANCER-004_MONDO_0005184_associated_targets_page_0007.json"", ""data\\raw\\opentargets\\26.09\\CANCER-004_MONDO_0005184_associated_targets_page_0008.json"", ""data\\raw\\opentargets\\26.09\\CANCER-004_MONDO_0005184_associated_targets_page_0009.json"", ""data\\raw\\opentargets\\26.09\\CANCER-004_MONDO_0005184_associated_targets_page_0010.json"", ""data\\raw\\opentargets\\26.09\\CANCER-004_MONDO_0005184_associated_targets_page_0011.json"", ""data\\raw\\opentargets\\26.09\\CANCER-004_MONDO_0005184_associated_targets_page_0012.json"", ""data\\raw\\opentargets\\26.09\\CANCER-004_MONDO_0005184_associated_targets_page_0013.json"", ""data\\raw\\opentargets\\26.09\\CANCER-004_MONDO_0005184_associated_targets_page_0014.json"", ""data\\raw\\opentargets\\26.09\\CANCER-004_MONDO_0005184_associated_targets_page_0015.json""]"	813b99eddc12afe35c532fc3f5b2f7ab1a7fb24a40aa1170b8b347b582d79f8e
cancer_target_pair	EVID-0023	tractability_json	"[{""label"": ""Approved Drug"", ""modality"": ""SM"", ""value"": true}, {""label"": ""Advanced Clinical"", ""modality"": ""SM"", ""value"": false}, {""label"": ""Phase 1 Clinical"", ""modality"": ""SM"", ""value"": false}, {""label"": ""Structure with Ligand"", ""modality"": ""SM"", ""value"": true}, {""label"": ""High-Quality Ligand"", ""modality"": ""SM"", ""value"": true}, {""label"": ""High-Quality Pocket"", ""modality"": ""SM"", ""value"": true}, {""label"": ""Med-Quality Pocket"", ""modality"": ""SM"", ""value"": false}, {""label"": ""Druggable Family"", ""modality"": ""SM"", ""value"": true}, {""label"": ""Approved Drug"", ""modality"": ""AB"", ""value"": false}, {""label"": ""Advanced Clinical"", ""modality"": ""AB"", ""value"": false}, {""label"": ""Phase 1 Clinical"", ""modality"": ""AB"", ""value"": false}, {""label"": ""UniProt loc high conf"", ""modality"": ""AB"", ""value"": true}, {""label"": ""GO CC high conf"", ""modality"": ""AB"", ""value"": true}, {""label"": ""UniProt loc med conf"", ""modality"": ""AB"", ""value"": false}, {""label"": ""UniProt SigP or TMHMM"", ""modality"": ""AB"", ""value"": false}, {""label"": ""GO CC med conf"", ""modality"": ""AB"", ""value"": false}, {""label"": ""Human Protein Atlas loc"", ""modality"": ""AB"", ""value"": true}, {""label"": ""Approved Drug"", ""modality"": ""PR"", ""value"": false}, {""label"": ""Advanced Clinical"", ""modality"": ""PR"", ""value"": false}, {""label"": ""Phase 1 Clinical"", ""modality"": ""PR"", ""value"": false}, {""label"": ""Literature"", ""modality"": ""PR"", ""value"": true}, {""label"": ""UniProt Ubiquitination"", ""modality"": ""PR"", ""value"": false}, {""label"": ""Database Ubiquitination"", ""modality"": ""PR"", ""value"": true}, {""label"": ""Half-life Data"", ""modality"": ""PR"", ""value"": true}, {""label"": ""Small Molecule Binder"", ""modality"": ""PR"", ""value"": true}, {""label"": ""Approved Drug"", ""modality"": ""OC"", ""value"": false}, {""label"": ""Advanced Clinical"", ""modality"": ""OC"", ""value"": false}, {""label"": ""Phase 1 Clinical"", ""modality"": ""OC"", ""value"": false}]"	Open Targets Platform	ENSG00000169032|MONDO_0005184	26.09	https://api.platform.opentargets.org/api/v4/graphql	2026-09-30T07:41:58.308760+00:00	Aggregated evidence	opentargets-v0.2.2	data\raw\opentargets\26.09\target_ENSG00000169032_tractability.json	813b99eddc12afe35c532fc3f5b2f7ab1a7fb24a40aa1170b8b347b582d79f8e
cancer_target_pair	EVID-0024	association_score	0.09448383800436631	Open Targets Platform	ENSG00000177169|MONDO_0005184	26.09	https://api.platform.opentargets.org/api/v4/graphql	2026-09-30T07:41:58.308760+00:00	Aggregated evidence	opentargets-v0.2.2	"[""data\\raw\\opentargets\\26.09\\CANCER-004_MONDO_0005184_associated_targets_page_0000.json"", ""data\\raw\\opentargets\\26.09\\CANCER-004_MONDO_0005184_associated_targets_page_0001.json"", ""data\\raw\\opentargets\\26.09\\CANCER-004_MONDO_0005184_associated_targets_page_0002.json"", ""data\\raw\\opentargets\\26.09\\CANCER-004_MONDO_0005184_associated_targets_page_0003.json"", ""data\\raw\\opentargets\\26.09\\CANCER-004_MONDO_0005184_associated_targets_page_0004.json"", ""data\\raw\\opentargets\\26.09\\CANCER-004_MONDO_0005184_associated_targets_page_0005.json"", ""data\\raw\\opentargets\\26.09\\CANCER-004_MONDO_0005184_associated_targets_page_0006.json"", ""data\\raw\\opentargets\\26.09\\CANCER-004_MONDO_0005184_associated_targets_page_0007.json"", ""data\\raw\\opentargets\\26.09\\CANCER-004_MONDO_0005184_associated_targets_page_0008.json"", ""data\\raw\\opentargets\\26.09\\CANCER-004_MONDO_0005184_associated_targets_page_0009.json"", ""data\\raw\\opentargets\\26.09\\CANCER-004_MONDO_0005184_associated_targets_page_0010.json"", ""data\\raw\\opentargets\\26.09\\CANCER-004_MONDO_0005184_associated_targets_page_0011.json"", ""data\\raw\\opentargets\\26.09\\CANCER-004_MONDO_0005184_associated_targets_page_0012.json"", ""data\\raw\\opentargets\\26.09\\CANCER-004_MONDO_0005184_associated_targets_page_0013.json"", ""data\\raw\\opentargets\\26.09\\CANCER-004_MONDO_0005184_associated_targets_page_0014.json"", ""data\\raw\\opentargets\\26.09\\CANCER-004_MONDO_0005184_associated_targets_page_0015.json""]"	15dc32dcdb1c69dc418c8525972416f50648928b0d6604443cfe3b1b82b2f42e
cancer_target_pair	EVID-0024	genetic_association_score		Open Targets Platform	ENSG00000177169|MONDO_0005184	26.09	https://api.platform.opentargets.org/api/v4/graphql	2026-09-30T07:41:58.308760+00:00	Aggregated evidence	opentargets-v0.2.2	"[""data\\raw\\opentargets\\26.09\\CANCER-004_MONDO_0005184_associated_targets_page_0000.json"", ""data\\raw\\opentargets\\26.09\\CANCER-004_MONDO_0005184_associated_targets_page_0001.json"", ""data\\raw\\opentargets\\26.09\\CANCER-004_MONDO_0005184_associated_targets_page_0002.json"", ""data\\raw\\opentargets\\26.09\\CANCER-004_MONDO_0005184_associated_targets_page_0003.json"", ""data\\raw\\opentargets\\26.09\\CANCER-004_MONDO_0005184_associated_targets_page_0004.json"", ""data\\raw\\opentargets\\26.09\\CANCER-004_MONDO_0005184_associated_targets_page_0005.json"", ""data\\raw\\opentargets\\26.09\\CANCER-004_MONDO_0005184_associated_targets_page_0006.json"", ""data\\raw\\opentargets\\26.09\\CANCER-004_MONDO_0005184_associated_targets_page_0007.json"", ""data\\raw\\opentargets\\26.09\\CANCER-004_MONDO_0005184_associated_targets_page_0008.json"", ""data\\raw\\opentargets\\26.09\\CANCER-004_MONDO_0005184_associated_targets_page_0009.json"", ""data\\raw\\opentargets\\26.09\\CANCER-004_MONDO_0005184_associated_targets_page_0010.json"", ""data\\raw\\opentargets\\26.09\\CANCER-004_MONDO_0005184_associated_targets_page_0011.json"", ""data\\raw\\opentargets\\26.09\\CANCER-004_MONDO_0005184_associated_targets_page_0012.json"", ""data\\raw\\opentargets\\26.09\\CANCER-004_MONDO_0005184_associated_targets_page_0013.json"", ""data\\raw\\opentargets\\26.09\\CANCER-004_MONDO_0005184_associated_targets_page_0014.json"", ""data\\raw\\opentargets\\26.09\\CANCER-004_MONDO_0005184_associated_targets_page_0015.json""]"	15dc32dcdb1c69dc418c8525972416f50648928b0d6604443cfe3b1b82b2f42e
cancer_target_pair	EVID-0024	somatic_mutation_score		Open Targets Platform	ENSG00000177169|MONDO_0005184	26.09	https://api.platform.opentargets.org/api/v4/graphql	2026-09-30T07:41:58.308760+00:00	Aggregated evidence	opentargets-v0.2.2	"[""data\\raw\\opentargets\\26.09\\CANCER-004_MONDO_0005184_associated_targets_page_0000.json"", ""data\\raw\\opentargets\\26.09\\CANCER-004_MONDO_0005184_associated_targets_page_0001.json"", ""data\\raw\\opentargets\\26.09\\CANCER-004_MONDO_0005184_associated_targets_page_0002.json"", ""data\\raw\\opentargets\\26.09\\CANCER-004_MONDO_0005184_associated_targets_page_0003.json"", ""data\\raw\\opentargets\\26.09\\CANCER-004_MONDO_0005184_associated_targets_page_0004.json"", ""data\\raw\\opentargets\\26.09\\CANCER-004_MONDO_0005184_associated_targets_page_0005.json"", ""data\\raw\\opentargets\\26.09\\CANCER-004_MONDO_0005184_associated_targets_page_0006.json"", ""data\\raw\\opentargets\\26.09\\CANCER-004_MONDO_0005184_associated_targets_page_0007.json"", ""data\\raw\\opentargets\\26.09\\CANCER-004_MONDO_0005184_associated_targets_page_0008.json"", ""data\\raw\\opentargets\\26.09\\CANCER-004_MONDO_0005184_associated_targets_page_0009.json"", ""data\\raw\\opentargets\\26.09\\CANCER-004_MONDO_0005184_associated_targets_page_0010.json"", ""data\\raw\\opentargets\\26.09\\CANCER-004_MONDO_0005184_associated_targets_page_0011.json"", ""data\\raw\\opentargets\\26.09\\CANCER-004_MONDO_0005184_associated_targets_page_0012.json"", ""data\\raw\\opentargets\\26.09\\CANCER-004_MONDO_0005184_associated_targets_page_0013.json"", ""data\\raw\\opentargets\\26.09\\CANCER-004_MONDO_0005184_associated_targets_page_0014.json"", ""data\\raw\\opentargets\\26.09\\CANCER-004_MONDO_0005184_associated_targets_page_0015.json""]"	15dc32dcdb1c69dc418c8525972416f50648928b0d6604443cfe3b1b82b2f42e
cancer_target_pair	EVID-0024	known_drug_score		Open Targets Platform	ENSG00000177169|MONDO_0005184	26.09	https://api.platform.opentargets.org/api/v4/graphql	2026-09-30T07:41:58.308760+00:00	Aggregated evidence	opentargets-v0.2.2	"[""data\\raw\\opentargets\\26.09\\CANCER-004_MONDO_0005184_associated_targets_page_0000.json"", ""data\\raw\\opentargets\\26.09\\CANCER-004_MONDO_0005184_associated_targets_page_0001.json"", ""data\\raw\\opentargets\\26.09\\CANCER-004_MONDO_0005184_associated_targets_page_0002.json"", ""data\\raw\\opentargets\\26.09\\CANCER-004_MONDO_0005184_associated_targets_page_0003.json"", ""data\\raw\\opentargets\\26.09\\CANCER-004_MONDO_0005184_associated_targets_page_0004.json"", ""data\\raw\\opentargets\\26.09\\CANCER-004_MONDO_0005184_associated_targets_page_0005.json"", ""data\\raw\\opentargets\\26.09\\CANCER-004_MONDO_0005184_associated_targets_page_0006.json"", ""data\\raw\\opentargets\\26.09\\CANCER-004_MONDO_0005184_associated_targets_page_0007.json"", ""data\\raw\\opentargets\\26.09\\CANCER-004_MONDO_0005184_associated_targets_page_0008.json"", ""data\\raw\\opentargets\\26.09\\CANCER-004_MONDO_0005184_associated_targets_page_0009.json"", ""data\\raw\\opentargets\\26.09\\CANCER-004_MONDO_0005184_associated_targets_page_0010.json"", ""data\\raw\\opentargets\\26.09\\CANCER-004_MONDO_0005184_associated_targets_page_0011.json"", ""data\\raw\\opentargets\\26.09\\CANCER-004_MONDO_0005184_associated_targets_page_0012.json"", ""data\\raw\\opentargets\\26.09\\CANCER-004_MONDO_0005184_associated_targets_page_0013.json"", ""data\\raw\\opentargets\\26.09\\CANCER-004_MONDO_0005184_associated_targets_page_0014.json"", ""data\\raw\\opentargets\\26.09\\CANCER-004_MONDO_0005184_associated_targets_page_0015.json""]"	15dc32dcdb1c69dc418c8525972416f50648928b0d6604443cfe3b1b82b2f42e
cancer_target_pair	EVID-0024	literature_score	0.7770936953314848	Open Targets Platform	ENSG00000177169|MONDO_0005184	26.09	https://api.platform.opentargets.org/api/v4/graphql	2026-09-30T07:41:58.308760+00:00	Aggregated evidence	opentargets-v0.2.2	"[""data\\raw\\opentargets\\26.09\\CANCER-004_MONDO_0005184_associated_targets_page_0000.json"", ""data\\raw\\opentargets\\26.09\\CANCER-004_MONDO_0005184_associated_targets_page_0001.json"", ""data\\raw\\opentargets\\26.09\\CANCER-004_MONDO_0005184_associated_targets_page_0002.json"", ""data\\raw\\opentargets\\26.09\\CANCER-004_MONDO_0005184_associated_targets_page_0003.json"", ""data\\raw\\opentargets\\26.09\\CANCER-004_MONDO_0005184_associated_targets_page_0004.json"", ""data\\raw\\opentargets\\26.09\\CANCER-004_MONDO_0005184_associated_targets_page_0005.json"", ""data\\raw\\opentargets\\26.09\\CANCER-004_MONDO_0005184_associated_targets_page_0006.json"", ""data\\raw\\opentargets\\26.09\\CANCER-004_MONDO_0005184_associated_targets_page_0007.json"", ""data\\raw\\opentargets\\26.09\\CANCER-004_MONDO_0005184_associated_targets_page_0008.json"", ""data\\raw\\opentargets\\26.09\\CANCER-004_MONDO_0005184_associated_targets_page_0009.json"", ""data\\raw\\opentargets\\26.09\\CANCER-004_MONDO_0005184_associated_targets_page_0010.json"", ""data\\raw\\opentargets\\26.09\\CANCER-004_MONDO_0005184_associated_targets_page_0011.json"", ""data\\raw\\opentargets\\26.09\\CANCER-004_MONDO_0005184_associated_targets_page_0012.json"", ""data\\raw\\opentargets\\26.09\\CANCER-004_MONDO_0005184_associated_targets_page_0013.json"", ""data\\raw\\opentargets\\26.09\\CANCER-004_MONDO_0005184_associated_targets_page_0014.json"", ""data\\raw\\opentargets\\26.09\\CANCER-004_MONDO_0005184_associated_targets_page_0015.json""]"	15dc32dcdb1c69dc418c8525972416f50648928b0d6604443cfe3b1b82b2f42e
cancer_target_pair	EVID-0024	tractability_json	"[{""label"": ""Approved Drug"", ""modality"": ""SM"", ""value"": false}, {""label"": ""Advanced Clinical"", ""modality"": ""SM"", ""value"": false}, {""label"": ""Phase 1 Clinical"", ""modality"": ""SM"", ""value"": false}, {""label"": ""Structure with Ligand"", ""modality"": ""SM"", ""value"": true}, {""label"": ""High-Quality Ligand"", ""modality"": ""SM"", ""value"": true}, {""label"": ""High-Quality Pocket"", ""modality"": ""SM"", ""value"": false}, {""label"": ""Med-Quality Pocket"", ""modality"": ""SM"", ""value"": false}, {""label"": ""Druggable Family"", ""modality"": ""SM"", ""value"": true}, {""label"": ""Approved Drug"", ""modality"": ""AB"", ""value"": false}, {""label"": ""Advanced Clinical"", ""modality"": ""AB"", ""value"": false}, {""label"": ""Phase 1 Clinical"", ""modality"": ""AB"", ""value"": false}, {""label"": ""UniProt loc high conf"", ""modality"": ""AB"", ""value"": false}, {""label"": ""GO CC high conf"", ""modality"": ""AB"", ""value"": false}, {""label"": ""UniProt loc med conf"", ""modality"": ""AB"", ""value"": false}, {""label"": ""UniProt SigP or TMHMM"", ""modality"": ""AB"", ""value"": false}, {""label"": ""GO CC med conf"", ""modality"": ""AB"", ""value"": false}, {""label"": ""Human Protein Atlas loc"", ""modality"": ""AB"", ""value"": false}, {""label"": ""Approved Drug"", ""modality"": ""PR"", ""value"": false}, {""label"": ""Advanced Clinical"", ""modality"": ""PR"", ""value"": false}, {""label"": ""Phase 1 Clinical"", ""modality"": ""PR"", ""value"": false}, {""label"": ""Literature"", ""modality"": ""PR"", ""value"": true}, {""label"": ""UniProt Ubiquitination"", ""modality"": ""PR"", ""value"": true}, {""label"": ""Database Ubiquitination"", ""modality"": ""PR"", ""value"": true}, {""label"": ""Half-life Data"", ""modality"": ""PR"", ""value"": true}, {""label"": ""Small Molecule Binder"", ""modality"": ""PR"", ""value"": true}, {""label"": ""Approved Drug"", ""modality"": ""OC"", ""value"": false}, {""label"": ""Advanced Clinical"", ""modality"": ""OC"", ""value"": false}, {""label"": ""Phase 1 Clinical"", ""modality"": ""OC"", ""value"": false}]"	Open Targets Platform	ENSG00000177169|MONDO_0005184	26.09	https://api.platform.opentargets.org/api/v4/graphql	2026-09-30T07:41:58.308760+00:00	Aggregated evidence	opentargets-v0.2.2	data\raw\opentargets\26.09\target_ENSG00000177169_tractability.json	15dc32dcdb1c69dc418c8525972416f50648928b0d6604443cfe3b1b82b2f42e
cancer_target_pair	EVID-0025	association_score	0.30708076639295556	Open Targets Platform	ENSG00000121879|MONDO_0005184	26.09	https://api.platform.opentargets.org/api/v4/graphql	2026-09-30T07:41:58.308760+00:00	Aggregated evidence	opentargets-v0.2.2	"[""data\\raw\\opentargets\\26.09\\CANCER-004_MONDO_0005184_associated_targets_page_0000.json"", ""data\\raw\\opentargets\\26.09\\CANCER-004_MONDO_0005184_associated_targets_page_0001.json"", ""data\\raw\\opentargets\\26.09\\CANCER-004_MONDO_0005184_associated_targets_page_0002.json"", ""data\\raw\\opentargets\\26.09\\CANCER-004_MONDO_0005184_associated_targets_page_0003.json"", ""data\\raw\\opentargets\\26.09\\CANCER-004_MONDO_0005184_associated_targets_page_0004.json"", ""data\\raw\\opentargets\\26.09\\CANCER-004_MONDO_0005184_associated_targets_page_0005.json"", ""data\\raw\\opentargets\\26.09\\CANCER-004_MONDO_0005184_associated_targets_page_0006.json"", ""data\\raw\\opentargets\\26.09\\CANCER-004_MONDO_0005184_associated_targets_page_0007.json"", ""data\\raw\\opentargets\\26.09\\CANCER-004_MONDO_0005184_associated_targets_page_0008.json"", ""data\\raw\\opentargets\\26.09\\CANCER-004_MONDO_0005184_associated_targets_page_0009.json"", ""data\\raw\\opentargets\\26.09\\CANCER-004_MONDO_0005184_associated_targets_page_0010.json"", ""data\\raw\\opentargets\\26.09\\CANCER-004_MONDO_0005184_associated_targets_page_0011.json"", ""data\\raw\\opentargets\\26.09\\CANCER-004_MONDO_0005184_associated_targets_page_0012.json"", ""data\\raw\\opentargets\\26.09\\CANCER-004_MONDO_0005184_associated_targets_page_0013.json"", ""data\\raw\\opentargets\\26.09\\CANCER-004_MONDO_0005184_associated_targets_page_0014.json"", ""data\\raw\\opentargets\\26.09\\CANCER-004_MONDO_0005184_associated_targets_page_0015.json""]"	ad092fb1025aa104d99274d2ba031725f77be5ebd64c1d332ae5d3646d0daf8d
cancer_target_pair	EVID-0025	genetic_association_score		Open Targets Platform	ENSG00000121879|MONDO_0005184	26.09	https://api.platform.opentargets.org/api/v4/graphql	2026-09-30T07:41:58.308760+00:00	Aggregated evidence	opentargets-v0.2.2	"[""data\\raw\\opentargets\\26.09\\CANCER-004_MONDO_0005184_associated_targets_page_0000.json"", ""data\\raw\\opentargets\\26.09\\CANCER-004_MONDO_0005184_associated_targets_page_0001.json"", ""data\\raw\\opentargets\\26.09\\CANCER-004_MONDO_0005184_associated_targets_page_0002.json"", ""data\\raw\\opentargets\\26.09\\CANCER-004_MONDO_0005184_associated_targets_page_0003.json"", ""data\\raw\\opentargets\\26.09\\CANCER-004_MONDO_0005184_associated_targets_page_0004.json"", ""data\\raw\\opentargets\\26.09\\CANCER-004_MONDO_0005184_associated_targets_page_0005.json"", ""data\\raw\\opentargets\\26.09\\CANCER-004_MONDO_0005184_associated_targets_page_0006.json"", ""data\\raw\\opentargets\\26.09\\CANCER-004_MONDO_0005184_associated_targets_page_0007.json"", ""data\\raw\\opentargets\\26.09\\CANCER-004_MONDO_0005184_associated_targets_page_0008.json"", ""data\\raw\\opentargets\\26.09\\CANCER-004_MONDO_0005184_associated_targets_page_0009.json"", ""data\\raw\\opentargets\\26.09\\CANCER-004_MONDO_0005184_associated_targets_page_0010.json"", ""data\\raw\\opentargets\\26.09\\CANCER-004_MONDO_0005184_associated_targets_page_0011.json"", ""data\\raw\\opentargets\\26.09\\CANCER-004_MONDO_0005184_associated_targets_page_0012.json"", ""data\\raw\\opentargets\\26.09\\CANCER-004_MONDO_0005184_associated_targets_page_0013.json"", ""data\\raw\\opentargets\\26.09\\CANCER-004_MONDO_0005184_associated_targets_page_0014.json"", ""data\\raw\\opentargets\\26.09\\CANCER-004_MONDO_0005184_associated_targets_page_0015.json""]"	ad092fb1025aa104d99274d2ba031725f77be5ebd64c1d332ae5d3646d0daf8d
cancer_target_pair	EVID-0025	somatic_mutation_score	0.4559480982087158	Open Targets Platform	ENSG00000121879|MONDO_0005184	26.09	https://api.platform.opentargets.org/api/v4/graphql	2026-09-30T07:41:58.308760+00:00	Aggregated evidence	opentargets-v0.2.2	"[""data\\raw\\opentargets\\26.09\\CANCER-004_MONDO_0005184_associated_targets_page_0000.json"", ""data\\raw\\opentargets\\26.09\\CANCER-004_MONDO_0005184_associated_targets_page_0001.json"", ""data\\raw\\opentargets\\26.09\\CANCER-004_MONDO_0005184_associated_targets_page_0002.json"", ""data\\raw\\opentargets\\26.09\\CANCER-004_MONDO_0005184_associated_targets_page_0003.json"", ""data\\raw\\opentargets\\26.09\\CANCER-004_MONDO_0005184_associated_targets_page_0004.json"", ""data\\raw\\opentargets\\26.09\\CANCER-004_MONDO_0005184_associated_targets_page_0005.json"", ""data\\raw\\opentargets\\26.09\\CANCER-004_MONDO_0005184_associated_targets_page_0006.json"", ""data\\raw\\opentargets\\26.09\\CANCER-004_MONDO_0005184_associated_targets_page_0007.json"", ""data\\raw\\opentargets\\26.09\\CANCER-004_MONDO_0005184_associated_targets_page_0008.json"", ""data\\raw\\opentargets\\26.09\\CANCER-004_MONDO_0005184_associated_targets_page_0009.json"", ""data\\raw\\opentargets\\26.09\\CANCER-004_MONDO_0005184_associated_targets_page_0010.json"", ""data\\raw\\opentargets\\26.09\\CANCER-004_MONDO_0005184_associated_targets_page_0011.json"", ""data\\raw\\opentargets\\26.09\\CANCER-004_MONDO_0005184_associated_targets_page_0012.json"", ""data\\raw\\opentargets\\26.09\\CANCER-004_MONDO_0005184_associated_targets_page_0013.json"", ""data\\raw\\opentargets\\26.09\\CANCER-004_MONDO_0005184_associated_targets_page_0014.json"", ""data\\raw\\opentargets\\26.09\\CANCER-004_MONDO_0005184_associated_targets_page_0015.json""]"	ad092fb1025aa104d99274d2ba031725f77be5ebd64c1d332ae5d3646d0daf8d
cancer_target_pair	EVID-0025	known_drug_score		Open Targets Platform	ENSG00000121879|MONDO_0005184	26.09	https://api.platform.opentargets.org/api/v4/graphql	2026-09-30T07:41:58.308760+00:00	Aggregated evidence	opentargets-v0.2.2	"[""data\\raw\\opentargets\\26.09\\CANCER-004_MONDO_0005184_associated_targets_page_0000.json"", ""data\\raw\\opentargets\\26.09\\CANCER-004_MONDO_0005184_associated_targets_page_0001.json"", ""data\\raw\\opentargets\\26.09\\CANCER-004_MONDO_0005184_associated_targets_page_0002.json"", ""data\\raw\\opentargets\\26.09\\CANCER-004_MONDO_0005184_associated_targets_page_0003.json"", ""data\\raw\\opentargets\\26.09\\CANCER-004_MONDO_0005184_associated_targets_page_0004.json"", ""data\\raw\\opentargets\\26.09\\CANCER-004_MONDO_0005184_associated_targets_page_0005.json"", ""data\\raw\\opentargets\\26.09\\CANCER-004_MONDO_0005184_associated_targets_page_0006.json"", ""data\\raw\\opentargets\\26.09\\CANCER-004_MONDO_0005184_associated_targets_page_0007.json"", ""data\\raw\\opentargets\\26.09\\CANCER-004_MONDO_0005184_associated_targets_page_0008.json"", ""data\\raw\\opentargets\\26.09\\CANCER-004_MONDO_0005184_associated_targets_page_0009.json"", ""data\\raw\\opentargets\\26.09\\CANCER-004_MONDO_0005184_associated_targets_page_0010.json"", ""data\\raw\\opentargets\\26.09\\CANCER-004_MONDO_0005184_associated_targets_page_0011.json"", ""data\\raw\\opentargets\\26.09\\CANCER-004_MONDO_0005184_associated_targets_page_0012.json"", ""data\\raw\\opentargets\\26.09\\CANCER-004_MONDO_0005184_associated_targets_page_0013.json"", ""data\\raw\\opentargets\\26.09\\CANCER-004_MONDO_0005184_associated_targets_page_0014.json"", ""data\\raw\\opentargets\\26.09\\CANCER-004_MONDO_0005184_associated_targets_page_0015.json""]"	ad092fb1025aa104d99274d2ba031725f77be5ebd64c1d332ae5d3646d0daf8d
cancer_target_pair	EVID-0025	literature_score	0.7133374326471119	Open Targets Platform	ENSG00000121879|MONDO_0005184	26.09	https://api.platform.opentargets.org/api/v4/graphql	2026-09-30T07:41:58.308760+00:00	Aggregated evidence	opentargets-v0.2.2	"[""data\\raw\\opentargets\\26.09\\CANCER-004_MONDO_0005184_associated_targets_page_0000.json"", ""data\\raw\\opentargets\\26.09\\CANCER-004_MONDO_0005184_associated_targets_page_0001.json"", ""data\\raw\\opentargets\\26.09\\CANCER-004_MONDO_0005184_associated_targets_page_0002.json"", ""data\\raw\\opentargets\\26.09\\CANCER-004_MONDO_0005184_associated_targets_page_0003.json"", ""data\\raw\\opentargets\\26.09\\CANCER-004_MONDO_0005184_associated_targets_page_0004.json"", ""data\\raw\\opentargets\\26.09\\CANCER-004_MONDO_0005184_associated_targets_page_0005.json"", ""data\\raw\\opentargets\\26.09\\CANCER-004_MONDO_0005184_associated_targets_page_0006.json"", ""data\\raw\\opentargets\\26.09\\CANCER-004_MONDO_0005184_associated_targets_page_0007.json"", ""data\\raw\\opentargets\\26.09\\CANCER-004_MONDO_0005184_associated_targets_page_0008.json"", ""data\\raw\\opentargets\\26.09\\CANCER-004_MONDO_0005184_associated_targets_page_0009.json"", ""data\\raw\\opentargets\\26.09\\CANCER-004_MONDO_0005184_associated_targets_page_0010.json"", ""data\\raw\\opentargets\\26.09\\CANCER-004_MONDO_0005184_associated_targets_page_0011.json"", ""data\\raw\\opentargets\\26.09\\CANCER-004_MONDO_0005184_associated_targets_page_0012.json"", ""data\\raw\\opentargets\\26.09\\CANCER-004_MONDO_0005184_associated_targets_page_0013.json"", ""data\\raw\\opentargets\\26.09\\CANCER-004_MONDO_0005184_associated_targets_page_0014.json"", ""data\\raw\\opentargets\\26.09\\CANCER-004_MONDO_0005184_associated_targets_page_0015.json""]"	ad092fb1025aa104d99274d2ba031725f77be5ebd64c1d332ae5d3646d0daf8d
cancer_target_pair	EVID-0025	tractability_json	"[{""label"": ""Approved Drug"", ""modality"": ""SM"", ""value"": true}, {""label"": ""Advanced Clinical"", ""modality"": ""SM"", ""value"": false}, {""label"": ""Phase 1 Clinical"", ""modality"": ""SM"", ""value"": false}, {""label"": ""Structure with Ligand"", ""modality"": ""SM"", ""value"": true}, {""label"": ""High-Quality Ligand"", ""modality"": ""SM"", ""value"": true}, {""label"": ""High-Quality Pocket"", ""modality"": ""SM"", ""value"": true}, {""label"": ""Med-Quality Pocket"", ""modality"": ""SM"", ""value"": false}, {""label"": ""Druggable Family"", ""modality"": ""SM"", ""value"": true}, {""label"": ""Approved Drug"", ""modality"": ""AB"", ""value"": false}, {""label"": ""Advanced Clinical"", ""modality"": ""AB"", ""value"": false}, {""label"": ""Phase 1 Clinical"", ""modality"": ""AB"", ""value"": false}, {""label"": ""UniProt loc high conf"", ""modality"": ""AB"", ""value"": false}, {""label"": ""GO CC high conf"", ""modality"": ""AB"", ""value"": false}, {""label"": ""UniProt loc med conf"", ""modality"": ""AB"", ""value"": false}, {""label"": ""UniProt SigP or TMHMM"", ""modality"": ""AB"", ""value"": false}, {""label"": ""GO CC med conf"", ""modality"": ""AB"", ""value"": true}, {""label"": ""Human Protein Atlas loc"", ""modality"": ""AB"", ""value"": false}, {""label"": ""Approved Drug"", ""modality"": ""PR"", ""value"": false}, {""label"": ""Advanced Clinical"", ""modality"": ""PR"", ""value"": false}, {""label"": ""Phase 1 Clinical"", ""modality"": ""PR"", ""value"": false}, {""label"": ""Literature"", ""modality"": ""PR"", ""value"": true}, {""label"": ""UniProt Ubiquitination"", ""modality"": ""PR"", ""value"": false}, {""label"": ""Database Ubiquitination"", ""modality"": ""PR"", ""value"": true}, {""label"": ""Half-life Data"", ""modality"": ""PR"", ""value"": true}, {""label"": ""Small Molecule Binder"", ""modality"": ""PR"", ""value"": true}, {""label"": ""Approved Drug"", ""modality"": ""OC"", ""value"": false}, {""label"": ""Advanced Clinical"", ""modality"": ""OC"", ""value"": false}, {""label"": ""Phase 1 Clinical"", ""modality"": ""OC"", ""value"": false}]"	Open Targets Platform	ENSG00000121879|MONDO_0005184	26.09	https://api.platform.opentargets.org/api/v4/graphql	2026-09-30T07:41:58.308760+00:00	Aggregated evidence	opentargets-v0.2.2	data\raw\opentargets\26.09\target_ENSG00000121879_tractability.json	ad092fb1025aa104d99274d2ba031725f77be5ebd64c1d332ae5d3646d0daf8d
cancer_target_pair	EVID-0026	association_score	0.3932742060061695	Open Targets Platform	ENSG00000105810|MONDO_0005184	26.09	https://api.platform.opentargets.org/api/v4/graphql	2026-09-30T07:41:58.308760+00:00	Aggregated evidence	opentargets-v0.2.2	"[""data\\raw\\opentargets\\26.09\\CANCER-004_MONDO_0005184_associated_targets_page_0000.json"", ""data\\raw\\opentargets\\26.09\\CANCER-004_MONDO_0005184_associated_targets_page_0001.json"", ""data\\raw\\opentargets\\26.09\\CANCER-004_MONDO_0005184_associated_targets_page_0002.json"", ""data\\raw\\opentargets\\26.09\\CANCER-004_MONDO_0005184_associated_targets_page_0003.json"", ""data\\raw\\opentargets\\26.09\\CANCER-004_MONDO_0005184_associated_targets_page_0004.json"", ""data\\raw\\opentargets\\26.09\\CANCER-004_MONDO_0005184_associated_targets_page_0005.json"", ""data\\raw\\opentargets\\26.09\\CANCER-004_MONDO_0005184_associated_targets_page_0006.json"", ""data\\raw\\opentargets\\26.09\\CANCER-004_MONDO_0005184_associated_targets_page_0007.json"", ""data\\raw\\opentargets\\26.09\\CANCER-004_MONDO_0005184_associated_targets_page_0008.json"", ""data\\raw\\opentargets\\26.09\\CANCER-004_MONDO_0005184_associated_targets_page_0009.json"", ""data\\raw\\opentargets\\26.09\\CANCER-004_MONDO_0005184_associated_targets_page_0010.json"", ""data\\raw\\opentargets\\26.09\\CANCER-004_MONDO_0005184_associated_targets_page_0011.json"", ""data\\raw\\opentargets\\26.09\\CANCER-004_MONDO_0005184_associated_targets_page_0012.json"", ""data\\raw\\opentargets\\26.09\\CANCER-004_MONDO_0005184_associated_targets_page_0013.json"", ""data\\raw\\opentargets\\26.09\\CANCER-004_MONDO_0005184_associated_targets_page_0014.json"", ""data\\raw\\opentargets\\26.09\\CANCER-004_MONDO_0005184_associated_targets_page_0015.json""]"	db62fb3640c6da37a99d9fc02e54efb6e2172b90cb844a5bb183bf9bac53db76
cancer_target_pair	EVID-0026	genetic_association_score		Open Targets Platform	ENSG00000105810|MONDO_0005184	26.09	https://api.platform.opentargets.org/api/v4/graphql	2026-09-30T07:41:58.308760+00:00	Aggregated evidence	opentargets-v0.2.2	"[""data\\raw\\opentargets\\26.09\\CANCER-004_MONDO_0005184_associated_targets_page_0000.json"", ""data\\raw\\opentargets\\26.09\\CANCER-004_MONDO_0005184_associated_targets_page_0001.json"", ""data\\raw\\opentargets\\26.09\\CANCER-004_MONDO_0005184_associated_targets_page_0002.json"", ""data\\raw\\opentargets\\26.09\\CANCER-004_MONDO_0005184_associated_targets_page_0003.json"", ""data\\raw\\opentargets\\26.09\\CANCER-004_MONDO_0005184_associated_targets_page_0004.json"", ""data\\raw\\opentargets\\26.09\\CANCER-004_MONDO_0005184_associated_targets_page_0005.json"", ""data\\raw\\opentargets\\26.09\\CANCER-004_MONDO_0005184_associated_targets_page_0006.json"", ""data\\raw\\opentargets\\26.09\\CANCER-004_MONDO_0005184_associated_targets_page_0007.json"", ""data\\raw\\opentargets\\26.09\\CANCER-004_MONDO_0005184_associated_targets_page_0008.json"", ""data\\raw\\opentargets\\26.09\\CANCER-004_MONDO_0005184_associated_targets_page_0009.json"", ""data\\raw\\opentargets\\26.09\\CANCER-004_MONDO_0005184_associated_targets_page_0010.json"", ""data\\raw\\opentargets\\26.09\\CANCER-004_MONDO_0005184_associated_targets_page_0011.json"", ""data\\raw\\opentargets\\26.09\\CANCER-004_MONDO_0005184_associated_targets_page_0012.json"", ""data\\raw\\opentargets\\26.09\\CANCER-004_MONDO_0005184_associated_targets_page_0013.json"", ""data\\raw\\opentargets\\26.09\\CANCER-004_MONDO_0005184_associated_targets_page_0014.json"", ""data\\raw\\opentargets\\26.09\\CANCER-004_MONDO_0005184_associated_targets_page_0015.json""]"	db62fb3640c6da37a99d9fc02e54efb6e2172b90cb844a5bb183bf9bac53db76
cancer_target_pair	EVID-0026	somatic_mutation_score	0.607930797611621	Open Targets Platform	ENSG00000105810|MONDO_0005184	26.09	https://api.platform.opentargets.org/api/v4/graphql	2026-09-30T07:41:58.308760+00:00	Aggregated evidence	opentargets-v0.2.2	"[""data\\raw\\opentargets\\26.09\\CANCER-004_MONDO_0005184_associated_targets_page_0000.json"", ""data\\raw\\opentargets\\26.09\\CANCER-004_MONDO_0005184_associated_targets_page_0001.json"", ""data\\raw\\opentargets\\26.09\\CANCER-004_MONDO_0005184_associated_targets_page_0002.json"", ""data\\raw\\opentargets\\26.09\\CANCER-004_MONDO_0005184_associated_targets_page_0003.json"", ""data\\raw\\opentargets\\26.09\\CANCER-004_MONDO_0005184_associated_targets_page_0004.json"", ""data\\raw\\opentargets\\26.09\\CANCER-004_MONDO_0005184_associated_targets_page_0005.json"", ""data\\raw\\opentargets\\26.09\\CANCER-004_MONDO_0005184_associated_targets_page_0006.json"", ""data\\raw\\opentargets\\26.09\\CANCER-004_MONDO_0005184_associated_targets_page_0007.json"", ""data\\raw\\opentargets\\26.09\\CANCER-004_MONDO_0005184_associated_targets_page_0008.json"", ""data\\raw\\opentargets\\26.09\\CANCER-004_MONDO_0005184_associated_targets_page_0009.json"", ""data\\raw\\opentargets\\26.09\\CANCER-004_MONDO_0005184_associated_targets_page_0010.json"", ""data\\raw\\opentargets\\26.09\\CANCER-004_MONDO_0005184_associated_targets_page_0011.json"", ""data\\raw\\opentargets\\26.09\\CANCER-004_MONDO_0005184_associated_targets_page_0012.json"", ""data\\raw\\opentargets\\26.09\\CANCER-004_MONDO_0005184_associated_targets_page_0013.json"", ""data\\raw\\opentargets\\26.09\\CANCER-004_MONDO_0005184_associated_targets_page_0014.json"", ""data\\raw\\opentargets\\26.09\\CANCER-004_MONDO_0005184_associated_targets_page_0015.json""]"	db62fb3640c6da37a99d9fc02e54efb6e2172b90cb844a5bb183bf9bac53db76
cancer_target_pair	EVID-0026	known_drug_score		Open Targets Platform	ENSG00000105810|MONDO_0005184	26.09	https://api.platform.opentargets.org/api/v4/graphql	2026-09-30T07:41:58.308760+00:00	Aggregated evidence	opentargets-v0.2.2	"[""data\\raw\\opentargets\\26.09\\CANCER-004_MONDO_0005184_associated_targets_page_0000.json"", ""data\\raw\\opentargets\\26.09\\CANCER-004_MONDO_0005184_associated_targets_page_0001.json"", ""data\\raw\\opentargets\\26.09\\CANCER-004_MONDO_0005184_associated_targets_page_0002.json"", ""data\\raw\\opentargets\\26.09\\CANCER-004_MONDO_0005184_associated_targets_page_0003.json"", ""data\\raw\\opentargets\\26.09\\CANCER-004_MONDO_0005184_associated_targets_page_0004.json"", ""data\\raw\\opentargets\\26.09\\CANCER-004_MONDO_0005184_associated_targets_page_0005.json"", ""data\\raw\\opentargets\\26.09\\CANCER-004_MONDO_0005184_associated_targets_page_0006.json"", ""data\\raw\\opentargets\\26.09\\CANCER-004_MONDO_0005184_associated_targets_page_0007.json"", ""data\\raw\\opentargets\\26.09\\CANCER-004_MONDO_0005184_associated_targets_page_0008.json"", ""data\\raw\\opentargets\\26.09\\CANCER-004_MONDO_0005184_associated_targets_page_0009.json"", ""data\\raw\\opentargets\\26.09\\CANCER-004_MONDO_0005184_associated_targets_page_0010.json"", ""data\\raw\\opentargets\\26.09\\CANCER-004_MONDO_0005184_associated_targets_page_0011.json"", ""data\\raw\\opentargets\\26.09\\CANCER-004_MONDO_0005184_associated_targets_page_0012.json"", ""data\\raw\\opentargets\\26.09\\CANCER-004_MONDO_0005184_associated_targets_page_0013.json"", ""data\\raw\\opentargets\\26.09\\CANCER-004_MONDO_0005184_associated_targets_page_0014.json"", ""data\\raw\\opentargets\\26.09\\CANCER-004_MONDO_0005184_associated_targets_page_0015.json""]"	db62fb3640c6da37a99d9fc02e54efb6e2172b90cb844a5bb183bf9bac53db76
cancer_target_pair	EVID-0026	literature_score	0.21506856176568218	Open Targets Platform	ENSG00000105810|MONDO_0005184	26.09	https://api.platform.opentargets.org/api/v4/graphql	2026-09-30T07:41:58.308760+00:00	Aggregated evidence	opentargets-v0.2.2	"[""data\\raw\\opentargets\\26.09\\CANCER-004_MONDO_0005184_associated_targets_page_0000.json"", ""data\\raw\\opentargets\\26.09\\CANCER-004_MONDO_0005184_associated_targets_page_0001.json"", ""data\\raw\\opentargets\\26.09\\CANCER-004_MONDO_0005184_associated_targets_page_0002.json"", ""data\\raw\\opentargets\\26.09\\CANCER-004_MONDO_0005184_associated_targets_page_0003.json"", ""data\\raw\\opentargets\\26.09\\CANCER-004_MONDO_0005184_associated_targets_page_0004.json"", ""data\\raw\\opentargets\\26.09\\CANCER-004_MONDO_0005184_associated_targets_page_0005.json"", ""data\\raw\\opentargets\\26.09\\CANCER-004_MONDO_0005184_associated_targets_page_0006.json"", ""data\\raw\\opentargets\\26.09\\CANCER-004_MONDO_0005184_associated_targets_page_0007.json"", ""data\\raw\\opentargets\\26.09\\CANCER-004_MONDO_0005184_associated_targets_page_0008.json"", ""data\\raw\\opentargets\\26.09\\CANCER-004_MONDO_0005184_associated_targets_page_0009.json"", ""data\\raw\\opentargets\\26.09\\CANCER-004_MONDO_0005184_associated_targets_page_0010.json"", ""data\\raw\\opentargets\\26.09\\CANCER-004_MONDO_0005184_associated_targets_page_0011.json"", ""data\\raw\\opentargets\\26.09\\CANCER-004_MONDO_0005184_associated_targets_page_0012.json"", ""data\\raw\\opentargets\\26.09\\CANCER-004_MONDO_0005184_associated_targets_page_0013.json"", ""data\\raw\\opentargets\\26.09\\CANCER-004_MONDO_0005184_associated_targets_page_0014.json"", ""data\\raw\\opentargets\\26.09\\CANCER-004_MONDO_0005184_associated_targets_page_0015.json""]"	db62fb3640c6da37a99d9fc02e54efb6e2172b90cb844a5bb183bf9bac53db76
cancer_target_pair	EVID-0026	tractability_json	"[{""label"": ""Approved Drug"", ""modality"": ""SM"", ""value"": true}, {""label"": ""Advanced Clinical"", ""modality"": ""SM"", ""value"": false}, {""label"": ""Phase 1 Clinical"", ""modality"": ""SM"", ""value"": false}, {""label"": ""Structure with Ligand"", ""modality"": ""SM"", ""value"": true}, {""label"": ""High-Quality Ligand"", ""modality"": ""SM"", ""value"": true}, {""label"": ""High-Quality Pocket"", ""modality"": ""SM"", ""value"": true}, {""label"": ""Med-Quality Pocket"", ""modality"": ""SM"", ""value"": false}, {""label"": ""Druggable Family"", ""modality"": ""SM"", ""value"": true}, {""label"": ""Approved Drug"", ""modality"": ""AB"", ""value"": false}, {""label"": ""Advanced Clinical"", ""modality"": ""AB"", ""value"": false}, {""label"": ""Phase 1 Clinical"", ""modality"": ""AB"", ""value"": false}, {""label"": ""UniProt loc high conf"", ""modality"": ""AB"", ""value"": false}, {""label"": ""GO CC high conf"", ""modality"": ""AB"", ""value"": false}, {""label"": ""UniProt loc med conf"", ""modality"": ""AB"", ""value"": false}, {""label"": ""UniProt SigP or TMHMM"", ""modality"": ""AB"", ""value"": false}, {""label"": ""GO CC med conf"", ""modality"": ""AB"", ""value"": false}, {""label"": ""Human Protein Atlas loc"", ""modality"": ""AB"", ""value"": false}, {""label"": ""Approved Drug"", ""modality"": ""PR"", ""value"": false}, {""label"": ""Advanced Clinical"", ""modality"": ""PR"", ""value"": false}, {""label"": ""Phase 1 Clinical"", ""modality"": ""PR"", ""value"": false}, {""label"": ""Literature"", ""modality"": ""PR"", ""value"": true}, {""label"": ""UniProt Ubiquitination"", ""modality"": ""PR"", ""value"": false}, {""label"": ""Database Ubiquitination"", ""modality"": ""PR"", ""value"": true}, {""label"": ""Half-life Data"", ""modality"": ""PR"", ""value"": true}, {""label"": ""Small Molecule Binder"", ""modality"": ""PR"", ""value"": true}, {""label"": ""Approved Drug"", ""modality"": ""OC"", ""value"": false}, {""label"": ""Advanced Clinical"", ""modality"": ""OC"", ""value"": false}, {""label"": ""Phase 1 Clinical"", ""modality"": ""OC"", ""value"": false}]"	Open Targets Platform	ENSG00000105810|MONDO_0005184	26.09	https://api.platform.opentargets.org/api/v4/graphql	2026-09-30T07:41:58.308760+00:00	Aggregated evidence	opentargets-v0.2.2	data\raw\opentargets\26.09\target_ENSG00000105810_tractability.json	db62fb3640c6da37a99d9fc02e54efb6e2172b90cb844a5bb183bf9bac53db76
cancer_target_pair	EVID-0027	association_score	0.3072213670790241	Open Targets Platform	ENSG00000137693|MONDO_0005184	26.09	https://api.platform.opentargets.org/api/v4/graphql	2026-09-30T07:41:58.308760+00:00	Aggregated evidence	opentargets-v0.2.2	"[""data\\raw\\opentargets\\26.09\\CANCER-004_MONDO_0005184_associated_targets_page_0000.json"", ""data\\raw\\opentargets\\26.09\\CANCER-004_MONDO_0005184_associated_targets_page_0001.json"", ""data\\raw\\opentargets\\26.09\\CANCER-004_MONDO_0005184_associated_targets_page_0002.json"", ""data\\raw\\opentargets\\26.09\\CANCER-004_MONDO_0005184_associated_targets_page_0003.json"", ""data\\raw\\opentargets\\26.09\\CANCER-004_MONDO_0005184_associated_targets_page_0004.json"", ""data\\raw\\opentargets\\26.09\\CANCER-004_MONDO_0005184_associated_targets_page_0005.json"", ""data\\raw\\opentargets\\26.09\\CANCER-004_MONDO_0005184_associated_targets_page_0006.json"", ""data\\raw\\opentargets\\26.09\\CANCER-004_MONDO_0005184_associated_targets_page_0007.json"", ""data\\raw\\opentargets\\26.09\\CANCER-004_MONDO_0005184_associated_targets_page_0008.json"", ""data\\raw\\opentargets\\26.09\\CANCER-004_MONDO_0005184_associated_targets_page_0009.json"", ""data\\raw\\opentargets\\26.09\\CANCER-004_MONDO_0005184_associated_targets_page_0010.json"", ""data\\raw\\opentargets\\26.09\\CANCER-004_MONDO_0005184_associated_targets_page_0011.json"", ""data\\raw\\opentargets\\26.09\\CANCER-004_MONDO_0005184_associated_targets_page_0012.json"", ""data\\raw\\opentargets\\26.09\\CANCER-004_MONDO_0005184_associated_targets_page_0013.json"", ""data\\raw\\opentargets\\26.09\\CANCER-004_MONDO_0005184_associated_targets_page_0014.json"", ""data\\raw\\opentargets\\26.09\\CANCER-004_MONDO_0005184_associated_targets_page_0015.json""]"	536bd7d672ec873434c28ed38f51bc930647c4630ce48dbd8851036e0bc7a657
cancer_target_pair	EVID-0027	genetic_association_score		Open Targets Platform	ENSG00000137693|MONDO_0005184	26.09	https://api.platform.opentargets.org/api/v4/graphql	2026-09-30T07:41:58.308760+00:00	Aggregated evidence	opentargets-v0.2.2	"[""data\\raw\\opentargets\\26.09\\CANCER-004_MONDO_0005184_associated_targets_page_0000.json"", ""data\\raw\\opentargets\\26.09\\CANCER-004_MONDO_0005184_associated_targets_page_0001.json"", ""data\\raw\\opentargets\\26.09\\CANCER-004_MONDO_0005184_associated_targets_page_0002.json"", ""data\\raw\\opentargets\\26.09\\CANCER-004_MONDO_0005184_associated_targets_page_0003.json"", ""data\\raw\\opentargets\\26.09\\CANCER-004_MONDO_0005184_associated_targets_page_0004.json"", ""data\\raw\\opentargets\\26.09\\CANCER-004_MONDO_0005184_associated_targets_page_0005.json"", ""data\\raw\\opentargets\\26.09\\CANCER-004_MONDO_0005184_associated_targets_page_0006.json"", ""data\\raw\\opentargets\\26.09\\CANCER-004_MONDO_0005184_associated_targets_page_0007.json"", ""data\\raw\\opentargets\\26.09\\CANCER-004_MONDO_0005184_associated_targets_page_0008.json"", ""data\\raw\\opentargets\\26.09\\CANCER-004_MONDO_0005184_associated_targets_page_0009.json"", ""data\\raw\\opentargets\\26.09\\CANCER-004_MONDO_0005184_associated_targets_page_0010.json"", ""data\\raw\\opentargets\\26.09\\CANCER-004_MONDO_0005184_associated_targets_page_0011.json"", ""data\\raw\\opentargets\\26.09\\CANCER-004_MONDO_0005184_associated_targets_page_0012.json"", ""data\\raw\\opentargets\\26.09\\CANCER-004_MONDO_0005184_associated_targets_page_0013.json"", ""data\\raw\\opentargets\\26.09\\CANCER-004_MONDO_0005184_associated_targets_page_0014.json"", ""data\\raw\\opentargets\\26.09\\CANCER-004_MONDO_0005184_associated_targets_page_0015.json""]"	536bd7d672ec873434c28ed38f51bc930647c4630ce48dbd8851036e0bc7a657
cancer_target_pair	EVID-0027	somatic_mutation_score	0.4559480982087158	Open Targets Platform	ENSG00000137693|MONDO_0005184	26.09	https://api.platform.opentargets.org/api/v4/graphql	2026-09-30T07:41:58.308760+00:00	Aggregated evidence	opentargets-v0.2.2	"[""data\\raw\\opentargets\\26.09\\CANCER-004_MONDO_0005184_associated_targets_page_0000.json"", ""data\\raw\\opentargets\\26.09\\CANCER-004_MONDO_0005184_associated_targets_page_0001.json"", ""data\\raw\\opentargets\\26.09\\CANCER-004_MONDO_0005184_associated_targets_page_0002.json"", ""data\\raw\\opentargets\\26.09\\CANCER-004_MONDO_0005184_associated_targets_page_0003.json"", ""data\\raw\\opentargets\\26.09\\CANCER-004_MONDO_0005184_associated_targets_page_0004.json"", ""data\\raw\\opentargets\\26.09\\CANCER-004_MONDO_0005184_associated_targets_page_0005.json"", ""data\\raw\\opentargets\\26.09\\CANCER-004_MONDO_0005184_associated_targets_page_0006.json"", ""data\\raw\\opentargets\\26.09\\CANCER-004_MONDO_0005184_associated_targets_page_0007.json"", ""data\\raw\\opentargets\\26.09\\CANCER-004_MONDO_0005184_associated_targets_page_0008.json"", ""data\\raw\\opentargets\\26.09\\CANCER-004_MONDO_0005184_associated_targets_page_0009.json"", ""data\\raw\\opentargets\\26.09\\CANCER-004_MONDO_0005184_associated_targets_page_0010.json"", ""data\\raw\\opentargets\\26.09\\CANCER-004_MONDO_0005184_associated_targets_page_0011.json"", ""data\\raw\\opentargets\\26.09\\CANCER-004_MONDO_0005184_associated_targets_page_0012.json"", ""data\\raw\\opentargets\\26.09\\CANCER-004_MONDO_0005184_associated_targets_page_0013.json"", ""data\\raw\\opentargets\\26.09\\CANCER-004_MONDO_0005184_associated_targets_page_0014.json"", ""data\\raw\\opentargets\\26.09\\CANCER-004_MONDO_0005184_associated_targets_page_0015.json""]"	536bd7d672ec873434c28ed38f51bc930647c4630ce48dbd8851036e0bc7a657
cancer_target_pair	EVID-0027	known_drug_score		Open Targets Platform	ENSG00000137693|MONDO_0005184	26.09	https://api.platform.opentargets.org/api/v4/graphql	2026-09-30T07:41:58.308760+00:00	Aggregated evidence	opentargets-v0.2.2	"[""data\\raw\\opentargets\\26.09\\CANCER-004_MONDO_0005184_associated_targets_page_0000.json"", ""data\\raw\\opentargets\\26.09\\CANCER-004_MONDO_0005184_associated_targets_page_0001.json"", ""data\\raw\\opentargets\\26.09\\CANCER-004_MONDO_0005184_associated_targets_page_0002.json"", ""data\\raw\\opentargets\\26.09\\CANCER-004_MONDO_0005184_associated_targets_page_0003.json"", ""data\\raw\\opentargets\\26.09\\CANCER-004_MONDO_0005184_associated_targets_page_0004.json"", ""data\\raw\\opentargets\\26.09\\CANCER-004_MONDO_0005184_associated_targets_page_0005.json"", ""data\\raw\\opentargets\\26.09\\CANCER-004_MONDO_0005184_associated_targets_page_0006.json"", ""data\\raw\\opentargets\\26.09\\CANCER-004_MONDO_0005184_associated_targets_page_0007.json"", ""data\\raw\\opentargets\\26.09\\CANCER-004_MONDO_0005184_associated_targets_page_0008.json"", ""data\\raw\\opentargets\\26.09\\CANCER-004_MONDO_0005184_associated_targets_page_0009.json"", ""data\\raw\\opentargets\\26.09\\CANCER-004_MONDO_0005184_associated_targets_page_0010.json"", ""data\\raw\\opentargets\\26.09\\CANCER-004_MONDO_0005184_associated_targets_page_0011.json"", ""data\\raw\\opentargets\\26.09\\CANCER-004_MONDO_0005184_associated_targets_page_0012.json"", ""data\\raw\\opentargets\\26.09\\CANCER-004_MONDO_0005184_associated_targets_page_0013.json"", ""data\\raw\\opentargets\\26.09\\CANCER-004_MONDO_0005184_associated_targets_page_0014.json"", ""data\\raw\\opentargets\\26.09\\CANCER-004_MONDO_0005184_associated_targets_page_0015.json""]"	536bd7d672ec873434c28ed38f51bc930647c4630ce48dbd8851036e0bc7a657
cancer_target_pair	EVID-0027	literature_score	0.9713568707788707	Open Targets Platform	ENSG00000137693|MONDO_0005184	26.09	https://api.platform.opentargets.org/api/v4/graphql	2026-09-30T07:41:58.308760+00:00	Aggregated evidence	opentargets-v0.2.2	"[""data\\raw\\opentargets\\26.09\\CANCER-004_MONDO_0005184_associated_targets_page_0000.json"", ""data\\raw\\opentargets\\26.09\\CANCER-004_MONDO_0005184_associated_targets_page_0001.json"", ""data\\raw\\opentargets\\26.09\\CANCER-004_MONDO_0005184_associated_targets_page_0002.json"", ""data\\raw\\opentargets\\26.09\\CANCER-004_MONDO_0005184_associated_targets_page_0003.json"", ""data\\raw\\opentargets\\26.09\\CANCER-004_MONDO_0005184_associated_targets_page_0004.json"", ""data\\raw\\opentargets\\26.09\\CANCER-004_MONDO_0005184_associated_targets_page_0005.json"", ""data\\raw\\opentargets\\26.09\\CANCER-004_MONDO_0005184_associated_targets_page_0006.json"", ""data\\raw\\opentargets\\26.09\\CANCER-004_MONDO_0005184_associated_targets_page_0007.json"", ""data\\raw\\opentargets\\26.09\\CANCER-004_MONDO_0005184_associated_targets_page_0008.json"", ""data\\raw\\opentargets\\26.09\\CANCER-004_MONDO_0005184_associated_targets_page_0009.json"", ""data\\raw\\opentargets\\26.09\\CANCER-004_MONDO_0005184_associated_targets_page_0010.json"", ""data\\raw\\opentargets\\26.09\\CANCER-004_MONDO_0005184_associated_targets_page_0011.json"", ""data\\raw\\opentargets\\26.09\\CANCER-004_MONDO_0005184_associated_targets_page_0012.json"", ""data\\raw\\opentargets\\26.09\\CANCER-004_MONDO_0005184_associated_targets_page_0013.json"", ""data\\raw\\opentargets\\26.09\\CANCER-004_MONDO_0005184_associated_targets_page_0014.json"", ""data\\raw\\opentargets\\26.09\\CANCER-004_MONDO_0005184_associated_targets_page_0015.json""]"	536bd7d672ec873434c28ed38f51bc930647c4630ce48dbd8851036e0bc7a657
cancer_target_pair	EVID-0027	tractability_json	"[{""label"": ""Approved Drug"", ""modality"": ""SM"", ""value"": false}, {""label"": ""Advanced Clinical"", ""modality"": ""SM"", ""value"": false}, {""label"": ""Phase 1 Clinical"", ""modality"": ""SM"", ""value"": false}, {""label"": ""Structure with Ligand"", ""modality"": ""SM"", ""value"": true}, {""label"": ""High-Quality Ligand"", ""modality"": ""SM"", ""value"": true}, {""label"": ""High-Quality Pocket"", ""modality"": ""SM"", ""value"": false}, {""label"": ""Med-Quality Pocket"", ""modality"": ""SM"", ""value"": false}, {""label"": ""Druggable Family"", ""modality"": ""SM"", ""value"": false}, {""label"": ""Approved Drug"", ""modality"": ""AB"", ""value"": false}, {""label"": ""Advanced Clinical"", ""modality"": ""AB"", ""value"": false}, {""label"": ""Phase 1 Clinical"", ""modality"": ""AB"", ""value"": false}, {""label"": ""UniProt loc high conf"", ""modality"": ""AB"", ""value"": true}, {""label"": ""GO CC high conf"", ""modality"": ""AB"", ""value"": true}, {""label"": ""UniProt loc med conf"", ""modality"": ""AB"", ""value"": false}, {""label"": ""UniProt SigP or TMHMM"", ""modality"": ""AB"", ""value"": false}, {""label"": ""GO CC med conf"", ""modality"": ""AB"", ""value"": false}, {""label"": ""Human Protein Atlas loc"", ""modality"": ""AB"", ""value"": false}, {""label"": ""Approved Drug"", ""modality"": ""PR"", ""value"": false}, {""label"": ""Advanced Clinical"", ""modality"": ""PR"", ""value"": false}, {""label"": ""Phase 1 Clinical"", ""modality"": ""PR"", ""value"": false}, {""label"": ""Literature"", ""modality"": ""PR"", ""value"": false}, {""label"": ""UniProt Ubiquitination"", ""modality"": ""PR"", ""value"": true}, {""label"": ""Database Ubiquitination"", ""modality"": ""PR"", ""value"": true}, {""label"": ""Half-life Data"", ""modality"": ""PR"", ""value"": false}, {""label"": ""Small Molecule Binder"", ""modality"": ""PR"", ""value"": true}, {""label"": ""Approved Drug"", ""modality"": ""OC"", ""value"": false}, {""label"": ""Advanced Clinical"", ""modality"": ""OC"", ""value"": false}, {""label"": ""Phase 1 Clinical"", ""modality"": ""OC"", ""value"": false}]"	Open Targets Platform	ENSG00000137693|MONDO_0005184	26.09	https://api.platform.opentargets.org/api/v4/graphql	2026-09-30T07:41:58.308760+00:00	Aggregated evidence	opentargets-v0.2.2	data\raw\opentargets\26.09\target_ENSG00000137693_tractability.json	536bd7d672ec873434c28ed38f51bc930647c4630ce48dbd8851036e0bc7a657
cancer_target_pair	EVID-0028	association_score	0.664960901578177	Open Targets Platform	ENSG00000146648|MONDO_0018177	26.09	https://api.platform.opentargets.org/api/v4/graphql	2026-09-30T07:41:58.308760+00:00	Aggregated evidence	opentargets-v0.2.2	"[""data\\raw\\opentargets\\26.09\\CANCER-011_MONDO_0018177_associated_targets_page_0000.json"", ""data\\raw\\opentargets\\26.09\\CANCER-011_MONDO_0018177_associated_targets_page_0001.json"", ""data\\raw\\opentargets\\26.09\\CANCER-011_MONDO_0018177_associated_targets_page_0002.json"", ""data\\raw\\opentargets\\26.09\\CANCER-011_MONDO_0018177_associated_targets_page_0003.json"", ""data\\raw\\opentargets\\26.09\\CANCER-011_MONDO_0018177_associated_targets_page_0004.json"", ""data\\raw\\opentargets\\26.09\\CANCER-011_MONDO_0018177_associated_targets_page_0005.json"", ""data\\raw\\opentargets\\26.09\\CANCER-011_MONDO_0018177_associated_targets_page_0006.json"", ""data\\raw\\opentargets\\26.09\\CANCER-011_MONDO_0018177_associated_targets_page_0007.json"", ""data\\raw\\opentargets\\26.09\\CANCER-011_MONDO_0018177_associated_targets_page_0008.json"", ""data\\raw\\opentargets\\26.09\\CANCER-011_MONDO_0018177_associated_targets_page_0009.json"", ""data\\raw\\opentargets\\26.09\\CANCER-011_MONDO_0018177_associated_targets_page_0010.json"", ""data\\raw\\opentargets\\26.09\\CANCER-011_MONDO_0018177_associated_targets_page_0011.json"", ""data\\raw\\opentargets\\26.09\\CANCER-011_MONDO_0018177_associated_targets_page_0012.json"", ""data\\raw\\opentargets\\26.09\\CANCER-011_MONDO_0018177_associated_targets_page_0013.json"", ""data\\raw\\opentargets\\26.09\\CANCER-011_MONDO_0018177_associated_targets_page_0014.json"", ""data\\raw\\opentargets\\26.09\\CANCER-011_MONDO_0018177_associated_targets_page_0015.json"", ""data\\raw\\opentargets\\26.09\\CANCER-011_MONDO_0018177_associated_targets_page_0016.json"", ""data\\raw\\opentargets\\26.09\\CANCER-011_MONDO_0018177_associated_targets_page_0017.json"", ""data\\raw\\opentargets\\26.09\\CANCER-011_MONDO_0018177_associated_targets_page_0018.json"", ""data\\raw\\opentargets\\26.09\\CANCER-011_MONDO_0018177_associated_targets_page_0019.json"", ""data\\raw\\opentargets\\26.09\\CANCER-011_MONDO_0018177_associated_targets_page_0020.json"", ""data\\raw\\opentargets\\26.09\\CANCER-011_MONDO_0018177_associated_targets_page_0021.json"", ""data\\raw\\opentargets\\26.09\\CANCER-011_MONDO_0018177_associated_targets_page_0022.json""]"	5ebf2bc4f8d7f5fec3e71abb12cfaed76757137e61c90497221846c554f6b4b2
cancer_target_pair	EVID-0028	genetic_association_score	0.3671677950291673	Open Targets Platform	ENSG00000146648|MONDO_0018177	26.09	https://api.platform.opentargets.org/api/v4/graphql	2026-09-30T07:41:58.308760+00:00	Aggregated evidence	opentargets-v0.2.2	"[""data\\raw\\opentargets\\26.09\\CANCER-011_MONDO_0018177_associated_targets_page_0000.json"", ""data\\raw\\opentargets\\26.09\\CANCER-011_MONDO_0018177_associated_targets_page_0001.json"", ""data\\raw\\opentargets\\26.09\\CANCER-011_MONDO_0018177_associated_targets_page_0002.json"", ""data\\raw\\opentargets\\26.09\\CANCER-011_MONDO_0018177_associated_targets_page_0003.json"", ""data\\raw\\opentargets\\26.09\\CANCER-011_MONDO_0018177_associated_targets_page_0004.json"", ""data\\raw\\opentargets\\26.09\\CANCER-011_MONDO_0018177_associated_targets_page_0005.json"", ""data\\raw\\opentargets\\26.09\\CANCER-011_MONDO_0018177_associated_targets_page_0006.json"", ""data\\raw\\opentargets\\26.09\\CANCER-011_MONDO_0018177_associated_targets_page_0007.json"", ""data\\raw\\opentargets\\26.09\\CANCER-011_MONDO_0018177_associated_targets_page_0008.json"", ""data\\raw\\opentargets\\26.09\\CANCER-011_MONDO_0018177_associated_targets_page_0009.json"", ""data\\raw\\opentargets\\26.09\\CANCER-011_MONDO_0018177_associated_targets_page_0010.json"", ""data\\raw\\opentargets\\26.09\\CANCER-011_MONDO_0018177_associated_targets_page_0011.json"", ""data\\raw\\opentargets\\26.09\\CANCER-011_MONDO_0018177_associated_targets_page_0012.json"", ""data\\raw\\opentargets\\26.09\\CANCER-011_MONDO_0018177_associated_targets_page_0013.json"", ""data\\raw\\opentargets\\26.09\\CANCER-011_MONDO_0018177_associated_targets_page_0014.json"", ""data\\raw\\opentargets\\26.09\\CANCER-011_MONDO_0018177_associated_targets_page_0015.json"", ""data\\raw\\opentargets\\26.09\\CANCER-011_MONDO_0018177_associated_targets_page_0016.json"", ""data\\raw\\opentargets\\26.09\\CANCER-011_MONDO_0018177_associated_targets_page_0017.json"", ""data\\raw\\opentargets\\26.09\\CANCER-011_MONDO_0018177_associated_targets_page_0018.json"", ""data\\raw\\opentargets\\26.09\\CANCER-011_MONDO_0018177_associated_targets_page_0019.json"", ""data\\raw\\opentargets\\26.09\\CANCER-011_MONDO_0018177_associated_targets_page_0020.json"", ""data\\raw\\opentargets\\26.09\\CANCER-011_MONDO_0018177_associated_targets_page_0021.json"", ""data\\raw\\opentargets\\26.09\\CANCER-011_MONDO_0018177_associated_targets_page_0022.json""]"	5ebf2bc4f8d7f5fec3e71abb12cfaed76757137e61c90497221846c554f6b4b2
cancer_target_pair	EVID-0028	somatic_mutation_score	0.8571354637442761	Open Targets Platform	ENSG00000146648|MONDO_0018177	26.09	https://api.platform.opentargets.org/api/v4/graphql	2026-09-30T07:41:58.308760+00:00	Aggregated evidence	opentargets-v0.2.2	"[""data\\raw\\opentargets\\26.09\\CANCER-011_MONDO_0018177_associated_targets_page_0000.json"", ""data\\raw\\opentargets\\26.09\\CANCER-011_MONDO_0018177_associated_targets_page_0001.json"", ""data\\raw\\opentargets\\26.09\\CANCER-011_MONDO_0018177_associated_targets_page_0002.json"", ""data\\raw\\opentargets\\26.09\\CANCER-011_MONDO_0018177_associated_targets_page_0003.json"", ""data\\raw\\opentargets\\26.09\\CANCER-011_MONDO_0018177_associated_targets_page_0004.json"", ""data\\raw\\opentargets\\26.09\\CANCER-011_MONDO_0018177_associated_targets_page_0005.json"", ""data\\raw\\opentargets\\26.09\\CANCER-011_MONDO_0018177_associated_targets_page_0006.json"", ""data\\raw\\opentargets\\26.09\\CANCER-011_MONDO_0018177_associated_targets_page_0007.json"", ""data\\raw\\opentargets\\26.09\\CANCER-011_MONDO_0018177_associated_targets_page_0008.json"", ""data\\raw\\opentargets\\26.09\\CANCER-011_MONDO_0018177_associated_targets_page_0009.json"", ""data\\raw\\opentargets\\26.09\\CANCER-011_MONDO_0018177_associated_targets_page_0010.json"", ""data\\raw\\opentargets\\26.09\\CANCER-011_MONDO_0018177_associated_targets_page_0011.json"", ""data\\raw\\opentargets\\26.09\\CANCER-011_MONDO_0018177_associated_targets_page_0012.json"", ""data\\raw\\opentargets\\26.09\\CANCER-011_MONDO_0018177_associated_targets_page_0013.json"", ""data\\raw\\opentargets\\26.09\\CANCER-011_MONDO_0018177_associated_targets_page_0014.json"", ""data\\raw\\opentargets\\26.09\\CANCER-011_MONDO_0018177_associated_targets_page_0015.json"", ""data\\raw\\opentargets\\26.09\\CANCER-011_MONDO_0018177_associated_targets_page_0016.json"", ""data\\raw\\opentargets\\26.09\\CANCER-011_MONDO_0018177_associated_targets_page_0017.json"", ""data\\raw\\opentargets\\26.09\\CANCER-011_MONDO_0018177_associated_targets_page_0018.json"", ""data\\raw\\opentargets\\26.09\\CANCER-011_MONDO_0018177_associated_targets_page_0019.json"", ""data\\raw\\opentargets\\26.09\\CANCER-011_MONDO_0018177_associated_targets_page_0020.json"", ""data\\raw\\opentargets\\26.09\\CANCER-011_MONDO_0018177_associated_targets_page_0021.json"", ""data\\raw\\opentargets\\26.09\\CANCER-011_MONDO_0018177_associated_targets_page_0022.json""]"	5ebf2bc4f8d7f5fec3e71abb12cfaed76757137e61c90497221846c554f6b4b2
cancer_target_pair	EVID-0028	known_drug_score		Open Targets Platform	ENSG00000146648|MONDO_0018177	26.09	https://api.platform.opentargets.org/api/v4/graphql	2026-09-30T07:41:58.308760+00:00	Aggregated evidence	opentargets-v0.2.2	"[""data\\raw\\opentargets\\26.09\\CANCER-011_MONDO_0018177_associated_targets_page_0000.json"", ""data\\raw\\opentargets\\26.09\\CANCER-011_MONDO_0018177_associated_targets_page_0001.json"", ""data\\raw\\opentargets\\26.09\\CANCER-011_MONDO_0018177_associated_targets_page_0002.json"", ""data\\raw\\opentargets\\26.09\\CANCER-011_MONDO_0018177_associated_targets_page_0003.json"", ""data\\raw\\opentargets\\26.09\\CANCER-011_MONDO_0018177_associated_targets_page_0004.json"", ""data\\raw\\opentargets\\26.09\\CANCER-011_MONDO_0018177_associated_targets_page_0005.json"", ""data\\raw\\opentargets\\26.09\\CANCER-011_MONDO_0018177_associated_targets_page_0006.json"", ""data\\raw\\opentargets\\26.09\\CANCER-011_MONDO_0018177_associated_targets_page_0007.json"", ""data\\raw\\opentargets\\26.09\\CANCER-011_MONDO_0018177_associated_targets_page_0008.json"", ""data\\raw\\opentargets\\26.09\\CANCER-011_MONDO_0018177_associated_targets_page_0009.json"", ""data\\raw\\opentargets\\26.09\\CANCER-011_MONDO_0018177_associated_targets_page_0010.json"", ""data\\raw\\opentargets\\26.09\\CANCER-011_MONDO_0018177_associated_targets_page_0011.json"", ""data\\raw\\opentargets\\26.09\\CANCER-011_MONDO_0018177_associated_targets_page_0012.json"", ""data\\raw\\opentargets\\26.09\\CANCER-011_MONDO_0018177_associated_targets_page_0013.json"", ""data\\raw\\opentargets\\26.09\\CANCER-011_MONDO_0018177_associated_targets_page_0014.json"", ""data\\raw\\opentargets\\26.09\\CANCER-011_MONDO_0018177_associated_targets_page_0015.json"", ""data\\raw\\opentargets\\26.09\\CANCER-011_MONDO_0018177_associated_targets_page_0016.json"", ""data\\raw\\opentargets\\26.09\\CANCER-011_MONDO_0018177_associated_targets_page_0017.json"", ""data\\raw\\opentargets\\26.09\\CANCER-011_MONDO_0018177_associated_targets_page_0018.json"", ""data\\raw\\opentargets\\26.09\\CANCER-011_MONDO_0018177_associated_targets_page_0019.json"", ""data\\raw\\opentargets\\26.09\\CANCER-011_MONDO_0018177_associated_targets_page_0020.json"", ""data\\raw\\opentargets\\26.09\\CANCER-011_MONDO_0018177_associated_targets_page_0021.json"", ""data\\raw\\opentargets\\26.09\\CANCER-011_MONDO_0018177_associated_targets_page_0022.json""]"	5ebf2bc4f8d7f5fec3e71abb12cfaed76757137e61c90497221846c554f6b4b2
cancer_target_pair	EVID-0028	literature_score	0.9967110614944438	Open Targets Platform	ENSG00000146648|MONDO_0018177	26.09	https://api.platform.opentargets.org/api/v4/graphql	2026-09-30T07:41:58.308760+00:00	Aggregated evidence	opentargets-v0.2.2	"[""data\\raw\\opentargets\\26.09\\CANCER-011_MONDO_0018177_associated_targets_page_0000.json"", ""data\\raw\\opentargets\\26.09\\CANCER-011_MONDO_0018177_associated_targets_page_0001.json"", ""data\\raw\\opentargets\\26.09\\CANCER-011_MONDO_0018177_associated_targets_page_0002.json"", ""data\\raw\\opentargets\\26.09\\CANCER-011_MONDO_0018177_associated_targets_page_0003.json"", ""data\\raw\\opentargets\\26.09\\CANCER-011_MONDO_0018177_associated_targets_page_0004.json"", ""data\\raw\\opentargets\\26.09\\CANCER-011_MONDO_0018177_associated_targets_page_0005.json"", ""data\\raw\\opentargets\\26.09\\CANCER-011_MONDO_0018177_associated_targets_page_0006.json"", ""data\\raw\\opentargets\\26.09\\CANCER-011_MONDO_0018177_associated_targets_page_0007.json"", ""data\\raw\\opentargets\\26.09\\CANCER-011_MONDO_0018177_associated_targets_page_0008.json"", ""data\\raw\\opentargets\\26.09\\CANCER-011_MONDO_0018177_associated_targets_page_0009.json"", ""data\\raw\\opentargets\\26.09\\CANCER-011_MONDO_0018177_associated_targets_page_0010.json"", ""data\\raw\\opentargets\\26.09\\CANCER-011_MONDO_0018177_associated_targets_page_0011.json"", ""data\\raw\\opentargets\\26.09\\CANCER-011_MONDO_0018177_associated_targets_page_0012.json"", ""data\\raw\\opentargets\\26.09\\CANCER-011_MONDO_0018177_associated_targets_page_0013.json"", ""data\\raw\\opentargets\\26.09\\CANCER-011_MONDO_0018177_associated_targets_page_0014.json"", ""data\\raw\\opentargets\\26.09\\CANCER-011_MONDO_0018177_associated_targets_page_0015.json"", ""data\\raw\\opentargets\\26.09\\CANCER-011_MONDO_0018177_associated_targets_page_0016.json"", ""data\\raw\\opentargets\\26.09\\CANCER-011_MONDO_0018177_associated_targets_page_0017.json"", ""data\\raw\\opentargets\\26.09\\CANCER-011_MONDO_0018177_associated_targets_page_0018.json"", ""data\\raw\\opentargets\\26.09\\CANCER-011_MONDO_0018177_associated_targets_page_0019.json"", ""data\\raw\\opentargets\\26.09\\CANCER-011_MONDO_0018177_associated_targets_page_0020.json"", ""data\\raw\\opentargets\\26.09\\CANCER-011_MONDO_0018177_associated_targets_page_0021.json"", ""data\\raw\\opentargets\\26.09\\CANCER-011_MONDO_0018177_associated_targets_page_0022.json""]"	5ebf2bc4f8d7f5fec3e71abb12cfaed76757137e61c90497221846c554f6b4b2
cancer_target_pair	EVID-0028	tractability_json	"[{""label"": ""Approved Drug"", ""modality"": ""SM"", ""value"": true}, {""label"": ""Advanced Clinical"", ""modality"": ""SM"", ""value"": false}, {""label"": ""Phase 1 Clinical"", ""modality"": ""SM"", ""value"": false}, {""label"": ""Structure with Ligand"", ""modality"": ""SM"", ""value"": true}, {""label"": ""High-Quality Ligand"", ""modality"": ""SM"", ""value"": true}, {""label"": ""High-Quality Pocket"", ""modality"": ""SM"", ""value"": true}, {""label"": ""Med-Quality Pocket"", ""modality"": ""SM"", ""value"": false}, {""label"": ""Druggable Family"", ""modality"": ""SM"", ""value"": true}, {""label"": ""Approved Drug"", ""modality"": ""AB"", ""value"": true}, {""label"": ""Advanced Clinical"", ""modality"": ""AB"", ""value"": false}, {""label"": ""Phase 1 Clinical"", ""modality"": ""AB"", ""value"": false}, {""label"": ""UniProt loc high conf"", ""modality"": ""AB"", ""value"": true}, {""label"": ""GO CC high conf"", ""modality"": ""AB"", ""value"": true}, {""label"": ""UniProt loc med conf"", ""modality"": ""AB"", ""value"": true}, {""label"": ""UniProt SigP or TMHMM"", ""modality"": ""AB"", ""value"": true}, {""label"": ""GO CC med conf"", ""modality"": ""AB"", ""value"": false}, {""label"": ""Human Protein Atlas loc"", ""modality"": ""AB"", ""value"": true}, {""label"": ""Approved Drug"", ""modality"": ""PR"", ""value"": false}, {""label"": ""Advanced Clinical"", ""modality"": ""PR"", ""value"": false}, {""label"": ""Phase 1 Clinical"", ""modality"": ""PR"", ""value"": false}, {""label"": ""Literature"", ""modality"": ""PR"", ""value"": true}, {""label"": ""UniProt Ubiquitination"", ""modality"": ""PR"", ""value"": true}, {""label"": ""Database Ubiquitination"", ""modality"": ""PR"", ""value"": true}, {""label"": ""Half-life Data"", ""modality"": ""PR"", ""value"": true}, {""label"": ""Small Molecule Binder"", ""modality"": ""PR"", ""value"": true}, {""label"": ""Approved Drug"", ""modality"": ""OC"", ""value"": false}, {""label"": ""Advanced Clinical"", ""modality"": ""OC"", ""value"": true}, {""label"": ""Phase 1 Clinical"", ""modality"": ""OC"", ""value"": false}]"	Open Targets Platform	ENSG00000146648|MONDO_0018177	26.09	https://api.platform.opentargets.org/api/v4/graphql	2026-09-30T07:41:58.308760+00:00	Aggregated evidence	opentargets-v0.2.2	data\raw\opentargets\26.09\target_ENSG00000146648_tractability.json	5ebf2bc4f8d7f5fec3e71abb12cfaed76757137e61c90497221846c554f6b4b2
cancer_target_pair	EVID-0029	association_score	0.40691508857053565	Open Targets Platform	ENSG00000134853|MONDO_0018177	26.09	https://api.platform.opentargets.org/api/v4/graphql	2026-09-30T07:41:58.308760+00:00	Aggregated evidence	opentargets-v0.2.2	"[""data\\raw\\opentargets\\26.09\\CANCER-011_MONDO_0018177_associated_targets_page_0000.json"", ""data\\raw\\opentargets\\26.09\\CANCER-011_MONDO_0018177_associated_targets_page_0001.json"", ""data\\raw\\opentargets\\26.09\\CANCER-011_MONDO_0018177_associated_targets_page_0002.json"", ""data\\raw\\opentargets\\26.09\\CANCER-011_MONDO_0018177_associated_targets_page_0003.json"", ""data\\raw\\opentargets\\26.09\\CANCER-011_MONDO_0018177_associated_targets_page_0004.json"", ""data\\raw\\opentargets\\26.09\\CANCER-011_MONDO_0018177_associated_targets_page_0005.json"", ""data\\raw\\opentargets\\26.09\\CANCER-011_MONDO_0018177_associated_targets_page_0006.json"", ""data\\raw\\opentargets\\26.09\\CANCER-011_MONDO_0018177_associated_targets_page_0007.json"", ""data\\raw\\opentargets\\26.09\\CANCER-011_MONDO_0018177_associated_targets_page_0008.json"", ""data\\raw\\opentargets\\26.09\\CANCER-011_MONDO_0018177_associated_targets_page_0009.json"", ""data\\raw\\opentargets\\26.09\\CANCER-011_MONDO_0018177_associated_targets_page_0010.json"", ""data\\raw\\opentargets\\26.09\\CANCER-011_MONDO_0018177_associated_targets_page_0011.json"", ""data\\raw\\opentargets\\26.09\\CANCER-011_MONDO_0018177_associated_targets_page_0012.json"", ""data\\raw\\opentargets\\26.09\\CANCER-011_MONDO_0018177_associated_targets_page_0013.json"", ""data\\raw\\opentargets\\26.09\\CANCER-011_MONDO_0018177_associated_targets_page_0014.json"", ""data\\raw\\opentargets\\26.09\\CANCER-011_MONDO_0018177_associated_targets_page_0015.json"", ""data\\raw\\opentargets\\26.09\\CANCER-011_MONDO_0018177_associated_targets_page_0016.json"", ""data\\raw\\opentargets\\26.09\\CANCER-011_MONDO_0018177_associated_targets_page_0017.json"", ""data\\raw\\opentargets\\26.09\\CANCER-011_MONDO_0018177_associated_targets_page_0018.json"", ""data\\raw\\opentargets\\26.09\\CANCER-011_MONDO_0018177_associated_targets_page_0019.json"", ""data\\raw\\opentargets\\26.09\\CANCER-011_MONDO_0018177_associated_targets_page_0020.json"", ""data\\raw\\opentargets\\26.09\\CANCER-011_MONDO_0018177_associated_targets_page_0021.json"", ""data\\raw\\opentargets\\26.09\\CANCER-011_MONDO_0018177_associated_targets_page_0022.json""]"	45e19cc769a86e2626950ef7453e3281112c823d66452cff4064c975733a19a6
cancer_target_pair	EVID-0029	genetic_association_score		Open Targets Platform	ENSG00000134853|MONDO_0018177	26.09	https://api.platform.opentargets.org/api/v4/graphql	2026-09-30T07:41:58.308760+00:00	Aggregated evidence	opentargets-v0.2.2	"[""data\\raw\\opentargets\\26.09\\CANCER-011_MONDO_0018177_associated_targets_page_0000.json"", ""data\\raw\\opentargets\\26.09\\CANCER-011_MONDO_0018177_associated_targets_page_0001.json"", ""data\\raw\\opentargets\\26.09\\CANCER-011_MONDO_0018177_associated_targets_page_0002.json"", ""data\\raw\\opentargets\\26.09\\CANCER-011_MONDO_0018177_associated_targets_page_0003.json"", ""data\\raw\\opentargets\\26.09\\CANCER-011_MONDO_0018177_associated_targets_page_0004.json"", ""data\\raw\\opentargets\\26.09\\CANCER-011_MONDO_0018177_associated_targets_page_0005.json"", ""data\\raw\\opentargets\\26.09\\CANCER-011_MONDO_0018177_associated_targets_page_0006.json"", ""data\\raw\\opentargets\\26.09\\CANCER-011_MONDO_0018177_associated_targets_page_0007.json"", ""data\\raw\\opentargets\\26.09\\CANCER-011_MONDO_0018177_associated_targets_page_0008.json"", ""data\\raw\\opentargets\\26.09\\CANCER-011_MONDO_0018177_associated_targets_page_0009.json"", ""data\\raw\\opentargets\\26.09\\CANCER-011_MONDO_0018177_associated_targets_page_0010.json"", ""data\\raw\\opentargets\\26.09\\CANCER-011_MONDO_0018177_associated_targets_page_0011.json"", ""data\\raw\\opentargets\\26.09\\CANCER-011_MONDO_0018177_associated_targets_page_0012.json"", ""data\\raw\\opentargets\\26.09\\CANCER-011_MONDO_0018177_associated_targets_page_0013.json"", ""data\\raw\\opentargets\\26.09\\CANCER-011_MONDO_0018177_associated_targets_page_0014.json"", ""data\\raw\\opentargets\\26.09\\CANCER-011_MONDO_0018177_associated_targets_page_0015.json"", ""data\\raw\\opentargets\\26.09\\CANCER-011_MONDO_0018177_associated_targets_page_0016.json"", ""data\\raw\\opentargets\\26.09\\CANCER-011_MONDO_0018177_associated_targets_page_0017.json"", ""data\\raw\\opentargets\\26.09\\CANCER-011_MONDO_0018177_associated_targets_page_0018.json"", ""data\\raw\\opentargets\\26.09\\CANCER-011_MONDO_0018177_associated_targets_page_0019.json"", ""data\\raw\\opentargets\\26.09\\CANCER-011_MONDO_0018177_associated_targets_page_0020.json"", ""data\\raw\\opentargets\\26.09\\CANCER-011_MONDO_0018177_associated_targets_page_0021.json"", ""data\\raw\\opentargets\\26.09\\CANCER-011_MONDO_0018177_associated_targets_page_0022.json""]"	45e19cc769a86e2626950ef7453e3281112c823d66452cff4064c975733a19a6
cancer_target_pair	EVID-0029	somatic_mutation_score	0.3300142714091462	Open Targets Platform	ENSG00000134853|MONDO_0018177	26.09	https://api.platform.opentargets.org/api/v4/graphql	2026-09-30T07:41:58.308760+00:00	Aggregated evidence	opentargets-v0.2.2	"[""data\\raw\\opentargets\\26.09\\CANCER-011_MONDO_0018177_associated_targets_page_0000.json"", ""data\\raw\\opentargets\\26.09\\CANCER-011_MONDO_0018177_associated_targets_page_0001.json"", ""data\\raw\\opentargets\\26.09\\CANCER-011_MONDO_0018177_associated_targets_page_0002.json"", ""data\\raw\\opentargets\\26.09\\CANCER-011_MONDO_0018177_associated_targets_page_0003.json"", ""data\\raw\\opentargets\\26.09\\CANCER-011_MONDO_0018177_associated_targets_page_0004.json"", ""data\\raw\\opentargets\\26.09\\CANCER-011_MONDO_0018177_associated_targets_page_0005.json"", ""data\\raw\\opentargets\\26.09\\CANCER-011_MONDO_0018177_associated_targets_page_0006.json"", ""data\\raw\\opentargets\\26.09\\CANCER-011_MONDO_0018177_associated_targets_page_0007.json"", ""data\\raw\\opentargets\\26.09\\CANCER-011_MONDO_0018177_associated_targets_page_0008.json"", ""data\\raw\\opentargets\\26.09\\CANCER-011_MONDO_0018177_associated_targets_page_0009.json"", ""data\\raw\\opentargets\\26.09\\CANCER-011_MONDO_0018177_associated_targets_page_0010.json"", ""data\\raw\\opentargets\\26.09\\CANCER-011_MONDO_0018177_associated_targets_page_0011.json"", ""data\\raw\\opentargets\\26.09\\CANCER-011_MONDO_0018177_associated_targets_page_0012.json"", ""data\\raw\\opentargets\\26.09\\CANCER-011_MONDO_0018177_associated_targets_page_0013.json"", ""data\\raw\\opentargets\\26.09\\CANCER-011_MONDO_0018177_associated_targets_page_0014.json"", ""data\\raw\\opentargets\\26.09\\CANCER-011_MONDO_0018177_associated_targets_page_0015.json"", ""data\\raw\\opentargets\\26.09\\CANCER-011_MONDO_0018177_associated_targets_page_0016.json"", ""data\\raw\\opentargets\\26.09\\CANCER-011_MONDO_0018177_associated_targets_page_0017.json"", ""data\\raw\\opentargets\\26.09\\CANCER-011_MONDO_0018177_associated_targets_page_0018.json"", ""data\\raw\\opentargets\\26.09\\CANCER-011_MONDO_0018177_associated_targets_page_0019.json"", ""data\\raw\\opentargets\\26.09\\CANCER-011_MONDO_0018177_associated_targets_page_0020.json"", ""data\\raw\\opentargets\\26.09\\CANCER-011_MONDO_0018177_associated_targets_page_0021.json"", ""data\\raw\\opentargets\\26.09\\CANCER-011_MONDO_0018177_associated_targets_page_0022.json""]"	45e19cc769a86e2626950ef7453e3281112c823d66452cff4064c975733a19a6
cancer_target_pair	EVID-0029	known_drug_score		Open Targets Platform	ENSG00000134853|MONDO_0018177	26.09	https://api.platform.opentargets.org/api/v4/graphql	2026-09-30T07:41:58.308760+00:00	Aggregated evidence	opentargets-v0.2.2	"[""data\\raw\\opentargets\\26.09\\CANCER-011_MONDO_0018177_associated_targets_page_0000.json"", ""data\\raw\\opentargets\\26.09\\CANCER-011_MONDO_0018177_associated_targets_page_0001.json"", ""data\\raw\\opentargets\\26.09\\CANCER-011_MONDO_0018177_associated_targets_page_0002.json"", ""data\\raw\\opentargets\\26.09\\CANCER-011_MONDO_0018177_associated_targets_page_0003.json"", ""data\\raw\\opentargets\\26.09\\CANCER-011_MONDO_0018177_associated_targets_page_0004.json"", ""data\\raw\\opentargets\\26.09\\CANCER-011_MONDO_0018177_associated_targets_page_0005.json"", ""data\\raw\\opentargets\\26.09\\CANCER-011_MONDO_0018177_associated_targets_page_0006.json"", ""data\\raw\\opentargets\\26.09\\CANCER-011_MONDO_0018177_associated_targets_page_0007.json"", ""data\\raw\\opentargets\\26.09\\CANCER-011_MONDO_0018177_associated_targets_page_0008.json"", ""data\\raw\\opentargets\\26.09\\CANCER-011_MONDO_0018177_associated_targets_page_0009.json"", ""data\\raw\\opentargets\\26.09\\CANCER-011_MONDO_0018177_associated_targets_page_0010.json"", ""data\\raw\\opentargets\\26.09\\CANCER-011_MONDO_0018177_associated_targets_page_0011.json"", ""data\\raw\\opentargets\\26.09\\CANCER-011_MONDO_0018177_associated_targets_page_0012.json"", ""data\\raw\\opentargets\\26.09\\CANCER-011_MONDO_0018177_associated_targets_page_0013.json"", ""data\\raw\\opentargets\\26.09\\CANCER-011_MONDO_0018177_associated_targets_page_0014.json"", ""data\\raw\\opentargets\\26.09\\CANCER-011_MONDO_0018177_associated_targets_page_0015.json"", ""data\\raw\\opentargets\\26.09\\CANCER-011_MONDO_0018177_associated_targets_page_0016.json"", ""data\\raw\\opentargets\\26.09\\CANCER-011_MONDO_0018177_associated_targets_page_0017.json"", ""data\\raw\\opentargets\\26.09\\CANCER-011_MONDO_0018177_associated_targets_page_0018.json"", ""data\\raw\\opentargets\\26.09\\CANCER-011_MONDO_0018177_associated_targets_page_0019.json"", ""data\\raw\\opentargets\\26.09\\CANCER-011_MONDO_0018177_associated_targets_page_0020.json"", ""data\\raw\\opentargets\\26.09\\CANCER-011_MONDO_0018177_associated_targets_page_0021.json"", ""data\\raw\\opentargets\\26.09\\CANCER-011_MONDO_0018177_associated_targets_page_0022.json""]"	45e19cc769a86e2626950ef7453e3281112c823d66452cff4064c975733a19a6
cancer_target_pair	EVID-0029	literature_score	0.9729813970902823	Open Targets Platform	ENSG00000134853|MONDO_0018177	26.09	https://api.platform.opentargets.org/api/v4/graphql	2026-09-30T07:41:58.308760+00:00	Aggregated evidence	opentargets-v0.2.2	"[""data\\raw\\opentargets\\26.09\\CANCER-011_MONDO_0018177_associated_targets_page_0000.json"", ""data\\raw\\opentargets\\26.09\\CANCER-011_MONDO_0018177_associated_targets_page_0001.json"", ""data\\raw\\opentargets\\26.09\\CANCER-011_MONDO_0018177_associated_targets_page_0002.json"", ""data\\raw\\opentargets\\26.09\\CANCER-011_MONDO_0018177_associated_targets_page_0003.json"", ""data\\raw\\opentargets\\26.09\\CANCER-011_MONDO_0018177_associated_targets_page_0004.json"", ""data\\raw\\opentargets\\26.09\\CANCER-011_MONDO_0018177_associated_targets_page_0005.json"", ""data\\raw\\opentargets\\26.09\\CANCER-011_MONDO_0018177_associated_targets_page_0006.json"", ""data\\raw\\opentargets\\26.09\\CANCER-011_MONDO_0018177_associated_targets_page_0007.json"", ""data\\raw\\opentargets\\26.09\\CANCER-011_MONDO_0018177_associated_targets_page_0008.json"", ""data\\raw\\opentargets\\26.09\\CANCER-011_MONDO_0018177_associated_targets_page_0009.json"", ""data\\raw\\opentargets\\26.09\\CANCER-011_MONDO_0018177_associated_targets_page_0010.json"", ""data\\raw\\opentargets\\26.09\\CANCER-011_MONDO_0018177_associated_targets_page_0011.json"", ""data\\raw\\opentargets\\26.09\\CANCER-011_MONDO_0018177_associated_targets_page_0012.json"", ""data\\raw\\opentargets\\26.09\\CANCER-011_MONDO_0018177_associated_targets_page_0013.json"", ""data\\raw\\opentargets\\26.09\\CANCER-011_MONDO_0018177_associated_targets_page_0014.json"", ""data\\raw\\opentargets\\26.09\\CANCER-011_MONDO_0018177_associated_targets_page_0015.json"", ""data\\raw\\opentargets\\26.09\\CANCER-011_MONDO_0018177_associated_targets_page_0016.json"", ""data\\raw\\opentargets\\26.09\\CANCER-011_MONDO_0018177_associated_targets_page_0017.json"", ""data\\raw\\opentargets\\26.09\\CANCER-011_MONDO_0018177_associated_targets_page_0018.json"", ""data\\raw\\opentargets\\26.09\\CANCER-011_MONDO_0018177_associated_targets_page_0019.json"", ""data\\raw\\opentargets\\26.09\\CANCER-011_MONDO_0018177_associated_targets_page_0020.json"", ""data\\raw\\opentargets\\26.09\\CANCER-011_MONDO_0018177_associated_targets_page_0021.json"", ""data\\raw\\opentargets\\26.09\\CANCER-011_MONDO_0018177_associated_targets_page_0022.json""]"	45e19cc769a86e2626950ef7453e3281112c823d66452cff4064c975733a19a6
cancer_target_pair	EVID-0029	tractability_json	"[{""label"": ""Approved Drug"", ""modality"": ""SM"", ""value"": true}, {""label"": ""Advanced Clinical"", ""modality"": ""SM"", ""value"": false}, {""label"": ""Phase 1 Clinical"", ""modality"": ""SM"", ""value"": false}, {""label"": ""Structure with Ligand"", ""modality"": ""SM"", ""value"": true}, {""label"": ""High-Quality Ligand"", ""modality"": ""SM"", ""value"": true}, {""label"": ""High-Quality Pocket"", ""modality"": ""SM"", ""value"": false}, {""label"": ""Med-Quality Pocket"", ""modality"": ""SM"", ""value"": false}, {""label"": ""Druggable Family"", ""modality"": ""SM"", ""value"": true}, {""label"": ""Approved Drug"", ""modality"": ""AB"", ""value"": true}, {""label"": ""Advanced Clinical"", ""modality"": ""AB"", ""value"": false}, {""label"": ""Phase 1 Clinical"", ""modality"": ""AB"", ""value"": false}, {""label"": ""UniProt loc high conf"", ""modality"": ""AB"", ""value"": true}, {""label"": ""GO CC high conf"", ""modality"": ""AB"", ""value"": true}, {""label"": ""UniProt loc med conf"", ""modality"": ""AB"", ""value"": false}, {""label"": ""UniProt SigP or TMHMM"", ""modality"": ""AB"", ""value"": true}, {""label"": ""GO CC med conf"", ""modality"": ""AB"", ""value"": false}, {""label"": ""Human Protein Atlas loc"", ""modality"": ""AB"", ""value"": false}, {""label"": ""Approved Drug"", ""modality"": ""PR"", ""value"": false}, {""label"": ""Advanced Clinical"", ""modality"": ""PR"", ""value"": false}, {""label"": ""Phase 1 Clinical"", ""modality"": ""PR"", ""value"": false}, {""label"": ""Literature"", ""modality"": ""PR"", ""value"": false}, {""label"": ""UniProt Ubiquitination"", ""modality"": ""PR"", ""value"": true}, {""label"": ""Database Ubiquitination"", ""modality"": ""PR"", ""value"": true}, {""label"": ""Half-life Data"", ""modality"": ""PR"", ""value"": true}, {""label"": ""Small Molecule Binder"", ""modality"": ""PR"", ""value"": true}, {""label"": ""Approved Drug"", ""modality"": ""OC"", ""value"": true}, {""label"": ""Advanced Clinical"", ""modality"": ""OC"", ""value"": false}, {""label"": ""Phase 1 Clinical"", ""modality"": ""OC"", ""value"": false}]"	Open Targets Platform	ENSG00000134853|MONDO_0018177	26.09	https://api.platform.opentargets.org/api/v4/graphql	2026-09-30T07:41:58.308760+00:00	Aggregated evidence	opentargets-v0.2.2	data\raw\opentargets\26.09\target_ENSG00000134853_tractability.json	45e19cc769a86e2626950ef7453e3281112c823d66452cff4064c975733a19a6
cancer_target_pair	EVID-0030	association_score	0.1386099611463042	Open Targets Platform	ENSG00000135446|MONDO_0018177	26.09	https://api.platform.opentargets.org/api/v4/graphql	2026-09-30T07:41:58.308760+00:00	Aggregated evidence	opentargets-v0.2.2	"[""data\\raw\\opentargets\\26.09\\CANCER-011_MONDO_0018177_associated_targets_page_0000.json"", ""data\\raw\\opentargets\\26.09\\CANCER-011_MONDO_0018177_associated_targets_page_0001.json"", ""data\\raw\\opentargets\\26.09\\CANCER-011_MONDO_0018177_associated_targets_page_0002.json"", ""data\\raw\\opentargets\\26.09\\CANCER-011_MONDO_0018177_associated_targets_page_0003.json"", ""data\\raw\\opentargets\\26.09\\CANCER-011_MONDO_0018177_associated_targets_page_0004.json"", ""data\\raw\\opentargets\\26.09\\CANCER-011_MONDO_0018177_associated_targets_page_0005.json"", ""data\\raw\\opentargets\\26.09\\CANCER-011_MONDO_0018177_associated_targets_page_0006.json"", ""data\\raw\\opentargets\\26.09\\CANCER-011_MONDO_0018177_associated_targets_page_0007.json"", ""data\\raw\\opentargets\\26.09\\CANCER-011_MONDO_0018177_associated_targets_page_0008.json"", ""data\\raw\\opentargets\\26.09\\CANCER-011_MONDO_0018177_associated_targets_page_0009.json"", ""data\\raw\\opentargets\\26.09\\CANCER-011_MONDO_0018177_associated_targets_page_0010.json"", ""data\\raw\\opentargets\\26.09\\CANCER-011_MONDO_0018177_associated_targets_page_0011.json"", ""data\\raw\\opentargets\\26.09\\CANCER-011_MONDO_0018177_associated_targets_page_0012.json"", ""data\\raw\\opentargets\\26.09\\CANCER-011_MONDO_0018177_associated_targets_page_0013.json"", ""data\\raw\\opentargets\\26.09\\CANCER-011_MONDO_0018177_associated_targets_page_0014.json"", ""data\\raw\\opentargets\\26.09\\CANCER-011_MONDO_0018177_associated_targets_page_0015.json"", ""data\\raw\\opentargets\\26.09\\CANCER-011_MONDO_0018177_associated_targets_page_0016.json"", ""data\\raw\\opentargets\\26.09\\CANCER-011_MONDO_0018177_associated_targets_page_0017.json"", ""data\\raw\\opentargets\\26.09\\CANCER-011_MONDO_0018177_associated_targets_page_0018.json"", ""data\\raw\\opentargets\\26.09\\CANCER-011_MONDO_0018177_associated_targets_page_0019.json"", ""data\\raw\\opentargets\\26.09\\CANCER-011_MONDO_0018177_associated_targets_page_0020.json"", ""data\\raw\\opentargets\\26.09\\CANCER-011_MONDO_0018177_associated_targets_page_0021.json"", ""data\\raw\\opentargets\\26.09\\CANCER-011_MONDO_0018177_associated_targets_page_0022.json""]"	22ebfc8a8b94534019b265fa31539bf8c88981cb103986ac03139ba88b6185b5
cancer_target_pair	EVID-0030	genetic_association_score		Open Targets Platform	ENSG00000135446|MONDO_0018177	26.09	https://api.platform.opentargets.org/api/v4/graphql	2026-09-30T07:41:58.308760+00:00	Aggregated evidence	opentargets-v0.2.2	"[""data\\raw\\opentargets\\26.09\\CANCER-011_MONDO_0018177_associated_targets_page_0000.json"", ""data\\raw\\opentargets\\26.09\\CANCER-011_MONDO_0018177_associated_targets_page_0001.json"", ""data\\raw\\opentargets\\26.09\\CANCER-011_MONDO_0018177_associated_targets_page_0002.json"", ""data\\raw\\opentargets\\26.09\\CANCER-011_MONDO_0018177_associated_targets_page_0003.json"", ""data\\raw\\opentargets\\26.09\\CANCER-011_MONDO_0018177_associated_targets_page_0004.json"", ""data\\raw\\opentargets\\26.09\\CANCER-011_MONDO_0018177_associated_targets_page_0005.json"", ""data\\raw\\opentargets\\26.09\\CANCER-011_MONDO_0018177_associated_targets_page_0006.json"", ""data\\raw\\opentargets\\26.09\\CANCER-011_MONDO_0018177_associated_targets_page_0007.json"", ""data\\raw\\opentargets\\26.09\\CANCER-011_MONDO_0018177_associated_targets_page_0008.json"", ""data\\raw\\opentargets\\26.09\\CANCER-011_MONDO_0018177_associated_targets_page_0009.json"", ""data\\raw\\opentargets\\26.09\\CANCER-011_MONDO_0018177_associated_targets_page_0010.json"", ""data\\raw\\opentargets\\26.09\\CANCER-011_MONDO_0018177_associated_targets_page_0011.json"", ""data\\raw\\opentargets\\26.09\\CANCER-011_MONDO_0018177_associated_targets_page_0012.json"", ""data\\raw\\opentargets\\26.09\\CANCER-011_MONDO_0018177_associated_targets_page_0013.json"", ""data\\raw\\opentargets\\26.09\\CANCER-011_MONDO_0018177_associated_targets_page_0014.json"", ""data\\raw\\opentargets\\26.09\\CANCER-011_MONDO_0018177_associated_targets_page_0015.json"", ""data\\raw\\opentargets\\26.09\\CANCER-011_MONDO_0018177_associated_targets_page_0016.json"", ""data\\raw\\opentargets\\26.09\\CANCER-011_MONDO_0018177_associated_targets_page_0017.json"", ""data\\raw\\opentargets\\26.09\\CANCER-011_MONDO_0018177_associated_targets_page_0018.json"", ""data\\raw\\opentargets\\26.09\\CANCER-011_MONDO_0018177_associated_targets_page_0019.json"", ""data\\raw\\opentargets\\26.09\\CANCER-011_MONDO_0018177_associated_targets_page_0020.json"", ""data\\raw\\opentargets\\26.09\\CANCER-011_MONDO_0018177_associated_targets_page_0021.json"", ""data\\raw\\opentargets\\26.09\\CANCER-011_MONDO_0018177_associated_targets_page_0022.json""]"	22ebfc8a8b94534019b265fa31539bf8c88981cb103986ac03139ba88b6185b5
cancer_target_pair	EVID-0030	somatic_mutation_score		Open Targets Platform	ENSG00000135446|MONDO_0018177	26.09	https://api.platform.opentargets.org/api/v4/graphql	2026-09-30T07:41:58.308760+00:00	Aggregated evidence	opentargets-v0.2.2	"[""data\\raw\\opentargets\\26.09\\CANCER-011_MONDO_0018177_associated_targets_page_0000.json"", ""data\\raw\\opentargets\\26.09\\CANCER-011_MONDO_0018177_associated_targets_page_0001.json"", ""data\\raw\\opentargets\\26.09\\CANCER-011_MONDO_0018177_associated_targets_page_0002.json"", ""data\\raw\\opentargets\\26.09\\CANCER-011_MONDO_0018177_associated_targets_page_0003.json"", ""data\\raw\\opentargets\\26.09\\CANCER-011_MONDO_0018177_associated_targets_page_0004.json"", ""data\\raw\\opentargets\\26.09\\CANCER-011_MONDO_0018177_associated_targets_page_0005.json"", ""data\\raw\\opentargets\\26.09\\CANCER-011_MONDO_0018177_associated_targets_page_0006.json"", ""data\\raw\\opentargets\\26.09\\CANCER-011_MONDO_0018177_associated_targets_page_0007.json"", ""data\\raw\\opentargets\\26.09\\CANCER-011_MONDO_0018177_associated_targets_page_0008.json"", ""data\\raw\\opentargets\\26.09\\CANCER-011_MONDO_0018177_associated_targets_page_0009.json"", ""data\\raw\\opentargets\\26.09\\CANCER-011_MONDO_0018177_associated_targets_page_0010.json"", ""data\\raw\\opentargets\\26.09\\CANCER-011_MONDO_0018177_associated_targets_page_0011.json"", ""data\\raw\\opentargets\\26.09\\CANCER-011_MONDO_0018177_associated_targets_page_0012.json"", ""data\\raw\\opentargets\\26.09\\CANCER-011_MONDO_0018177_associated_targets_page_0013.json"", ""data\\raw\\opentargets\\26.09\\CANCER-011_MONDO_0018177_associated_targets_page_0014.json"", ""data\\raw\\opentargets\\26.09\\CANCER-011_MONDO_0018177_associated_targets_page_0015.json"", ""data\\raw\\opentargets\\26.09\\CANCER-011_MONDO_0018177_associated_targets_page_0016.json"", ""data\\raw\\opentargets\\26.09\\CANCER-011_MONDO_0018177_associated_targets_page_0017.json"", ""data\\raw\\opentargets\\26.09\\CANCER-011_MONDO_0018177_associated_targets_page_0018.json"", ""data\\raw\\opentargets\\26.09\\CANCER-011_MONDO_0018177_associated_targets_page_0019.json"", ""data\\raw\\opentargets\\26.09\\CANCER-011_MONDO_0018177_associated_targets_page_0020.json"", ""data\\raw\\opentargets\\26.09\\CANCER-011_MONDO_0018177_associated_targets_page_0021.json"", ""data\\raw\\opentargets\\26.09\\CANCER-011_MONDO_0018177_associated_targets_page_0022.json""]"	22ebfc8a8b94534019b265fa31539bf8c88981cb103986ac03139ba88b6185b5
cancer_target_pair	EVID-0030	known_drug_score		Open Targets Platform	ENSG00000135446|MONDO_0018177	26.09	https://api.platform.opentargets.org/api/v4/graphql	2026-09-30T07:41:58.308760+00:00	Aggregated evidence	opentargets-v0.2.2	"[""data\\raw\\opentargets\\26.09\\CANCER-011_MONDO_0018177_associated_targets_page_0000.json"", ""data\\raw\\opentargets\\26.09\\CANCER-011_MONDO_0018177_associated_targets_page_0001.json"", ""data\\raw\\opentargets\\26.09\\CANCER-011_MONDO_0018177_associated_targets_page_0002.json"", ""data\\raw\\opentargets\\26.09\\CANCER-011_MONDO_0018177_associated_targets_page_0003.json"", ""data\\raw\\opentargets\\26.09\\CANCER-011_MONDO_0018177_associated_targets_page_0004.json"", ""data\\raw\\opentargets\\26.09\\CANCER-011_MONDO_0018177_associated_targets_page_0005.json"", ""data\\raw\\opentargets\\26.09\\CANCER-011_MONDO_0018177_associated_targets_page_0006.json"", ""data\\raw\\opentargets\\26.09\\CANCER-011_MONDO_0018177_associated_targets_page_0007.json"", ""data\\raw\\opentargets\\26.09\\CANCER-011_MONDO_0018177_associated_targets_page_0008.json"", ""data\\raw\\opentargets\\26.09\\CANCER-011_MONDO_0018177_associated_targets_page_0009.json"", ""data\\raw\\opentargets\\26.09\\CANCER-011_MONDO_0018177_associated_targets_page_0010.json"", ""data\\raw\\opentargets\\26.09\\CANCER-011_MONDO_0018177_associated_targets_page_0011.json"", ""data\\raw\\opentargets\\26.09\\CANCER-011_MONDO_0018177_associated_targets_page_0012.json"", ""data\\raw\\opentargets\\26.09\\CANCER-011_MONDO_0018177_associated_targets_page_0013.json"", ""data\\raw\\opentargets\\26.09\\CANCER-011_MONDO_0018177_associated_targets_page_0014.json"", ""data\\raw\\opentargets\\26.09\\CANCER-011_MONDO_0018177_associated_targets_page_0015.json"", ""data\\raw\\opentargets\\26.09\\CANCER-011_MONDO_0018177_associated_targets_page_0016.json"", ""data\\raw\\opentargets\\26.09\\CANCER-011_MONDO_0018177_associated_targets_page_0017.json"", ""data\\raw\\opentargets\\26.09\\CANCER-011_MONDO_0018177_associated_targets_page_0018.json"", ""data\\raw\\opentargets\\26.09\\CANCER-011_MONDO_0018177_associated_targets_page_0019.json"", ""data\\raw\\opentargets\\26.09\\CANCER-011_MONDO_0018177_associated_targets_page_0020.json"", ""data\\raw\\opentargets\\26.09\\CANCER-011_MONDO_0018177_associated_targets_page_0021.json"", ""data\\raw\\opentargets\\26.09\\CANCER-011_MONDO_0018177_associated_targets_page_0022.json""]"	22ebfc8a8b94534019b265fa31539bf8c88981cb103986ac03139ba88b6185b5
cancer_target_pair	EVID-0030	literature_score	0.9160468440245231	Open Targets Platform	ENSG00000135446|MONDO_0018177	26.09	https://api.platform.opentargets.org/api/v4/graphql	2026-09-30T07:41:58.308760+00:00	Aggregated evidence	opentargets-v0.2.2	"[""data\\raw\\opentargets\\26.09\\CANCER-011_MONDO_0018177_associated_targets_page_0000.json"", ""data\\raw\\opentargets\\26.09\\CANCER-011_MONDO_0018177_associated_targets_page_0001.json"", ""data\\raw\\opentargets\\26.09\\CANCER-011_MONDO_0018177_associated_targets_page_0002.json"", ""data\\raw\\opentargets\\26.09\\CANCER-011_MONDO_0018177_associated_targets_page_0003.json"", ""data\\raw\\opentargets\\26.09\\CANCER-011_MONDO_0018177_associated_targets_page_0004.json"", ""data\\raw\\opentargets\\26.09\\CANCER-011_MONDO_0018177_associated_targets_page_0005.json"", ""data\\raw\\opentargets\\26.09\\CANCER-011_MONDO_0018177_associated_targets_page_0006.json"", ""data\\raw\\opentargets\\26.09\\CANCER-011_MONDO_0018177_associated_targets_page_0007.json"", ""data\\raw\\opentargets\\26.09\\CANCER-011_MONDO_0018177_associated_targets_page_0008.json"", ""data\\raw\\opentargets\\26.09\\CANCER-011_MONDO_0018177_associated_targets_page_0009.json"", ""data\\raw\\opentargets\\26.09\\CANCER-011_MONDO_0018177_associated_targets_page_0010.json"", ""data\\raw\\opentargets\\26.09\\CANCER-011_MONDO_0018177_associated_targets_page_0011.json"", ""data\\raw\\opentargets\\26.09\\CANCER-011_MONDO_0018177_associated_targets_page_0012.json"", ""data\\raw\\opentargets\\26.09\\CANCER-011_MONDO_0018177_associated_targets_page_0013.json"", ""data\\raw\\opentargets\\26.09\\CANCER-011_MONDO_0018177_associated_targets_page_0014.json"", ""data\\raw\\opentargets\\26.09\\CANCER-011_MONDO_0018177_associated_targets_page_0015.json"", ""data\\raw\\opentargets\\26.09\\CANCER-011_MONDO_0018177_associated_targets_page_0016.json"", ""data\\raw\\opentargets\\26.09\\CANCER-011_MONDO_0018177_associated_targets_page_0017.json"", ""data\\raw\\opentargets\\26.09\\CANCER-011_MONDO_0018177_associated_targets_page_0018.json"", ""data\\raw\\opentargets\\26.09\\CANCER-011_MONDO_0018177_associated_targets_page_0019.json"", ""data\\raw\\opentargets\\26.09\\CANCER-011_MONDO_0018177_associated_targets_page_0020.json"", ""data\\raw\\opentargets\\26.09\\CANCER-011_MONDO_0018177_associated_targets_page_0021.json"", ""data\\raw\\opentargets\\26.09\\CANCER-011_MONDO_0018177_associated_targets_page_0022.json""]"	22ebfc8a8b94534019b265fa31539bf8c88981cb103986ac03139ba88b6185b5
cancer_target_pair	EVID-0030	tractability_json	"[{""label"": ""Approved Drug"", ""modality"": ""SM"", ""value"": true}, {""label"": ""Advanced Clinical"", ""modality"": ""SM"", ""value"": false}, {""label"": ""Phase 1 Clinical"", ""modality"": ""SM"", ""value"": false}, {""label"": ""Structure with Ligand"", ""modality"": ""SM"", ""value"": true}, {""label"": ""High-Quality Ligand"", ""modality"": ""SM"", ""value"": true}, {""label"": ""High-Quality Pocket"", ""modality"": ""SM"", ""value"": true}, {""label"": ""Med-Quality Pocket"", ""modality"": ""SM"", ""value"": false}, {""label"": ""Druggable Family"", ""modality"": ""SM"", ""value"": true}, {""label"": ""Approved Drug"", ""modality"": ""AB"", ""value"": false}, {""label"": ""Advanced Clinical"", ""modality"": ""AB"", ""value"": false}, {""label"": ""Phase 1 Clinical"", ""modality"": ""AB"", ""value"": false}, {""label"": ""UniProt loc high conf"", ""modality"": ""AB"", ""value"": false}, {""label"": ""GO CC high conf"", ""modality"": ""AB"", ""value"": false}, {""label"": ""UniProt loc med conf"", ""modality"": ""AB"", ""value"": false}, {""label"": ""UniProt SigP or TMHMM"", ""modality"": ""AB"", ""value"": false}, {""label"": ""GO CC med conf"", ""modality"": ""AB"", ""value"": false}, {""label"": ""Human Protein Atlas loc"", ""modality"": ""AB"", ""value"": false}, {""label"": ""Approved Drug"", ""modality"": ""PR"", ""value"": false}, {""label"": ""Advanced Clinical"", ""modality"": ""PR"", ""value"": false}, {""label"": ""Phase 1 Clinical"", ""modality"": ""PR"", ""value"": false}, {""label"": ""Literature"", ""modality"": ""PR"", ""value"": true}, {""label"": ""UniProt Ubiquitination"", ""modality"": ""PR"", ""value"": false}, {""label"": ""Database Ubiquitination"", ""modality"": ""PR"", ""value"": true}, {""label"": ""Half-life Data"", ""modality"": ""PR"", ""value"": true}, {""label"": ""Small Molecule Binder"", ""modality"": ""PR"", ""value"": true}, {""label"": ""Approved Drug"", ""modality"": ""OC"", ""value"": false}, {""label"": ""Advanced Clinical"", ""modality"": ""OC"", ""value"": false}, {""label"": ""Phase 1 Clinical"", ""modality"": ""OC"", ""value"": false}]"	Open Targets Platform	ENSG00000135446|MONDO_0018177	26.09	https://api.platform.opentargets.org/api/v4/graphql	2026-09-30T07:41:58.308760+00:00	Aggregated evidence	opentargets-v0.2.2	data\raw\opentargets\26.09\target_ENSG00000135446_tractability.json	22ebfc8a8b94534019b265fa31539bf8c88981cb103986ac03139ba88b6185b5
cancer_target_pair	EVID-0031	association_score	0.2214998875671472	Open Targets Platform	ENSG00000135679|MONDO_0018177	26.09	https://api.platform.opentargets.org/api/v4/graphql	2026-09-30T07:41:58.308760+00:00	Aggregated evidence	opentargets-v0.2.2	"[""data\\raw\\opentargets\\26.09\\CANCER-011_MONDO_0018177_associated_targets_page_0000.json"", ""data\\raw\\opentargets\\26.09\\CANCER-011_MONDO_0018177_associated_targets_page_0001.json"", ""data\\raw\\opentargets\\26.09\\CANCER-011_MONDO_0018177_associated_targets_page_0002.json"", ""data\\raw\\opentargets\\26.09\\CANCER-011_MONDO_0018177_associated_targets_page_0003.json"", ""data\\raw\\opentargets\\26.09\\CANCER-011_MONDO_0018177_associated_targets_page_0004.json"", ""data\\raw\\opentargets\\26.09\\CANCER-011_MONDO_0018177_associated_targets_page_0005.json"", ""data\\raw\\opentargets\\26.09\\CANCER-011_MONDO_0018177_associated_targets_page_0006.json"", ""data\\raw\\opentargets\\26.09\\CANCER-011_MONDO_0018177_associated_targets_page_0007.json"", ""data\\raw\\opentargets\\26.09\\CANCER-011_MONDO_0018177_associated_targets_page_0008.json"", ""data\\raw\\opentargets\\26.09\\CANCER-011_MONDO_0018177_associated_targets_page_0009.json"", ""data\\raw\\opentargets\\26.09\\CANCER-011_MONDO_0018177_associated_targets_page_0010.json"", ""data\\raw\\opentargets\\26.09\\CANCER-011_MONDO_0018177_associated_targets_page_0011.json"", ""data\\raw\\opentargets\\26.09\\CANCER-011_MONDO_0018177_associated_targets_page_0012.json"", ""data\\raw\\opentargets\\26.09\\CANCER-011_MONDO_0018177_associated_targets_page_0013.json"", ""data\\raw\\opentargets\\26.09\\CANCER-011_MONDO_0018177_associated_targets_page_0014.json"", ""data\\raw\\opentargets\\26.09\\CANCER-011_MONDO_0018177_associated_targets_page_0015.json"", ""data\\raw\\opentargets\\26.09\\CANCER-011_MONDO_0018177_associated_targets_page_0016.json"", ""data\\raw\\opentargets\\26.09\\CANCER-011_MONDO_0018177_associated_targets_page_0017.json"", ""data\\raw\\opentargets\\26.09\\CANCER-011_MONDO_0018177_associated_targets_page_0018.json"", ""data\\raw\\opentargets\\26.09\\CANCER-011_MONDO_0018177_associated_targets_page_0019.json"", ""data\\raw\\opentargets\\26.09\\CANCER-011_MONDO_0018177_associated_targets_page_0020.json"", ""data\\raw\\opentargets\\26.09\\CANCER-011_MONDO_0018177_associated_targets_page_0021.json"", ""data\\raw\\opentargets\\26.09\\CANCER-011_MONDO_0018177_associated_targets_page_0022.json""]"	6820b3bc222c394b8badac3d62404c3a142bce6d23e5055e7905460d8133373f
cancer_target_pair	EVID-0031	genetic_association_score		Open Targets Platform	ENSG00000135679|MONDO_0018177	26.09	https://api.platform.opentargets.org/api/v4/graphql	2026-09-30T07:41:58.308760+00:00	Aggregated evidence	opentargets-v0.2.2	"[""data\\raw\\opentargets\\26.09\\CANCER-011_MONDO_0018177_associated_targets_page_0000.json"", ""data\\raw\\opentargets\\26.09\\CANCER-011_MONDO_0018177_associated_targets_page_0001.json"", ""data\\raw\\opentargets\\26.09\\CANCER-011_MONDO_0018177_associated_targets_page_0002.json"", ""data\\raw\\opentargets\\26.09\\CANCER-011_MONDO_0018177_associated_targets_page_0003.json"", ""data\\raw\\opentargets\\26.09\\CANCER-011_MONDO_0018177_associated_targets_page_0004.json"", ""data\\raw\\opentargets\\26.09\\CANCER-011_MONDO_0018177_associated_targets_page_0005.json"", ""data\\raw\\opentargets\\26.09\\CANCER-011_MONDO_0018177_associated_targets_page_0006.json"", ""data\\raw\\opentargets\\26.09\\CANCER-011_MONDO_0018177_associated_targets_page_0007.json"", ""data\\raw\\opentargets\\26.09\\CANCER-011_MONDO_0018177_associated_targets_page_0008.json"", ""data\\raw\\opentargets\\26.09\\CANCER-011_MONDO_0018177_associated_targets_page_0009.json"", ""data\\raw\\opentargets\\26.09\\CANCER-011_MONDO_0018177_associated_targets_page_0010.json"", ""data\\raw\\opentargets\\26.09\\CANCER-011_MONDO_0018177_associated_targets_page_0011.json"", ""data\\raw\\opentargets\\26.09\\CANCER-011_MONDO_0018177_associated_targets_page_0012.json"", ""data\\raw\\opentargets\\26.09\\CANCER-011_MONDO_0018177_associated_targets_page_0013.json"", ""data\\raw\\opentargets\\26.09\\CANCER-011_MONDO_0018177_associated_targets_page_0014.json"", ""data\\raw\\opentargets\\26.09\\CANCER-011_MONDO_0018177_associated_targets_page_0015.json"", ""data\\raw\\opentargets\\26.09\\CANCER-011_MONDO_0018177_associated_targets_page_0016.json"", ""data\\raw\\opentargets\\26.09\\CANCER-011_MONDO_0018177_associated_targets_page_0017.json"", ""data\\raw\\opentargets\\26.09\\CANCER-011_MONDO_0018177_associated_targets_page_0018.json"", ""data\\raw\\opentargets\\26.09\\CANCER-011_MONDO_0018177_associated_targets_page_0019.json"", ""data\\raw\\opentargets\\26.09\\CANCER-011_MONDO_0018177_associated_targets_page_0020.json"", ""data\\raw\\opentargets\\26.09\\CANCER-011_MONDO_0018177_associated_targets_page_0021.json"", ""data\\raw\\opentargets\\26.09\\CANCER-011_MONDO_0018177_associated_targets_page_0022.json""]"	6820b3bc222c394b8badac3d62404c3a142bce6d23e5055e7905460d8133373f
cancer_target_pair	EVID-0031	somatic_mutation_score		Open Targets Platform	ENSG00000135679|MONDO_0018177	26.09	https://api.platform.opentargets.org/api/v4/graphql	2026-09-30T07:41:58.308760+00:00	Aggregated evidence	opentargets-v0.2.2	"[""data\\raw\\opentargets\\26.09\\CANCER-011_MONDO_0018177_associated_targets_page_0000.json"", ""data\\raw\\opentargets\\26.09\\CANCER-011_MONDO_0018177_associated_targets_page_0001.json"", ""data\\raw\\opentargets\\26.09\\CANCER-011_MONDO_0018177_associated_targets_page_0002.json"", ""data\\raw\\opentargets\\26.09\\CANCER-011_MONDO_0018177_associated_targets_page_0003.json"", ""data\\raw\\opentargets\\26.09\\CANCER-011_MONDO_0018177_associated_targets_page_0004.json"", ""data\\raw\\opentargets\\26.09\\CANCER-011_MONDO_0018177_associated_targets_page_0005.json"", ""data\\raw\\opentargets\\26.09\\CANCER-011_MONDO_0018177_associated_targets_page_0006.json"", ""data\\raw\\opentargets\\26.09\\CANCER-011_MONDO_0018177_associated_targets_page_0007.json"", ""data\\raw\\opentargets\\26.09\\CANCER-011_MONDO_0018177_associated_targets_page_0008.json"", ""data\\raw\\opentargets\\26.09\\CANCER-011_MONDO_0018177_associated_targets_page_0009.json"", ""data\\raw\\opentargets\\26.09\\CANCER-011_MONDO_0018177_associated_targets_page_0010.json"", ""data\\raw\\opentargets\\26.09\\CANCER-011_MONDO_0018177_associated_targets_page_0011.json"", ""data\\raw\\opentargets\\26.09\\CANCER-011_MONDO_0018177_associated_targets_page_0012.json"", ""data\\raw\\opentargets\\26.09\\CANCER-011_MONDO_0018177_associated_targets_page_0013.json"", ""data\\raw\\opentargets\\26.09\\CANCER-011_MONDO_0018177_associated_targets_page_0014.json"", ""data\\raw\\opentargets\\26.09\\CANCER-011_MONDO_0018177_associated_targets_page_0015.json"", ""data\\raw\\opentargets\\26.09\\CANCER-011_MONDO_0018177_associated_targets_page_0016.json"", ""data\\raw\\opentargets\\26.09\\CANCER-011_MONDO_0018177_associated_targets_page_0017.json"", ""data\\raw\\opentargets\\26.09\\CANCER-011_MONDO_0018177_associated_targets_page_0018.json"", ""data\\raw\\opentargets\\26.09\\CANCER-011_MONDO_0018177_associated_targets_page_0019.json"", ""data\\raw\\opentargets\\26.09\\CANCER-011_MONDO_0018177_associated_targets_page_0020.json"", ""data\\raw\\opentargets\\26.09\\CANCER-011_MONDO_0018177_associated_targets_page_0021.json"", ""data\\raw\\opentargets\\26.09\\CANCER-011_MONDO_0018177_associated_targets_page_0022.json""]"	6820b3bc222c394b8badac3d62404c3a142bce6d23e5055e7905460d8133373f
cancer_target_pair	EVID-0031	known_drug_score		Open Targets Platform	ENSG00000135679|MONDO_0018177	26.09	https://api.platform.opentargets.org/api/v4/graphql	2026-09-30T07:41:58.308760+00:00	Aggregated evidence	opentargets-v0.2.2	"[""data\\raw\\opentargets\\26.09\\CANCER-011_MONDO_0018177_associated_targets_page_0000.json"", ""data\\raw\\opentargets\\26.09\\CANCER-011_MONDO_0018177_associated_targets_page_0001.json"", ""data\\raw\\opentargets\\26.09\\CANCER-011_MONDO_0018177_associated_targets_page_0002.json"", ""data\\raw\\opentargets\\26.09\\CANCER-011_MONDO_0018177_associated_targets_page_0003.json"", ""data\\raw\\opentargets\\26.09\\CANCER-011_MONDO_0018177_associated_targets_page_0004.json"", ""data\\raw\\opentargets\\26.09\\CANCER-011_MONDO_0018177_associated_targets_page_0005.json"", ""data\\raw\\opentargets\\26.09\\CANCER-011_MONDO_0018177_associated_targets_page_0006.json"", ""data\\raw\\opentargets\\26.09\\CANCER-011_MONDO_0018177_associated_targets_page_0007.json"", ""data\\raw\\opentargets\\26.09\\CANCER-011_MONDO_0018177_associated_targets_page_0008.json"", ""data\\raw\\opentargets\\26.09\\CANCER-011_MONDO_0018177_associated_targets_page_0009.json"", ""data\\raw\\opentargets\\26.09\\CANCER-011_MONDO_0018177_associated_targets_page_0010.json"", ""data\\raw\\opentargets\\26.09\\CANCER-011_MONDO_0018177_associated_targets_page_0011.json"", ""data\\raw\\opentargets\\26.09\\CANCER-011_MONDO_0018177_associated_targets_page_0012.json"", ""data\\raw\\opentargets\\26.09\\CANCER-011_MONDO_0018177_associated_targets_page_0013.json"", ""data\\raw\\opentargets\\26.09\\CANCER-011_MONDO_0018177_associated_targets_page_0014.json"", ""data\\raw\\opentargets\\26.09\\CANCER-011_MONDO_0018177_associated_targets_page_0015.json"", ""data\\raw\\opentargets\\26.09\\CANCER-011_MONDO_0018177_associated_targets_page_0016.json"", ""data\\raw\\opentargets\\26.09\\CANCER-011_MONDO_0018177_associated_targets_page_0017.json"", ""data\\raw\\opentargets\\26.09\\CANCER-011_MONDO_0018177_associated_targets_page_0018.json"", ""data\\raw\\opentargets\\26.09\\CANCER-011_MONDO_0018177_associated_targets_page_0019.json"", ""data\\raw\\opentargets\\26.09\\CANCER-011_MONDO_0018177_associated_targets_page_0020.json"", ""data\\raw\\opentargets\\26.09\\CANCER-011_MONDO_0018177_associated_targets_page_0021.json"", ""data\\raw\\opentargets\\26.09\\CANCER-011_MONDO_0018177_associated_targets_page_0022.json""]"	6820b3bc222c394b8badac3d62404c3a142bce6d23e5055e7905460d8133373f
cancer_target_pair	EVID-0031	literature_score	0.7019242018204334	Open Targets Platform	ENSG00000135679|MONDO_0018177	26.09	https://api.platform.opentargets.org/api/v4/graphql	2026-09-30T07:41:58.308760+00:00	Aggregated evidence	opentargets-v0.2.2	"[""data\\raw\\opentargets\\26.09\\CANCER-011_MONDO_0018177_associated_targets_page_0000.json"", ""data\\raw\\opentargets\\26.09\\CANCER-011_MONDO_0018177_associated_targets_page_0001.json"", ""data\\raw\\opentargets\\26.09\\CANCER-011_MONDO_0018177_associated_targets_page_0002.json"", ""data\\raw\\opentargets\\26.09\\CANCER-011_MONDO_0018177_associated_targets_page_0003.json"", ""data\\raw\\opentargets\\26.09\\CANCER-011_MONDO_0018177_associated_targets_page_0004.json"", ""data\\raw\\opentargets\\26.09\\CANCER-011_MONDO_0018177_associated_targets_page_0005.json"", ""data\\raw\\opentargets\\26.09\\CANCER-011_MONDO_0018177_associated_targets_page_0006.json"", ""data\\raw\\opentargets\\26.09\\CANCER-011_MONDO_0018177_associated_targets_page_0007.json"", ""data\\raw\\opentargets\\26.09\\CANCER-011_MONDO_0018177_associated_targets_page_0008.json"", ""data\\raw\\opentargets\\26.09\\CANCER-011_MONDO_0018177_associated_targets_page_0009.json"", ""data\\raw\\opentargets\\26.09\\CANCER-011_MONDO_0018177_associated_targets_page_0010.json"", ""data\\raw\\opentargets\\26.09\\CANCER-011_MONDO_0018177_associated_targets_page_0011.json"", ""data\\raw\\opentargets\\26.09\\CANCER-011_MONDO_0018177_associated_targets_page_0012.json"", ""data\\raw\\opentargets\\26.09\\CANCER-011_MONDO_0018177_associated_targets_page_0013.json"", ""data\\raw\\opentargets\\26.09\\CANCER-011_MONDO_0018177_associated_targets_page_0014.json"", ""data\\raw\\opentargets\\26.09\\CANCER-011_MONDO_0018177_associated_targets_page_0015.json"", ""data\\raw\\opentargets\\26.09\\CANCER-011_MONDO_0018177_associated_targets_page_0016.json"", ""data\\raw\\opentargets\\26.09\\CANCER-011_MONDO_0018177_associated_targets_page_0017.json"", ""data\\raw\\opentargets\\26.09\\CANCER-011_MONDO_0018177_associated_targets_page_0018.json"", ""data\\raw\\opentargets\\26.09\\CANCER-011_MONDO_0018177_associated_targets_page_0019.json"", ""data\\raw\\opentargets\\26.09\\CANCER-011_MONDO_0018177_associated_targets_page_0020.json"", ""data\\raw\\opentargets\\26.09\\CANCER-011_MONDO_0018177_associated_targets_page_0021.json"", ""data\\raw\\opentargets\\26.09\\CANCER-011_MONDO_0018177_associated_targets_page_0022.json""]"	6820b3bc222c394b8badac3d62404c3a142bce6d23e5055e7905460d8133373f
cancer_target_pair	EVID-0031	tractability_json	"[{""label"": ""Approved Drug"", ""modality"": ""SM"", ""value"": false}, {""label"": ""Advanced Clinical"", ""modality"": ""SM"", ""value"": true}, {""label"": ""Phase 1 Clinical"", ""modality"": ""SM"", ""value"": false}, {""label"": ""Structure with Ligand"", ""modality"": ""SM"", ""value"": true}, {""label"": ""High-Quality Ligand"", ""modality"": ""SM"", ""value"": true}, {""label"": ""High-Quality Pocket"", ""modality"": ""SM"", ""value"": true}, {""label"": ""Med-Quality Pocket"", ""modality"": ""SM"", ""value"": false}, {""label"": ""Druggable Family"", ""modality"": ""SM"", ""value"": true}, {""label"": ""Approved Drug"", ""modality"": ""AB"", ""value"": false}, {""label"": ""Advanced Clinical"", ""modality"": ""AB"", ""value"": false}, {""label"": ""Phase 1 Clinical"", ""modality"": ""AB"", ""value"": false}, {""label"": ""UniProt loc high conf"", ""modality"": ""AB"", ""value"": false}, {""label"": ""GO CC high conf"", ""modality"": ""AB"", ""value"": true}, {""label"": ""UniProt loc med conf"", ""modality"": ""AB"", ""value"": false}, {""label"": ""UniProt SigP or TMHMM"", ""modality"": ""AB"", ""value"": false}, {""label"": ""GO CC med conf"", ""modality"": ""AB"", ""value"": false}, {""label"": ""Human Protein Atlas loc"", ""modality"": ""AB"", ""value"": false}, {""label"": ""Approved Drug"", ""modality"": ""PR"", ""value"": false}, {""label"": ""Advanced Clinical"", ""modality"": ""PR"", ""value"": false}, {""label"": ""Phase 1 Clinical"", ""modality"": ""PR"", ""value"": false}, {""label"": ""Literature"", ""modality"": ""PR"", ""value"": true}, {""label"": ""UniProt Ubiquitination"", ""modality"": ""PR"", ""value"": true}, {""label"": ""Database Ubiquitination"", ""modality"": ""PR"", ""value"": true}, {""label"": ""Half-life Data"", ""modality"": ""PR"", ""value"": false}, {""label"": ""Small Molecule Binder"", ""modality"": ""PR"", ""value"": true}, {""label"": ""Approved Drug"", ""modality"": ""OC"", ""value"": false}, {""label"": ""Advanced Clinical"", ""modality"": ""OC"", ""value"": false}, {""label"": ""Phase 1 Clinical"", ""modality"": ""OC"", ""value"": false}]"	Open Targets Platform	ENSG00000135679|MONDO_0018177	26.09	https://api.platform.opentargets.org/api/v4/graphql	2026-09-30T07:41:58.308760+00:00	Aggregated evidence	opentargets-v0.2.2	data\raw\opentargets\26.09\target_ENSG00000135679_tractability.json	6820b3bc222c394b8badac3d62404c3a142bce6d23e5055e7905460d8133373f
cancer_target_pair	EVID-0032	association_score	0.21774027253543488	Open Targets Platform	ENSG00000105976|MONDO_0018177	26.09	https://api.platform.opentargets.org/api/v4/graphql	2026-09-30T07:41:58.308760+00:00	Aggregated evidence	opentargets-v0.2.2	"[""data\\raw\\opentargets\\26.09\\CANCER-011_MONDO_0018177_associated_targets_page_0000.json"", ""data\\raw\\opentargets\\26.09\\CANCER-011_MONDO_0018177_associated_targets_page_0001.json"", ""data\\raw\\opentargets\\26.09\\CANCER-011_MONDO_0018177_associated_targets_page_0002.json"", ""data\\raw\\opentargets\\26.09\\CANCER-011_MONDO_0018177_associated_targets_page_0003.json"", ""data\\raw\\opentargets\\26.09\\CANCER-011_MONDO_0018177_associated_targets_page_0004.json"", ""data\\raw\\opentargets\\26.09\\CANCER-011_MONDO_0018177_associated_targets_page_0005.json"", ""data\\raw\\opentargets\\26.09\\CANCER-011_MONDO_0018177_associated_targets_page_0006.json"", ""data\\raw\\opentargets\\26.09\\CANCER-011_MONDO_0018177_associated_targets_page_0007.json"", ""data\\raw\\opentargets\\26.09\\CANCER-011_MONDO_0018177_associated_targets_page_0008.json"", ""data\\raw\\opentargets\\26.09\\CANCER-011_MONDO_0018177_associated_targets_page_0009.json"", ""data\\raw\\opentargets\\26.09\\CANCER-011_MONDO_0018177_associated_targets_page_0010.json"", ""data\\raw\\opentargets\\26.09\\CANCER-011_MONDO_0018177_associated_targets_page_0011.json"", ""data\\raw\\opentargets\\26.09\\CANCER-011_MONDO_0018177_associated_targets_page_0012.json"", ""data\\raw\\opentargets\\26.09\\CANCER-011_MONDO_0018177_associated_targets_page_0013.json"", ""data\\raw\\opentargets\\26.09\\CANCER-011_MONDO_0018177_associated_targets_page_0014.json"", ""data\\raw\\opentargets\\26.09\\CANCER-011_MONDO_0018177_associated_targets_page_0015.json"", ""data\\raw\\opentargets\\26.09\\CANCER-011_MONDO_0018177_associated_targets_page_0016.json"", ""data\\raw\\opentargets\\26.09\\CANCER-011_MONDO_0018177_associated_targets_page_0017.json"", ""data\\raw\\opentargets\\26.09\\CANCER-011_MONDO_0018177_associated_targets_page_0018.json"", ""data\\raw\\opentargets\\26.09\\CANCER-011_MONDO_0018177_associated_targets_page_0019.json"", ""data\\raw\\opentargets\\26.09\\CANCER-011_MONDO_0018177_associated_targets_page_0020.json"", ""data\\raw\\opentargets\\26.09\\CANCER-011_MONDO_0018177_associated_targets_page_0021.json"", ""data\\raw\\opentargets\\26.09\\CANCER-011_MONDO_0018177_associated_targets_page_0022.json""]"	a516793afea38b5e5b18feea8cd1ae5df80ce3b994f29035bd33a5cd9b9941de
cancer_target_pair	EVID-0032	genetic_association_score		Open Targets Platform	ENSG00000105976|MONDO_0018177	26.09	https://api.platform.opentargets.org/api/v4/graphql	2026-09-30T07:41:58.308760+00:00	Aggregated evidence	opentargets-v0.2.2	"[""data\\raw\\opentargets\\26.09\\CANCER-011_MONDO_0018177_associated_targets_page_0000.json"", ""data\\raw\\opentargets\\26.09\\CANCER-011_MONDO_0018177_associated_targets_page_0001.json"", ""data\\raw\\opentargets\\26.09\\CANCER-011_MONDO_0018177_associated_targets_page_0002.json"", ""data\\raw\\opentargets\\26.09\\CANCER-011_MONDO_0018177_associated_targets_page_0003.json"", ""data\\raw\\opentargets\\26.09\\CANCER-011_MONDO_0018177_associated_targets_page_0004.json"", ""data\\raw\\opentargets\\26.09\\CANCER-011_MONDO_0018177_associated_targets_page_0005.json"", ""data\\raw\\opentargets\\26.09\\CANCER-011_MONDO_0018177_associated_targets_page_0006.json"", ""data\\raw\\opentargets\\26.09\\CANCER-011_MONDO_0018177_associated_targets_page_0007.json"", ""data\\raw\\opentargets\\26.09\\CANCER-011_MONDO_0018177_associated_targets_page_0008.json"", ""data\\raw\\opentargets\\26.09\\CANCER-011_MONDO_0018177_associated_targets_page_0009.json"", ""data\\raw\\opentargets\\26.09\\CANCER-011_MONDO_0018177_associated_targets_page_0010.json"", ""data\\raw\\opentargets\\26.09\\CANCER-011_MONDO_0018177_associated_targets_page_0011.json"", ""data\\raw\\opentargets\\26.09\\CANCER-011_MONDO_0018177_associated_targets_page_0012.json"", ""data\\raw\\opentargets\\26.09\\CANCER-011_MONDO_0018177_associated_targets_page_0013.json"", ""data\\raw\\opentargets\\26.09\\CANCER-011_MONDO_0018177_associated_targets_page_0014.json"", ""data\\raw\\opentargets\\26.09\\CANCER-011_MONDO_0018177_associated_targets_page_0015.json"", ""data\\raw\\opentargets\\26.09\\CANCER-011_MONDO_0018177_associated_targets_page_0016.json"", ""data\\raw\\opentargets\\26.09\\CANCER-011_MONDO_0018177_associated_targets_page_0017.json"", ""data\\raw\\opentargets\\26.09\\CANCER-011_MONDO_0018177_associated_targets_page_0018.json"", ""data\\raw\\opentargets\\26.09\\CANCER-011_MONDO_0018177_associated_targets_page_0019.json"", ""data\\raw\\opentargets\\26.09\\CANCER-011_MONDO_0018177_associated_targets_page_0020.json"", ""data\\raw\\opentargets\\26.09\\CANCER-011_MONDO_0018177_associated_targets_page_0021.json"", ""data\\raw\\opentargets\\26.09\\CANCER-011_MONDO_0018177_associated_targets_page_0022.json""]"	a516793afea38b5e5b18feea8cd1ae5df80ce3b994f29035bd33a5cd9b9941de
cancer_target_pair	EVID-0032	somatic_mutation_score		Open Targets Platform	ENSG00000105976|MONDO_0018177	26.09	https://api.platform.opentargets.org/api/v4/graphql	2026-09-30T07:41:58.308760+00:00	Aggregated evidence	opentargets-v0.2.2	"[""data\\raw\\opentargets\\26.09\\CANCER-011_MONDO_0018177_associated_targets_page_0000.json"", ""data\\raw\\opentargets\\26.09\\CANCER-011_MONDO_0018177_associated_targets_page_0001.json"", ""data\\raw\\opentargets\\26.09\\CANCER-011_MONDO_0018177_associated_targets_page_0002.json"", ""data\\raw\\opentargets\\26.09\\CANCER-011_MONDO_0018177_associated_targets_page_0003.json"", ""data\\raw\\opentargets\\26.09\\CANCER-011_MONDO_0018177_associated_targets_page_0004.json"", ""data\\raw\\opentargets\\26.09\\CANCER-011_MONDO_0018177_associated_targets_page_0005.json"", ""data\\raw\\opentargets\\26.09\\CANCER-011_MONDO_0018177_associated_targets_page_0006.json"", ""data\\raw\\opentargets\\26.09\\CANCER-011_MONDO_0018177_associated_targets_page_0007.json"", ""data\\raw\\opentargets\\26.09\\CANCER-011_MONDO_0018177_associated_targets_page_0008.json"", ""data\\raw\\opentargets\\26.09\\CANCER-011_MONDO_0018177_associated_targets_page_0009.json"", ""data\\raw\\opentargets\\26.09\\CANCER-011_MONDO_0018177_associated_targets_page_0010.json"", ""data\\raw\\opentargets\\26.09\\CANCER-011_MONDO_0018177_associated_targets_page_0011.json"", ""data\\raw\\opentargets\\26.09\\CANCER-011_MONDO_0018177_associated_targets_page_0012.json"", ""data\\raw\\opentargets\\26.09\\CANCER-011_MONDO_0018177_associated_targets_page_0013.json"", ""data\\raw\\opentargets\\26.09\\CANCER-011_MONDO_0018177_associated_targets_page_0014.json"", ""data\\raw\\opentargets\\26.09\\CANCER-011_MONDO_0018177_associated_targets_page_0015.json"", ""data\\raw\\opentargets\\26.09\\CANCER-011_MONDO_0018177_associated_targets_page_0016.json"", ""data\\raw\\opentargets\\26.09\\CANCER-011_MONDO_0018177_associated_targets_page_0017.json"", ""data\\raw\\opentargets\\26.09\\CANCER-011_MONDO_0018177_associated_targets_page_0018.json"", ""data\\raw\\opentargets\\26.09\\CANCER-011_MONDO_0018177_associated_targets_page_0019.json"", ""data\\raw\\opentargets\\26.09\\CANCER-011_MONDO_0018177_associated_targets_page_0020.json"", ""data\\raw\\opentargets\\26.09\\CANCER-011_MONDO_0018177_associated_targets_page_0021.json"", ""data\\raw\\opentargets\\26.09\\CANCER-011_MONDO_0018177_associated_targets_page_0022.json""]"	a516793afea38b5e5b18feea8cd1ae5df80ce3b994f29035bd33a5cd9b9941de
cancer_target_pair	EVID-0032	known_drug_score		Open Targets Platform	ENSG00000105976|MONDO_0018177	26.09	https://api.platform.opentargets.org/api/v4/graphql	2026-09-30T07:41:58.308760+00:00	Aggregated evidence	opentargets-v0.2.2	"[""data\\raw\\opentargets\\26.09\\CANCER-011_MONDO_0018177_associated_targets_page_0000.json"", ""data\\raw\\opentargets\\26.09\\CANCER-011_MONDO_0018177_associated_targets_page_0001.json"", ""data\\raw\\opentargets\\26.09\\CANCER-011_MONDO_0018177_associated_targets_page_0002.json"", ""data\\raw\\opentargets\\26.09\\CANCER-011_MONDO_0018177_associated_targets_page_0003.json"", ""data\\raw\\opentargets\\26.09\\CANCER-011_MONDO_0018177_associated_targets_page_0004.json"", ""data\\raw\\opentargets\\26.09\\CANCER-011_MONDO_0018177_associated_targets_page_0005.json"", ""data\\raw\\opentargets\\26.09\\CANCER-011_MONDO_0018177_associated_targets_page_0006.json"", ""data\\raw\\opentargets\\26.09\\CANCER-011_MONDO_0018177_associated_targets_page_0007.json"", ""data\\raw\\opentargets\\26.09\\CANCER-011_MONDO_0018177_associated_targets_page_0008.json"", ""data\\raw\\opentargets\\26.09\\CANCER-011_MONDO_0018177_associated_targets_page_0009.json"", ""data\\raw\\opentargets\\26.09\\CANCER-011_MONDO_0018177_associated_targets_page_0010.json"", ""data\\raw\\opentargets\\26.09\\CANCER-011_MONDO_0018177_associated_targets_page_0011.json"", ""data\\raw\\opentargets\\26.09\\CANCER-011_MONDO_0018177_associated_targets_page_0012.json"", ""data\\raw\\opentargets\\26.09\\CANCER-011_MONDO_0018177_associated_targets_page_0013.json"", ""data\\raw\\opentargets\\26.09\\CANCER-011_MONDO_0018177_associated_targets_page_0014.json"", ""data\\raw\\opentargets\\26.09\\CANCER-011_MONDO_0018177_associated_targets_page_0015.json"", ""data\\raw\\opentargets\\26.09\\CANCER-011_MONDO_0018177_associated_targets_page_0016.json"", ""data\\raw\\opentargets\\26.09\\CANCER-011_MONDO_0018177_associated_targets_page_0017.json"", ""data\\raw\\opentargets\\26.09\\CANCER-011_MONDO_0018177_associated_targets_page_0018.json"", ""data\\raw\\opentargets\\26.09\\CANCER-011_MONDO_0018177_associated_targets_page_0019.json"", ""data\\raw\\opentargets\\26.09\\CANCER-011_MONDO_0018177_associated_targets_page_0020.json"", ""data\\raw\\opentargets\\26.09\\CANCER-011_MONDO_0018177_associated_targets_page_0021.json"", ""data\\raw\\opentargets\\26.09\\CANCER-011_MONDO_0018177_associated_targets_page_0022.json""]"	a516793afea38b5e5b18feea8cd1ae5df80ce3b994f29035bd33a5cd9b9941de
cancer_target_pair	EVID-0032	literature_score	0.9726594949085594	Open Targets Platform	ENSG00000105976|MONDO_0018177	26.09	https://api.platform.opentargets.org/api/v4/graphql	2026-09-30T07:41:58.308760+00:00	Aggregated evidence	opentargets-v0.2.2	"[""data\\raw\\opentargets\\26.09\\CANCER-011_MONDO_0018177_associated_targets_page_0000.json"", ""data\\raw\\opentargets\\26.09\\CANCER-011_MONDO_0018177_associated_targets_page_0001.json"", ""data\\raw\\opentargets\\26.09\\CANCER-011_MONDO_0018177_associated_targets_page_0002.json"", ""data\\raw\\opentargets\\26.09\\CANCER-011_MONDO_0018177_associated_targets_page_0003.json"", ""data\\raw\\opentargets\\26.09\\CANCER-011_MONDO_0018177_associated_targets_page_0004.json"", ""data\\raw\\opentargets\\26.09\\CANCER-011_MONDO_0018177_associated_targets_page_0005.json"", ""data\\raw\\opentargets\\26.09\\CANCER-011_MONDO_0018177_associated_targets_page_0006.json"", ""data\\raw\\opentargets\\26.09\\CANCER-011_MONDO_0018177_associated_targets_page_0007.json"", ""data\\raw\\opentargets\\26.09\\CANCER-011_MONDO_0018177_associated_targets_page_0008.json"", ""data\\raw\\opentargets\\26.09\\CANCER-011_MONDO_0018177_associated_targets_page_0009.json"", ""data\\raw\\opentargets\\26.09\\CANCER-011_MONDO_0018177_associated_targets_page_0010.json"", ""data\\raw\\opentargets\\26.09\\CANCER-011_MONDO_0018177_associated_targets_page_0011.json"", ""data\\raw\\opentargets\\26.09\\CANCER-011_MONDO_0018177_associated_targets_page_0012.json"", ""data\\raw\\opentargets\\26.09\\CANCER-011_MONDO_0018177_associated_targets_page_0013.json"", ""data\\raw\\opentargets\\26.09\\CANCER-011_MONDO_0018177_associated_targets_page_0014.json"", ""data\\raw\\opentargets\\26.09\\CANCER-011_MONDO_0018177_associated_targets_page_0015.json"", ""data\\raw\\opentargets\\26.09\\CANCER-011_MONDO_0018177_associated_targets_page_0016.json"", ""data\\raw\\opentargets\\26.09\\CANCER-011_MONDO_0018177_associated_targets_page_0017.json"", ""data\\raw\\opentargets\\26.09\\CANCER-011_MONDO_0018177_associated_targets_page_0018.json"", ""data\\raw\\opentargets\\26.09\\CANCER-011_MONDO_0018177_associated_targets_page_0019.json"", ""data\\raw\\opentargets\\26.09\\CANCER-011_MONDO_0018177_associated_targets_page_0020.json"", ""data\\raw\\opentargets\\26.09\\CANCER-011_MONDO_0018177_associated_targets_page_0021.json"", ""data\\raw\\opentargets\\26.09\\CANCER-011_MONDO_0018177_associated_targets_page_0022.json""]"	a516793afea38b5e5b18feea8cd1ae5df80ce3b994f29035bd33a5cd9b9941de
cancer_target_pair	EVID-0032	tractability_json	"[{""label"": ""Approved Drug"", ""modality"": ""SM"", ""value"": true}, {""label"": ""Advanced Clinical"", ""modality"": ""SM"", ""value"": false}, {""label"": ""Phase 1 Clinical"", ""modality"": ""SM"", ""value"": false}, {""label"": ""Structure with Ligand"", ""modality"": ""SM"", ""value"": true}, {""label"": ""High-Quality Ligand"", ""modality"": ""SM"", ""value"": true}, {""label"": ""High-Quality Pocket"", ""modality"": ""SM"", ""value"": true}, {""label"": ""Med-Quality Pocket"", ""modality"": ""SM"", ""value"": false}, {""label"": ""Druggable Family"", ""modality"": ""SM"", ""value"": true}, {""label"": ""Approved Drug"", ""modality"": ""AB"", ""value"": true}, {""label"": ""Advanced Clinical"", ""modality"": ""AB"", ""value"": false}, {""label"": ""Phase 1 Clinical"", ""modality"": ""AB"", ""value"": false}, {""label"": ""UniProt loc high conf"", ""modality"": ""AB"", ""value"": false}, {""label"": ""GO CC high conf"", ""modality"": ""AB"", ""value"": true}, {""label"": ""UniProt loc med conf"", ""modality"": ""AB"", ""value"": true}, {""label"": ""UniProt SigP or TMHMM"", ""modality"": ""AB"", ""value"": true}, {""label"": ""GO CC med conf"", ""modality"": ""AB"", ""value"": false}, {""label"": ""Human Protein Atlas loc"", ""modality"": ""AB"", ""value"": true}, {""label"": ""Approved Drug"", ""modality"": ""PR"", ""value"": false}, {""label"": ""Advanced Clinical"", ""modality"": ""PR"", ""value"": false}, {""label"": ""Phase 1 Clinical"", ""modality"": ""PR"", ""value"": false}, {""label"": ""Literature"", ""modality"": ""PR"", ""value"": true}, {""label"": ""UniProt Ubiquitination"", ""modality"": ""PR"", ""value"": true}, {""label"": ""Database Ubiquitination"", ""modality"": ""PR"", ""value"": true}, {""label"": ""Half-life Data"", ""modality"": ""PR"", ""value"": true}, {""label"": ""Small Molecule Binder"", ""modality"": ""PR"", ""value"": true}, {""label"": ""Approved Drug"", ""modality"": ""OC"", ""value"": false}, {""label"": ""Advanced Clinical"", ""modality"": ""OC"", ""value"": true}, {""label"": ""Phase 1 Clinical"", ""modality"": ""OC"", ""value"": false}]"	Open Targets Platform	ENSG00000105976|MONDO_0018177	26.09	https://api.platform.opentargets.org/api/v4/graphql	2026-09-30T07:41:58.308760+00:00	Aggregated evidence	opentargets-v0.2.2	data\raw\opentargets\26.09\target_ENSG00000105976_tractability.json	a516793afea38b5e5b18feea8cd1ae5df80ce3b994f29035bd33a5cd9b9941de
cancer_target_pair	EVID-0033	association_score	0.5387720172837699	Open Targets Platform	ENSG00000121879|MONDO_0018177	26.09	https://api.platform.opentargets.org/api/v4/graphql	2026-09-30T07:41:58.308760+00:00	Aggregated evidence	opentargets-v0.2.2	"[""data\\raw\\opentargets\\26.09\\CANCER-011_MONDO_0018177_associated_targets_page_0000.json"", ""data\\raw\\opentargets\\26.09\\CANCER-011_MONDO_0018177_associated_targets_page_0001.json"", ""data\\raw\\opentargets\\26.09\\CANCER-011_MONDO_0018177_associated_targets_page_0002.json"", ""data\\raw\\opentargets\\26.09\\CANCER-011_MONDO_0018177_associated_targets_page_0003.json"", ""data\\raw\\opentargets\\26.09\\CANCER-011_MONDO_0018177_associated_targets_page_0004.json"", ""data\\raw\\opentargets\\26.09\\CANCER-011_MONDO_0018177_associated_targets_page_0005.json"", ""data\\raw\\opentargets\\26.09\\CANCER-011_MONDO_0018177_associated_targets_page_0006.json"", ""data\\raw\\opentargets\\26.09\\CANCER-011_MONDO_0018177_associated_targets_page_0007.json"", ""data\\raw\\opentargets\\26.09\\CANCER-011_MONDO_0018177_associated_targets_page_0008.json"", ""data\\raw\\opentargets\\26.09\\CANCER-011_MONDO_0018177_associated_targets_page_0009.json"", ""data\\raw\\opentargets\\26.09\\CANCER-011_MONDO_0018177_associated_targets_page_0010.json"", ""data\\raw\\opentargets\\26.09\\CANCER-011_MONDO_0018177_associated_targets_page_0011.json"", ""data\\raw\\opentargets\\26.09\\CANCER-011_MONDO_0018177_associated_targets_page_0012.json"", ""data\\raw\\opentargets\\26.09\\CANCER-011_MONDO_0018177_associated_targets_page_0013.json"", ""data\\raw\\opentargets\\26.09\\CANCER-011_MONDO_0018177_associated_targets_page_0014.json"", ""data\\raw\\opentargets\\26.09\\CANCER-011_MONDO_0018177_associated_targets_page_0015.json"", ""data\\raw\\opentargets\\26.09\\CANCER-011_MONDO_0018177_associated_targets_page_0016.json"", ""data\\raw\\opentargets\\26.09\\CANCER-011_MONDO_0018177_associated_targets_page_0017.json"", ""data\\raw\\opentargets\\26.09\\CANCER-011_MONDO_0018177_associated_targets_page_0018.json"", ""data\\raw\\opentargets\\26.09\\CANCER-011_MONDO_0018177_associated_targets_page_0019.json"", ""data\\raw\\opentargets\\26.09\\CANCER-011_MONDO_0018177_associated_targets_page_0020.json"", ""data\\raw\\opentargets\\26.09\\CANCER-011_MONDO_0018177_associated_targets_page_0021.json"", ""data\\raw\\opentargets\\26.09\\CANCER-011_MONDO_0018177_associated_targets_page_0022.json""]"	bf616c5a08595629c0a8b53b83aaf475576199fdd98659ade61ba50ecc455087
cancer_target_pair	EVID-0033	genetic_association_score		Open Targets Platform	ENSG00000121879|MONDO_0018177	26.09	https://api.platform.opentargets.org/api/v4/graphql	2026-09-30T07:41:58.308760+00:00	Aggregated evidence	opentargets-v0.2.2	"[""data\\raw\\opentargets\\26.09\\CANCER-011_MONDO_0018177_associated_targets_page_0000.json"", ""data\\raw\\opentargets\\26.09\\CANCER-011_MONDO_0018177_associated_targets_page_0001.json"", ""data\\raw\\opentargets\\26.09\\CANCER-011_MONDO_0018177_associated_targets_page_0002.json"", ""data\\raw\\opentargets\\26.09\\CANCER-011_MONDO_0018177_associated_targets_page_0003.json"", ""data\\raw\\opentargets\\26.09\\CANCER-011_MONDO_0018177_associated_targets_page_0004.json"", ""data\\raw\\opentargets\\26.09\\CANCER-011_MONDO_0018177_associated_targets_page_0005.json"", ""data\\raw\\opentargets\\26.09\\CANCER-011_MONDO_0018177_associated_targets_page_0006.json"", ""data\\raw\\opentargets\\26.09\\CANCER-011_MONDO_0018177_associated_targets_page_0007.json"", ""data\\raw\\opentargets\\26.09\\CANCER-011_MONDO_0018177_associated_targets_page_0008.json"", ""data\\raw\\opentargets\\26.09\\CANCER-011_MONDO_0018177_associated_targets_page_0009.json"", ""data\\raw\\opentargets\\26.09\\CANCER-011_MONDO_0018177_associated_targets_page_0010.json"", ""data\\raw\\opentargets\\26.09\\CANCER-011_MONDO_0018177_associated_targets_page_0011.json"", ""data\\raw\\opentargets\\26.09\\CANCER-011_MONDO_0018177_associated_targets_page_0012.json"", ""data\\raw\\opentargets\\26.09\\CANCER-011_MONDO_0018177_associated_targets_page_0013.json"", ""data\\raw\\opentargets\\26.09\\CANCER-011_MONDO_0018177_associated_targets_page_0014.json"", ""data\\raw\\opentargets\\26.09\\CANCER-011_MONDO_0018177_associated_targets_page_0015.json"", ""data\\raw\\opentargets\\26.09\\CANCER-011_MONDO_0018177_associated_targets_page_0016.json"", ""data\\raw\\opentargets\\26.09\\CANCER-011_MONDO_0018177_associated_targets_page_0017.json"", ""data\\raw\\opentargets\\26.09\\CANCER-011_MONDO_0018177_associated_targets_page_0018.json"", ""data\\raw\\opentargets\\26.09\\CANCER-011_MONDO_0018177_associated_targets_page_0019.json"", ""data\\raw\\opentargets\\26.09\\CANCER-011_MONDO_0018177_associated_targets_page_0020.json"", ""data\\raw\\opentargets\\26.09\\CANCER-011_MONDO_0018177_associated_targets_page_0021.json"", ""data\\raw\\opentargets\\26.09\\CANCER-011_MONDO_0018177_associated_targets_page_0022.json""]"	bf616c5a08595629c0a8b53b83aaf475576199fdd98659ade61ba50ecc455087
cancer_target_pair	EVID-0033	somatic_mutation_score	0.7723632812323831	Open Targets Platform	ENSG00000121879|MONDO_0018177	26.09	https://api.platform.opentargets.org/api/v4/graphql	2026-09-30T07:41:58.308760+00:00	Aggregated evidence	opentargets-v0.2.2	"[""data\\raw\\opentargets\\26.09\\CANCER-011_MONDO_0018177_associated_targets_page_0000.json"", ""data\\raw\\opentargets\\26.09\\CANCER-011_MONDO_0018177_associated_targets_page_0001.json"", ""data\\raw\\opentargets\\26.09\\CANCER-011_MONDO_0018177_associated_targets_page_0002.json"", ""data\\raw\\opentargets\\26.09\\CANCER-011_MONDO_0018177_associated_targets_page_0003.json"", ""data\\raw\\opentargets\\26.09\\CANCER-011_MONDO_0018177_associated_targets_page_0004.json"", ""data\\raw\\opentargets\\26.09\\CANCER-011_MONDO_0018177_associated_targets_page_0005.json"", ""data\\raw\\opentargets\\26.09\\CANCER-011_MONDO_0018177_associated_targets_page_0006.json"", ""data\\raw\\opentargets\\26.09\\CANCER-011_MONDO_0018177_associated_targets_page_0007.json"", ""data\\raw\\opentargets\\26.09\\CANCER-011_MONDO_0018177_associated_targets_page_0008.json"", ""data\\raw\\opentargets\\26.09\\CANCER-011_MONDO_0018177_associated_targets_page_0009.json"", ""data\\raw\\opentargets\\26.09\\CANCER-011_MONDO_0018177_associated_targets_page_0010.json"", ""data\\raw\\opentargets\\26.09\\CANCER-011_MONDO_0018177_associated_targets_page_0011.json"", ""data\\raw\\opentargets\\26.09\\CANCER-011_MONDO_0018177_associated_targets_page_0012.json"", ""data\\raw\\opentargets\\26.09\\CANCER-011_MONDO_0018177_associated_targets_page_0013.json"", ""data\\raw\\opentargets\\26.09\\CANCER-011_MONDO_0018177_associated_targets_page_0014.json"", ""data\\raw\\opentargets\\26.09\\CANCER-011_MONDO_0018177_associated_targets_page_0015.json"", ""data\\raw\\opentargets\\26.09\\CANCER-011_MONDO_0018177_associated_targets_page_0016.json"", ""data\\raw\\opentargets\\26.09\\CANCER-011_MONDO_0018177_associated_targets_page_0017.json"", ""data\\raw\\opentargets\\26.09\\CANCER-011_MONDO_0018177_associated_targets_page_0018.json"", ""data\\raw\\opentargets\\26.09\\CANCER-011_MONDO_0018177_associated_targets_page_0019.json"", ""data\\raw\\opentargets\\26.09\\CANCER-011_MONDO_0018177_associated_targets_page_0020.json"", ""data\\raw\\opentargets\\26.09\\CANCER-011_MONDO_0018177_associated_targets_page_0021.json"", ""data\\raw\\opentargets\\26.09\\CANCER-011_MONDO_0018177_associated_targets_page_0022.json""]"	bf616c5a08595629c0a8b53b83aaf475576199fdd98659ade61ba50ecc455087
cancer_target_pair	EVID-0033	known_drug_score		Open Targets Platform	ENSG00000121879|MONDO_0018177	26.09	https://api.platform.opentargets.org/api/v4/graphql	2026-09-30T07:41:58.308760+00:00	Aggregated evidence	opentargets-v0.2.2	"[""data\\raw\\opentargets\\26.09\\CANCER-011_MONDO_0018177_associated_targets_page_0000.json"", ""data\\raw\\opentargets\\26.09\\CANCER-011_MONDO_0018177_associated_targets_page_0001.json"", ""data\\raw\\opentargets\\26.09\\CANCER-011_MONDO_0018177_associated_targets_page_0002.json"", ""data\\raw\\opentargets\\26.09\\CANCER-011_MONDO_0018177_associated_targets_page_0003.json"", ""data\\raw\\opentargets\\26.09\\CANCER-011_MONDO_0018177_associated_targets_page_0004.json"", ""data\\raw\\opentargets\\26.09\\CANCER-011_MONDO_0018177_associated_targets_page_0005.json"", ""data\\raw\\opentargets\\26.09\\CANCER-011_MONDO_0018177_associated_targets_page_0006.json"", ""data\\raw\\opentargets\\26.09\\CANCER-011_MONDO_0018177_associated_targets_page_0007.json"", ""data\\raw\\opentargets\\26.09\\CANCER-011_MONDO_0018177_associated_targets_page_0008.json"", ""data\\raw\\opentargets\\26.09\\CANCER-011_MONDO_0018177_associated_targets_page_0009.json"", ""data\\raw\\opentargets\\26.09\\CANCER-011_MONDO_0018177_associated_targets_page_0010.json"", ""data\\raw\\opentargets\\26.09\\CANCER-011_MONDO_0018177_associated_targets_page_0011.json"", ""data\\raw\\opentargets\\26.09\\CANCER-011_MONDO_0018177_associated_targets_page_0012.json"", ""data\\raw\\opentargets\\26.09\\CANCER-011_MONDO_0018177_associated_targets_page_0013.json"", ""data\\raw\\opentargets\\26.09\\CANCER-011_MONDO_0018177_associated_targets_page_0014.json"", ""data\\raw\\opentargets\\26.09\\CANCER-011_MONDO_0018177_associated_targets_page_0015.json"", ""data\\raw\\opentargets\\26.09\\CANCER-011_MONDO_0018177_associated_targets_page_0016.json"", ""data\\raw\\opentargets\\26.09\\CANCER-011_MONDO_0018177_associated_targets_page_0017.json"", ""data\\raw\\opentargets\\26.09\\CANCER-011_MONDO_0018177_associated_targets_page_0018.json"", ""data\\raw\\opentargets\\26.09\\CANCER-011_MONDO_0018177_associated_targets_page_0019.json"", ""data\\raw\\opentargets\\26.09\\CANCER-011_MONDO_0018177_associated_targets_page_0020.json"", ""data\\raw\\opentargets\\26.09\\CANCER-011_MONDO_0018177_associated_targets_page_0021.json"", ""data\\raw\\opentargets\\26.09\\CANCER-011_MONDO_0018177_associated_targets_page_0022.json""]"	bf616c5a08595629c0a8b53b83aaf475576199fdd98659ade61ba50ecc455087
cancer_target_pair	EVID-0033	literature_score	0.966256908571805	Open Targets Platform	ENSG00000121879|MONDO_0018177	26.09	https://api.platform.opentargets.org/api/v4/graphql	2026-09-30T07:41:58.308760+00:00	Aggregated evidence	opentargets-v0.2.2	"[""data\\raw\\opentargets\\26.09\\CANCER-011_MONDO_0018177_associated_targets_page_0000.json"", ""data\\raw\\opentargets\\26.09\\CANCER-011_MONDO_0018177_associated_targets_page_0001.json"", ""data\\raw\\opentargets\\26.09\\CANCER-011_MONDO_0018177_associated_targets_page_0002.json"", ""data\\raw\\opentargets\\26.09\\CANCER-011_MONDO_0018177_associated_targets_page_0003.json"", ""data\\raw\\opentargets\\26.09\\CANCER-011_MONDO_0018177_associated_targets_page_0004.json"", ""data\\raw\\opentargets\\26.09\\CANCER-011_MONDO_0018177_associated_targets_page_0005.json"", ""data\\raw\\opentargets\\26.09\\CANCER-011_MONDO_0018177_associated_targets_page_0006.json"", ""data\\raw\\opentargets\\26.09\\CANCER-011_MONDO_0018177_associated_targets_page_0007.json"", ""data\\raw\\opentargets\\26.09\\CANCER-011_MONDO_0018177_associated_targets_page_0008.json"", ""data\\raw\\opentargets\\26.09\\CANCER-011_MONDO_0018177_associated_targets_page_0009.json"", ""data\\raw\\opentargets\\26.09\\CANCER-011_MONDO_0018177_associated_targets_page_0010.json"", ""data\\raw\\opentargets\\26.09\\CANCER-011_MONDO_0018177_associated_targets_page_0011.json"", ""data\\raw\\opentargets\\26.09\\CANCER-011_MONDO_0018177_associated_targets_page_0012.json"", ""data\\raw\\opentargets\\26.09\\CANCER-011_MONDO_0018177_associated_targets_page_0013.json"", ""data\\raw\\opentargets\\26.09\\CANCER-011_MONDO_0018177_associated_targets_page_0014.json"", ""data\\raw\\opentargets\\26.09\\CANCER-011_MONDO_0018177_associated_targets_page_0015.json"", ""data\\raw\\opentargets\\26.09\\CANCER-011_MONDO_0018177_associated_targets_page_0016.json"", ""data\\raw\\opentargets\\26.09\\CANCER-011_MONDO_0018177_associated_targets_page_0017.json"", ""data\\raw\\opentargets\\26.09\\CANCER-011_MONDO_0018177_associated_targets_page_0018.json"", ""data\\raw\\opentargets\\26.09\\CANCER-011_MONDO_0018177_associated_targets_page_0019.json"", ""data\\raw\\opentargets\\26.09\\CANCER-011_MONDO_0018177_associated_targets_page_0020.json"", ""data\\raw\\opentargets\\26.09\\CANCER-011_MONDO_0018177_associated_targets_page_0021.json"", ""data\\raw\\opentargets\\26.09\\CANCER-011_MONDO_0018177_associated_targets_page_0022.json""]"	bf616c5a08595629c0a8b53b83aaf475576199fdd98659ade61ba50ecc455087
cancer_target_pair	EVID-0033	tractability_json	"[{""label"": ""Approved Drug"", ""modality"": ""SM"", ""value"": true}, {""label"": ""Advanced Clinical"", ""modality"": ""SM"", ""value"": false}, {""label"": ""Phase 1 Clinical"", ""modality"": ""SM"", ""value"": false}, {""label"": ""Structure with Ligand"", ""modality"": ""SM"", ""value"": true}, {""label"": ""High-Quality Ligand"", ""modality"": ""SM"", ""value"": true}, {""label"": ""High-Quality Pocket"", ""modality"": ""SM"", ""value"": true}, {""label"": ""Med-Quality Pocket"", ""modality"": ""SM"", ""value"": false}, {""label"": ""Druggable Family"", ""modality"": ""SM"", ""value"": true}, {""label"": ""Approved Drug"", ""modality"": ""AB"", ""value"": false}, {""label"": ""Advanced Clinical"", ""modality"": ""AB"", ""value"": false}, {""label"": ""Phase 1 Clinical"", ""modality"": ""AB"", ""value"": false}, {""label"": ""UniProt loc high conf"", ""modality"": ""AB"", ""value"": false}, {""label"": ""GO CC high conf"", ""modality"": ""AB"", ""value"": false}, {""label"": ""UniProt loc med conf"", ""modality"": ""AB"", ""value"": false}, {""label"": ""UniProt SigP or TMHMM"", ""modality"": ""AB"", ""value"": false}, {""label"": ""GO CC med conf"", ""modality"": ""AB"", ""value"": true}, {""label"": ""Human Protein Atlas loc"", ""modality"": ""AB"", ""value"": false}, {""label"": ""Approved Drug"", ""modality"": ""PR"", ""value"": false}, {""label"": ""Advanced Clinical"", ""modality"": ""PR"", ""value"": false}, {""label"": ""Phase 1 Clinical"", ""modality"": ""PR"", ""value"": false}, {""label"": ""Literature"", ""modality"": ""PR"", ""value"": true}, {""label"": ""UniProt Ubiquitination"", ""modality"": ""PR"", ""value"": false}, {""label"": ""Database Ubiquitination"", ""modality"": ""PR"", ""value"": true}, {""label"": ""Half-life Data"", ""modality"": ""PR"", ""value"": true}, {""label"": ""Small Molecule Binder"", ""modality"": ""PR"", ""value"": true}, {""label"": ""Approved Drug"", ""modality"": ""OC"", ""value"": false}, {""label"": ""Advanced Clinical"", ""modality"": ""OC"", ""value"": false}, {""label"": ""Phase 1 Clinical"", ""modality"": ""OC"", ""value"": false}]"	Open Targets Platform	ENSG00000121879|MONDO_0018177	26.09	https://api.platform.opentargets.org/api/v4/graphql	2026-09-30T07:41:58.308760+00:00	Aggregated evidence	opentargets-v0.2.2	data\raw\opentargets\26.09\target_ENSG00000121879_tractability.json	bf616c5a08595629c0a8b53b83aaf475576199fdd98659ade61ba50ecc455087
cancer_target_pair	EVID-0034	association_score	0.14360608533457472	Open Targets Platform	ENSG00000198793|MONDO_0018177	26.09	https://api.platform.opentargets.org/api/v4/graphql	2026-09-30T07:41:58.308760+00:00	Aggregated evidence	opentargets-v0.2.2	"[""data\\raw\\opentargets\\26.09\\CANCER-011_MONDO_0018177_associated_targets_page_0000.json"", ""data\\raw\\opentargets\\26.09\\CANCER-011_MONDO_0018177_associated_targets_page_0001.json"", ""data\\raw\\opentargets\\26.09\\CANCER-011_MONDO_0018177_associated_targets_page_0002.json"", ""data\\raw\\opentargets\\26.09\\CANCER-011_MONDO_0018177_associated_targets_page_0003.json"", ""data\\raw\\opentargets\\26.09\\CANCER-011_MONDO_0018177_associated_targets_page_0004.json"", ""data\\raw\\opentargets\\26.09\\CANCER-011_MONDO_0018177_associated_targets_page_0005.json"", ""data\\raw\\opentargets\\26.09\\CANCER-011_MONDO_0018177_associated_targets_page_0006.json"", ""data\\raw\\opentargets\\26.09\\CANCER-011_MONDO_0018177_associated_targets_page_0007.json"", ""data\\raw\\opentargets\\26.09\\CANCER-011_MONDO_0018177_associated_targets_page_0008.json"", ""data\\raw\\opentargets\\26.09\\CANCER-011_MONDO_0018177_associated_targets_page_0009.json"", ""data\\raw\\opentargets\\26.09\\CANCER-011_MONDO_0018177_associated_targets_page_0010.json"", ""data\\raw\\opentargets\\26.09\\CANCER-011_MONDO_0018177_associated_targets_page_0011.json"", ""data\\raw\\opentargets\\26.09\\CANCER-011_MONDO_0018177_associated_targets_page_0012.json"", ""data\\raw\\opentargets\\26.09\\CANCER-011_MONDO_0018177_associated_targets_page_0013.json"", ""data\\raw\\opentargets\\26.09\\CANCER-011_MONDO_0018177_associated_targets_page_0014.json"", ""data\\raw\\opentargets\\26.09\\CANCER-011_MONDO_0018177_associated_targets_page_0015.json"", ""data\\raw\\opentargets\\26.09\\CANCER-011_MONDO_0018177_associated_targets_page_0016.json"", ""data\\raw\\opentargets\\26.09\\CANCER-011_MONDO_0018177_associated_targets_page_0017.json"", ""data\\raw\\opentargets\\26.09\\CANCER-011_MONDO_0018177_associated_targets_page_0018.json"", ""data\\raw\\opentargets\\26.09\\CANCER-011_MONDO_0018177_associated_targets_page_0019.json"", ""data\\raw\\opentargets\\26.09\\CANCER-011_MONDO_0018177_associated_targets_page_0020.json"", ""data\\raw\\opentargets\\26.09\\CANCER-011_MONDO_0018177_associated_targets_page_0021.json"", ""data\\raw\\opentargets\\26.09\\CANCER-011_MONDO_0018177_associated_targets_page_0022.json""]"	91146226dcc5dfa73b46c587f4cab2845f373bda7121a9f2248168bc773b5caa
cancer_target_pair	EVID-0034	genetic_association_score		Open Targets Platform	ENSG00000198793|MONDO_0018177	26.09	https://api.platform.opentargets.org/api/v4/graphql	2026-09-30T07:41:58.308760+00:00	Aggregated evidence	opentargets-v0.2.2	"[""data\\raw\\opentargets\\26.09\\CANCER-011_MONDO_0018177_associated_targets_page_0000.json"", ""data\\raw\\opentargets\\26.09\\CANCER-011_MONDO_0018177_associated_targets_page_0001.json"", ""data\\raw\\opentargets\\26.09\\CANCER-011_MONDO_0018177_associated_targets_page_0002.json"", ""data\\raw\\opentargets\\26.09\\CANCER-011_MONDO_0018177_associated_targets_page_0003.json"", ""data\\raw\\opentargets\\26.09\\CANCER-011_MONDO_0018177_associated_targets_page_0004.json"", ""data\\raw\\opentargets\\26.09\\CANCER-011_MONDO_0018177_associated_targets_page_0005.json"", ""data\\raw\\opentargets\\26.09\\CANCER-011_MONDO_0018177_associated_targets_page_0006.json"", ""data\\raw\\opentargets\\26.09\\CANCER-011_MONDO_0018177_associated_targets_page_0007.json"", ""data\\raw\\opentargets\\26.09\\CANCER-011_MONDO_0018177_associated_targets_page_0008.json"", ""data\\raw\\opentargets\\26.09\\CANCER-011_MONDO_0018177_associated_targets_page_0009.json"", ""data\\raw\\opentargets\\26.09\\CANCER-011_MONDO_0018177_associated_targets_page_0010.json"", ""data\\raw\\opentargets\\26.09\\CANCER-011_MONDO_0018177_associated_targets_page_0011.json"", ""data\\raw\\opentargets\\26.09\\CANCER-011_MONDO_0018177_associated_targets_page_0012.json"", ""data\\raw\\opentargets\\26.09\\CANCER-011_MONDO_0018177_associated_targets_page_0013.json"", ""data\\raw\\opentargets\\26.09\\CANCER-011_MONDO_0018177_associated_targets_page_0014.json"", ""data\\raw\\opentargets\\26.09\\CANCER-011_MONDO_0018177_associated_targets_page_0015.json"", ""data\\raw\\opentargets\\26.09\\CANCER-011_MONDO_0018177_associated_targets_page_0016.json"", ""data\\raw\\opentargets\\26.09\\CANCER-011_MONDO_0018177_associated_targets_page_0017.json"", ""data\\raw\\opentargets\\26.09\\CANCER-011_MONDO_0018177_associated_targets_page_0018.json"", ""data\\raw\\opentargets\\26.09\\CANCER-011_MONDO_0018177_associated_targets_page_0019.json"", ""data\\raw\\opentargets\\26.09\\CANCER-011_MONDO_0018177_associated_targets_page_0020.json"", ""data\\raw\\opentargets\\26.09\\CANCER-011_MONDO_0018177_associated_targets_page_0021.json"", ""data\\raw\\opentargets\\26.09\\CANCER-011_MONDO_0018177_associated_targets_page_0022.json""]"	91146226dcc5dfa73b46c587f4cab2845f373bda7121a9f2248168bc773b5caa
cancer_target_pair	EVID-0034	somatic_mutation_score		Open Targets Platform	ENSG00000198793|MONDO_0018177	26.09	https://api.platform.opentargets.org/api/v4/graphql	2026-09-30T07:41:58.308760+00:00	Aggregated evidence	opentargets-v0.2.2	"[""data\\raw\\opentargets\\26.09\\CANCER-011_MONDO_0018177_associated_targets_page_0000.json"", ""data\\raw\\opentargets\\26.09\\CANCER-011_MONDO_0018177_associated_targets_page_0001.json"", ""data\\raw\\opentargets\\26.09\\CANCER-011_MONDO_0018177_associated_targets_page_0002.json"", ""data\\raw\\opentargets\\26.09\\CANCER-011_MONDO_0018177_associated_targets_page_0003.json"", ""data\\raw\\opentargets\\26.09\\CANCER-011_MONDO_0018177_associated_targets_page_0004.json"", ""data\\raw\\opentargets\\26.09\\CANCER-011_MONDO_0018177_associated_targets_page_0005.json"", ""data\\raw\\opentargets\\26.09\\CANCER-011_MONDO_0018177_associated_targets_page_0006.json"", ""data\\raw\\opentargets\\26.09\\CANCER-011_MONDO_0018177_associated_targets_page_0007.json"", ""data\\raw\\opentargets\\26.09\\CANCER-011_MONDO_0018177_associated_targets_page_0008.json"", ""data\\raw\\opentargets\\26.09\\CANCER-011_MONDO_0018177_associated_targets_page_0009.json"", ""data\\raw\\opentargets\\26.09\\CANCER-011_MONDO_0018177_associated_targets_page_0010.json"", ""data\\raw\\opentargets\\26.09\\CANCER-011_MONDO_0018177_associated_targets_page_0011.json"", ""data\\raw\\opentargets\\26.09\\CANCER-011_MONDO_0018177_associated_targets_page_0012.json"", ""data\\raw\\opentargets\\26.09\\CANCER-011_MONDO_0018177_associated_targets_page_0013.json"", ""data\\raw\\opentargets\\26.09\\CANCER-011_MONDO_0018177_associated_targets_page_0014.json"", ""data\\raw\\opentargets\\26.09\\CANCER-011_MONDO_0018177_associated_targets_page_0015.json"", ""data\\raw\\opentargets\\26.09\\CANCER-011_MONDO_0018177_associated_targets_page_0016.json"", ""data\\raw\\opentargets\\26.09\\CANCER-011_MONDO_0018177_associated_targets_page_0017.json"", ""data\\raw\\opentargets\\26.09\\CANCER-011_MONDO_0018177_associated_targets_page_0018.json"", ""data\\raw\\opentargets\\26.09\\CANCER-011_MONDO_0018177_associated_targets_page_0019.json"", ""data\\raw\\opentargets\\26.09\\CANCER-011_MONDO_0018177_associated_targets_page_0020.json"", ""data\\raw\\opentargets\\26.09\\CANCER-011_MONDO_0018177_associated_targets_page_0021.json"", ""data\\raw\\opentargets\\26.09\\CANCER-011_MONDO_0018177_associated_targets_page_0022.json""]"	91146226dcc5dfa73b46c587f4cab2845f373bda7121a9f2248168bc773b5caa
cancer_target_pair	EVID-0034	known_drug_score		Open Targets Platform	ENSG00000198793|MONDO_0018177	26.09	https://api.platform.opentargets.org/api/v4/graphql	2026-09-30T07:41:58.308760+00:00	Aggregated evidence	opentargets-v0.2.2	"[""data\\raw\\opentargets\\26.09\\CANCER-011_MONDO_0018177_associated_targets_page_0000.json"", ""data\\raw\\opentargets\\26.09\\CANCER-011_MONDO_0018177_associated_targets_page_0001.json"", ""data\\raw\\opentargets\\26.09\\CANCER-011_MONDO_0018177_associated_targets_page_0002.json"", ""data\\raw\\opentargets\\26.09\\CANCER-011_MONDO_0018177_associated_targets_page_0003.json"", ""data\\raw\\opentargets\\26.09\\CANCER-011_MONDO_0018177_associated_targets_page_0004.json"", ""data\\raw\\opentargets\\26.09\\CANCER-011_MONDO_0018177_associated_targets_page_0005.json"", ""data\\raw\\opentargets\\26.09\\CANCER-011_MONDO_0018177_associated_targets_page_0006.json"", ""data\\raw\\opentargets\\26.09\\CANCER-011_MONDO_0018177_associated_targets_page_0007.json"", ""data\\raw\\opentargets\\26.09\\CANCER-011_MONDO_0018177_associated_targets_page_0008.json"", ""data\\raw\\opentargets\\26.09\\CANCER-011_MONDO_0018177_associated_targets_page_0009.json"", ""data\\raw\\opentargets\\26.09\\CANCER-011_MONDO_0018177_associated_targets_page_0010.json"", ""data\\raw\\opentargets\\26.09\\CANCER-011_MONDO_0018177_associated_targets_page_0011.json"", ""data\\raw\\opentargets\\26.09\\CANCER-011_MONDO_0018177_associated_targets_page_0012.json"", ""data\\raw\\opentargets\\26.09\\CANCER-011_MONDO_0018177_associated_targets_page_0013.json"", ""data\\raw\\opentargets\\26.09\\CANCER-011_MONDO_0018177_associated_targets_page_0014.json"", ""data\\raw\\opentargets\\26.09\\CANCER-011_MONDO_0018177_associated_targets_page_0015.json"", ""data\\raw\\opentargets\\26.09\\CANCER-011_MONDO_0018177_associated_targets_page_0016.json"", ""data\\raw\\opentargets\\26.09\\CANCER-011_MONDO_0018177_associated_targets_page_0017.json"", ""data\\raw\\opentargets\\26.09\\CANCER-011_MONDO_0018177_associated_targets_page_0018.json"", ""data\\raw\\opentargets\\26.09\\CANCER-011_MONDO_0018177_associated_targets_page_0019.json"", ""data\\raw\\opentargets\\26.09\\CANCER-011_MONDO_0018177_associated_targets_page_0020.json"", ""data\\raw\\opentargets\\26.09\\CANCER-011_MONDO_0018177_associated_targets_page_0021.json"", ""data\\raw\\opentargets\\26.09\\CANCER-011_MONDO_0018177_associated_targets_page_0022.json""]"	91146226dcc5dfa73b46c587f4cab2845f373bda7121a9f2248168bc773b5caa
cancer_target_pair	EVID-0034	literature_score	0.9641256592074235	Open Targets Platform	ENSG00000198793|MONDO_0018177	26.09	https://api.platform.opentargets.org/api/v4/graphql	2026-09-30T07:41:58.308760+00:00	Aggregated evidence	opentargets-v0.2.2	"[""data\\raw\\opentargets\\26.09\\CANCER-011_MONDO_0018177_associated_targets_page_0000.json"", ""data\\raw\\opentargets\\26.09\\CANCER-011_MONDO_0018177_associated_targets_page_0001.json"", ""data\\raw\\opentargets\\26.09\\CANCER-011_MONDO_0018177_associated_targets_page_0002.json"", ""data\\raw\\opentargets\\26.09\\CANCER-011_MONDO_0018177_associated_targets_page_0003.json"", ""data\\raw\\opentargets\\26.09\\CANCER-011_MONDO_0018177_associated_targets_page_0004.json"", ""data\\raw\\opentargets\\26.09\\CANCER-011_MONDO_0018177_associated_targets_page_0005.json"", ""data\\raw\\opentargets\\26.09\\CANCER-011_MONDO_0018177_associated_targets_page_0006.json"", ""data\\raw\\opentargets\\26.09\\CANCER-011_MONDO_0018177_associated_targets_page_0007.json"", ""data\\raw\\opentargets\\26.09\\CANCER-011_MONDO_0018177_associated_targets_page_0008.json"", ""data\\raw\\opentargets\\26.09\\CANCER-011_MONDO_0018177_associated_targets_page_0009.json"", ""data\\raw\\opentargets\\26.09\\CANCER-011_MONDO_0018177_associated_targets_page_0010.json"", ""data\\raw\\opentargets\\26.09\\CANCER-011_MONDO_0018177_associated_targets_page_0011.json"", ""data\\raw\\opentargets\\26.09\\CANCER-011_MONDO_0018177_associated_targets_page_0012.json"", ""data\\raw\\opentargets\\26.09\\CANCER-011_MONDO_0018177_associated_targets_page_0013.json"", ""data\\raw\\opentargets\\26.09\\CANCER-011_MONDO_0018177_associated_targets_page_0014.json"", ""data\\raw\\opentargets\\26.09\\CANCER-011_MONDO_0018177_associated_targets_page_0015.json"", ""data\\raw\\opentargets\\26.09\\CANCER-011_MONDO_0018177_associated_targets_page_0016.json"", ""data\\raw\\opentargets\\26.09\\CANCER-011_MONDO_0018177_associated_targets_page_0017.json"", ""data\\raw\\opentargets\\26.09\\CANCER-011_MONDO_0018177_associated_targets_page_0018.json"", ""data\\raw\\opentargets\\26.09\\CANCER-011_MONDO_0018177_associated_targets_page_0019.json"", ""data\\raw\\opentargets\\26.09\\CANCER-011_MONDO_0018177_associated_targets_page_0020.json"", ""data\\raw\\opentargets\\26.09\\CANCER-011_MONDO_0018177_associated_targets_page_0021.json"", ""data\\raw\\opentargets\\26.09\\CANCER-011_MONDO_0018177_associated_targets_page_0022.json""]"	91146226dcc5dfa73b46c587f4cab2845f373bda7121a9f2248168bc773b5caa
cancer_target_pair	EVID-0034	tractability_json	"[{""label"": ""Approved Drug"", ""modality"": ""SM"", ""value"": true}, {""label"": ""Advanced Clinical"", ""modality"": ""SM"", ""value"": false}, {""label"": ""Phase 1 Clinical"", ""modality"": ""SM"", ""value"": false}, {""label"": ""Structure with Ligand"", ""modality"": ""SM"", ""value"": true}, {""label"": ""High-Quality Ligand"", ""modality"": ""SM"", ""value"": true}, {""label"": ""High-Quality Pocket"", ""modality"": ""SM"", ""value"": false}, {""label"": ""Med-Quality Pocket"", ""modality"": ""SM"", ""value"": false}, {""label"": ""Druggable Family"", ""modality"": ""SM"", ""value"": true}, {""label"": ""Approved Drug"", ""modality"": ""AB"", ""value"": false}, {""label"": ""Advanced Clinical"", ""modality"": ""AB"", ""value"": false}, {""label"": ""Phase 1 Clinical"", ""modality"": ""AB"", ""value"": false}, {""label"": ""UniProt loc high conf"", ""modality"": ""AB"", ""value"": true}, {""label"": ""GO CC high conf"", ""modality"": ""AB"", ""value"": true}, {""label"": ""UniProt loc med conf"", ""modality"": ""AB"", ""value"": false}, {""label"": ""UniProt SigP or TMHMM"", ""modality"": ""AB"", ""value"": false}, {""label"": ""GO CC med conf"", ""modality"": ""AB"", ""value"": false}, {""label"": ""Human Protein Atlas loc"", ""modality"": ""AB"", ""value"": false}, {""label"": ""Approved Drug"", ""modality"": ""PR"", ""value"": false}, {""label"": ""Advanced Clinical"", ""modality"": ""PR"", ""value"": false}, {""label"": ""Phase 1 Clinical"", ""modality"": ""PR"", ""value"": false}, {""label"": ""Literature"", ""modality"": ""PR"", ""value"": false}, {""label"": ""UniProt Ubiquitination"", ""modality"": ""PR"", ""value"": true}, {""label"": ""Database Ubiquitination"", ""modality"": ""PR"", ""value"": true}, {""label"": ""Half-life Data"", ""modality"": ""PR"", ""value"": true}, {""label"": ""Small Molecule Binder"", ""modality"": ""PR"", ""value"": true}, {""label"": ""Approved Drug"", ""modality"": ""OC"", ""value"": false}, {""label"": ""Advanced Clinical"", ""modality"": ""OC"", ""value"": false}, {""label"": ""Phase 1 Clinical"", ""modality"": ""OC"", ""value"": false}]"	Open Targets Platform	ENSG00000198793|MONDO_0018177	26.09	https://api.platform.opentargets.org/api/v4/graphql	2026-09-30T07:41:58.308760+00:00	Aggregated evidence	opentargets-v0.2.2	data\raw\opentargets\26.09\target_ENSG00000198793_tractability.json	91146226dcc5dfa73b46c587f4cab2845f373bda7121a9f2248168bc773b5caa
cancer_target_pair	EVID-0035	association_score	0.11493770361481047	Open Targets Platform	ENSG00000166483|MONDO_0018177	26.09	https://api.platform.opentargets.org/api/v4/graphql	2026-09-30T07:41:58.308760+00:00	Aggregated evidence	opentargets-v0.2.2	"[""data\\raw\\opentargets\\26.09\\CANCER-011_MONDO_0018177_associated_targets_page_0000.json"", ""data\\raw\\opentargets\\26.09\\CANCER-011_MONDO_0018177_associated_targets_page_0001.json"", ""data\\raw\\opentargets\\26.09\\CANCER-011_MONDO_0018177_associated_targets_page_0002.json"", ""data\\raw\\opentargets\\26.09\\CANCER-011_MONDO_0018177_associated_targets_page_0003.json"", ""data\\raw\\opentargets\\26.09\\CANCER-011_MONDO_0018177_associated_targets_page_0004.json"", ""data\\raw\\opentargets\\26.09\\CANCER-011_MONDO_0018177_associated_targets_page_0005.json"", ""data\\raw\\opentargets\\26.09\\CANCER-011_MONDO_0018177_associated_targets_page_0006.json"", ""data\\raw\\opentargets\\26.09\\CANCER-011_MONDO_0018177_associated_targets_page_0007.json"", ""data\\raw\\opentargets\\26.09\\CANCER-011_MONDO_0018177_associated_targets_page_0008.json"", ""data\\raw\\opentargets\\26.09\\CANCER-011_MONDO_0018177_associated_targets_page_0009.json"", ""data\\raw\\opentargets\\26.09\\CANCER-011_MONDO_0018177_associated_targets_page_0010.json"", ""data\\raw\\opentargets\\26.09\\CANCER-011_MONDO_0018177_associated_targets_page_0011.json"", ""data\\raw\\opentargets\\26.09\\CANCER-011_MONDO_0018177_associated_targets_page_0012.json"", ""data\\raw\\opentargets\\26.09\\CANCER-011_MONDO_0018177_associated_targets_page_0013.json"", ""data\\raw\\opentargets\\26.09\\CANCER-011_MONDO_0018177_associated_targets_page_0014.json"", ""data\\raw\\opentargets\\26.09\\CANCER-011_MONDO_0018177_associated_targets_page_0015.json"", ""data\\raw\\opentargets\\26.09\\CANCER-011_MONDO_0018177_associated_targets_page_0016.json"", ""data\\raw\\opentargets\\26.09\\CANCER-011_MONDO_0018177_associated_targets_page_0017.json"", ""data\\raw\\opentargets\\26.09\\CANCER-011_MONDO_0018177_associated_targets_page_0018.json"", ""data\\raw\\opentargets\\26.09\\CANCER-011_MONDO_0018177_associated_targets_page_0019.json"", ""data\\raw\\opentargets\\26.09\\CANCER-011_MONDO_0018177_associated_targets_page_0020.json"", ""data\\raw\\opentargets\\26.09\\CANCER-011_MONDO_0018177_associated_targets_page_0021.json"", ""data\\raw\\opentargets\\26.09\\CANCER-011_MONDO_0018177_associated_targets_page_0022.json""]"	4174b90e961700d5eddbd426e1ef88ec91b6fb1e9862783aa3559d7082844aa4
cancer_target_pair	EVID-0035	genetic_association_score		Open Targets Platform	ENSG00000166483|MONDO_0018177	26.09	https://api.platform.opentargets.org/api/v4/graphql	2026-09-30T07:41:58.308760+00:00	Aggregated evidence	opentargets-v0.2.2	"[""data\\raw\\opentargets\\26.09\\CANCER-011_MONDO_0018177_associated_targets_page_0000.json"", ""data\\raw\\opentargets\\26.09\\CANCER-011_MONDO_0018177_associated_targets_page_0001.json"", ""data\\raw\\opentargets\\26.09\\CANCER-011_MONDO_0018177_associated_targets_page_0002.json"", ""data\\raw\\opentargets\\26.09\\CANCER-011_MONDO_0018177_associated_targets_page_0003.json"", ""data\\raw\\opentargets\\26.09\\CANCER-011_MONDO_0018177_associated_targets_page_0004.json"", ""data\\raw\\opentargets\\26.09\\CANCER-011_MONDO_0018177_associated_targets_page_0005.json"", ""data\\raw\\opentargets\\26.09\\CANCER-011_MONDO_0018177_associated_targets_page_0006.json"", ""data\\raw\\opentargets\\26.09\\CANCER-011_MONDO_0018177_associated_targets_page_0007.json"", ""data\\raw\\opentargets\\26.09\\CANCER-011_MONDO_0018177_associated_targets_page_0008.json"", ""data\\raw\\opentargets\\26.09\\CANCER-011_MONDO_0018177_associated_targets_page_0009.json"", ""data\\raw\\opentargets\\26.09\\CANCER-011_MONDO_0018177_associated_targets_page_0010.json"", ""data\\raw\\opentargets\\26.09\\CANCER-011_MONDO_0018177_associated_targets_page_0011.json"", ""data\\raw\\opentargets\\26.09\\CANCER-011_MONDO_0018177_associated_targets_page_0012.json"", ""data\\raw\\opentargets\\26.09\\CANCER-011_MONDO_0018177_associated_targets_page_0013.json"", ""data\\raw\\opentargets\\26.09\\CANCER-011_MONDO_0018177_associated_targets_page_0014.json"", ""data\\raw\\opentargets\\26.09\\CANCER-011_MONDO_0018177_associated_targets_page_0015.json"", ""data\\raw\\opentargets\\26.09\\CANCER-011_MONDO_0018177_associated_targets_page_0016.json"", ""data\\raw\\opentargets\\26.09\\CANCER-011_MONDO_0018177_associated_targets_page_0017.json"", ""data\\raw\\opentargets\\26.09\\CANCER-011_MONDO_0018177_associated_targets_page_0018.json"", ""data\\raw\\opentargets\\26.09\\CANCER-011_MONDO_0018177_associated_targets_page_0019.json"", ""data\\raw\\opentargets\\26.09\\CANCER-011_MONDO_0018177_associated_targets_page_0020.json"", ""data\\raw\\opentargets\\26.09\\CANCER-011_MONDO_0018177_associated_targets_page_0021.json"", ""data\\raw\\opentargets\\26.09\\CANCER-011_MONDO_0018177_associated_targets_page_0022.json""]"	4174b90e961700d5eddbd426e1ef88ec91b6fb1e9862783aa3559d7082844aa4
cancer_target_pair	EVID-0035	somatic_mutation_score		Open Targets Platform	ENSG00000166483|MONDO_0018177	26.09	https://api.platform.opentargets.org/api/v4/graphql	2026-09-30T07:41:58.308760+00:00	Aggregated evidence	opentargets-v0.2.2	"[""data\\raw\\opentargets\\26.09\\CANCER-011_MONDO_0018177_associated_targets_page_0000.json"", ""data\\raw\\opentargets\\26.09\\CANCER-011_MONDO_0018177_associated_targets_page_0001.json"", ""data\\raw\\opentargets\\26.09\\CANCER-011_MONDO_0018177_associated_targets_page_0002.json"", ""data\\raw\\opentargets\\26.09\\CANCER-011_MONDO_0018177_associated_targets_page_0003.json"", ""data\\raw\\opentargets\\26.09\\CANCER-011_MONDO_0018177_associated_targets_page_0004.json"", ""data\\raw\\opentargets\\26.09\\CANCER-011_MONDO_0018177_associated_targets_page_0005.json"", ""data\\raw\\opentargets\\26.09\\CANCER-011_MONDO_0018177_associated_targets_page_0006.json"", ""data\\raw\\opentargets\\26.09\\CANCER-011_MONDO_0018177_associated_targets_page_0007.json"", ""data\\raw\\opentargets\\26.09\\CANCER-011_MONDO_0018177_associated_targets_page_0008.json"", ""data\\raw\\opentargets\\26.09\\CANCER-011_MONDO_0018177_associated_targets_page_0009.json"", ""data\\raw\\opentargets\\26.09\\CANCER-011_MONDO_0018177_associated_targets_page_0010.json"", ""data\\raw\\opentargets\\26.09\\CANCER-011_MONDO_0018177_associated_targets_page_0011.json"", ""data\\raw\\opentargets\\26.09\\CANCER-011_MONDO_0018177_associated_targets_page_0012.json"", ""data\\raw\\opentargets\\26.09\\CANCER-011_MONDO_0018177_associated_targets_page_0013.json"", ""data\\raw\\opentargets\\26.09\\CANCER-011_MONDO_0018177_associated_targets_page_0014.json"", ""data\\raw\\opentargets\\26.09\\CANCER-011_MONDO_0018177_associated_targets_page_0015.json"", ""data\\raw\\opentargets\\26.09\\CANCER-011_MONDO_0018177_associated_targets_page_0016.json"", ""data\\raw\\opentargets\\26.09\\CANCER-011_MONDO_0018177_associated_targets_page_0017.json"", ""data\\raw\\opentargets\\26.09\\CANCER-011_MONDO_0018177_associated_targets_page_0018.json"", ""data\\raw\\opentargets\\26.09\\CANCER-011_MONDO_0018177_associated_targets_page_0019.json"", ""data\\raw\\opentargets\\26.09\\CANCER-011_MONDO_0018177_associated_targets_page_0020.json"", ""data\\raw\\opentargets\\26.09\\CANCER-011_MONDO_0018177_associated_targets_page_0021.json"", ""data\\raw\\opentargets\\26.09\\CANCER-011_MONDO_0018177_associated_targets_page_0022.json""]"	4174b90e961700d5eddbd426e1ef88ec91b6fb1e9862783aa3559d7082844aa4
cancer_target_pair	EVID-0035	known_drug_score		Open Targets Platform	ENSG00000166483|MONDO_0018177	26.09	https://api.platform.opentargets.org/api/v4/graphql	2026-09-30T07:41:58.308760+00:00	Aggregated evidence	opentargets-v0.2.2	"[""data\\raw\\opentargets\\26.09\\CANCER-011_MONDO_0018177_associated_targets_page_0000.json"", ""data\\raw\\opentargets\\26.09\\CANCER-011_MONDO_0018177_associated_targets_page_0001.json"", ""data\\raw\\opentargets\\26.09\\CANCER-011_MONDO_0018177_associated_targets_page_0002.json"", ""data\\raw\\opentargets\\26.09\\CANCER-011_MONDO_0018177_associated_targets_page_0003.json"", ""data\\raw\\opentargets\\26.09\\CANCER-011_MONDO_0018177_associated_targets_page_0004.json"", ""data\\raw\\opentargets\\26.09\\CANCER-011_MONDO_0018177_associated_targets_page_0005.json"", ""data\\raw\\opentargets\\26.09\\CANCER-011_MONDO_0018177_associated_targets_page_0006.json"", ""data\\raw\\opentargets\\26.09\\CANCER-011_MONDO_0018177_associated_targets_page_0007.json"", ""data\\raw\\opentargets\\26.09\\CANCER-011_MONDO_0018177_associated_targets_page_0008.json"", ""data\\raw\\opentargets\\26.09\\CANCER-011_MONDO_0018177_associated_targets_page_0009.json"", ""data\\raw\\opentargets\\26.09\\CANCER-011_MONDO_0018177_associated_targets_page_0010.json"", ""data\\raw\\opentargets\\26.09\\CANCER-011_MONDO_0018177_associated_targets_page_0011.json"", ""data\\raw\\opentargets\\26.09\\CANCER-011_MONDO_0018177_associated_targets_page_0012.json"", ""data\\raw\\opentargets\\26.09\\CANCER-011_MONDO_0018177_associated_targets_page_0013.json"", ""data\\raw\\opentargets\\26.09\\CANCER-011_MONDO_0018177_associated_targets_page_0014.json"", ""data\\raw\\opentargets\\26.09\\CANCER-011_MONDO_0018177_associated_targets_page_0015.json"", ""data\\raw\\opentargets\\26.09\\CANCER-011_MONDO_0018177_associated_targets_page_0016.json"", ""data\\raw\\opentargets\\26.09\\CANCER-011_MONDO_0018177_associated_targets_page_0017.json"", ""data\\raw\\opentargets\\26.09\\CANCER-011_MONDO_0018177_associated_targets_page_0018.json"", ""data\\raw\\opentargets\\26.09\\CANCER-011_MONDO_0018177_associated_targets_page_0019.json"", ""data\\raw\\opentargets\\26.09\\CANCER-011_MONDO_0018177_associated_targets_page_0020.json"", ""data\\raw\\opentargets\\26.09\\CANCER-011_MONDO_0018177_associated_targets_page_0021.json"", ""data\\raw\\opentargets\\26.09\\CANCER-011_MONDO_0018177_associated_targets_page_0022.json""]"	4174b90e961700d5eddbd426e1ef88ec91b6fb1e9862783aa3559d7082844aa4
cancer_target_pair	EVID-0035	literature_score	0.8387025634003785	Open Targets Platform	ENSG00000166483|MONDO_0018177	26.09	https://api.platform.opentargets.org/api/v4/graphql	2026-09-30T07:41:58.308760+00:00	Aggregated evidence	opentargets-v0.2.2	"[""data\\raw\\opentargets\\26.09\\CANCER-011_MONDO_0018177_associated_targets_page_0000.json"", ""data\\raw\\opentargets\\26.09\\CANCER-011_MONDO_0018177_associated_targets_page_0001.json"", ""data\\raw\\opentargets\\26.09\\CANCER-011_MONDO_0018177_associated_targets_page_0002.json"", ""data\\raw\\opentargets\\26.09\\CANCER-011_MONDO_0018177_associated_targets_page_0003.json"", ""data\\raw\\opentargets\\26.09\\CANCER-011_MONDO_0018177_associated_targets_page_0004.json"", ""data\\raw\\opentargets\\26.09\\CANCER-011_MONDO_0018177_associated_targets_page_0005.json"", ""data\\raw\\opentargets\\26.09\\CANCER-011_MONDO_0018177_associated_targets_page_0006.json"", ""data\\raw\\opentargets\\26.09\\CANCER-011_MONDO_0018177_associated_targets_page_0007.json"", ""data\\raw\\opentargets\\26.09\\CANCER-011_MONDO_0018177_associated_targets_page_0008.json"", ""data\\raw\\opentargets\\26.09\\CANCER-011_MONDO_0018177_associated_targets_page_0009.json"", ""data\\raw\\opentargets\\26.09\\CANCER-011_MONDO_0018177_associated_targets_page_0010.json"", ""data\\raw\\opentargets\\26.09\\CANCER-011_MONDO_0018177_associated_targets_page_0011.json"", ""data\\raw\\opentargets\\26.09\\CANCER-011_MONDO_0018177_associated_targets_page_0012.json"", ""data\\raw\\opentargets\\26.09\\CANCER-011_MONDO_0018177_associated_targets_page_0013.json"", ""data\\raw\\opentargets\\26.09\\CANCER-011_MONDO_0018177_associated_targets_page_0014.json"", ""data\\raw\\opentargets\\26.09\\CANCER-011_MONDO_0018177_associated_targets_page_0015.json"", ""data\\raw\\opentargets\\26.09\\CANCER-011_MONDO_0018177_associated_targets_page_0016.json"", ""data\\raw\\opentargets\\26.09\\CANCER-011_MONDO_0018177_associated_targets_page_0017.json"", ""data\\raw\\opentargets\\26.09\\CANCER-011_MONDO_0018177_associated_targets_page_0018.json"", ""data\\raw\\opentargets\\26.09\\CANCER-011_MONDO_0018177_associated_targets_page_0019.json"", ""data\\raw\\opentargets\\26.09\\CANCER-011_MONDO_0018177_associated_targets_page_0020.json"", ""data\\raw\\opentargets\\26.09\\CANCER-011_MONDO_0018177_associated_targets_page_0021.json"", ""data\\raw\\opentargets\\26.09\\CANCER-011_MONDO_0018177_associated_targets_page_0022.json""]"	4174b90e961700d5eddbd426e1ef88ec91b6fb1e9862783aa3559d7082844aa4
cancer_target_pair	EVID-0035	tractability_json	"[{""label"": ""Approved Drug"", ""modality"": ""SM"", ""value"": false}, {""label"": ""Advanced Clinical"", ""modality"": ""SM"", ""value"": true}, {""label"": ""Phase 1 Clinical"", ""modality"": ""SM"", ""value"": false}, {""label"": ""Structure with Ligand"", ""modality"": ""SM"", ""value"": true}, {""label"": ""High-Quality Ligand"", ""modality"": ""SM"", ""value"": true}, {""label"": ""High-Quality Pocket"", ""modality"": ""SM"", ""value"": true}, {""label"": ""Med-Quality Pocket"", ""modality"": ""SM"", ""value"": false}, {""label"": ""Druggable Family"", ""modality"": ""SM"", ""value"": true}, {""label"": ""Approved Drug"", ""modality"": ""AB"", ""value"": false}, {""label"": ""Advanced Clinical"", ""modality"": ""AB"", ""value"": false}, {""label"": ""Phase 1 Clinical"", ""modality"": ""AB"", ""value"": false}, {""label"": ""UniProt loc high conf"", ""modality"": ""AB"", ""value"": false}, {""label"": ""GO CC high conf"", ""modality"": ""AB"", ""value"": false}, {""label"": ""UniProt loc med conf"", ""modality"": ""AB"", ""value"": false}, {""label"": ""UniProt SigP or TMHMM"", ""modality"": ""AB"", ""value"": false}, {""label"": ""GO CC med conf"", ""modality"": ""AB"", ""value"": false}, {""label"": ""Human Protein Atlas loc"", ""modality"": ""AB"", ""value"": false}, {""label"": ""Approved Drug"", ""modality"": ""PR"", ""value"": false}, {""label"": ""Advanced Clinical"", ""modality"": ""PR"", ""value"": false}, {""label"": ""Phase 1 Clinical"", ""modality"": ""PR"", ""value"": false}, {""label"": ""Literature"", ""modality"": ""PR"", ""value"": true}, {""label"": ""UniProt Ubiquitination"", ""modality"": ""PR"", ""value"": true}, {""label"": ""Database Ubiquitination"", ""modality"": ""PR"", ""value"": true}, {""label"": ""Half-life Data"", ""modality"": ""PR"", ""value"": false}, {""label"": ""Small Molecule Binder"", ""modality"": ""PR"", ""value"": true}, {""label"": ""Approved Drug"", ""modality"": ""OC"", ""value"": false}, {""label"": ""Advanced Clinical"", ""modality"": ""OC"", ""value"": false}, {""label"": ""Phase 1 Clinical"", ""modality"": ""OC"", ""value"": false}]"	Open Targets Platform	ENSG00000166483|MONDO_0018177	26.09	https://api.platform.opentargets.org/api/v4/graphql	2026-09-30T07:41:58.308760+00:00	Aggregated evidence	opentargets-v0.2.2	data\raw\opentargets\26.09\target_ENSG00000166483_tractability.json	4174b90e961700d5eddbd426e1ef88ec91b6fb1e9862783aa3559d7082844aa4
cancer_target_pair	EVID-0036	association_score	0.13869902367841072	Open Targets Platform	ENSG00000068078|MONDO_0018177	26.09	https://api.platform.opentargets.org/api/v4/graphql	2026-09-30T07:41:58.308760+00:00	Aggregated evidence	opentargets-v0.2.2	"[""data\\raw\\opentargets\\26.09\\CANCER-011_MONDO_0018177_associated_targets_page_0000.json"", ""data\\raw\\opentargets\\26.09\\CANCER-011_MONDO_0018177_associated_targets_page_0001.json"", ""data\\raw\\opentargets\\26.09\\CANCER-011_MONDO_0018177_associated_targets_page_0002.json"", ""data\\raw\\opentargets\\26.09\\CANCER-011_MONDO_0018177_associated_targets_page_0003.json"", ""data\\raw\\opentargets\\26.09\\CANCER-011_MONDO_0018177_associated_targets_page_0004.json"", ""data\\raw\\opentargets\\26.09\\CANCER-011_MONDO_0018177_associated_targets_page_0005.json"", ""data\\raw\\opentargets\\26.09\\CANCER-011_MONDO_0018177_associated_targets_page_0006.json"", ""data\\raw\\opentargets\\26.09\\CANCER-011_MONDO_0018177_associated_targets_page_0007.json"", ""data\\raw\\opentargets\\26.09\\CANCER-011_MONDO_0018177_associated_targets_page_0008.json"", ""data\\raw\\opentargets\\26.09\\CANCER-011_MONDO_0018177_associated_targets_page_0009.json"", ""data\\raw\\opentargets\\26.09\\CANCER-011_MONDO_0018177_associated_targets_page_0010.json"", ""data\\raw\\opentargets\\26.09\\CANCER-011_MONDO_0018177_associated_targets_page_0011.json"", ""data\\raw\\opentargets\\26.09\\CANCER-011_MONDO_0018177_associated_targets_page_0012.json"", ""data\\raw\\opentargets\\26.09\\CANCER-011_MONDO_0018177_associated_targets_page_0013.json"", ""data\\raw\\opentargets\\26.09\\CANCER-011_MONDO_0018177_associated_targets_page_0014.json"", ""data\\raw\\opentargets\\26.09\\CANCER-011_MONDO_0018177_associated_targets_page_0015.json"", ""data\\raw\\opentargets\\26.09\\CANCER-011_MONDO_0018177_associated_targets_page_0016.json"", ""data\\raw\\opentargets\\26.09\\CANCER-011_MONDO_0018177_associated_targets_page_0017.json"", ""data\\raw\\opentargets\\26.09\\CANCER-011_MONDO_0018177_associated_targets_page_0018.json"", ""data\\raw\\opentargets\\26.09\\CANCER-011_MONDO_0018177_associated_targets_page_0019.json"", ""data\\raw\\opentargets\\26.09\\CANCER-011_MONDO_0018177_associated_targets_page_0020.json"", ""data\\raw\\opentargets\\26.09\\CANCER-011_MONDO_0018177_associated_targets_page_0021.json"", ""data\\raw\\opentargets\\26.09\\CANCER-011_MONDO_0018177_associated_targets_page_0022.json""]"	97adf516942885ff8581ecd7991b9734db437b76d08afbd3302fa721b507046f
cancer_target_pair	EVID-0036	genetic_association_score		Open Targets Platform	ENSG00000068078|MONDO_0018177	26.09	https://api.platform.opentargets.org/api/v4/graphql	2026-09-30T07:41:58.308760+00:00	Aggregated evidence	opentargets-v0.2.2	"[""data\\raw\\opentargets\\26.09\\CANCER-011_MONDO_0018177_associated_targets_page_0000.json"", ""data\\raw\\opentargets\\26.09\\CANCER-011_MONDO_0018177_associated_targets_page_0001.json"", ""data\\raw\\opentargets\\26.09\\CANCER-011_MONDO_0018177_associated_targets_page_0002.json"", ""data\\raw\\opentargets\\26.09\\CANCER-011_MONDO_0018177_associated_targets_page_0003.json"", ""data\\raw\\opentargets\\26.09\\CANCER-011_MONDO_0018177_associated_targets_page_0004.json"", ""data\\raw\\opentargets\\26.09\\CANCER-011_MONDO_0018177_associated_targets_page_0005.json"", ""data\\raw\\opentargets\\26.09\\CANCER-011_MONDO_0018177_associated_targets_page_0006.json"", ""data\\raw\\opentargets\\26.09\\CANCER-011_MONDO_0018177_associated_targets_page_0007.json"", ""data\\raw\\opentargets\\26.09\\CANCER-011_MONDO_0018177_associated_targets_page_0008.json"", ""data\\raw\\opentargets\\26.09\\CANCER-011_MONDO_0018177_associated_targets_page_0009.json"", ""data\\raw\\opentargets\\26.09\\CANCER-011_MONDO_0018177_associated_targets_page_0010.json"", ""data\\raw\\opentargets\\26.09\\CANCER-011_MONDO_0018177_associated_targets_page_0011.json"", ""data\\raw\\opentargets\\26.09\\CANCER-011_MONDO_0018177_associated_targets_page_0012.json"", ""data\\raw\\opentargets\\26.09\\CANCER-011_MONDO_0018177_associated_targets_page_0013.json"", ""data\\raw\\opentargets\\26.09\\CANCER-011_MONDO_0018177_associated_targets_page_0014.json"", ""data\\raw\\opentargets\\26.09\\CANCER-011_MONDO_0018177_associated_targets_page_0015.json"", ""data\\raw\\opentargets\\26.09\\CANCER-011_MONDO_0018177_associated_targets_page_0016.json"", ""data\\raw\\opentargets\\26.09\\CANCER-011_MONDO_0018177_associated_targets_page_0017.json"", ""data\\raw\\opentargets\\26.09\\CANCER-011_MONDO_0018177_associated_targets_page_0018.json"", ""data\\raw\\opentargets\\26.09\\CANCER-011_MONDO_0018177_associated_targets_page_0019.json"", ""data\\raw\\opentargets\\26.09\\CANCER-011_MONDO_0018177_associated_targets_page_0020.json"", ""data\\raw\\opentargets\\26.09\\CANCER-011_MONDO_0018177_associated_targets_page_0021.json"", ""data\\raw\\opentargets\\26.09\\CANCER-011_MONDO_0018177_associated_targets_page_0022.json""]"	97adf516942885ff8581ecd7991b9734db437b76d08afbd3302fa721b507046f
cancer_target_pair	EVID-0036	somatic_mutation_score		Open Targets Platform	ENSG00000068078|MONDO_0018177	26.09	https://api.platform.opentargets.org/api/v4/graphql	2026-09-30T07:41:58.308760+00:00	Aggregated evidence	opentargets-v0.2.2	"[""data\\raw\\opentargets\\26.09\\CANCER-011_MONDO_0018177_associated_targets_page_0000.json"", ""data\\raw\\opentargets\\26.09\\CANCER-011_MONDO_0018177_associated_targets_page_0001.json"", ""data\\raw\\opentargets\\26.09\\CANCER-011_MONDO_0018177_associated_targets_page_0002.json"", ""data\\raw\\opentargets\\26.09\\CANCER-011_MONDO_0018177_associated_targets_page_0003.json"", ""data\\raw\\opentargets\\26.09\\CANCER-011_MONDO_0018177_associated_targets_page_0004.json"", ""data\\raw\\opentargets\\26.09\\CANCER-011_MONDO_0018177_associated_targets_page_0005.json"", ""data\\raw\\opentargets\\26.09\\CANCER-011_MONDO_0018177_associated_targets_page_0006.json"", ""data\\raw\\opentargets\\26.09\\CANCER-011_MONDO_0018177_associated_targets_page_0007.json"", ""data\\raw\\opentargets\\26.09\\CANCER-011_MONDO_0018177_associated_targets_page_0008.json"", ""data\\raw\\opentargets\\26.09\\CANCER-011_MONDO_0018177_associated_targets_page_0009.json"", ""data\\raw\\opentargets\\26.09\\CANCER-011_MONDO_0018177_associated_targets_page_0010.json"", ""data\\raw\\opentargets\\26.09\\CANCER-011_MONDO_0018177_associated_targets_page_0011.json"", ""data\\raw\\opentargets\\26.09\\CANCER-011_MONDO_0018177_associated_targets_page_0012.json"", ""data\\raw\\opentargets\\26.09\\CANCER-011_MONDO_0018177_associated_targets_page_0013.json"", ""data\\raw\\opentargets\\26.09\\CANCER-011_MONDO_0018177_associated_targets_page_0014.json"", ""data\\raw\\opentargets\\26.09\\CANCER-011_MONDO_0018177_associated_targets_page_0015.json"", ""data\\raw\\opentargets\\26.09\\CANCER-011_MONDO_0018177_associated_targets_page_0016.json"", ""data\\raw\\opentargets\\26.09\\CANCER-011_MONDO_0018177_associated_targets_page_0017.json"", ""data\\raw\\opentargets\\26.09\\CANCER-011_MONDO_0018177_associated_targets_page_0018.json"", ""data\\raw\\opentargets\\26.09\\CANCER-011_MONDO_0018177_associated_targets_page_0019.json"", ""data\\raw\\opentargets\\26.09\\CANCER-011_MONDO_0018177_associated_targets_page_0020.json"", ""data\\raw\\opentargets\\26.09\\CANCER-011_MONDO_0018177_associated_targets_page_0021.json"", ""data\\raw\\opentargets\\26.09\\CANCER-011_MONDO_0018177_associated_targets_page_0022.json""]"	97adf516942885ff8581ecd7991b9734db437b76d08afbd3302fa721b507046f
cancer_target_pair	EVID-0036	known_drug_score		Open Targets Platform	ENSG00000068078|MONDO_0018177	26.09	https://api.platform.opentargets.org/api/v4/graphql	2026-09-30T07:41:58.308760+00:00	Aggregated evidence	opentargets-v0.2.2	"[""data\\raw\\opentargets\\26.09\\CANCER-011_MONDO_0018177_associated_targets_page_0000.json"", ""data\\raw\\opentargets\\26.09\\CANCER-011_MONDO_0018177_associated_targets_page_0001.json"", ""data\\raw\\opentargets\\26.09\\CANCER-011_MONDO_0018177_associated_targets_page_0002.json"", ""data\\raw\\opentargets\\26.09\\CANCER-011_MONDO_0018177_associated_targets_page_0003.json"", ""data\\raw\\opentargets\\26.09\\CANCER-011_MONDO_0018177_associated_targets_page_0004.json"", ""data\\raw\\opentargets\\26.09\\CANCER-011_MONDO_0018177_associated_targets_page_0005.json"", ""data\\raw\\opentargets\\26.09\\CANCER-011_MONDO_0018177_associated_targets_page_0006.json"", ""data\\raw\\opentargets\\26.09\\CANCER-011_MONDO_0018177_associated_targets_page_0007.json"", ""data\\raw\\opentargets\\26.09\\CANCER-011_MONDO_0018177_associated_targets_page_0008.json"", ""data\\raw\\opentargets\\26.09\\CANCER-011_MONDO_0018177_associated_targets_page_0009.json"", ""data\\raw\\opentargets\\26.09\\CANCER-011_MONDO_0018177_associated_targets_page_0010.json"", ""data\\raw\\opentargets\\26.09\\CANCER-011_MONDO_0018177_associated_targets_page_0011.json"", ""data\\raw\\opentargets\\26.09\\CANCER-011_MONDO_0018177_associated_targets_page_0012.json"", ""data\\raw\\opentargets\\26.09\\CANCER-011_MONDO_0018177_associated_targets_page_0013.json"", ""data\\raw\\opentargets\\26.09\\CANCER-011_MONDO_0018177_associated_targets_page_0014.json"", ""data\\raw\\opentargets\\26.09\\CANCER-011_MONDO_0018177_associated_targets_page_0015.json"", ""data\\raw\\opentargets\\26.09\\CANCER-011_MONDO_0018177_associated_targets_page_0016.json"", ""data\\raw\\opentargets\\26.09\\CANCER-011_MONDO_0018177_associated_targets_page_0017.json"", ""data\\raw\\opentargets\\26.09\\CANCER-011_MONDO_0018177_associated_targets_page_0018.json"", ""data\\raw\\opentargets\\26.09\\CANCER-011_MONDO_0018177_associated_targets_page_0019.json"", ""data\\raw\\opentargets\\26.09\\CANCER-011_MONDO_0018177_associated_targets_page_0020.json"", ""data\\raw\\opentargets\\26.09\\CANCER-011_MONDO_0018177_associated_targets_page_0021.json"", ""data\\raw\\opentargets\\26.09\\CANCER-011_MONDO_0018177_associated_targets_page_0022.json""]"	97adf516942885ff8581ecd7991b9734db437b76d08afbd3302fa721b507046f
cancer_target_pair	EVID-0036	literature_score	0.7994951893038836	Open Targets Platform	ENSG00000068078|MONDO_0018177	26.09	https://api.platform.opentargets.org/api/v4/graphql	2026-09-30T07:41:58.308760+00:00	Aggregated evidence	opentargets-v0.2.2	"[""data\\raw\\opentargets\\26.09\\CANCER-011_MONDO_0018177_associated_targets_page_0000.json"", ""data\\raw\\opentargets\\26.09\\CANCER-011_MONDO_0018177_associated_targets_page_0001.json"", ""data\\raw\\opentargets\\26.09\\CANCER-011_MONDO_0018177_associated_targets_page_0002.json"", ""data\\raw\\opentargets\\26.09\\CANCER-011_MONDO_0018177_associated_targets_page_0003.json"", ""data\\raw\\opentargets\\26.09\\CANCER-011_MONDO_0018177_associated_targets_page_0004.json"", ""data\\raw\\opentargets\\26.09\\CANCER-011_MONDO_0018177_associated_targets_page_0005.json"", ""data\\raw\\opentargets\\26.09\\CANCER-011_MONDO_0018177_associated_targets_page_0006.json"", ""data\\raw\\opentargets\\26.09\\CANCER-011_MONDO_0018177_associated_targets_page_0007.json"", ""data\\raw\\opentargets\\26.09\\CANCER-011_MONDO_0018177_associated_targets_page_0008.json"", ""data\\raw\\opentargets\\26.09\\CANCER-011_MONDO_0018177_associated_targets_page_0009.json"", ""data\\raw\\opentargets\\26.09\\CANCER-011_MONDO_0018177_associated_targets_page_0010.json"", ""data\\raw\\opentargets\\26.09\\CANCER-011_MONDO_0018177_associated_targets_page_0011.json"", ""data\\raw\\opentargets\\26.09\\CANCER-011_MONDO_0018177_associated_targets_page_0012.json"", ""data\\raw\\opentargets\\26.09\\CANCER-011_MONDO_0018177_associated_targets_page_0013.json"", ""data\\raw\\opentargets\\26.09\\CANCER-011_MONDO_0018177_associated_targets_page_0014.json"", ""data\\raw\\opentargets\\26.09\\CANCER-011_MONDO_0018177_associated_targets_page_0015.json"", ""data\\raw\\opentargets\\26.09\\CANCER-011_MONDO_0018177_associated_targets_page_0016.json"", ""data\\raw\\opentargets\\26.09\\CANCER-011_MONDO_0018177_associated_targets_page_0017.json"", ""data\\raw\\opentargets\\26.09\\CANCER-011_MONDO_0018177_associated_targets_page_0018.json"", ""data\\raw\\opentargets\\26.09\\CANCER-011_MONDO_0018177_associated_targets_page_0019.json"", ""data\\raw\\opentargets\\26.09\\CANCER-011_MONDO_0018177_associated_targets_page_0020.json"", ""data\\raw\\opentargets\\26.09\\CANCER-011_MONDO_0018177_associated_targets_page_0021.json"", ""data\\raw\\opentargets\\26.09\\CANCER-011_MONDO_0018177_associated_targets_page_0022.json""]"	97adf516942885ff8581ecd7991b9734db437b76d08afbd3302fa721b507046f
cancer_target_pair	EVID-0036	tractability_json	"[{""label"": ""Approved Drug"", ""modality"": ""SM"", ""value"": true}, {""label"": ""Advanced Clinical"", ""modality"": ""SM"", ""value"": false}, {""label"": ""Phase 1 Clinical"", ""modality"": ""SM"", ""value"": false}, {""label"": ""Structure with Ligand"", ""modality"": ""SM"", ""value"": true}, {""label"": ""High-Quality Ligand"", ""modality"": ""SM"", ""value"": true}, {""label"": ""High-Quality Pocket"", ""modality"": ""SM"", ""value"": false}, {""label"": ""Med-Quality Pocket"", ""modality"": ""SM"", ""value"": false}, {""label"": ""Druggable Family"", ""modality"": ""SM"", ""value"": true}, {""label"": ""Approved Drug"", ""modality"": ""AB"", ""value"": false}, {""label"": ""Advanced Clinical"", ""modality"": ""AB"", ""value"": false}, {""label"": ""Phase 1 Clinical"", ""modality"": ""AB"", ""value"": true}, {""label"": ""UniProt loc high conf"", ""modality"": ""AB"", ""value"": false}, {""label"": ""GO CC high conf"", ""modality"": ""AB"", ""value"": true}, {""label"": ""UniProt loc med conf"", ""modality"": ""AB"", ""value"": true}, {""label"": ""UniProt SigP or TMHMM"", ""modality"": ""AB"", ""value"": true}, {""label"": ""GO CC med conf"", ""modality"": ""AB"", ""value"": false}, {""label"": ""Human Protein Atlas loc"", ""modality"": ""AB"", ""value"": false}, {""label"": ""Approved Drug"", ""modality"": ""PR"", ""value"": false}, {""label"": ""Advanced Clinical"", ""modality"": ""PR"", ""value"": false}, {""label"": ""Phase 1 Clinical"", ""modality"": ""PR"", ""value"": false}, {""label"": ""Literature"", ""modality"": ""PR"", ""value"": false}, {""label"": ""UniProt Ubiquitination"", ""modality"": ""PR"", ""value"": true}, {""label"": ""Database Ubiquitination"", ""modality"": ""PR"", ""value"": true}, {""label"": ""Half-life Data"", ""modality"": ""PR"", ""value"": false}, {""label"": ""Small Molecule Binder"", ""modality"": ""PR"", ""value"": true}, {""label"": ""Approved Drug"", ""modality"": ""OC"", ""value"": false}, {""label"": ""Advanced Clinical"", ""modality"": ""OC"", ""value"": true}, {""label"": ""Phase 1 Clinical"", ""modality"": ""OC"", ""value"": false}]"	Open Targets Platform	ENSG00000068078|MONDO_0018177	26.09	https://api.platform.opentargets.org/api/v4/graphql	2026-09-30T07:41:58.308760+00:00	Aggregated evidence	opentargets-v0.2.2	data\raw\opentargets\26.09\target_ENSG00000068078_tractability.json	97adf516942885ff8581ecd7991b9734db437b76d08afbd3302fa721b507046f
cancer_target_pair	EVID-0037	association_score	0.6434226381892949	Open Targets Platform	ENSG00000179295|MONDO_0018874	26.09	https://api.platform.opentargets.org/api/v4/graphql	2026-09-30T07:41:58.308760+00:00	Aggregated evidence	opentargets-v0.2.2	"[""data\\raw\\opentargets\\26.09\\CANCER-013_MONDO_0018874_associated_targets_page_0000.json"", ""data\\raw\\opentargets\\26.09\\CANCER-013_MONDO_0018874_associated_targets_page_0001.json"", ""data\\raw\\opentargets\\26.09\\CANCER-013_MONDO_0018874_associated_targets_page_0002.json"", ""data\\raw\\opentargets\\26.09\\CANCER-013_MONDO_0018874_associated_targets_page_0003.json"", ""data\\raw\\opentargets\\26.09\\CANCER-013_MONDO_0018874_associated_targets_page_0004.json"", ""data\\raw\\opentargets\\26.09\\CANCER-013_MONDO_0018874_associated_targets_page_0005.json"", ""data\\raw\\opentargets\\26.09\\CANCER-013_MONDO_0018874_associated_targets_page_0006.json"", ""data\\raw\\opentargets\\26.09\\CANCER-013_MONDO_0018874_associated_targets_page_0007.json"", ""data\\raw\\opentargets\\26.09\\CANCER-013_MONDO_0018874_associated_targets_page_0008.json"", ""data\\raw\\opentargets\\26.09\\CANCER-013_MONDO_0018874_associated_targets_page_0009.json"", ""data\\raw\\opentargets\\26.09\\CANCER-013_MONDO_0018874_associated_targets_page_0010.json"", ""data\\raw\\opentargets\\26.09\\CANCER-013_MONDO_0018874_associated_targets_page_0011.json"", ""data\\raw\\opentargets\\26.09\\CANCER-013_MONDO_0018874_associated_targets_page_0012.json"", ""data\\raw\\opentargets\\26.09\\CANCER-013_MONDO_0018874_associated_targets_page_0013.json"", ""data\\raw\\opentargets\\26.09\\CANCER-013_MONDO_0018874_associated_targets_page_0014.json"", ""data\\raw\\opentargets\\26.09\\CANCER-013_MONDO_0018874_associated_targets_page_0015.json"", ""data\\raw\\opentargets\\26.09\\CANCER-013_MONDO_0018874_associated_targets_page_0016.json"", ""data\\raw\\opentargets\\26.09\\CANCER-013_MONDO_0018874_associated_targets_page_0017.json"", ""data\\raw\\opentargets\\26.09\\CANCER-013_MONDO_0018874_associated_targets_page_0018.json"", ""data\\raw\\opentargets\\26.09\\CANCER-013_MONDO_0018874_associated_targets_page_0019.json"", ""data\\raw\\opentargets\\26.09\\CANCER-013_MONDO_0018874_associated_targets_page_0020.json"", ""data\\raw\\opentargets\\26.09\\CANCER-013_MONDO_0018874_associated_targets_page_0021.json"", ""data\\raw\\opentargets\\26.09\\CANCER-013_MONDO_0018874_associated_targets_page_0022.json"", ""data\\raw\\opentargets\\26.09\\CANCER-013_MONDO_0018874_associated_targets_page_0023.json"", ""data\\raw\\opentargets\\26.09\\CANCER-013_MONDO_0018874_associated_targets_page_0024.json"", ""data\\raw\\opentargets\\26.09\\CANCER-013_MONDO_0018874_associated_targets_page_0025.json""]"	7713af5ce9bd02ffe595dd4bffd9f0c7e6c448e1afae7f89e3ca9a5b930000cd
cancer_target_pair	EVID-0037	genetic_association_score	0.0	Open Targets Platform	ENSG00000179295|MONDO_0018874	26.09	https://api.platform.opentargets.org/api/v4/graphql	2026-09-30T07:41:58.308760+00:00	Aggregated evidence	opentargets-v0.2.2	"[""data\\raw\\opentargets\\26.09\\CANCER-013_MONDO_0018874_associated_targets_page_0000.json"", ""data\\raw\\opentargets\\26.09\\CANCER-013_MONDO_0018874_associated_targets_page_0001.json"", ""data\\raw\\opentargets\\26.09\\CANCER-013_MONDO_0018874_associated_targets_page_0002.json"", ""data\\raw\\opentargets\\26.09\\CANCER-013_MONDO_0018874_associated_targets_page_0003.json"", ""data\\raw\\opentargets\\26.09\\CANCER-013_MONDO_0018874_associated_targets_page_0004.json"", ""data\\raw\\opentargets\\26.09\\CANCER-013_MONDO_0018874_associated_targets_page_0005.json"", ""data\\raw\\opentargets\\26.09\\CANCER-013_MONDO_0018874_associated_targets_page_0006.json"", ""data\\raw\\opentargets\\26.09\\CANCER-013_MONDO_0018874_associated_targets_page_0007.json"", ""data\\raw\\opentargets\\26.09\\CANCER-013_MONDO_0018874_associated_targets_page_0008.json"", ""data\\raw\\opentargets\\26.09\\CANCER-013_MONDO_0018874_associated_targets_page_0009.json"", ""data\\raw\\opentargets\\26.09\\CANCER-013_MONDO_0018874_associated_targets_page_0010.json"", ""data\\raw\\opentargets\\26.09\\CANCER-013_MONDO_0018874_associated_targets_page_0011.json"", ""data\\raw\\opentargets\\26.09\\CANCER-013_MONDO_0018874_associated_targets_page_0012.json"", ""data\\raw\\opentargets\\26.09\\CANCER-013_MONDO_0018874_associated_targets_page_0013.json"", ""data\\raw\\opentargets\\26.09\\CANCER-013_MONDO_0018874_associated_targets_page_0014.json"", ""data\\raw\\opentargets\\26.09\\CANCER-013_MONDO_0018874_associated_targets_page_0015.json"", ""data\\raw\\opentargets\\26.09\\CANCER-013_MONDO_0018874_associated_targets_page_0016.json"", ""data\\raw\\opentargets\\26.09\\CANCER-013_MONDO_0018874_associated_targets_page_0017.json"", ""data\\raw\\opentargets\\26.09\\CANCER-013_MONDO_0018874_associated_targets_page_0018.json"", ""data\\raw\\opentargets\\26.09\\CANCER-013_MONDO_0018874_associated_targets_page_0019.json"", ""data\\raw\\opentargets\\26.09\\CANCER-013_MONDO_0018874_associated_targets_page_0020.json"", ""data\\raw\\opentargets\\26.09\\CANCER-013_MONDO_0018874_associated_targets_page_0021.json"", ""data\\raw\\opentargets\\26.09\\CANCER-013_MONDO_0018874_associated_targets_page_0022.json"", ""data\\raw\\opentargets\\26.09\\CANCER-013_MONDO_0018874_associated_targets_page_0023.json"", ""data\\raw\\opentargets\\26.09\\CANCER-013_MONDO_0018874_associated_targets_page_0024.json"", ""data\\raw\\opentargets\\26.09\\CANCER-013_MONDO_0018874_associated_targets_page_0025.json""]"	7713af5ce9bd02ffe595dd4bffd9f0c7e6c448e1afae7f89e3ca9a5b930000cd
cancer_target_pair	EVID-0037	somatic_mutation_score	0.8033119865992363	Open Targets Platform	ENSG00000179295|MONDO_0018874	26.09	https://api.platform.opentargets.org/api/v4/graphql	2026-09-30T07:41:58.308760+00:00	Aggregated evidence	opentargets-v0.2.2	"[""data\\raw\\opentargets\\26.09\\CANCER-013_MONDO_0018874_associated_targets_page_0000.json"", ""data\\raw\\opentargets\\26.09\\CANCER-013_MONDO_0018874_associated_targets_page_0001.json"", ""data\\raw\\opentargets\\26.09\\CANCER-013_MONDO_0018874_associated_targets_page_0002.json"", ""data\\raw\\opentargets\\26.09\\CANCER-013_MONDO_0018874_associated_targets_page_0003.json"", ""data\\raw\\opentargets\\26.09\\CANCER-013_MONDO_0018874_associated_targets_page_0004.json"", ""data\\raw\\opentargets\\26.09\\CANCER-013_MONDO_0018874_associated_targets_page_0005.json"", ""data\\raw\\opentargets\\26.09\\CANCER-013_MONDO_0018874_associated_targets_page_0006.json"", ""data\\raw\\opentargets\\26.09\\CANCER-013_MONDO_0018874_associated_targets_page_0007.json"", ""data\\raw\\opentargets\\26.09\\CANCER-013_MONDO_0018874_associated_targets_page_0008.json"", ""data\\raw\\opentargets\\26.09\\CANCER-013_MONDO_0018874_associated_targets_page_0009.json"", ""data\\raw\\opentargets\\26.09\\CANCER-013_MONDO_0018874_associated_targets_page_0010.json"", ""data\\raw\\opentargets\\26.09\\CANCER-013_MONDO_0018874_associated_targets_page_0011.json"", ""data\\raw\\opentargets\\26.09\\CANCER-013_MONDO_0018874_associated_targets_page_0012.json"", ""data\\raw\\opentargets\\26.09\\CANCER-013_MONDO_0018874_associated_targets_page_0013.json"", ""data\\raw\\opentargets\\26.09\\CANCER-013_MONDO_0018874_associated_targets_page_0014.json"", ""data\\raw\\opentargets\\26.09\\CANCER-013_MONDO_0018874_associated_targets_page_0015.json"", ""data\\raw\\opentargets\\26.09\\CANCER-013_MONDO_0018874_associated_targets_page_0016.json"", ""data\\raw\\opentargets\\26.09\\CANCER-013_MONDO_0018874_associated_targets_page_0017.json"", ""data\\raw\\opentargets\\26.09\\CANCER-013_MONDO_0018874_associated_targets_page_0018.json"", ""data\\raw\\opentargets\\26.09\\CANCER-013_MONDO_0018874_associated_targets_page_0019.json"", ""data\\raw\\opentargets\\26.09\\CANCER-013_MONDO_0018874_associated_targets_page_0020.json"", ""data\\raw\\opentargets\\26.09\\CANCER-013_MONDO_0018874_associated_targets_page_0021.json"", ""data\\raw\\opentargets\\26.09\\CANCER-013_MONDO_0018874_associated_targets_page_0022.json"", ""data\\raw\\opentargets\\26.09\\CANCER-013_MONDO_0018874_associated_targets_page_0023.json"", ""data\\raw\\opentargets\\26.09\\CANCER-013_MONDO_0018874_associated_targets_page_0024.json"", ""data\\raw\\opentargets\\26.09\\CANCER-013_MONDO_0018874_associated_targets_page_0025.json""]"	7713af5ce9bd02ffe595dd4bffd9f0c7e6c448e1afae7f89e3ca9a5b930000cd
cancer_target_pair	EVID-0037	known_drug_score		Open Targets Platform	ENSG00000179295|MONDO_0018874	26.09	https://api.platform.opentargets.org/api/v4/graphql	2026-09-30T07:41:58.308760+00:00	Aggregated evidence	opentargets-v0.2.2	"[""data\\raw\\opentargets\\26.09\\CANCER-013_MONDO_0018874_associated_targets_page_0000.json"", ""data\\raw\\opentargets\\26.09\\CANCER-013_MONDO_0018874_associated_targets_page_0001.json"", ""data\\raw\\opentargets\\26.09\\CANCER-013_MONDO_0018874_associated_targets_page_0002.json"", ""data\\raw\\opentargets\\26.09\\CANCER-013_MONDO_0018874_associated_targets_page_0003.json"", ""data\\raw\\opentargets\\26.09\\CANCER-013_MONDO_0018874_associated_targets_page_0004.json"", ""data\\raw\\opentargets\\26.09\\CANCER-013_MONDO_0018874_associated_targets_page_0005.json"", ""data\\raw\\opentargets\\26.09\\CANCER-013_MONDO_0018874_associated_targets_page_0006.json"", ""data\\raw\\opentargets\\26.09\\CANCER-013_MONDO_0018874_associated_targets_page_0007.json"", ""data\\raw\\opentargets\\26.09\\CANCER-013_MONDO_0018874_associated_targets_page_0008.json"", ""data\\raw\\opentargets\\26.09\\CANCER-013_MONDO_0018874_associated_targets_page_0009.json"", ""data\\raw\\opentargets\\26.09\\CANCER-013_MONDO_0018874_associated_targets_page_0010.json"", ""data\\raw\\opentargets\\26.09\\CANCER-013_MONDO_0018874_associated_targets_page_0011.json"", ""data\\raw\\opentargets\\26.09\\CANCER-013_MONDO_0018874_associated_targets_page_0012.json"", ""data\\raw\\opentargets\\26.09\\CANCER-013_MONDO_0018874_associated_targets_page_0013.json"", ""data\\raw\\opentargets\\26.09\\CANCER-013_MONDO_0018874_associated_targets_page_0014.json"", ""data\\raw\\opentargets\\26.09\\CANCER-013_MONDO_0018874_associated_targets_page_0015.json"", ""data\\raw\\opentargets\\26.09\\CANCER-013_MONDO_0018874_associated_targets_page_0016.json"", ""data\\raw\\opentargets\\26.09\\CANCER-013_MONDO_0018874_associated_targets_page_0017.json"", ""data\\raw\\opentargets\\26.09\\CANCER-013_MONDO_0018874_associated_targets_page_0018.json"", ""data\\raw\\opentargets\\26.09\\CANCER-013_MONDO_0018874_associated_targets_page_0019.json"", ""data\\raw\\opentargets\\26.09\\CANCER-013_MONDO_0018874_associated_targets_page_0020.json"", ""data\\raw\\opentargets\\26.09\\CANCER-013_MONDO_0018874_associated_targets_page_0021.json"", ""data\\raw\\opentargets\\26.09\\CANCER-013_MONDO_0018874_associated_targets_page_0022.json"", ""data\\raw\\opentargets\\26.09\\CANCER-013_MONDO_0018874_associated_targets_page_0023.json"", ""data\\raw\\opentargets\\26.09\\CANCER-013_MONDO_0018874_associated_targets_page_0024.json"", ""data\\raw\\opentargets\\26.09\\CANCER-013_MONDO_0018874_associated_targets_page_0025.json""]"	7713af5ce9bd02ffe595dd4bffd9f0c7e6c448e1afae7f89e3ca9a5b930000cd
cancer_target_pair	EVID-0037	literature_score	0.947672116778848	Open Targets Platform	ENSG00000179295|MONDO_0018874	26.09	https://api.platform.opentargets.org/api/v4/graphql	2026-09-30T07:41:58.308760+00:00	Aggregated evidence	opentargets-v0.2.2	"[""data\\raw\\opentargets\\26.09\\CANCER-013_MONDO_0018874_associated_targets_page_0000.json"", ""data\\raw\\opentargets\\26.09\\CANCER-013_MONDO_0018874_associated_targets_page_0001.json"", ""data\\raw\\opentargets\\26.09\\CANCER-013_MONDO_0018874_associated_targets_page_0002.json"", ""data\\raw\\opentargets\\26.09\\CANCER-013_MONDO_0018874_associated_targets_page_0003.json"", ""data\\raw\\opentargets\\26.09\\CANCER-013_MONDO_0018874_associated_targets_page_0004.json"", ""data\\raw\\opentargets\\26.09\\CANCER-013_MONDO_0018874_associated_targets_page_0005.json"", ""data\\raw\\opentargets\\26.09\\CANCER-013_MONDO_0018874_associated_targets_page_0006.json"", ""data\\raw\\opentargets\\26.09\\CANCER-013_MONDO_0018874_associated_targets_page_0007.json"", ""data\\raw\\opentargets\\26.09\\CANCER-013_MONDO_0018874_associated_targets_page_0008.json"", ""data\\raw\\opentargets\\26.09\\CANCER-013_MONDO_0018874_associated_targets_page_0009.json"", ""data\\raw\\opentargets\\26.09\\CANCER-013_MONDO_0018874_associated_targets_page_0010.json"", ""data\\raw\\opentargets\\26.09\\CANCER-013_MONDO_0018874_associated_targets_page_0011.json"", ""data\\raw\\opentargets\\26.09\\CANCER-013_MONDO_0018874_associated_targets_page_0012.json"", ""data\\raw\\opentargets\\26.09\\CANCER-013_MONDO_0018874_associated_targets_page_0013.json"", ""data\\raw\\opentargets\\26.09\\CANCER-013_MONDO_0018874_associated_targets_page_0014.json"", ""data\\raw\\opentargets\\26.09\\CANCER-013_MONDO_0018874_associated_targets_page_0015.json"", ""data\\raw\\opentargets\\26.09\\CANCER-013_MONDO_0018874_associated_targets_page_0016.json"", ""data\\raw\\opentargets\\26.09\\CANCER-013_MONDO_0018874_associated_targets_page_0017.json"", ""data\\raw\\opentargets\\26.09\\CANCER-013_MONDO_0018874_associated_targets_page_0018.json"", ""data\\raw\\opentargets\\26.09\\CANCER-013_MONDO_0018874_associated_targets_page_0019.json"", ""data\\raw\\opentargets\\26.09\\CANCER-013_MONDO_0018874_associated_targets_page_0020.json"", ""data\\raw\\opentargets\\26.09\\CANCER-013_MONDO_0018874_associated_targets_page_0021.json"", ""data\\raw\\opentargets\\26.09\\CANCER-013_MONDO_0018874_associated_targets_page_0022.json"", ""data\\raw\\opentargets\\26.09\\CANCER-013_MONDO_0018874_associated_targets_page_0023.json"", ""data\\raw\\opentargets\\26.09\\CANCER-013_MONDO_0018874_associated_targets_page_0024.json"", ""data\\raw\\opentargets\\26.09\\CANCER-013_MONDO_0018874_associated_targets_page_0025.json""]"	7713af5ce9bd02ffe595dd4bffd9f0c7e6c448e1afae7f89e3ca9a5b930000cd
cancer_target_pair	EVID-0037	tractability_json	"[{""label"": ""Approved Drug"", ""modality"": ""SM"", ""value"": false}, {""label"": ""Advanced Clinical"", ""modality"": ""SM"", ""value"": true}, {""label"": ""Phase 1 Clinical"", ""modality"": ""SM"", ""value"": false}, {""label"": ""Structure with Ligand"", ""modality"": ""SM"", ""value"": true}, {""label"": ""High-Quality Ligand"", ""modality"": ""SM"", ""value"": true}, {""label"": ""High-Quality Pocket"", ""modality"": ""SM"", ""value"": false}, {""label"": ""Med-Quality Pocket"", ""modality"": ""SM"", ""value"": false}, {""label"": ""Druggable Family"", ""modality"": ""SM"", ""value"": true}, {""label"": ""Approved Drug"", ""modality"": ""AB"", ""value"": false}, {""label"": ""Advanced Clinical"", ""modality"": ""AB"", ""value"": false}, {""label"": ""Phase 1 Clinical"", ""modality"": ""AB"", ""value"": false}, {""label"": ""UniProt loc high conf"", ""modality"": ""AB"", ""value"": false}, {""label"": ""GO CC high conf"", ""modality"": ""AB"", ""value"": false}, {""label"": ""UniProt loc med conf"", ""modality"": ""AB"", ""value"": false}, {""label"": ""UniProt SigP or TMHMM"", ""modality"": ""AB"", ""value"": false}, {""label"": ""GO CC med conf"", ""modality"": ""AB"", ""value"": false}, {""label"": ""Human Protein Atlas loc"", ""modality"": ""AB"", ""value"": false}, {""label"": ""Approved Drug"", ""modality"": ""PR"", ""value"": false}, {""label"": ""Advanced Clinical"", ""modality"": ""PR"", ""value"": false}, {""label"": ""Phase 1 Clinical"", ""modality"": ""PR"", ""value"": false}, {""label"": ""Literature"", ""modality"": ""PR"", ""value"": true}, {""label"": ""UniProt Ubiquitination"", ""modality"": ""PR"", ""value"": false}, {""label"": ""Database Ubiquitination"", ""modality"": ""PR"", ""value"": true}, {""label"": ""Half-life Data"", ""modality"": ""PR"", ""value"": true}, {""label"": ""Small Molecule Binder"", ""modality"": ""PR"", ""value"": true}, {""label"": ""Approved Drug"", ""modality"": ""OC"", ""value"": false}, {""label"": ""Advanced Clinical"", ""modality"": ""OC"", ""value"": false}, {""label"": ""Phase 1 Clinical"", ""modality"": ""OC"", ""value"": false}]"	Open Targets Platform	ENSG00000179295|MONDO_0018874	26.09	https://api.platform.opentargets.org/api/v4/graphql	2026-09-30T07:41:58.308760+00:00	Aggregated evidence	opentargets-v0.2.2	data\raw\opentargets\26.09\target_ENSG00000179295_tractability.json	7713af5ce9bd02ffe595dd4bffd9f0c7e6c448e1afae7f89e3ca9a5b930000cd
cancer_target_pair	EVID-0038	association_score	0.6991031883507953	Open Targets Platform	ENSG00000213281|MONDO_0018874	26.09	https://api.platform.opentargets.org/api/v4/graphql	2026-09-30T07:41:58.308760+00:00	Aggregated evidence	opentargets-v0.2.2	"[""data\\raw\\opentargets\\26.09\\CANCER-013_MONDO_0018874_associated_targets_page_0000.json"", ""data\\raw\\opentargets\\26.09\\CANCER-013_MONDO_0018874_associated_targets_page_0001.json"", ""data\\raw\\opentargets\\26.09\\CANCER-013_MONDO_0018874_associated_targets_page_0002.json"", ""data\\raw\\opentargets\\26.09\\CANCER-013_MONDO_0018874_associated_targets_page_0003.json"", ""data\\raw\\opentargets\\26.09\\CANCER-013_MONDO_0018874_associated_targets_page_0004.json"", ""data\\raw\\opentargets\\26.09\\CANCER-013_MONDO_0018874_associated_targets_page_0005.json"", ""data\\raw\\opentargets\\26.09\\CANCER-013_MONDO_0018874_associated_targets_page_0006.json"", ""data\\raw\\opentargets\\26.09\\CANCER-013_MONDO_0018874_associated_targets_page_0007.json"", ""data\\raw\\opentargets\\26.09\\CANCER-013_MONDO_0018874_associated_targets_page_0008.json"", ""data\\raw\\opentargets\\26.09\\CANCER-013_MONDO_0018874_associated_targets_page_0009.json"", ""data\\raw\\opentargets\\26.09\\CANCER-013_MONDO_0018874_associated_targets_page_0010.json"", ""data\\raw\\opentargets\\26.09\\CANCER-013_MONDO_0018874_associated_targets_page_0011.json"", ""data\\raw\\opentargets\\26.09\\CANCER-013_MONDO_0018874_associated_targets_page_0012.json"", ""data\\raw\\opentargets\\26.09\\CANCER-013_MONDO_0018874_associated_targets_page_0013.json"", ""data\\raw\\opentargets\\26.09\\CANCER-013_MONDO_0018874_associated_targets_page_0014.json"", ""data\\raw\\opentargets\\26.09\\CANCER-013_MONDO_0018874_associated_targets_page_0015.json"", ""data\\raw\\opentargets\\26.09\\CANCER-013_MONDO_0018874_associated_targets_page_0016.json"", ""data\\raw\\opentargets\\26.09\\CANCER-013_MONDO_0018874_associated_targets_page_0017.json"", ""data\\raw\\opentargets\\26.09\\CANCER-013_MONDO_0018874_associated_targets_page_0018.json"", ""data\\raw\\opentargets\\26.09\\CANCER-013_MONDO_0018874_associated_targets_page_0019.json"", ""data\\raw\\opentargets\\26.09\\CANCER-013_MONDO_0018874_associated_targets_page_0020.json"", ""data\\raw\\opentargets\\26.09\\CANCER-013_MONDO_0018874_associated_targets_page_0021.json"", ""data\\raw\\opentargets\\26.09\\CANCER-013_MONDO_0018874_associated_targets_page_0022.json"", ""data\\raw\\opentargets\\26.09\\CANCER-013_MONDO_0018874_associated_targets_page_0023.json"", ""data\\raw\\opentargets\\26.09\\CANCER-013_MONDO_0018874_associated_targets_page_0024.json"", ""data\\raw\\opentargets\\26.09\\CANCER-013_MONDO_0018874_associated_targets_page_0025.json""]"	9e32e307fbdc2f49633de8c5b584542394fb5df3e0adb7eeb09b3bc9fcb02ead
cancer_target_pair	EVID-0038	genetic_association_score	0.0	Open Targets Platform	ENSG00000213281|MONDO_0018874	26.09	https://api.platform.opentargets.org/api/v4/graphql	2026-09-30T07:41:58.308760+00:00	Aggregated evidence	opentargets-v0.2.2	"[""data\\raw\\opentargets\\26.09\\CANCER-013_MONDO_0018874_associated_targets_page_0000.json"", ""data\\raw\\opentargets\\26.09\\CANCER-013_MONDO_0018874_associated_targets_page_0001.json"", ""data\\raw\\opentargets\\26.09\\CANCER-013_MONDO_0018874_associated_targets_page_0002.json"", ""data\\raw\\opentargets\\26.09\\CANCER-013_MONDO_0018874_associated_targets_page_0003.json"", ""data\\raw\\opentargets\\26.09\\CANCER-013_MONDO_0018874_associated_targets_page_0004.json"", ""data\\raw\\opentargets\\26.09\\CANCER-013_MONDO_0018874_associated_targets_page_0005.json"", ""data\\raw\\opentargets\\26.09\\CANCER-013_MONDO_0018874_associated_targets_page_0006.json"", ""data\\raw\\opentargets\\26.09\\CANCER-013_MONDO_0018874_associated_targets_page_0007.json"", ""data\\raw\\opentargets\\26.09\\CANCER-013_MONDO_0018874_associated_targets_page_0008.json"", ""data\\raw\\opentargets\\26.09\\CANCER-013_MONDO_0018874_associated_targets_page_0009.json"", ""data\\raw\\opentargets\\26.09\\CANCER-013_MONDO_0018874_associated_targets_page_0010.json"", ""data\\raw\\opentargets\\26.09\\CANCER-013_MONDO_0018874_associated_targets_page_0011.json"", ""data\\raw\\opentargets\\26.09\\CANCER-013_MONDO_0018874_associated_targets_page_0012.json"", ""data\\raw\\opentargets\\26.09\\CANCER-013_MONDO_0018874_associated_targets_page_0013.json"", ""data\\raw\\opentargets\\26.09\\CANCER-013_MONDO_0018874_associated_targets_page_0014.json"", ""data\\raw\\opentargets\\26.09\\CANCER-013_MONDO_0018874_associated_targets_page_0015.json"", ""data\\raw\\opentargets\\26.09\\CANCER-013_MONDO_0018874_associated_targets_page_0016.json"", ""data\\raw\\opentargets\\26.09\\CANCER-013_MONDO_0018874_associated_targets_page_0017.json"", ""data\\raw\\opentargets\\26.09\\CANCER-013_MONDO_0018874_associated_targets_page_0018.json"", ""data\\raw\\opentargets\\26.09\\CANCER-013_MONDO_0018874_associated_targets_page_0019.json"", ""data\\raw\\opentargets\\26.09\\CANCER-013_MONDO_0018874_associated_targets_page_0020.json"", ""data\\raw\\opentargets\\26.09\\CANCER-013_MONDO_0018874_associated_targets_page_0021.json"", ""data\\raw\\opentargets\\26.09\\CANCER-013_MONDO_0018874_associated_targets_page_0022.json"", ""data\\raw\\opentargets\\26.09\\CANCER-013_MONDO_0018874_associated_targets_page_0023.json"", ""data\\raw\\opentargets\\26.09\\CANCER-013_MONDO_0018874_associated_targets_page_0024.json"", ""data\\raw\\opentargets\\26.09\\CANCER-013_MONDO_0018874_associated_targets_page_0025.json""]"	9e32e307fbdc2f49633de8c5b584542394fb5df3e0adb7eeb09b3bc9fcb02ead
cancer_target_pair	EVID-0038	somatic_mutation_score	0.8100631133054279	Open Targets Platform	ENSG00000213281|MONDO_0018874	26.09	https://api.platform.opentargets.org/api/v4/graphql	2026-09-30T07:41:58.308760+00:00	Aggregated evidence	opentargets-v0.2.2	"[""data\\raw\\opentargets\\26.09\\CANCER-013_MONDO_0018874_associated_targets_page_0000.json"", ""data\\raw\\opentargets\\26.09\\CANCER-013_MONDO_0018874_associated_targets_page_0001.json"", ""data\\raw\\opentargets\\26.09\\CANCER-013_MONDO_0018874_associated_targets_page_0002.json"", ""data\\raw\\opentargets\\26.09\\CANCER-013_MONDO_0018874_associated_targets_page_0003.json"", ""data\\raw\\opentargets\\26.09\\CANCER-013_MONDO_0018874_associated_targets_page_0004.json"", ""data\\raw\\opentargets\\26.09\\CANCER-013_MONDO_0018874_associated_targets_page_0005.json"", ""data\\raw\\opentargets\\26.09\\CANCER-013_MONDO_0018874_associated_targets_page_0006.json"", ""data\\raw\\opentargets\\26.09\\CANCER-013_MONDO_0018874_associated_targets_page_0007.json"", ""data\\raw\\opentargets\\26.09\\CANCER-013_MONDO_0018874_associated_targets_page_0008.json"", ""data\\raw\\opentargets\\26.09\\CANCER-013_MONDO_0018874_associated_targets_page_0009.json"", ""data\\raw\\opentargets\\26.09\\CANCER-013_MONDO_0018874_associated_targets_page_0010.json"", ""data\\raw\\opentargets\\26.09\\CANCER-013_MONDO_0018874_associated_targets_page_0011.json"", ""data\\raw\\opentargets\\26.09\\CANCER-013_MONDO_0018874_associated_targets_page_0012.json"", ""data\\raw\\opentargets\\26.09\\CANCER-013_MONDO_0018874_associated_targets_page_0013.json"", ""data\\raw\\opentargets\\26.09\\CANCER-013_MONDO_0018874_associated_targets_page_0014.json"", ""data\\raw\\opentargets\\26.09\\CANCER-013_MONDO_0018874_associated_targets_page_0015.json"", ""data\\raw\\opentargets\\26.09\\CANCER-013_MONDO_0018874_associated_targets_page_0016.json"", ""data\\raw\\opentargets\\26.09\\CANCER-013_MONDO_0018874_associated_targets_page_0017.json"", ""data\\raw\\opentargets\\26.09\\CANCER-013_MONDO_0018874_associated_targets_page_0018.json"", ""data\\raw\\opentargets\\26.09\\CANCER-013_MONDO_0018874_associated_targets_page_0019.json"", ""data\\raw\\opentargets\\26.09\\CANCER-013_MONDO_0018874_associated_targets_page_0020.json"", ""data\\raw\\opentargets\\26.09\\CANCER-013_MONDO_0018874_associated_targets_page_0021.json"", ""data\\raw\\opentargets\\26.09\\CANCER-013_MONDO_0018874_associated_targets_page_0022.json"", ""data\\raw\\opentargets\\26.09\\CANCER-013_MONDO_0018874_associated_targets_page_0023.json"", ""data\\raw\\opentargets\\26.09\\CANCER-013_MONDO_0018874_associated_targets_page_0024.json"", ""data\\raw\\opentargets\\26.09\\CANCER-013_MONDO_0018874_associated_targets_page_0025.json""]"	9e32e307fbdc2f49633de8c5b584542394fb5df3e0adb7eeb09b3bc9fcb02ead
cancer_target_pair	EVID-0038	known_drug_score		Open Targets Platform	ENSG00000213281|MONDO_0018874	26.09	https://api.platform.opentargets.org/api/v4/graphql	2026-09-30T07:41:58.308760+00:00	Aggregated evidence	opentargets-v0.2.2	"[""data\\raw\\opentargets\\26.09\\CANCER-013_MONDO_0018874_associated_targets_page_0000.json"", ""data\\raw\\opentargets\\26.09\\CANCER-013_MONDO_0018874_associated_targets_page_0001.json"", ""data\\raw\\opentargets\\26.09\\CANCER-013_MONDO_0018874_associated_targets_page_0002.json"", ""data\\raw\\opentargets\\26.09\\CANCER-013_MONDO_0018874_associated_targets_page_0003.json"", ""data\\raw\\opentargets\\26.09\\CANCER-013_MONDO_0018874_associated_targets_page_0004.json"", ""data\\raw\\opentargets\\26.09\\CANCER-013_MONDO_0018874_associated_targets_page_0005.json"", ""data\\raw\\opentargets\\26.09\\CANCER-013_MONDO_0018874_associated_targets_page_0006.json"", ""data\\raw\\opentargets\\26.09\\CANCER-013_MONDO_0018874_associated_targets_page_0007.json"", ""data\\raw\\opentargets\\26.09\\CANCER-013_MONDO_0018874_associated_targets_page_0008.json"", ""data\\raw\\opentargets\\26.09\\CANCER-013_MONDO_0018874_associated_targets_page_0009.json"", ""data\\raw\\opentargets\\26.09\\CANCER-013_MONDO_0018874_associated_targets_page_0010.json"", ""data\\raw\\opentargets\\26.09\\CANCER-013_MONDO_0018874_associated_targets_page_0011.json"", ""data\\raw\\opentargets\\26.09\\CANCER-013_MONDO_0018874_associated_targets_page_0012.json"", ""data\\raw\\opentargets\\26.09\\CANCER-013_MONDO_0018874_associated_targets_page_0013.json"", ""data\\raw\\opentargets\\26.09\\CANCER-013_MONDO_0018874_associated_targets_page_0014.json"", ""data\\raw\\opentargets\\26.09\\CANCER-013_MONDO_0018874_associated_targets_page_0015.json"", ""data\\raw\\opentargets\\26.09\\CANCER-013_MONDO_0018874_associated_targets_page_0016.json"", ""data\\raw\\opentargets\\26.09\\CANCER-013_MONDO_0018874_associated_targets_page_0017.json"", ""data\\raw\\opentargets\\26.09\\CANCER-013_MONDO_0018874_associated_targets_page_0018.json"", ""data\\raw\\opentargets\\26.09\\CANCER-013_MONDO_0018874_associated_targets_page_0019.json"", ""data\\raw\\opentargets\\26.09\\CANCER-013_MONDO_0018874_associated_targets_page_0020.json"", ""data\\raw\\opentargets\\26.09\\CANCER-013_MONDO_0018874_associated_targets_page_0021.json"", ""data\\raw\\opentargets\\26.09\\CANCER-013_MONDO_0018874_associated_targets_page_0022.json"", ""data\\raw\\opentargets\\26.09\\CANCER-013_MONDO_0018874_associated_targets_page_0023.json"", ""data\\raw\\opentargets\\26.09\\CANCER-013_MONDO_0018874_associated_targets_page_0024.json"", ""data\\raw\\opentargets\\26.09\\CANCER-013_MONDO_0018874_associated_targets_page_0025.json""]"	9e32e307fbdc2f49633de8c5b584542394fb5df3e0adb7eeb09b3bc9fcb02ead
cancer_target_pair	EVID-0038	literature_score	0.8147939671954918	Open Targets Platform	ENSG00000213281|MONDO_0018874	26.09	https://api.platform.opentargets.org/api/v4/graphql	2026-09-30T07:41:58.308760+00:00	Aggregated evidence	opentargets-v0.2.2	"[""data\\raw\\opentargets\\26.09\\CANCER-013_MONDO_0018874_associated_targets_page_0000.json"", ""data\\raw\\opentargets\\26.09\\CANCER-013_MONDO_0018874_associated_targets_page_0001.json"", ""data\\raw\\opentargets\\26.09\\CANCER-013_MONDO_0018874_associated_targets_page_0002.json"", ""data\\raw\\opentargets\\26.09\\CANCER-013_MONDO_0018874_associated_targets_page_0003.json"", ""data\\raw\\opentargets\\26.09\\CANCER-013_MONDO_0018874_associated_targets_page_0004.json"", ""data\\raw\\opentargets\\26.09\\CANCER-013_MONDO_0018874_associated_targets_page_0005.json"", ""data\\raw\\opentargets\\26.09\\CANCER-013_MONDO_0018874_associated_targets_page_0006.json"", ""data\\raw\\opentargets\\26.09\\CANCER-013_MONDO_0018874_associated_targets_page_0007.json"", ""data\\raw\\opentargets\\26.09\\CANCER-013_MONDO_0018874_associated_targets_page_0008.json"", ""data\\raw\\opentargets\\26.09\\CANCER-013_MONDO_0018874_associated_targets_page_0009.json"", ""data\\raw\\opentargets\\26.09\\CANCER-013_MONDO_0018874_associated_targets_page_0010.json"", ""data\\raw\\opentargets\\26.09\\CANCER-013_MONDO_0018874_associated_targets_page_0011.json"", ""data\\raw\\opentargets\\26.09\\CANCER-013_MONDO_0018874_associated_targets_page_0012.json"", ""data\\raw\\opentargets\\26.09\\CANCER-013_MONDO_0018874_associated_targets_page_0013.json"", ""data\\raw\\opentargets\\26.09\\CANCER-013_MONDO_0018874_associated_targets_page_0014.json"", ""data\\raw\\opentargets\\26.09\\CANCER-013_MONDO_0018874_associated_targets_page_0015.json"", ""data\\raw\\opentargets\\26.09\\CANCER-013_MONDO_0018874_associated_targets_page_0016.json"", ""data\\raw\\opentargets\\26.09\\CANCER-013_MONDO_0018874_associated_targets_page_0017.json"", ""data\\raw\\opentargets\\26.09\\CANCER-013_MONDO_0018874_associated_targets_page_0018.json"", ""data\\raw\\opentargets\\26.09\\CANCER-013_MONDO_0018874_associated_targets_page_0019.json"", ""data\\raw\\opentargets\\26.09\\CANCER-013_MONDO_0018874_associated_targets_page_0020.json"", ""data\\raw\\opentargets\\26.09\\CANCER-013_MONDO_0018874_associated_targets_page_0021.json"", ""data\\raw\\opentargets\\26.09\\CANCER-013_MONDO_0018874_associated_targets_page_0022.json"", ""data\\raw\\opentargets\\26.09\\CANCER-013_MONDO_0018874_associated_targets_page_0023.json"", ""data\\raw\\opentargets\\26.09\\CANCER-013_MONDO_0018874_associated_targets_page_0024.json"", ""data\\raw\\opentargets\\26.09\\CANCER-013_MONDO_0018874_associated_targets_page_0025.json""]"	9e32e307fbdc2f49633de8c5b584542394fb5df3e0adb7eeb09b3bc9fcb02ead
cancer_target_pair	EVID-0038	tractability_json	"[{""label"": ""Approved Drug"", ""modality"": ""SM"", ""value"": false}, {""label"": ""Advanced Clinical"", ""modality"": ""SM"", ""value"": true}, {""label"": ""Phase 1 Clinical"", ""modality"": ""SM"", ""value"": false}, {""label"": ""Structure with Ligand"", ""modality"": ""SM"", ""value"": true}, {""label"": ""High-Quality Ligand"", ""modality"": ""SM"", ""value"": true}, {""label"": ""High-Quality Pocket"", ""modality"": ""SM"", ""value"": false}, {""label"": ""Med-Quality Pocket"", ""modality"": ""SM"", ""value"": false}, {""label"": ""Druggable Family"", ""modality"": ""SM"", ""value"": false}, {""label"": ""Approved Drug"", ""modality"": ""AB"", ""value"": false}, {""label"": ""Advanced Clinical"", ""modality"": ""AB"", ""value"": false}, {""label"": ""Phase 1 Clinical"", ""modality"": ""AB"", ""value"": false}, {""label"": ""UniProt loc high conf"", ""modality"": ""AB"", ""value"": true}, {""label"": ""GO CC high conf"", ""modality"": ""AB"", ""value"": true}, {""label"": ""UniProt loc med conf"", ""modality"": ""AB"", ""value"": false}, {""label"": ""UniProt SigP or TMHMM"", ""modality"": ""AB"", ""value"": false}, {""label"": ""GO CC med conf"", ""modality"": ""AB"", ""value"": false}, {""label"": ""Human Protein Atlas loc"", ""modality"": ""AB"", ""value"": false}, {""label"": ""Approved Drug"", ""modality"": ""PR"", ""value"": false}, {""label"": ""Advanced Clinical"", ""modality"": ""PR"", ""value"": false}, {""label"": ""Phase 1 Clinical"", ""modality"": ""PR"", ""value"": false}, {""label"": ""Literature"", ""modality"": ""PR"", ""value"": false}, {""label"": ""UniProt Ubiquitination"", ""modality"": ""PR"", ""value"": true}, {""label"": ""Database Ubiquitination"", ""modality"": ""PR"", ""value"": true}, {""label"": ""Half-life Data"", ""modality"": ""PR"", ""value"": true}, {""label"": ""Small Molecule Binder"", ""modality"": ""PR"", ""value"": true}, {""label"": ""Approved Drug"", ""modality"": ""OC"", ""value"": false}, {""label"": ""Advanced Clinical"", ""modality"": ""OC"", ""value"": false}, {""label"": ""Phase 1 Clinical"", ""modality"": ""OC"", ""value"": false}]"	Open Targets Platform	ENSG00000213281|MONDO_0018874	26.09	https://api.platform.opentargets.org/api/v4/graphql	2026-09-30T07:41:58.308760+00:00	Aggregated evidence	opentargets-v0.2.2	data\raw\opentargets\26.09\target_ENSG00000213281_tractability.json	9e32e307fbdc2f49633de8c5b584542394fb5df3e0adb7eeb09b3bc9fcb02ead
cancer_target_pair	EVID-0039	association_score	0.23120454417181016	Open Targets Platform	ENSG00000178999|MONDO_0018874	26.09	https://api.platform.opentargets.org/api/v4/graphql	2026-09-30T07:41:58.308760+00:00	Aggregated evidence	opentargets-v0.2.2	"[""data\\raw\\opentargets\\26.09\\CANCER-013_MONDO_0018874_associated_targets_page_0000.json"", ""data\\raw\\opentargets\\26.09\\CANCER-013_MONDO_0018874_associated_targets_page_0001.json"", ""data\\raw\\opentargets\\26.09\\CANCER-013_MONDO_0018874_associated_targets_page_0002.json"", ""data\\raw\\opentargets\\26.09\\CANCER-013_MONDO_0018874_associated_targets_page_0003.json"", ""data\\raw\\opentargets\\26.09\\CANCER-013_MONDO_0018874_associated_targets_page_0004.json"", ""data\\raw\\opentargets\\26.09\\CANCER-013_MONDO_0018874_associated_targets_page_0005.json"", ""data\\raw\\opentargets\\26.09\\CANCER-013_MONDO_0018874_associated_targets_page_0006.json"", ""data\\raw\\opentargets\\26.09\\CANCER-013_MONDO_0018874_associated_targets_page_0007.json"", ""data\\raw\\opentargets\\26.09\\CANCER-013_MONDO_0018874_associated_targets_page_0008.json"", ""data\\raw\\opentargets\\26.09\\CANCER-013_MONDO_0018874_associated_targets_page_0009.json"", ""data\\raw\\opentargets\\26.09\\CANCER-013_MONDO_0018874_associated_targets_page_0010.json"", ""data\\raw\\opentargets\\26.09\\CANCER-013_MONDO_0018874_associated_targets_page_0011.json"", ""data\\raw\\opentargets\\26.09\\CANCER-013_MONDO_0018874_associated_targets_page_0012.json"", ""data\\raw\\opentargets\\26.09\\CANCER-013_MONDO_0018874_associated_targets_page_0013.json"", ""data\\raw\\opentargets\\26.09\\CANCER-013_MONDO_0018874_associated_targets_page_0014.json"", ""data\\raw\\opentargets\\26.09\\CANCER-013_MONDO_0018874_associated_targets_page_0015.json"", ""data\\raw\\opentargets\\26.09\\CANCER-013_MONDO_0018874_associated_targets_page_0016.json"", ""data\\raw\\opentargets\\26.09\\CANCER-013_MONDO_0018874_associated_targets_page_0017.json"", ""data\\raw\\opentargets\\26.09\\CANCER-013_MONDO_0018874_associated_targets_page_0018.json"", ""data\\raw\\opentargets\\26.09\\CANCER-013_MONDO_0018874_associated_targets_page_0019.json"", ""data\\raw\\opentargets\\26.09\\CANCER-013_MONDO_0018874_associated_targets_page_0020.json"", ""data\\raw\\opentargets\\26.09\\CANCER-013_MONDO_0018874_associated_targets_page_0021.json"", ""data\\raw\\opentargets\\26.09\\CANCER-013_MONDO_0018874_associated_targets_page_0022.json"", ""data\\raw\\opentargets\\26.09\\CANCER-013_MONDO_0018874_associated_targets_page_0023.json"", ""data\\raw\\opentargets\\26.09\\CANCER-013_MONDO_0018874_associated_targets_page_0024.json"", ""data\\raw\\opentargets\\26.09\\CANCER-013_MONDO_0018874_associated_targets_page_0025.json""]"	1c7db56d83932da3518c168c1a1bd1f1fadef63eff02941cb5d6ebb9d587d84e
cancer_target_pair	EVID-0039	genetic_association_score	0.0	Open Targets Platform	ENSG00000178999|MONDO_0018874	26.09	https://api.platform.opentargets.org/api/v4/graphql	2026-09-30T07:41:58.308760+00:00	Aggregated evidence	opentargets-v0.2.2	"[""data\\raw\\opentargets\\26.09\\CANCER-013_MONDO_0018874_associated_targets_page_0000.json"", ""data\\raw\\opentargets\\26.09\\CANCER-013_MONDO_0018874_associated_targets_page_0001.json"", ""data\\raw\\opentargets\\26.09\\CANCER-013_MONDO_0018874_associated_targets_page_0002.json"", ""data\\raw\\opentargets\\26.09\\CANCER-013_MONDO_0018874_associated_targets_page_0003.json"", ""data\\raw\\opentargets\\26.09\\CANCER-013_MONDO_0018874_associated_targets_page_0004.json"", ""data\\raw\\opentargets\\26.09\\CANCER-013_MONDO_0018874_associated_targets_page_0005.json"", ""data\\raw\\opentargets\\26.09\\CANCER-013_MONDO_0018874_associated_targets_page_0006.json"", ""data\\raw\\opentargets\\26.09\\CANCER-013_MONDO_0018874_associated_targets_page_0007.json"", ""data\\raw\\opentargets\\26.09\\CANCER-013_MONDO_0018874_associated_targets_page_0008.json"", ""data\\raw\\opentargets\\26.09\\CANCER-013_MONDO_0018874_associated_targets_page_0009.json"", ""data\\raw\\opentargets\\26.09\\CANCER-013_MONDO_0018874_associated_targets_page_0010.json"", ""data\\raw\\opentargets\\26.09\\CANCER-013_MONDO_0018874_associated_targets_page_0011.json"", ""data\\raw\\opentargets\\26.09\\CANCER-013_MONDO_0018874_associated_targets_page_0012.json"", ""data\\raw\\opentargets\\26.09\\CANCER-013_MONDO_0018874_associated_targets_page_0013.json"", ""data\\raw\\opentargets\\26.09\\CANCER-013_MONDO_0018874_associated_targets_page_0014.json"", ""data\\raw\\opentargets\\26.09\\CANCER-013_MONDO_0018874_associated_targets_page_0015.json"", ""data\\raw\\opentargets\\26.09\\CANCER-013_MONDO_0018874_associated_targets_page_0016.json"", ""data\\raw\\opentargets\\26.09\\CANCER-013_MONDO_0018874_associated_targets_page_0017.json"", ""data\\raw\\opentargets\\26.09\\CANCER-013_MONDO_0018874_associated_targets_page_0018.json"", ""data\\raw\\opentargets\\26.09\\CANCER-013_MONDO_0018874_associated_targets_page_0019.json"", ""data\\raw\\opentargets\\26.09\\CANCER-013_MONDO_0018874_associated_targets_page_0020.json"", ""data\\raw\\opentargets\\26.09\\CANCER-013_MONDO_0018874_associated_targets_page_0021.json"", ""data\\raw\\opentargets\\26.09\\CANCER-013_MONDO_0018874_associated_targets_page_0022.json"", ""data\\raw\\opentargets\\26.09\\CANCER-013_MONDO_0018874_associated_targets_page_0023.json"", ""data\\raw\\opentargets\\26.09\\CANCER-013_MONDO_0018874_associated_targets_page_0024.json"", ""data\\raw\\opentargets\\26.09\\CANCER-013_MONDO_0018874_associated_targets_page_0025.json""]"	1c7db56d83932da3518c168c1a1bd1f1fadef63eff02941cb5d6ebb9d587d84e
cancer_target_pair	EVID-0039	somatic_mutation_score		Open Targets Platform	ENSG00000178999|MONDO_0018874	26.09	https://api.platform.opentargets.org/api/v4/graphql	2026-09-30T07:41:58.308760+00:00	Aggregated evidence	opentargets-v0.2.2	"[""data\\raw\\opentargets\\26.09\\CANCER-013_MONDO_0018874_associated_targets_page_0000.json"", ""data\\raw\\opentargets\\26.09\\CANCER-013_MONDO_0018874_associated_targets_page_0001.json"", ""data\\raw\\opentargets\\26.09\\CANCER-013_MONDO_0018874_associated_targets_page_0002.json"", ""data\\raw\\opentargets\\26.09\\CANCER-013_MONDO_0018874_associated_targets_page_0003.json"", ""data\\raw\\opentargets\\26.09\\CANCER-013_MONDO_0018874_associated_targets_page_0004.json"", ""data\\raw\\opentargets\\26.09\\CANCER-013_MONDO_0018874_associated_targets_page_0005.json"", ""data\\raw\\opentargets\\26.09\\CANCER-013_MONDO_0018874_associated_targets_page_0006.json"", ""data\\raw\\opentargets\\26.09\\CANCER-013_MONDO_0018874_associated_targets_page_0007.json"", ""data\\raw\\opentargets\\26.09\\CANCER-013_MONDO_0018874_associated_targets_page_0008.json"", ""data\\raw\\opentargets\\26.09\\CANCER-013_MONDO_0018874_associated_targets_page_0009.json"", ""data\\raw\\opentargets\\26.09\\CANCER-013_MONDO_0018874_associated_targets_page_0010.json"", ""data\\raw\\opentargets\\26.09\\CANCER-013_MONDO_0018874_associated_targets_page_0011.json"", ""data\\raw\\opentargets\\26.09\\CANCER-013_MONDO_0018874_associated_targets_page_0012.json"", ""data\\raw\\opentargets\\26.09\\CANCER-013_MONDO_0018874_associated_targets_page_0013.json"", ""data\\raw\\opentargets\\26.09\\CANCER-013_MONDO_0018874_associated_targets_page_0014.json"", ""data\\raw\\opentargets\\26.09\\CANCER-013_MONDO_0018874_associated_targets_page_0015.json"", ""data\\raw\\opentargets\\26.09\\CANCER-013_MONDO_0018874_associated_targets_page_0016.json"", ""data\\raw\\opentargets\\26.09\\CANCER-013_MONDO_0018874_associated_targets_page_0017.json"", ""data\\raw\\opentargets\\26.09\\CANCER-013_MONDO_0018874_associated_targets_page_0018.json"", ""data\\raw\\opentargets\\26.09\\CANCER-013_MONDO_0018874_associated_targets_page_0019.json"", ""data\\raw\\opentargets\\26.09\\CANCER-013_MONDO_0018874_associated_targets_page_0020.json"", ""data\\raw\\opentargets\\26.09\\CANCER-013_MONDO_0018874_associated_targets_page_0021.json"", ""data\\raw\\opentargets\\26.09\\CANCER-013_MONDO_0018874_associated_targets_page_0022.json"", ""data\\raw\\opentargets\\26.09\\CANCER-013_MONDO_0018874_associated_targets_page_0023.json"", ""data\\raw\\opentargets\\26.09\\CANCER-013_MONDO_0018874_associated_targets_page_0024.json"", ""data\\raw\\opentargets\\26.09\\CANCER-013_MONDO_0018874_associated_targets_page_0025.json""]"	1c7db56d83932da3518c168c1a1bd1f1fadef63eff02941cb5d6ebb9d587d84e
cancer_target_pair	EVID-0039	known_drug_score		Open Targets Platform	ENSG00000178999|MONDO_0018874	26.09	https://api.platform.opentargets.org/api/v4/graphql	2026-09-30T07:41:58.308760+00:00	Aggregated evidence	opentargets-v0.2.2	"[""data\\raw\\opentargets\\26.09\\CANCER-013_MONDO_0018874_associated_targets_page_0000.json"", ""data\\raw\\opentargets\\26.09\\CANCER-013_MONDO_0018874_associated_targets_page_0001.json"", ""data\\raw\\opentargets\\26.09\\CANCER-013_MONDO_0018874_associated_targets_page_0002.json"", ""data\\raw\\opentargets\\26.09\\CANCER-013_MONDO_0018874_associated_targets_page_0003.json"", ""data\\raw\\opentargets\\26.09\\CANCER-013_MONDO_0018874_associated_targets_page_0004.json"", ""data\\raw\\opentargets\\26.09\\CANCER-013_MONDO_0018874_associated_targets_page_0005.json"", ""data\\raw\\opentargets\\26.09\\CANCER-013_MONDO_0018874_associated_targets_page_0006.json"", ""data\\raw\\opentargets\\26.09\\CANCER-013_MONDO_0018874_associated_targets_page_0007.json"", ""data\\raw\\opentargets\\26.09\\CANCER-013_MONDO_0018874_associated_targets_page_0008.json"", ""data\\raw\\opentargets\\26.09\\CANCER-013_MONDO_0018874_associated_targets_page_0009.json"", ""data\\raw\\opentargets\\26.09\\CANCER-013_MONDO_0018874_associated_targets_page_0010.json"", ""data\\raw\\opentargets\\26.09\\CANCER-013_MONDO_0018874_associated_targets_page_0011.json"", ""data\\raw\\opentargets\\26.09\\CANCER-013_MONDO_0018874_associated_targets_page_0012.json"", ""data\\raw\\opentargets\\26.09\\CANCER-013_MONDO_0018874_associated_targets_page_0013.json"", ""data\\raw\\opentargets\\26.09\\CANCER-013_MONDO_0018874_associated_targets_page_0014.json"", ""data\\raw\\opentargets\\26.09\\CANCER-013_MONDO_0018874_associated_targets_page_0015.json"", ""data\\raw\\opentargets\\26.09\\CANCER-013_MONDO_0018874_associated_targets_page_0016.json"", ""data\\raw\\opentargets\\26.09\\CANCER-013_MONDO_0018874_associated_targets_page_0017.json"", ""data\\raw\\opentargets\\26.09\\CANCER-013_MONDO_0018874_associated_targets_page_0018.json"", ""data\\raw\\opentargets\\26.09\\CANCER-013_MONDO_0018874_associated_targets_page_0019.json"", ""data\\raw\\opentargets\\26.09\\CANCER-013_MONDO_0018874_associated_targets_page_0020.json"", ""data\\raw\\opentargets\\26.09\\CANCER-013_MONDO_0018874_associated_targets_page_0021.json"", ""data\\raw\\opentargets\\26.09\\CANCER-013_MONDO_0018874_associated_targets_page_0022.json"", ""data\\raw\\opentargets\\26.09\\CANCER-013_MONDO_0018874_associated_targets_page_0023.json"", ""data\\raw\\opentargets\\26.09\\CANCER-013_MONDO_0018874_associated_targets_page_0024.json"", ""data\\raw\\opentargets\\26.09\\CANCER-013_MONDO_0018874_associated_targets_page_0025.json""]"	1c7db56d83932da3518c168c1a1bd1f1fadef63eff02941cb5d6ebb9d587d84e
cancer_target_pair	EVID-0039	literature_score	0.7262101699927018	Open Targets Platform	ENSG00000178999|MONDO_0018874	26.09	https://api.platform.opentargets.org/api/v4/graphql	2026-09-30T07:41:58.308760+00:00	Aggregated evidence	opentargets-v0.2.2	"[""data\\raw\\opentargets\\26.09\\CANCER-013_MONDO_0018874_associated_targets_page_0000.json"", ""data\\raw\\opentargets\\26.09\\CANCER-013_MONDO_0018874_associated_targets_page_0001.json"", ""data\\raw\\opentargets\\26.09\\CANCER-013_MONDO_0018874_associated_targets_page_0002.json"", ""data\\raw\\opentargets\\26.09\\CANCER-013_MONDO_0018874_associated_targets_page_0003.json"", ""data\\raw\\opentargets\\26.09\\CANCER-013_MONDO_0018874_associated_targets_page_0004.json"", ""data\\raw\\opentargets\\26.09\\CANCER-013_MONDO_0018874_associated_targets_page_0005.json"", ""data\\raw\\opentargets\\26.09\\CANCER-013_MONDO_0018874_associated_targets_page_0006.json"", ""data\\raw\\opentargets\\26.09\\CANCER-013_MONDO_0018874_associated_targets_page_0007.json"", ""data\\raw\\opentargets\\26.09\\CANCER-013_MONDO_0018874_associated_targets_page_0008.json"", ""data\\raw\\opentargets\\26.09\\CANCER-013_MONDO_0018874_associated_targets_page_0009.json"", ""data\\raw\\opentargets\\26.09\\CANCER-013_MONDO_0018874_associated_targets_page_0010.json"", ""data\\raw\\opentargets\\26.09\\CANCER-013_MONDO_0018874_associated_targets_page_0011.json"", ""data\\raw\\opentargets\\26.09\\CANCER-013_MONDO_0018874_associated_targets_page_0012.json"", ""data\\raw\\opentargets\\26.09\\CANCER-013_MONDO_0018874_associated_targets_page_0013.json"", ""data\\raw\\opentargets\\26.09\\CANCER-013_MONDO_0018874_associated_targets_page_0014.json"", ""data\\raw\\opentargets\\26.09\\CANCER-013_MONDO_0018874_associated_targets_page_0015.json"", ""data\\raw\\opentargets\\26.09\\CANCER-013_MONDO_0018874_associated_targets_page_0016.json"", ""data\\raw\\opentargets\\26.09\\CANCER-013_MONDO_0018874_associated_targets_page_0017.json"", ""data\\raw\\opentargets\\26.09\\CANCER-013_MONDO_0018874_associated_targets_page_0018.json"", ""data\\raw\\opentargets\\26.09\\CANCER-013_MONDO_0018874_associated_targets_page_0019.json"", ""data\\raw\\opentargets\\26.09\\CANCER-013_MONDO_0018874_associated_targets_page_0020.json"", ""data\\raw\\opentargets\\26.09\\CANCER-013_MONDO_0018874_associated_targets_page_0021.json"", ""data\\raw\\opentargets\\26.09\\CANCER-013_MONDO_0018874_associated_targets_page_0022.json"", ""data\\raw\\opentargets\\26.09\\CANCER-013_MONDO_0018874_associated_targets_page_0023.json"", ""data\\raw\\opentargets\\26.09\\CANCER-013_MONDO_0018874_associated_targets_page_0024.json"", ""data\\raw\\opentargets\\26.09\\CANCER-013_MONDO_0018874_associated_targets_page_0025.json""]"	1c7db56d83932da3518c168c1a1bd1f1fadef63eff02941cb5d6ebb9d587d84e
cancer_target_pair	EVID-0039	tractability_json	"[{""label"": ""Approved Drug"", ""modality"": ""SM"", ""value"": false}, {""label"": ""Advanced Clinical"", ""modality"": ""SM"", ""value"": true}, {""label"": ""Phase 1 Clinical"", ""modality"": ""SM"", ""value"": false}, {""label"": ""Structure with Ligand"", ""modality"": ""SM"", ""value"": true}, {""label"": ""High-Quality Ligand"", ""modality"": ""SM"", ""value"": true}, {""label"": ""High-Quality Pocket"", ""modality"": ""SM"", ""value"": false}, {""label"": ""Med-Quality Pocket"", ""modality"": ""SM"", ""value"": false}, {""label"": ""Druggable Family"", ""modality"": ""SM"", ""value"": true}, {""label"": ""Approved Drug"", ""modality"": ""AB"", ""value"": false}, {""label"": ""Advanced Clinical"", ""modality"": ""AB"", ""value"": false}, {""label"": ""Phase 1 Clinical"", ""modality"": ""AB"", ""value"": false}, {""label"": ""UniProt loc high conf"", ""modality"": ""AB"", ""value"": false}, {""label"": ""GO CC high conf"", ""modality"": ""AB"", ""value"": false}, {""label"": ""UniProt loc med conf"", ""modality"": ""AB"", ""value"": false}, {""label"": ""UniProt SigP or TMHMM"", ""modality"": ""AB"", ""value"": false}, {""label"": ""GO CC med conf"", ""modality"": ""AB"", ""value"": false}, {""label"": ""Human Protein Atlas loc"", ""modality"": ""AB"", ""value"": false}, {""label"": ""Approved Drug"", ""modality"": ""PR"", ""value"": false}, {""label"": ""Advanced Clinical"", ""modality"": ""PR"", ""value"": false}, {""label"": ""Phase 1 Clinical"", ""modality"": ""PR"", ""value"": false}, {""label"": ""Literature"", ""modality"": ""PR"", ""value"": true}, {""label"": ""UniProt Ubiquitination"", ""modality"": ""PR"", ""value"": true}, {""label"": ""Database Ubiquitination"", ""modality"": ""PR"", ""value"": true}, {""label"": ""Half-life Data"", ""modality"": ""PR"", ""value"": false}, {""label"": ""Small Molecule Binder"", ""modality"": ""PR"", ""value"": true}, {""label"": ""Approved Drug"", ""modality"": ""OC"", ""value"": false}, {""label"": ""Advanced Clinical"", ""modality"": ""OC"", ""value"": false}, {""label"": ""Phase 1 Clinical"", ""modality"": ""OC"", ""value"": false}]"	Open Targets Platform	ENSG00000178999|MONDO_0018874	26.09	https://api.platform.opentargets.org/api/v4/graphql	2026-09-30T07:41:58.308760+00:00	Aggregated evidence	opentargets-v0.2.2	data\raw\opentargets\26.09\target_ENSG00000178999_tractability.json	1c7db56d83932da3518c168c1a1bd1f1fadef63eff02941cb5d6ebb9d587d84e
cancer_target_pair	EVID-0040	association_score	0.5964695887346021	Open Targets Platform	ENSG00000167601|MONDO_0018874	26.09	https://api.platform.opentargets.org/api/v4/graphql	2026-09-30T07:41:58.308760+00:00	Aggregated evidence	opentargets-v0.2.2	"[""data\\raw\\opentargets\\26.09\\CANCER-013_MONDO_0018874_associated_targets_page_0000.json"", ""data\\raw\\opentargets\\26.09\\CANCER-013_MONDO_0018874_associated_targets_page_0001.json"", ""data\\raw\\opentargets\\26.09\\CANCER-013_MONDO_0018874_associated_targets_page_0002.json"", ""data\\raw\\opentargets\\26.09\\CANCER-013_MONDO_0018874_associated_targets_page_0003.json"", ""data\\raw\\opentargets\\26.09\\CANCER-013_MONDO_0018874_associated_targets_page_0004.json"", ""data\\raw\\opentargets\\26.09\\CANCER-013_MONDO_0018874_associated_targets_page_0005.json"", ""data\\raw\\opentargets\\26.09\\CANCER-013_MONDO_0018874_associated_targets_page_0006.json"", ""data\\raw\\opentargets\\26.09\\CANCER-013_MONDO_0018874_associated_targets_page_0007.json"", ""data\\raw\\opentargets\\26.09\\CANCER-013_MONDO_0018874_associated_targets_page_0008.json"", ""data\\raw\\opentargets\\26.09\\CANCER-013_MONDO_0018874_associated_targets_page_0009.json"", ""data\\raw\\opentargets\\26.09\\CANCER-013_MONDO_0018874_associated_targets_page_0010.json"", ""data\\raw\\opentargets\\26.09\\CANCER-013_MONDO_0018874_associated_targets_page_0011.json"", ""data\\raw\\opentargets\\26.09\\CANCER-013_MONDO_0018874_associated_targets_page_0012.json"", ""data\\raw\\opentargets\\26.09\\CANCER-013_MONDO_0018874_associated_targets_page_0013.json"", ""data\\raw\\opentargets\\26.09\\CANCER-013_MONDO_0018874_associated_targets_page_0014.json"", ""data\\raw\\opentargets\\26.09\\CANCER-013_MONDO_0018874_associated_targets_page_0015.json"", ""data\\raw\\opentargets\\26.09\\CANCER-013_MONDO_0018874_associated_targets_page_0016.json"", ""data\\raw\\opentargets\\26.09\\CANCER-013_MONDO_0018874_associated_targets_page_0017.json"", ""data\\raw\\opentargets\\26.09\\CANCER-013_MONDO_0018874_associated_targets_page_0018.json"", ""data\\raw\\opentargets\\26.09\\CANCER-013_MONDO_0018874_associated_targets_page_0019.json"", ""data\\raw\\opentargets\\26.09\\CANCER-013_MONDO_0018874_associated_targets_page_0020.json"", ""data\\raw\\opentargets\\26.09\\CANCER-013_MONDO_0018874_associated_targets_page_0021.json"", ""data\\raw\\opentargets\\26.09\\CANCER-013_MONDO_0018874_associated_targets_page_0022.json"", ""data\\raw\\opentargets\\26.09\\CANCER-013_MONDO_0018874_associated_targets_page_0023.json"", ""data\\raw\\opentargets\\26.09\\CANCER-013_MONDO_0018874_associated_targets_page_0024.json"", ""data\\raw\\opentargets\\26.09\\CANCER-013_MONDO_0018874_associated_targets_page_0025.json""]"	8e79f6d768c2ab2e5abf74d370ee986d6fd7242f9870ccb274e90961bc11ed19
cancer_target_pair	EVID-0040	genetic_association_score		Open Targets Platform	ENSG00000167601|MONDO_0018874	26.09	https://api.platform.opentargets.org/api/v4/graphql	2026-09-30T07:41:58.308760+00:00	Aggregated evidence	opentargets-v0.2.2	"[""data\\raw\\opentargets\\26.09\\CANCER-013_MONDO_0018874_associated_targets_page_0000.json"", ""data\\raw\\opentargets\\26.09\\CANCER-013_MONDO_0018874_associated_targets_page_0001.json"", ""data\\raw\\opentargets\\26.09\\CANCER-013_MONDO_0018874_associated_targets_page_0002.json"", ""data\\raw\\opentargets\\26.09\\CANCER-013_MONDO_0018874_associated_targets_page_0003.json"", ""data\\raw\\opentargets\\26.09\\CANCER-013_MONDO_0018874_associated_targets_page_0004.json"", ""data\\raw\\opentargets\\26.09\\CANCER-013_MONDO_0018874_associated_targets_page_0005.json"", ""data\\raw\\opentargets\\26.09\\CANCER-013_MONDO_0018874_associated_targets_page_0006.json"", ""data\\raw\\opentargets\\26.09\\CANCER-013_MONDO_0018874_associated_targets_page_0007.json"", ""data\\raw\\opentargets\\26.09\\CANCER-013_MONDO_0018874_associated_targets_page_0008.json"", ""data\\raw\\opentargets\\26.09\\CANCER-013_MONDO_0018874_associated_targets_page_0009.json"", ""data\\raw\\opentargets\\26.09\\CANCER-013_MONDO_0018874_associated_targets_page_0010.json"", ""data\\raw\\opentargets\\26.09\\CANCER-013_MONDO_0018874_associated_targets_page_0011.json"", ""data\\raw\\opentargets\\26.09\\CANCER-013_MONDO_0018874_associated_targets_page_0012.json"", ""data\\raw\\opentargets\\26.09\\CANCER-013_MONDO_0018874_associated_targets_page_0013.json"", ""data\\raw\\opentargets\\26.09\\CANCER-013_MONDO_0018874_associated_targets_page_0014.json"", ""data\\raw\\opentargets\\26.09\\CANCER-013_MONDO_0018874_associated_targets_page_0015.json"", ""data\\raw\\opentargets\\26.09\\CANCER-013_MONDO_0018874_associated_targets_page_0016.json"", ""data\\raw\\opentargets\\26.09\\CANCER-013_MONDO_0018874_associated_targets_page_0017.json"", ""data\\raw\\opentargets\\26.09\\CANCER-013_MONDO_0018874_associated_targets_page_0018.json"", ""data\\raw\\opentargets\\26.09\\CANCER-013_MONDO_0018874_associated_targets_page_0019.json"", ""data\\raw\\opentargets\\26.09\\CANCER-013_MONDO_0018874_associated_targets_page_0020.json"", ""data\\raw\\opentargets\\26.09\\CANCER-013_MONDO_0018874_associated_targets_page_0021.json"", ""data\\raw\\opentargets\\26.09\\CANCER-013_MONDO_0018874_associated_targets_page_0022.json"", ""data\\raw\\opentargets\\26.09\\CANCER-013_MONDO_0018874_associated_targets_page_0023.json"", ""data\\raw\\opentargets\\26.09\\CANCER-013_MONDO_0018874_associated_targets_page_0024.json"", ""data\\raw\\opentargets\\26.09\\CANCER-013_MONDO_0018874_associated_targets_page_0025.json""]"	8e79f6d768c2ab2e5abf74d370ee986d6fd7242f9870ccb274e90961bc11ed19
cancer_target_pair	EVID-0040	somatic_mutation_score		Open Targets Platform	ENSG00000167601|MONDO_0018874	26.09	https://api.platform.opentargets.org/api/v4/graphql	2026-09-30T07:41:58.308760+00:00	Aggregated evidence	opentargets-v0.2.2	"[""data\\raw\\opentargets\\26.09\\CANCER-013_MONDO_0018874_associated_targets_page_0000.json"", ""data\\raw\\opentargets\\26.09\\CANCER-013_MONDO_0018874_associated_targets_page_0001.json"", ""data\\raw\\opentargets\\26.09\\CANCER-013_MONDO_0018874_associated_targets_page_0002.json"", ""data\\raw\\opentargets\\26.09\\CANCER-013_MONDO_0018874_associated_targets_page_0003.json"", ""data\\raw\\opentargets\\26.09\\CANCER-013_MONDO_0018874_associated_targets_page_0004.json"", ""data\\raw\\opentargets\\26.09\\CANCER-013_MONDO_0018874_associated_targets_page_0005.json"", ""data\\raw\\opentargets\\26.09\\CANCER-013_MONDO_0018874_associated_targets_page_0006.json"", ""data\\raw\\opentargets\\26.09\\CANCER-013_MONDO_0018874_associated_targets_page_0007.json"", ""data\\raw\\opentargets\\26.09\\CANCER-013_MONDO_0018874_associated_targets_page_0008.json"", ""data\\raw\\opentargets\\26.09\\CANCER-013_MONDO_0018874_associated_targets_page_0009.json"", ""data\\raw\\opentargets\\26.09\\CANCER-013_MONDO_0018874_associated_targets_page_0010.json"", ""data\\raw\\opentargets\\26.09\\CANCER-013_MONDO_0018874_associated_targets_page_0011.json"", ""data\\raw\\opentargets\\26.09\\CANCER-013_MONDO_0018874_associated_targets_page_0012.json"", ""data\\raw\\opentargets\\26.09\\CANCER-013_MONDO_0018874_associated_targets_page_0013.json"", ""data\\raw\\opentargets\\26.09\\CANCER-013_MONDO_0018874_associated_targets_page_0014.json"", ""data\\raw\\opentargets\\26.09\\CANCER-013_MONDO_0018874_associated_targets_page_0015.json"", ""data\\raw\\opentargets\\26.09\\CANCER-013_MONDO_0018874_associated_targets_page_0016.json"", ""data\\raw\\opentargets\\26.09\\CANCER-013_MONDO_0018874_associated_targets_page_0017.json"", ""data\\raw\\opentargets\\26.09\\CANCER-013_MONDO_0018874_associated_targets_page_0018.json"", ""data\\raw\\opentargets\\26.09\\CANCER-013_MONDO_0018874_associated_targets_page_0019.json"", ""data\\raw\\opentargets\\26.09\\CANCER-013_MONDO_0018874_associated_targets_page_0020.json"", ""data\\raw\\opentargets\\26.09\\CANCER-013_MONDO_0018874_associated_targets_page_0021.json"", ""data\\raw\\opentargets\\26.09\\CANCER-013_MONDO_0018874_associated_targets_page_0022.json"", ""data\\raw\\opentargets\\26.09\\CANCER-013_MONDO_0018874_associated_targets_page_0023.json"", ""data\\raw\\opentargets\\26.09\\CANCER-013_MONDO_0018874_associated_targets_page_0024.json"", ""data\\raw\\opentargets\\26.09\\CANCER-013_MONDO_0018874_associated_targets_page_0025.json""]"	8e79f6d768c2ab2e5abf74d370ee986d6fd7242f9870ccb274e90961bc11ed19
cancer_target_pair	EVID-0040	known_drug_score		Open Targets Platform	ENSG00000167601|MONDO_0018874	26.09	https://api.platform.opentargets.org/api/v4/graphql	2026-09-30T07:41:58.308760+00:00	Aggregated evidence	opentargets-v0.2.2	"[""data\\raw\\opentargets\\26.09\\CANCER-013_MONDO_0018874_associated_targets_page_0000.json"", ""data\\raw\\opentargets\\26.09\\CANCER-013_MONDO_0018874_associated_targets_page_0001.json"", ""data\\raw\\opentargets\\26.09\\CANCER-013_MONDO_0018874_associated_targets_page_0002.json"", ""data\\raw\\opentargets\\26.09\\CANCER-013_MONDO_0018874_associated_targets_page_0003.json"", ""data\\raw\\opentargets\\26.09\\CANCER-013_MONDO_0018874_associated_targets_page_0004.json"", ""data\\raw\\opentargets\\26.09\\CANCER-013_MONDO_0018874_associated_targets_page_0005.json"", ""data\\raw\\opentargets\\26.09\\CANCER-013_MONDO_0018874_associated_targets_page_0006.json"", ""data\\raw\\opentargets\\26.09\\CANCER-013_MONDO_0018874_associated_targets_page_0007.json"", ""data\\raw\\opentargets\\26.09\\CANCER-013_MONDO_0018874_associated_targets_page_0008.json"", ""data\\raw\\opentargets\\26.09\\CANCER-013_MONDO_0018874_associated_targets_page_0009.json"", ""data\\raw\\opentargets\\26.09\\CANCER-013_MONDO_0018874_associated_targets_page_0010.json"", ""data\\raw\\opentargets\\26.09\\CANCER-013_MONDO_0018874_associated_targets_page_0011.json"", ""data\\raw\\opentargets\\26.09\\CANCER-013_MONDO_0018874_associated_targets_page_0012.json"", ""data\\raw\\opentargets\\26.09\\CANCER-013_MONDO_0018874_associated_targets_page_0013.json"", ""data\\raw\\opentargets\\26.09\\CANCER-013_MONDO_0018874_associated_targets_page_0014.json"", ""data\\raw\\opentargets\\26.09\\CANCER-013_MONDO_0018874_associated_targets_page_0015.json"", ""data\\raw\\opentargets\\26.09\\CANCER-013_MONDO_0018874_associated_targets_page_0016.json"", ""data\\raw\\opentargets\\26.09\\CANCER-013_MONDO_0018874_associated_targets_page_0017.json"", ""data\\raw\\opentargets\\26.09\\CANCER-013_MONDO_0018874_associated_targets_page_0018.json"", ""data\\raw\\opentargets\\26.09\\CANCER-013_MONDO_0018874_associated_targets_page_0019.json"", ""data\\raw\\opentargets\\26.09\\CANCER-013_MONDO_0018874_associated_targets_page_0020.json"", ""data\\raw\\opentargets\\26.09\\CANCER-013_MONDO_0018874_associated_targets_page_0021.json"", ""data\\raw\\opentargets\\26.09\\CANCER-013_MONDO_0018874_associated_targets_page_0022.json"", ""data\\raw\\opentargets\\26.09\\CANCER-013_MONDO_0018874_associated_targets_page_0023.json"", ""data\\raw\\opentargets\\26.09\\CANCER-013_MONDO_0018874_associated_targets_page_0024.json"", ""data\\raw\\opentargets\\26.09\\CANCER-013_MONDO_0018874_associated_targets_page_0025.json""]"	8e79f6d768c2ab2e5abf74d370ee986d6fd7242f9870ccb274e90961bc11ed19
cancer_target_pair	EVID-0040	literature_score	0.9533637386499598	Open Targets Platform	ENSG00000167601|MONDO_0018874	26.09	https://api.platform.opentargets.org/api/v4/graphql	2026-09-30T07:41:58.308760+00:00	Aggregated evidence	opentargets-v0.2.2	"[""data\\raw\\opentargets\\26.09\\CANCER-013_MONDO_0018874_associated_targets_page_0000.json"", ""data\\raw\\opentargets\\26.09\\CANCER-013_MONDO_0018874_associated_targets_page_0001.json"", ""data\\raw\\opentargets\\26.09\\CANCER-013_MONDO_0018874_associated_targets_page_0002.json"", ""data\\raw\\opentargets\\26.09\\CANCER-013_MONDO_0018874_associated_targets_page_0003.json"", ""data\\raw\\opentargets\\26.09\\CANCER-013_MONDO_0018874_associated_targets_page_0004.json"", ""data\\raw\\opentargets\\26.09\\CANCER-013_MONDO_0018874_associated_targets_page_0005.json"", ""data\\raw\\opentargets\\26.09\\CANCER-013_MONDO_0018874_associated_targets_page_0006.json"", ""data\\raw\\opentargets\\26.09\\CANCER-013_MONDO_0018874_associated_targets_page_0007.json"", ""data\\raw\\opentargets\\26.09\\CANCER-013_MONDO_0018874_associated_targets_page_0008.json"", ""data\\raw\\opentargets\\26.09\\CANCER-013_MONDO_0018874_associated_targets_page_0009.json"", ""data\\raw\\opentargets\\26.09\\CANCER-013_MONDO_0018874_associated_targets_page_0010.json"", ""data\\raw\\opentargets\\26.09\\CANCER-013_MONDO_0018874_associated_targets_page_0011.json"", ""data\\raw\\opentargets\\26.09\\CANCER-013_MONDO_0018874_associated_targets_page_0012.json"", ""data\\raw\\opentargets\\26.09\\CANCER-013_MONDO_0018874_associated_targets_page_0013.json"", ""data\\raw\\opentargets\\26.09\\CANCER-013_MONDO_0018874_associated_targets_page_0014.json"", ""data\\raw\\opentargets\\26.09\\CANCER-013_MONDO_0018874_associated_targets_page_0015.json"", ""data\\raw\\opentargets\\26.09\\CANCER-013_MONDO_0018874_associated_targets_page_0016.json"", ""data\\raw\\opentargets\\26.09\\CANCER-013_MONDO_0018874_associated_targets_page_0017.json"", ""data\\raw\\opentargets\\26.09\\CANCER-013_MONDO_0018874_associated_targets_page_0018.json"", ""data\\raw\\opentargets\\26.09\\CANCER-013_MONDO_0018874_associated_targets_page_0019.json"", ""data\\raw\\opentargets\\26.09\\CANCER-013_MONDO_0018874_associated_targets_page_0020.json"", ""data\\raw\\opentargets\\26.09\\CANCER-013_MONDO_0018874_associated_targets_page_0021.json"", ""data\\raw\\opentargets\\26.09\\CANCER-013_MONDO_0018874_associated_targets_page_0022.json"", ""data\\raw\\opentargets\\26.09\\CANCER-013_MONDO_0018874_associated_targets_page_0023.json"", ""data\\raw\\opentargets\\26.09\\CANCER-013_MONDO_0018874_associated_targets_page_0024.json"", ""data\\raw\\opentargets\\26.09\\CANCER-013_MONDO_0018874_associated_targets_page_0025.json""]"	8e79f6d768c2ab2e5abf74d370ee986d6fd7242f9870ccb274e90961bc11ed19
cancer_target_pair	EVID-0040	tractability_json	"[{""label"": ""Approved Drug"", ""modality"": ""SM"", ""value"": true}, {""label"": ""Advanced Clinical"", ""modality"": ""SM"", ""value"": false}, {""label"": ""Phase 1 Clinical"", ""modality"": ""SM"", ""value"": false}, {""label"": ""Structure with Ligand"", ""modality"": ""SM"", ""value"": true}, {""label"": ""High-Quality Ligand"", ""modality"": ""SM"", ""value"": true}, {""label"": ""High-Quality Pocket"", ""modality"": ""SM"", ""value"": false}, {""label"": ""Med-Quality Pocket"", ""modality"": ""SM"", ""value"": false}, {""label"": ""Druggable Family"", ""modality"": ""SM"", ""value"": true}, {""label"": ""Approved Drug"", ""modality"": ""AB"", ""value"": false}, {""label"": ""Advanced Clinical"", ""modality"": ""AB"", ""value"": false}, {""label"": ""Phase 1 Clinical"", ""modality"": ""AB"", ""value"": false}, {""label"": ""UniProt loc high conf"", ""modality"": ""AB"", ""value"": true}, {""label"": ""GO CC high conf"", ""modality"": ""AB"", ""value"": true}, {""label"": ""UniProt loc med conf"", ""modality"": ""AB"", ""value"": false}, {""label"": ""UniProt SigP or TMHMM"", ""modality"": ""AB"", ""value"": true}, {""label"": ""GO CC med conf"", ""modality"": ""AB"", ""value"": false}, {""label"": ""Human Protein Atlas loc"", ""modality"": ""AB"", ""value"": true}, {""label"": ""Approved Drug"", ""modality"": ""PR"", ""value"": false}, {""label"": ""Advanced Clinical"", ""modality"": ""PR"", ""value"": false}, {""label"": ""Phase 1 Clinical"", ""modality"": ""PR"", ""value"": false}, {""label"": ""Literature"", ""modality"": ""PR"", ""value"": false}, {""label"": ""UniProt Ubiquitination"", ""modality"": ""PR"", ""value"": true}, {""label"": ""Database Ubiquitination"", ""modality"": ""PR"", ""value"": true}, {""label"": ""Half-life Data"", ""modality"": ""PR"", ""value"": false}, {""label"": ""Small Molecule Binder"", ""modality"": ""PR"", ""value"": true}, {""label"": ""Approved Drug"", ""modality"": ""OC"", ""value"": false}, {""label"": ""Advanced Clinical"", ""modality"": ""OC"", ""value"": true}, {""label"": ""Phase 1 Clinical"", ""modality"": ""OC"", ""value"": false}]"	Open Targets Platform	ENSG00000167601|MONDO_0018874	26.09	https://api.platform.opentargets.org/api/v4/graphql	2026-09-30T07:41:58.308760+00:00	Aggregated evidence	opentargets-v0.2.2	data\raw\opentargets\26.09\target_ENSG00000167601_tractability.json	8e79f6d768c2ab2e5abf74d370ee986d6fd7242f9870ccb274e90961bc11ed19
cancer_target_pair	EVID-0041	association_score	0.5140055068569326	Open Targets Platform	ENSG00000171791|MONDO_0018874	26.09	https://api.platform.opentargets.org/api/v4/graphql	2026-09-30T07:41:58.308760+00:00	Aggregated evidence	opentargets-v0.2.2	"[""data\\raw\\opentargets\\26.09\\CANCER-013_MONDO_0018874_associated_targets_page_0000.json"", ""data\\raw\\opentargets\\26.09\\CANCER-013_MONDO_0018874_associated_targets_page_0001.json"", ""data\\raw\\opentargets\\26.09\\CANCER-013_MONDO_0018874_associated_targets_page_0002.json"", ""data\\raw\\opentargets\\26.09\\CANCER-013_MONDO_0018874_associated_targets_page_0003.json"", ""data\\raw\\opentargets\\26.09\\CANCER-013_MONDO_0018874_associated_targets_page_0004.json"", ""data\\raw\\opentargets\\26.09\\CANCER-013_MONDO_0018874_associated_targets_page_0005.json"", ""data\\raw\\opentargets\\26.09\\CANCER-013_MONDO_0018874_associated_targets_page_0006.json"", ""data\\raw\\opentargets\\26.09\\CANCER-013_MONDO_0018874_associated_targets_page_0007.json"", ""data\\raw\\opentargets\\26.09\\CANCER-013_MONDO_0018874_associated_targets_page_0008.json"", ""data\\raw\\opentargets\\26.09\\CANCER-013_MONDO_0018874_associated_targets_page_0009.json"", ""data\\raw\\opentargets\\26.09\\CANCER-013_MONDO_0018874_associated_targets_page_0010.json"", ""data\\raw\\opentargets\\26.09\\CANCER-013_MONDO_0018874_associated_targets_page_0011.json"", ""data\\raw\\opentargets\\26.09\\CANCER-013_MONDO_0018874_associated_targets_page_0012.json"", ""data\\raw\\opentargets\\26.09\\CANCER-013_MONDO_0018874_associated_targets_page_0013.json"", ""data\\raw\\opentargets\\26.09\\CANCER-013_MONDO_0018874_associated_targets_page_0014.json"", ""data\\raw\\opentargets\\26.09\\CANCER-013_MONDO_0018874_associated_targets_page_0015.json"", ""data\\raw\\opentargets\\26.09\\CANCER-013_MONDO_0018874_associated_targets_page_0016.json"", ""data\\raw\\opentargets\\26.09\\CANCER-013_MONDO_0018874_associated_targets_page_0017.json"", ""data\\raw\\opentargets\\26.09\\CANCER-013_MONDO_0018874_associated_targets_page_0018.json"", ""data\\raw\\opentargets\\26.09\\CANCER-013_MONDO_0018874_associated_targets_page_0019.json"", ""data\\raw\\opentargets\\26.09\\CANCER-013_MONDO_0018874_associated_targets_page_0020.json"", ""data\\raw\\opentargets\\26.09\\CANCER-013_MONDO_0018874_associated_targets_page_0021.json"", ""data\\raw\\opentargets\\26.09\\CANCER-013_MONDO_0018874_associated_targets_page_0022.json"", ""data\\raw\\opentargets\\26.09\\CANCER-013_MONDO_0018874_associated_targets_page_0023.json"", ""data\\raw\\opentargets\\26.09\\CANCER-013_MONDO_0018874_associated_targets_page_0024.json"", ""data\\raw\\opentargets\\26.09\\CANCER-013_MONDO_0018874_associated_targets_page_0025.json""]"	57f05ef26c8422c936d578af1c6b50df1be62aaef5df7739fa3dfd85418b00e6
cancer_target_pair	EVID-0041	genetic_association_score	0.0	Open Targets Platform	ENSG00000171791|MONDO_0018874	26.09	https://api.platform.opentargets.org/api/v4/graphql	2026-09-30T07:41:58.308760+00:00	Aggregated evidence	opentargets-v0.2.2	"[""data\\raw\\opentargets\\26.09\\CANCER-013_MONDO_0018874_associated_targets_page_0000.json"", ""data\\raw\\opentargets\\26.09\\CANCER-013_MONDO_0018874_associated_targets_page_0001.json"", ""data\\raw\\opentargets\\26.09\\CANCER-013_MONDO_0018874_associated_targets_page_0002.json"", ""data\\raw\\opentargets\\26.09\\CANCER-013_MONDO_0018874_associated_targets_page_0003.json"", ""data\\raw\\opentargets\\26.09\\CANCER-013_MONDO_0018874_associated_targets_page_0004.json"", ""data\\raw\\opentargets\\26.09\\CANCER-013_MONDO_0018874_associated_targets_page_0005.json"", ""data\\raw\\opentargets\\26.09\\CANCER-013_MONDO_0018874_associated_targets_page_0006.json"", ""data\\raw\\opentargets\\26.09\\CANCER-013_MONDO_0018874_associated_targets_page_0007.json"", ""data\\raw\\opentargets\\26.09\\CANCER-013_MONDO_0018874_associated_targets_page_0008.json"", ""data\\raw\\opentargets\\26.09\\CANCER-013_MONDO_0018874_associated_targets_page_0009.json"", ""data\\raw\\opentargets\\26.09\\CANCER-013_MONDO_0018874_associated_targets_page_0010.json"", ""data\\raw\\opentargets\\26.09\\CANCER-013_MONDO_0018874_associated_targets_page_0011.json"", ""data\\raw\\opentargets\\26.09\\CANCER-013_MONDO_0018874_associated_targets_page_0012.json"", ""data\\raw\\opentargets\\26.09\\CANCER-013_MONDO_0018874_associated_targets_page_0013.json"", ""data\\raw\\opentargets\\26.09\\CANCER-013_MONDO_0018874_associated_targets_page_0014.json"", ""data\\raw\\opentargets\\26.09\\CANCER-013_MONDO_0018874_associated_targets_page_0015.json"", ""data\\raw\\opentargets\\26.09\\CANCER-013_MONDO_0018874_associated_targets_page_0016.json"", ""data\\raw\\opentargets\\26.09\\CANCER-013_MONDO_0018874_associated_targets_page_0017.json"", ""data\\raw\\opentargets\\26.09\\CANCER-013_MONDO_0018874_associated_targets_page_0018.json"", ""data\\raw\\opentargets\\26.09\\CANCER-013_MONDO_0018874_associated_targets_page_0019.json"", ""data\\raw\\opentargets\\26.09\\CANCER-013_MONDO_0018874_associated_targets_page_0020.json"", ""data\\raw\\opentargets\\26.09\\CANCER-013_MONDO_0018874_associated_targets_page_0021.json"", ""data\\raw\\opentargets\\26.09\\CANCER-013_MONDO_0018874_associated_targets_page_0022.json"", ""data\\raw\\opentargets\\26.09\\CANCER-013_MONDO_0018874_associated_targets_page_0023.json"", ""data\\raw\\opentargets\\26.09\\CANCER-013_MONDO_0018874_associated_targets_page_0024.json"", ""data\\raw\\opentargets\\26.09\\CANCER-013_MONDO_0018874_associated_targets_page_0025.json""]"	57f05ef26c8422c936d578af1c6b50df1be62aaef5df7739fa3dfd85418b00e6
cancer_target_pair	EVID-0041	somatic_mutation_score	0.4559480982087158	Open Targets Platform	ENSG00000171791|MONDO_0018874	26.09	https://api.platform.opentargets.org/api/v4/graphql	2026-09-30T07:41:58.308760+00:00	Aggregated evidence	opentargets-v0.2.2	"[""data\\raw\\opentargets\\26.09\\CANCER-013_MONDO_0018874_associated_targets_page_0000.json"", ""data\\raw\\opentargets\\26.09\\CANCER-013_MONDO_0018874_associated_targets_page_0001.json"", ""data\\raw\\opentargets\\26.09\\CANCER-013_MONDO_0018874_associated_targets_page_0002.json"", ""data\\raw\\opentargets\\26.09\\CANCER-013_MONDO_0018874_associated_targets_page_0003.json"", ""data\\raw\\opentargets\\26.09\\CANCER-013_MONDO_0018874_associated_targets_page_0004.json"", ""data\\raw\\opentargets\\26.09\\CANCER-013_MONDO_0018874_associated_targets_page_0005.json"", ""data\\raw\\opentargets\\26.09\\CANCER-013_MONDO_0018874_associated_targets_page_0006.json"", ""data\\raw\\opentargets\\26.09\\CANCER-013_MONDO_0018874_associated_targets_page_0007.json"", ""data\\raw\\opentargets\\26.09\\CANCER-013_MONDO_0018874_associated_targets_page_0008.json"", ""data\\raw\\opentargets\\26.09\\CANCER-013_MONDO_0018874_associated_targets_page_0009.json"", ""data\\raw\\opentargets\\26.09\\CANCER-013_MONDO_0018874_associated_targets_page_0010.json"", ""data\\raw\\opentargets\\26.09\\CANCER-013_MONDO_0018874_associated_targets_page_0011.json"", ""data\\raw\\opentargets\\26.09\\CANCER-013_MONDO_0018874_associated_targets_page_0012.json"", ""data\\raw\\opentargets\\26.09\\CANCER-013_MONDO_0018874_associated_targets_page_0013.json"", ""data\\raw\\opentargets\\26.09\\CANCER-013_MONDO_0018874_associated_targets_page_0014.json"", ""data\\raw\\opentargets\\26.09\\CANCER-013_MONDO_0018874_associated_targets_page_0015.json"", ""data\\raw\\opentargets\\26.09\\CANCER-013_MONDO_0018874_associated_targets_page_0016.json"", ""data\\raw\\opentargets\\26.09\\CANCER-013_MONDO_0018874_associated_targets_page_0017.json"", ""data\\raw\\opentargets\\26.09\\CANCER-013_MONDO_0018874_associated_targets_page_0018.json"", ""data\\raw\\opentargets\\26.09\\CANCER-013_MONDO_0018874_associated_targets_page_0019.json"", ""data\\raw\\opentargets\\26.09\\CANCER-013_MONDO_0018874_associated_targets_page_0020.json"", ""data\\raw\\opentargets\\26.09\\CANCER-013_MONDO_0018874_associated_targets_page_0021.json"", ""data\\raw\\opentargets\\26.09\\CANCER-013_MONDO_0018874_associated_targets_page_0022.json"", ""data\\raw\\opentargets\\26.09\\CANCER-013_MONDO_0018874_associated_targets_page_0023.json"", ""data\\raw\\opentargets\\26.09\\CANCER-013_MONDO_0018874_associated_targets_page_0024.json"", ""data\\raw\\opentargets\\26.09\\CANCER-013_MONDO_0018874_associated_targets_page_0025.json""]"	57f05ef26c8422c936d578af1c6b50df1be62aaef5df7739fa3dfd85418b00e6
cancer_target_pair	EVID-0041	known_drug_score		Open Targets Platform	ENSG00000171791|MONDO_0018874	26.09	https://api.platform.opentargets.org/api/v4/graphql	2026-09-30T07:41:58.308760+00:00	Aggregated evidence	opentargets-v0.2.2	"[""data\\raw\\opentargets\\26.09\\CANCER-013_MONDO_0018874_associated_targets_page_0000.json"", ""data\\raw\\opentargets\\26.09\\CANCER-013_MONDO_0018874_associated_targets_page_0001.json"", ""data\\raw\\opentargets\\26.09\\CANCER-013_MONDO_0018874_associated_targets_page_0002.json"", ""data\\raw\\opentargets\\26.09\\CANCER-013_MONDO_0018874_associated_targets_page_0003.json"", ""data\\raw\\opentargets\\26.09\\CANCER-013_MONDO_0018874_associated_targets_page_0004.json"", ""data\\raw\\opentargets\\26.09\\CANCER-013_MONDO_0018874_associated_targets_page_0005.json"", ""data\\raw\\opentargets\\26.09\\CANCER-013_MONDO_0018874_associated_targets_page_0006.json"", ""data\\raw\\opentargets\\26.09\\CANCER-013_MONDO_0018874_associated_targets_page_0007.json"", ""data\\raw\\opentargets\\26.09\\CANCER-013_MONDO_0018874_associated_targets_page_0008.json"", ""data\\raw\\opentargets\\26.09\\CANCER-013_MONDO_0018874_associated_targets_page_0009.json"", ""data\\raw\\opentargets\\26.09\\CANCER-013_MONDO_0018874_associated_targets_page_0010.json"", ""data\\raw\\opentargets\\26.09\\CANCER-013_MONDO_0018874_associated_targets_page_0011.json"", ""data\\raw\\opentargets\\26.09\\CANCER-013_MONDO_0018874_associated_targets_page_0012.json"", ""data\\raw\\opentargets\\26.09\\CANCER-013_MONDO_0018874_associated_targets_page_0013.json"", ""data\\raw\\opentargets\\26.09\\CANCER-013_MONDO_0018874_associated_targets_page_0014.json"", ""data\\raw\\opentargets\\26.09\\CANCER-013_MONDO_0018874_associated_targets_page_0015.json"", ""data\\raw\\opentargets\\26.09\\CANCER-013_MONDO_0018874_associated_targets_page_0016.json"", ""data\\raw\\opentargets\\26.09\\CANCER-013_MONDO_0018874_associated_targets_page_0017.json"", ""data\\raw\\opentargets\\26.09\\CANCER-013_MONDO_0018874_associated_targets_page_0018.json"", ""data\\raw\\opentargets\\26.09\\CANCER-013_MONDO_0018874_associated_targets_page_0019.json"", ""data\\raw\\opentargets\\26.09\\CANCER-013_MONDO_0018874_associated_targets_page_0020.json"", ""data\\raw\\opentargets\\26.09\\CANCER-013_MONDO_0018874_associated_targets_page_0021.json"", ""data\\raw\\opentargets\\26.09\\CANCER-013_MONDO_0018874_associated_targets_page_0022.json"", ""data\\raw\\opentargets\\26.09\\CANCER-013_MONDO_0018874_associated_targets_page_0023.json"", ""data\\raw\\opentargets\\26.09\\CANCER-013_MONDO_0018874_associated_targets_page_0024.json"", ""data\\raw\\opentargets\\26.09\\CANCER-013_MONDO_0018874_associated_targets_page_0025.json""]"	57f05ef26c8422c936d578af1c6b50df1be62aaef5df7739fa3dfd85418b00e6
cancer_target_pair	EVID-0041	literature_score	0.9803091399082612	Open Targets Platform	ENSG00000171791|MONDO_0018874	26.09	https://api.platform.opentargets.org/api/v4/graphql	2026-09-30T07:41:58.308760+00:00	Aggregated evidence	opentargets-v0.2.2	"[""data\\raw\\opentargets\\26.09\\CANCER-013_MONDO_0018874_associated_targets_page_0000.json"", ""data\\raw\\opentargets\\26.09\\CANCER-013_MONDO_0018874_associated_targets_page_0001.json"", ""data\\raw\\opentargets\\26.09\\CANCER-013_MONDO_0018874_associated_targets_page_0002.json"", ""data\\raw\\opentargets\\26.09\\CANCER-013_MONDO_0018874_associated_targets_page_0003.json"", ""data\\raw\\opentargets\\26.09\\CANCER-013_MONDO_0018874_associated_targets_page_0004.json"", ""data\\raw\\opentargets\\26.09\\CANCER-013_MONDO_0018874_associated_targets_page_0005.json"", ""data\\raw\\opentargets\\26.09\\CANCER-013_MONDO_0018874_associated_targets_page_0006.json"", ""data\\raw\\opentargets\\26.09\\CANCER-013_MONDO_0018874_associated_targets_page_0007.json"", ""data\\raw\\opentargets\\26.09\\CANCER-013_MONDO_0018874_associated_targets_page_0008.json"", ""data\\raw\\opentargets\\26.09\\CANCER-013_MONDO_0018874_associated_targets_page_0009.json"", ""data\\raw\\opentargets\\26.09\\CANCER-013_MONDO_0018874_associated_targets_page_0010.json"", ""data\\raw\\opentargets\\26.09\\CANCER-013_MONDO_0018874_associated_targets_page_0011.json"", ""data\\raw\\opentargets\\26.09\\CANCER-013_MONDO_0018874_associated_targets_page_0012.json"", ""data\\raw\\opentargets\\26.09\\CANCER-013_MONDO_0018874_associated_targets_page_0013.json"", ""data\\raw\\opentargets\\26.09\\CANCER-013_MONDO_0018874_associated_targets_page_0014.json"", ""data\\raw\\opentargets\\26.09\\CANCER-013_MONDO_0018874_associated_targets_page_0015.json"", ""data\\raw\\opentargets\\26.09\\CANCER-013_MONDO_0018874_associated_targets_page_0016.json"", ""data\\raw\\opentargets\\26.09\\CANCER-013_MONDO_0018874_associated_targets_page_0017.json"", ""data\\raw\\opentargets\\26.09\\CANCER-013_MONDO_0018874_associated_targets_page_0018.json"", ""data\\raw\\opentargets\\26.09\\CANCER-013_MONDO_0018874_associated_targets_page_0019.json"", ""data\\raw\\opentargets\\26.09\\CANCER-013_MONDO_0018874_associated_targets_page_0020.json"", ""data\\raw\\opentargets\\26.09\\CANCER-013_MONDO_0018874_associated_targets_page_0021.json"", ""data\\raw\\opentargets\\26.09\\CANCER-013_MONDO_0018874_associated_targets_page_0022.json"", ""data\\raw\\opentargets\\26.09\\CANCER-013_MONDO_0018874_associated_targets_page_0023.json"", ""data\\raw\\opentargets\\26.09\\CANCER-013_MONDO_0018874_associated_targets_page_0024.json"", ""data\\raw\\opentargets\\26.09\\CANCER-013_MONDO_0018874_associated_targets_page_0025.json""]"	57f05ef26c8422c936d578af1c6b50df1be62aaef5df7739fa3dfd85418b00e6
cancer_target_pair	EVID-0041	tractability_json	"[{""label"": ""Approved Drug"", ""modality"": ""SM"", ""value"": true}, {""label"": ""Advanced Clinical"", ""modality"": ""SM"", ""value"": false}, {""label"": ""Phase 1 Clinical"", ""modality"": ""SM"", ""value"": false}, {""label"": ""Structure with Ligand"", ""modality"": ""SM"", ""value"": true}, {""label"": ""High-Quality Ligand"", ""modality"": ""SM"", ""value"": true}, {""label"": ""High-Quality Pocket"", ""modality"": ""SM"", ""value"": false}, {""label"": ""Med-Quality Pocket"", ""modality"": ""SM"", ""value"": false}, {""label"": ""Druggable Family"", ""modality"": ""SM"", ""value"": true}, {""label"": ""Approved Drug"", ""modality"": ""AB"", ""value"": false}, {""label"": ""Advanced Clinical"", ""modality"": ""AB"", ""value"": false}, {""label"": ""Phase 1 Clinical"", ""modality"": ""AB"", ""value"": false}, {""label"": ""UniProt loc high conf"", ""modality"": ""AB"", ""value"": false}, {""label"": ""GO CC high conf"", ""modality"": ""AB"", ""value"": false}, {""label"": ""UniProt loc med conf"", ""modality"": ""AB"", ""value"": false}, {""label"": ""UniProt SigP or TMHMM"", ""modality"": ""AB"", ""value"": true}, {""label"": ""GO CC med conf"", ""modality"": ""AB"", ""value"": false}, {""label"": ""Human Protein Atlas loc"", ""modality"": ""AB"", ""value"": false}, {""label"": ""Approved Drug"", ""modality"": ""PR"", ""value"": false}, {""label"": ""Advanced Clinical"", ""modality"": ""PR"", ""value"": false}, {""label"": ""Phase 1 Clinical"", ""modality"": ""PR"", ""value"": false}, {""label"": ""Literature"", ""modality"": ""PR"", ""value"": true}, {""label"": ""UniProt Ubiquitination"", ""modality"": ""PR"", ""value"": true}, {""label"": ""Database Ubiquitination"", ""modality"": ""PR"", ""value"": true}, {""label"": ""Half-life Data"", ""modality"": ""PR"", ""value"": true}, {""label"": ""Small Molecule Binder"", ""modality"": ""PR"", ""value"": true}, {""label"": ""Approved Drug"", ""modality"": ""OC"", ""value"": false}, {""label"": ""Advanced Clinical"", ""modality"": ""OC"", ""value"": true}, {""label"": ""Phase 1 Clinical"", ""modality"": ""OC"", ""value"": false}]"	Open Targets Platform	ENSG00000171791|MONDO_0018874	26.09	https://api.platform.opentargets.org/api/v4/graphql	2026-09-30T07:41:58.308760+00:00	Aggregated evidence	opentargets-v0.2.2	data\raw\opentargets\26.09\target_ENSG00000171791_tractability.json	57f05ef26c8422c936d578af1c6b50df1be62aaef5df7739fa3dfd85418b00e6
cancer_target_pair	EVID-0042	association_score	0.13765441134843126	Open Targets Platform	ENSG00000143384|MONDO_0018874	26.09	https://api.platform.opentargets.org/api/v4/graphql	2026-09-30T07:41:58.308760+00:00	Aggregated evidence	opentargets-v0.2.2	"[""data\\raw\\opentargets\\26.09\\CANCER-013_MONDO_0018874_associated_targets_page_0000.json"", ""data\\raw\\opentargets\\26.09\\CANCER-013_MONDO_0018874_associated_targets_page_0001.json"", ""data\\raw\\opentargets\\26.09\\CANCER-013_MONDO_0018874_associated_targets_page_0002.json"", ""data\\raw\\opentargets\\26.09\\CANCER-013_MONDO_0018874_associated_targets_page_0003.json"", ""data\\raw\\opentargets\\26.09\\CANCER-013_MONDO_0018874_associated_targets_page_0004.json"", ""data\\raw\\opentargets\\26.09\\CANCER-013_MONDO_0018874_associated_targets_page_0005.json"", ""data\\raw\\opentargets\\26.09\\CANCER-013_MONDO_0018874_associated_targets_page_0006.json"", ""data\\raw\\opentargets\\26.09\\CANCER-013_MONDO_0018874_associated_targets_page_0007.json"", ""data\\raw\\opentargets\\26.09\\CANCER-013_MONDO_0018874_associated_targets_page_0008.json"", ""data\\raw\\opentargets\\26.09\\CANCER-013_MONDO_0018874_associated_targets_page_0009.json"", ""data\\raw\\opentargets\\26.09\\CANCER-013_MONDO_0018874_associated_targets_page_0010.json"", ""data\\raw\\opentargets\\26.09\\CANCER-013_MONDO_0018874_associated_targets_page_0011.json"", ""data\\raw\\opentargets\\26.09\\CANCER-013_MONDO_0018874_associated_targets_page_0012.json"", ""data\\raw\\opentargets\\26.09\\CANCER-013_MONDO_0018874_associated_targets_page_0013.json"", ""data\\raw\\opentargets\\26.09\\CANCER-013_MONDO_0018874_associated_targets_page_0014.json"", ""data\\raw\\opentargets\\26.09\\CANCER-013_MONDO_0018874_associated_targets_page_0015.json"", ""data\\raw\\opentargets\\26.09\\CANCER-013_MONDO_0018874_associated_targets_page_0016.json"", ""data\\raw\\opentargets\\26.09\\CANCER-013_MONDO_0018874_associated_targets_page_0017.json"", ""data\\raw\\opentargets\\26.09\\CANCER-013_MONDO_0018874_associated_targets_page_0018.json"", ""data\\raw\\opentargets\\26.09\\CANCER-013_MONDO_0018874_associated_targets_page_0019.json"", ""data\\raw\\opentargets\\26.09\\CANCER-013_MONDO_0018874_associated_targets_page_0020.json"", ""data\\raw\\opentargets\\26.09\\CANCER-013_MONDO_0018874_associated_targets_page_0021.json"", ""data\\raw\\opentargets\\26.09\\CANCER-013_MONDO_0018874_associated_targets_page_0022.json"", ""data\\raw\\opentargets\\26.09\\CANCER-013_MONDO_0018874_associated_targets_page_0023.json"", ""data\\raw\\opentargets\\26.09\\CANCER-013_MONDO_0018874_associated_targets_page_0024.json"", ""data\\raw\\opentargets\\26.09\\CANCER-013_MONDO_0018874_associated_targets_page_0025.json""]"	a36d4fca3b5b0a3af891117bf199009986f415d853a202a425464370cf7aa7e6
cancer_target_pair	EVID-0042	genetic_association_score		Open Targets Platform	ENSG00000143384|MONDO_0018874	26.09	https://api.platform.opentargets.org/api/v4/graphql	2026-09-30T07:41:58.308760+00:00	Aggregated evidence	opentargets-v0.2.2	"[""data\\raw\\opentargets\\26.09\\CANCER-013_MONDO_0018874_associated_targets_page_0000.json"", ""data\\raw\\opentargets\\26.09\\CANCER-013_MONDO_0018874_associated_targets_page_0001.json"", ""data\\raw\\opentargets\\26.09\\CANCER-013_MONDO_0018874_associated_targets_page_0002.json"", ""data\\raw\\opentargets\\26.09\\CANCER-013_MONDO_0018874_associated_targets_page_0003.json"", ""data\\raw\\opentargets\\26.09\\CANCER-013_MONDO_0018874_associated_targets_page_0004.json"", ""data\\raw\\opentargets\\26.09\\CANCER-013_MONDO_0018874_associated_targets_page_0005.json"", ""data\\raw\\opentargets\\26.09\\CANCER-013_MONDO_0018874_associated_targets_page_0006.json"", ""data\\raw\\opentargets\\26.09\\CANCER-013_MONDO_0018874_associated_targets_page_0007.json"", ""data\\raw\\opentargets\\26.09\\CANCER-013_MONDO_0018874_associated_targets_page_0008.json"", ""data\\raw\\opentargets\\26.09\\CANCER-013_MONDO_0018874_associated_targets_page_0009.json"", ""data\\raw\\opentargets\\26.09\\CANCER-013_MONDO_0018874_associated_targets_page_0010.json"", ""data\\raw\\opentargets\\26.09\\CANCER-013_MONDO_0018874_associated_targets_page_0011.json"", ""data\\raw\\opentargets\\26.09\\CANCER-013_MONDO_0018874_associated_targets_page_0012.json"", ""data\\raw\\opentargets\\26.09\\CANCER-013_MONDO_0018874_associated_targets_page_0013.json"", ""data\\raw\\opentargets\\26.09\\CANCER-013_MONDO_0018874_associated_targets_page_0014.json"", ""data\\raw\\opentargets\\26.09\\CANCER-013_MONDO_0018874_associated_targets_page_0015.json"", ""data\\raw\\opentargets\\26.09\\CANCER-013_MONDO_0018874_associated_targets_page_0016.json"", ""data\\raw\\opentargets\\26.09\\CANCER-013_MONDO_0018874_associated_targets_page_0017.json"", ""data\\raw\\opentargets\\26.09\\CANCER-013_MONDO_0018874_associated_targets_page_0018.json"", ""data\\raw\\opentargets\\26.09\\CANCER-013_MONDO_0018874_associated_targets_page_0019.json"", ""data\\raw\\opentargets\\26.09\\CANCER-013_MONDO_0018874_associated_targets_page_0020.json"", ""data\\raw\\opentargets\\26.09\\CANCER-013_MONDO_0018874_associated_targets_page_0021.json"", ""data\\raw\\opentargets\\26.09\\CANCER-013_MONDO_0018874_associated_targets_page_0022.json"", ""data\\raw\\opentargets\\26.09\\CANCER-013_MONDO_0018874_associated_targets_page_0023.json"", ""data\\raw\\opentargets\\26.09\\CANCER-013_MONDO_0018874_associated_targets_page_0024.json"", ""data\\raw\\opentargets\\26.09\\CANCER-013_MONDO_0018874_associated_targets_page_0025.json""]"	a36d4fca3b5b0a3af891117bf199009986f415d853a202a425464370cf7aa7e6
cancer_target_pair	EVID-0042	somatic_mutation_score		Open Targets Platform	ENSG00000143384|MONDO_0018874	26.09	https://api.platform.opentargets.org/api/v4/graphql	2026-09-30T07:41:58.308760+00:00	Aggregated evidence	opentargets-v0.2.2	"[""data\\raw\\opentargets\\26.09\\CANCER-013_MONDO_0018874_associated_targets_page_0000.json"", ""data\\raw\\opentargets\\26.09\\CANCER-013_MONDO_0018874_associated_targets_page_0001.json"", ""data\\raw\\opentargets\\26.09\\CANCER-013_MONDO_0018874_associated_targets_page_0002.json"", ""data\\raw\\opentargets\\26.09\\CANCER-013_MONDO_0018874_associated_targets_page_0003.json"", ""data\\raw\\opentargets\\26.09\\CANCER-013_MONDO_0018874_associated_targets_page_0004.json"", ""data\\raw\\opentargets\\26.09\\CANCER-013_MONDO_0018874_associated_targets_page_0005.json"", ""data\\raw\\opentargets\\26.09\\CANCER-013_MONDO_0018874_associated_targets_page_0006.json"", ""data\\raw\\opentargets\\26.09\\CANCER-013_MONDO_0018874_associated_targets_page_0007.json"", ""data\\raw\\opentargets\\26.09\\CANCER-013_MONDO_0018874_associated_targets_page_0008.json"", ""data\\raw\\opentargets\\26.09\\CANCER-013_MONDO_0018874_associated_targets_page_0009.json"", ""data\\raw\\opentargets\\26.09\\CANCER-013_MONDO_0018874_associated_targets_page_0010.json"", ""data\\raw\\opentargets\\26.09\\CANCER-013_MONDO_0018874_associated_targets_page_0011.json"", ""data\\raw\\opentargets\\26.09\\CANCER-013_MONDO_0018874_associated_targets_page_0012.json"", ""data\\raw\\opentargets\\26.09\\CANCER-013_MONDO_0018874_associated_targets_page_0013.json"", ""data\\raw\\opentargets\\26.09\\CANCER-013_MONDO_0018874_associated_targets_page_0014.json"", ""data\\raw\\opentargets\\26.09\\CANCER-013_MONDO_0018874_associated_targets_page_0015.json"", ""data\\raw\\opentargets\\26.09\\CANCER-013_MONDO_0018874_associated_targets_page_0016.json"", ""data\\raw\\opentargets\\26.09\\CANCER-013_MONDO_0018874_associated_targets_page_0017.json"", ""data\\raw\\opentargets\\26.09\\CANCER-013_MONDO_0018874_associated_targets_page_0018.json"", ""data\\raw\\opentargets\\26.09\\CANCER-013_MONDO_0018874_associated_targets_page_0019.json"", ""data\\raw\\opentargets\\26.09\\CANCER-013_MONDO_0018874_associated_targets_page_0020.json"", ""data\\raw\\opentargets\\26.09\\CANCER-013_MONDO_0018874_associated_targets_page_0021.json"", ""data\\raw\\opentargets\\26.09\\CANCER-013_MONDO_0018874_associated_targets_page_0022.json"", ""data\\raw\\opentargets\\26.09\\CANCER-013_MONDO_0018874_associated_targets_page_0023.json"", ""data\\raw\\opentargets\\26.09\\CANCER-013_MONDO_0018874_associated_targets_page_0024.json"", ""data\\raw\\opentargets\\26.09\\CANCER-013_MONDO_0018874_associated_targets_page_0025.json""]"	a36d4fca3b5b0a3af891117bf199009986f415d853a202a425464370cf7aa7e6
cancer_target_pair	EVID-0042	known_drug_score		Open Targets Platform	ENSG00000143384|MONDO_0018874	26.09	https://api.platform.opentargets.org/api/v4/graphql	2026-09-30T07:41:58.308760+00:00	Aggregated evidence	opentargets-v0.2.2	"[""data\\raw\\opentargets\\26.09\\CANCER-013_MONDO_0018874_associated_targets_page_0000.json"", ""data\\raw\\opentargets\\26.09\\CANCER-013_MONDO_0018874_associated_targets_page_0001.json"", ""data\\raw\\opentargets\\26.09\\CANCER-013_MONDO_0018874_associated_targets_page_0002.json"", ""data\\raw\\opentargets\\26.09\\CANCER-013_MONDO_0018874_associated_targets_page_0003.json"", ""data\\raw\\opentargets\\26.09\\CANCER-013_MONDO_0018874_associated_targets_page_0004.json"", ""data\\raw\\opentargets\\26.09\\CANCER-013_MONDO_0018874_associated_targets_page_0005.json"", ""data\\raw\\opentargets\\26.09\\CANCER-013_MONDO_0018874_associated_targets_page_0006.json"", ""data\\raw\\opentargets\\26.09\\CANCER-013_MONDO_0018874_associated_targets_page_0007.json"", ""data\\raw\\opentargets\\26.09\\CANCER-013_MONDO_0018874_associated_targets_page_0008.json"", ""data\\raw\\opentargets\\26.09\\CANCER-013_MONDO_0018874_associated_targets_page_0009.json"", ""data\\raw\\opentargets\\26.09\\CANCER-013_MONDO_0018874_associated_targets_page_0010.json"", ""data\\raw\\opentargets\\26.09\\CANCER-013_MONDO_0018874_associated_targets_page_0011.json"", ""data\\raw\\opentargets\\26.09\\CANCER-013_MONDO_0018874_associated_targets_page_0012.json"", ""data\\raw\\opentargets\\26.09\\CANCER-013_MONDO_0018874_associated_targets_page_0013.json"", ""data\\raw\\opentargets\\26.09\\CANCER-013_MONDO_0018874_associated_targets_page_0014.json"", ""data\\raw\\opentargets\\26.09\\CANCER-013_MONDO_0018874_associated_targets_page_0015.json"", ""data\\raw\\opentargets\\26.09\\CANCER-013_MONDO_0018874_associated_targets_page_0016.json"", ""data\\raw\\opentargets\\26.09\\CANCER-013_MONDO_0018874_associated_targets_page_0017.json"", ""data\\raw\\opentargets\\26.09\\CANCER-013_MONDO_0018874_associated_targets_page_0018.json"", ""data\\raw\\opentargets\\26.09\\CANCER-013_MONDO_0018874_associated_targets_page_0019.json"", ""data\\raw\\opentargets\\26.09\\CANCER-013_MONDO_0018874_associated_targets_page_0020.json"", ""data\\raw\\opentargets\\26.09\\CANCER-013_MONDO_0018874_associated_targets_page_0021.json"", ""data\\raw\\opentargets\\26.09\\CANCER-013_MONDO_0018874_associated_targets_page_0022.json"", ""data\\raw\\opentargets\\26.09\\CANCER-013_MONDO_0018874_associated_targets_page_0023.json"", ""data\\raw\\opentargets\\26.09\\CANCER-013_MONDO_0018874_associated_targets_page_0024.json"", ""data\\raw\\opentargets\\26.09\\CANCER-013_MONDO_0018874_associated_targets_page_0025.json""]"	a36d4fca3b5b0a3af891117bf199009986f415d853a202a425464370cf7aa7e6
cancer_target_pair	EVID-0042	literature_score	0.9611747338804572	Open Targets Platform	ENSG00000143384|MONDO_0018874	26.09	https://api.platform.opentargets.org/api/v4/graphql	2026-09-30T07:41:58.308760+00:00	Aggregated evidence	opentargets-v0.2.2	"[""data\\raw\\opentargets\\26.09\\CANCER-013_MONDO_0018874_associated_targets_page_0000.json"", ""data\\raw\\opentargets\\26.09\\CANCER-013_MONDO_0018874_associated_targets_page_0001.json"", ""data\\raw\\opentargets\\26.09\\CANCER-013_MONDO_0018874_associated_targets_page_0002.json"", ""data\\raw\\opentargets\\26.09\\CANCER-013_MONDO_0018874_associated_targets_page_0003.json"", ""data\\raw\\opentargets\\26.09\\CANCER-013_MONDO_0018874_associated_targets_page_0004.json"", ""data\\raw\\opentargets\\26.09\\CANCER-013_MONDO_0018874_associated_targets_page_0005.json"", ""data\\raw\\opentargets\\26.09\\CANCER-013_MONDO_0018874_associated_targets_page_0006.json"", ""data\\raw\\opentargets\\26.09\\CANCER-013_MONDO_0018874_associated_targets_page_0007.json"", ""data\\raw\\opentargets\\26.09\\CANCER-013_MONDO_0018874_associated_targets_page_0008.json"", ""data\\raw\\opentargets\\26.09\\CANCER-013_MONDO_0018874_associated_targets_page_0009.json"", ""data\\raw\\opentargets\\26.09\\CANCER-013_MONDO_0018874_associated_targets_page_0010.json"", ""data\\raw\\opentargets\\26.09\\CANCER-013_MONDO_0018874_associated_targets_page_0011.json"", ""data\\raw\\opentargets\\26.09\\CANCER-013_MONDO_0018874_associated_targets_page_0012.json"", ""data\\raw\\opentargets\\26.09\\CANCER-013_MONDO_0018874_associated_targets_page_0013.json"", ""data\\raw\\opentargets\\26.09\\CANCER-013_MONDO_0018874_associated_targets_page_0014.json"", ""data\\raw\\opentargets\\26.09\\CANCER-013_MONDO_0018874_associated_targets_page_0015.json"", ""data\\raw\\opentargets\\26.09\\CANCER-013_MONDO_0018874_associated_targets_page_0016.json"", ""data\\raw\\opentargets\\26.09\\CANCER-013_MONDO_0018874_associated_targets_page_0017.json"", ""data\\raw\\opentargets\\26.09\\CANCER-013_MONDO_0018874_associated_targets_page_0018.json"", ""data\\raw\\opentargets\\26.09\\CANCER-013_MONDO_0018874_associated_targets_page_0019.json"", ""data\\raw\\opentargets\\26.09\\CANCER-013_MONDO_0018874_associated_targets_page_0020.json"", ""data\\raw\\opentargets\\26.09\\CANCER-013_MONDO_0018874_associated_targets_page_0021.json"", ""data\\raw\\opentargets\\26.09\\CANCER-013_MONDO_0018874_associated_targets_page_0022.json"", ""data\\raw\\opentargets\\26.09\\CANCER-013_MONDO_0018874_associated_targets_page_0023.json"", ""data\\raw\\opentargets\\26.09\\CANCER-013_MONDO_0018874_associated_targets_page_0024.json"", ""data\\raw\\opentargets\\26.09\\CANCER-013_MONDO_0018874_associated_targets_page_0025.json""]"	a36d4fca3b5b0a3af891117bf199009986f415d853a202a425464370cf7aa7e6
cancer_target_pair	EVID-0042	tractability_json	"[{""label"": ""Approved Drug"", ""modality"": ""SM"", ""value"": false}, {""label"": ""Advanced Clinical"", ""modality"": ""SM"", ""value"": true}, {""label"": ""Phase 1 Clinical"", ""modality"": ""SM"", ""value"": false}, {""label"": ""Structure with Ligand"", ""modality"": ""SM"", ""value"": true}, {""label"": ""High-Quality Ligand"", ""modality"": ""SM"", ""value"": true}, {""label"": ""High-Quality Pocket"", ""modality"": ""SM"", ""value"": false}, {""label"": ""Med-Quality Pocket"", ""modality"": ""SM"", ""value"": true}, {""label"": ""Druggable Family"", ""modality"": ""SM"", ""value"": true}, {""label"": ""Approved Drug"", ""modality"": ""AB"", ""value"": false}, {""label"": ""Advanced Clinical"", ""modality"": ""AB"", ""value"": false}, {""label"": ""Phase 1 Clinical"", ""modality"": ""AB"", ""value"": false}, {""label"": ""UniProt loc high conf"", ""modality"": ""AB"", ""value"": false}, {""label"": ""GO CC high conf"", ""modality"": ""AB"", ""value"": false}, {""label"": ""UniProt loc med conf"", ""modality"": ""AB"", ""value"": false}, {""label"": ""UniProt SigP or TMHMM"", ""modality"": ""AB"", ""value"": true}, {""label"": ""GO CC med conf"", ""modality"": ""AB"", ""value"": false}, {""label"": ""Human Protein Atlas loc"", ""modality"": ""AB"", ""value"": false}, {""label"": ""Approved Drug"", ""modality"": ""PR"", ""value"": false}, {""label"": ""Advanced Clinical"", ""modality"": ""PR"", ""value"": false}, {""label"": ""Phase 1 Clinical"", ""modality"": ""PR"", ""value"": false}, {""label"": ""Literature"", ""modality"": ""PR"", ""value"": true}, {""label"": ""UniProt Ubiquitination"", ""modality"": ""PR"", ""value"": true}, {""label"": ""Database Ubiquitination"", ""modality"": ""PR"", ""value"": true}, {""label"": ""Half-life Data"", ""modality"": ""PR"", ""value"": true}, {""label"": ""Small Molecule Binder"", ""modality"": ""PR"", ""value"": true}, {""label"": ""Approved Drug"", ""modality"": ""OC"", ""value"": false}, {""label"": ""Advanced Clinical"", ""modality"": ""OC"", ""value"": false}, {""label"": ""Phase 1 Clinical"", ""modality"": ""OC"", ""value"": false}]"	Open Targets Platform	ENSG00000143384|MONDO_0018874	26.09	https://api.platform.opentargets.org/api/v4/graphql	2026-09-30T07:41:58.308760+00:00	Aggregated evidence	opentargets-v0.2.2	data\raw\opentargets\26.09\target_ENSG00000143384_tractability.json	a36d4fca3b5b0a3af891117bf199009986f415d853a202a425464370cf7aa7e6
cancer_target_pair	EVID-0043	association_score	0.30937193310693223	Open Targets Platform	ENSG00000137193|MONDO_0018874	26.09	https://api.platform.opentargets.org/api/v4/graphql	2026-09-30T07:41:58.308760+00:00	Aggregated evidence	opentargets-v0.2.2	"[""data\\raw\\opentargets\\26.09\\CANCER-013_MONDO_0018874_associated_targets_page_0000.json"", ""data\\raw\\opentargets\\26.09\\CANCER-013_MONDO_0018874_associated_targets_page_0001.json"", ""data\\raw\\opentargets\\26.09\\CANCER-013_MONDO_0018874_associated_targets_page_0002.json"", ""data\\raw\\opentargets\\26.09\\CANCER-013_MONDO_0018874_associated_targets_page_0003.json"", ""data\\raw\\opentargets\\26.09\\CANCER-013_MONDO_0018874_associated_targets_page_0004.json"", ""data\\raw\\opentargets\\26.09\\CANCER-013_MONDO_0018874_associated_targets_page_0005.json"", ""data\\raw\\opentargets\\26.09\\CANCER-013_MONDO_0018874_associated_targets_page_0006.json"", ""data\\raw\\opentargets\\26.09\\CANCER-013_MONDO_0018874_associated_targets_page_0007.json"", ""data\\raw\\opentargets\\26.09\\CANCER-013_MONDO_0018874_associated_targets_page_0008.json"", ""data\\raw\\opentargets\\26.09\\CANCER-013_MONDO_0018874_associated_targets_page_0009.json"", ""data\\raw\\opentargets\\26.09\\CANCER-013_MONDO_0018874_associated_targets_page_0010.json"", ""data\\raw\\opentargets\\26.09\\CANCER-013_MONDO_0018874_associated_targets_page_0011.json"", ""data\\raw\\opentargets\\26.09\\CANCER-013_MONDO_0018874_associated_targets_page_0012.json"", ""data\\raw\\opentargets\\26.09\\CANCER-013_MONDO_0018874_associated_targets_page_0013.json"", ""data\\raw\\opentargets\\26.09\\CANCER-013_MONDO_0018874_associated_targets_page_0014.json"", ""data\\raw\\opentargets\\26.09\\CANCER-013_MONDO_0018874_associated_targets_page_0015.json"", ""data\\raw\\opentargets\\26.09\\CANCER-013_MONDO_0018874_associated_targets_page_0016.json"", ""data\\raw\\opentargets\\26.09\\CANCER-013_MONDO_0018874_associated_targets_page_0017.json"", ""data\\raw\\opentargets\\26.09\\CANCER-013_MONDO_0018874_associated_targets_page_0018.json"", ""data\\raw\\opentargets\\26.09\\CANCER-013_MONDO_0018874_associated_targets_page_0019.json"", ""data\\raw\\opentargets\\26.09\\CANCER-013_MONDO_0018874_associated_targets_page_0020.json"", ""data\\raw\\opentargets\\26.09\\CANCER-013_MONDO_0018874_associated_targets_page_0021.json"", ""data\\raw\\opentargets\\26.09\\CANCER-013_MONDO_0018874_associated_targets_page_0022.json"", ""data\\raw\\opentargets\\26.09\\CANCER-013_MONDO_0018874_associated_targets_page_0023.json"", ""data\\raw\\opentargets\\26.09\\CANCER-013_MONDO_0018874_associated_targets_page_0024.json"", ""data\\raw\\opentargets\\26.09\\CANCER-013_MONDO_0018874_associated_targets_page_0025.json""]"	869c23ae820d6ab43fca2d10def364dccc4cb984fb4716e45fe8c2dcb24bc4b4
cancer_target_pair	EVID-0043	genetic_association_score	0.0	Open Targets Platform	ENSG00000137193|MONDO_0018874	26.09	https://api.platform.opentargets.org/api/v4/graphql	2026-09-30T07:41:58.308760+00:00	Aggregated evidence	opentargets-v0.2.2	"[""data\\raw\\opentargets\\26.09\\CANCER-013_MONDO_0018874_associated_targets_page_0000.json"", ""data\\raw\\opentargets\\26.09\\CANCER-013_MONDO_0018874_associated_targets_page_0001.json"", ""data\\raw\\opentargets\\26.09\\CANCER-013_MONDO_0018874_associated_targets_page_0002.json"", ""data\\raw\\opentargets\\26.09\\CANCER-013_MONDO_0018874_associated_targets_page_0003.json"", ""data\\raw\\opentargets\\26.09\\CANCER-013_MONDO_0018874_associated_targets_page_0004.json"", ""data\\raw\\opentargets\\26.09\\CANCER-013_MONDO_0018874_associated_targets_page_0005.json"", ""data\\raw\\opentargets\\26.09\\CANCER-013_MONDO_0018874_associated_targets_page_0006.json"", ""data\\raw\\opentargets\\26.09\\CANCER-013_MONDO_0018874_associated_targets_page_0007.json"", ""data\\raw\\opentargets\\26.09\\CANCER-013_MONDO_0018874_associated_targets_page_0008.json"", ""data\\raw\\opentargets\\26.09\\CANCER-013_MONDO_0018874_associated_targets_page_0009.json"", ""data\\raw\\opentargets\\26.09\\CANCER-013_MONDO_0018874_associated_targets_page_0010.json"", ""data\\raw\\opentargets\\26.09\\CANCER-013_MONDO_0018874_associated_targets_page_0011.json"", ""data\\raw\\opentargets\\26.09\\CANCER-013_MONDO_0018874_associated_targets_page_0012.json"", ""data\\raw\\opentargets\\26.09\\CANCER-013_MONDO_0018874_associated_targets_page_0013.json"", ""data\\raw\\opentargets\\26.09\\CANCER-013_MONDO_0018874_associated_targets_page_0014.json"", ""data\\raw\\opentargets\\26.09\\CANCER-013_MONDO_0018874_associated_targets_page_0015.json"", ""data\\raw\\opentargets\\26.09\\CANCER-013_MONDO_0018874_associated_targets_page_0016.json"", ""data\\raw\\opentargets\\26.09\\CANCER-013_MONDO_0018874_associated_targets_page_0017.json"", ""data\\raw\\opentargets\\26.09\\CANCER-013_MONDO_0018874_associated_targets_page_0018.json"", ""data\\raw\\opentargets\\26.09\\CANCER-013_MONDO_0018874_associated_targets_page_0019.json"", ""data\\raw\\opentargets\\26.09\\CANCER-013_MONDO_0018874_associated_targets_page_0020.json"", ""data\\raw\\opentargets\\26.09\\CANCER-013_MONDO_0018874_associated_targets_page_0021.json"", ""data\\raw\\opentargets\\26.09\\CANCER-013_MONDO_0018874_associated_targets_page_0022.json"", ""data\\raw\\opentargets\\26.09\\CANCER-013_MONDO_0018874_associated_targets_page_0023.json"", ""data\\raw\\opentargets\\26.09\\CANCER-013_MONDO_0018874_associated_targets_page_0024.json"", ""data\\raw\\opentargets\\26.09\\CANCER-013_MONDO_0018874_associated_targets_page_0025.json""]"	869c23ae820d6ab43fca2d10def364dccc4cb984fb4716e45fe8c2dcb24bc4b4
cancer_target_pair	EVID-0043	somatic_mutation_score	0.4559480982087158	Open Targets Platform	ENSG00000137193|MONDO_0018874	26.09	https://api.platform.opentargets.org/api/v4/graphql	2026-09-30T07:41:58.308760+00:00	Aggregated evidence	opentargets-v0.2.2	"[""data\\raw\\opentargets\\26.09\\CANCER-013_MONDO_0018874_associated_targets_page_0000.json"", ""data\\raw\\opentargets\\26.09\\CANCER-013_MONDO_0018874_associated_targets_page_0001.json"", ""data\\raw\\opentargets\\26.09\\CANCER-013_MONDO_0018874_associated_targets_page_0002.json"", ""data\\raw\\opentargets\\26.09\\CANCER-013_MONDO_0018874_associated_targets_page_0003.json"", ""data\\raw\\opentargets\\26.09\\CANCER-013_MONDO_0018874_associated_targets_page_0004.json"", ""data\\raw\\opentargets\\26.09\\CANCER-013_MONDO_0018874_associated_targets_page_0005.json"", ""data\\raw\\opentargets\\26.09\\CANCER-013_MONDO_0018874_associated_targets_page_0006.json"", ""data\\raw\\opentargets\\26.09\\CANCER-013_MONDO_0018874_associated_targets_page_0007.json"", ""data\\raw\\opentargets\\26.09\\CANCER-013_MONDO_0018874_associated_targets_page_0008.json"", ""data\\raw\\opentargets\\26.09\\CANCER-013_MONDO_0018874_associated_targets_page_0009.json"", ""data\\raw\\opentargets\\26.09\\CANCER-013_MONDO_0018874_associated_targets_page_0010.json"", ""data\\raw\\opentargets\\26.09\\CANCER-013_MONDO_0018874_associated_targets_page_0011.json"", ""data\\raw\\opentargets\\26.09\\CANCER-013_MONDO_0018874_associated_targets_page_0012.json"", ""data\\raw\\opentargets\\26.09\\CANCER-013_MONDO_0018874_associated_targets_page_0013.json"", ""data\\raw\\opentargets\\26.09\\CANCER-013_MONDO_0018874_associated_targets_page_0014.json"", ""data\\raw\\opentargets\\26.09\\CANCER-013_MONDO_0018874_associated_targets_page_0015.json"", ""data\\raw\\opentargets\\26.09\\CANCER-013_MONDO_0018874_associated_targets_page_0016.json"", ""data\\raw\\opentargets\\26.09\\CANCER-013_MONDO_0018874_associated_targets_page_0017.json"", ""data\\raw\\opentargets\\26.09\\CANCER-013_MONDO_0018874_associated_targets_page_0018.json"", ""data\\raw\\opentargets\\26.09\\CANCER-013_MONDO_0018874_associated_targets_page_0019.json"", ""data\\raw\\opentargets\\26.09\\CANCER-013_MONDO_0018874_associated_targets_page_0020.json"", ""data\\raw\\opentargets\\26.09\\CANCER-013_MONDO_0018874_associated_targets_page_0021.json"", ""data\\raw\\opentargets\\26.09\\CANCER-013_MONDO_0018874_associated_targets_page_0022.json"", ""data\\raw\\opentargets\\26.09\\CANCER-013_MONDO_0018874_associated_targets_page_0023.json"", ""data\\raw\\opentargets\\26.09\\CANCER-013_MONDO_0018874_associated_targets_page_0024.json"", ""data\\raw\\opentargets\\26.09\\CANCER-013_MONDO_0018874_associated_targets_page_0025.json""]"	869c23ae820d6ab43fca2d10def364dccc4cb984fb4716e45fe8c2dcb24bc4b4
cancer_target_pair	EVID-0043	known_drug_score		Open Targets Platform	ENSG00000137193|MONDO_0018874	26.09	https://api.platform.opentargets.org/api/v4/graphql	2026-09-30T07:41:58.308760+00:00	Aggregated evidence	opentargets-v0.2.2	"[""data\\raw\\opentargets\\26.09\\CANCER-013_MONDO_0018874_associated_targets_page_0000.json"", ""data\\raw\\opentargets\\26.09\\CANCER-013_MONDO_0018874_associated_targets_page_0001.json"", ""data\\raw\\opentargets\\26.09\\CANCER-013_MONDO_0018874_associated_targets_page_0002.json"", ""data\\raw\\opentargets\\26.09\\CANCER-013_MONDO_0018874_associated_targets_page_0003.json"", ""data\\raw\\opentargets\\26.09\\CANCER-013_MONDO_0018874_associated_targets_page_0004.json"", ""data\\raw\\opentargets\\26.09\\CANCER-013_MONDO_0018874_associated_targets_page_0005.json"", ""data\\raw\\opentargets\\26.09\\CANCER-013_MONDO_0018874_associated_targets_page_0006.json"", ""data\\raw\\opentargets\\26.09\\CANCER-013_MONDO_0018874_associated_targets_page_0007.json"", ""data\\raw\\opentargets\\26.09\\CANCER-013_MONDO_0018874_associated_targets_page_0008.json"", ""data\\raw\\opentargets\\26.09\\CANCER-013_MONDO_0018874_associated_targets_page_0009.json"", ""data\\raw\\opentargets\\26.09\\CANCER-013_MONDO_0018874_associated_targets_page_0010.json"", ""data\\raw\\opentargets\\26.09\\CANCER-013_MONDO_0018874_associated_targets_page_0011.json"", ""data\\raw\\opentargets\\26.09\\CANCER-013_MONDO_0018874_associated_targets_page_0012.json"", ""data\\raw\\opentargets\\26.09\\CANCER-013_MONDO_0018874_associated_targets_page_0013.json"", ""data\\raw\\opentargets\\26.09\\CANCER-013_MONDO_0018874_associated_targets_page_0014.json"", ""data\\raw\\opentargets\\26.09\\CANCER-013_MONDO_0018874_associated_targets_page_0015.json"", ""data\\raw\\opentargets\\26.09\\CANCER-013_MONDO_0018874_associated_targets_page_0016.json"", ""data\\raw\\opentargets\\26.09\\CANCER-013_MONDO_0018874_associated_targets_page_0017.json"", ""data\\raw\\opentargets\\26.09\\CANCER-013_MONDO_0018874_associated_targets_page_0018.json"", ""data\\raw\\opentargets\\26.09\\CANCER-013_MONDO_0018874_associated_targets_page_0019.json"", ""data\\raw\\opentargets\\26.09\\CANCER-013_MONDO_0018874_associated_targets_page_0020.json"", ""data\\raw\\opentargets\\26.09\\CANCER-013_MONDO_0018874_associated_targets_page_0021.json"", ""data\\raw\\opentargets\\26.09\\CANCER-013_MONDO_0018874_associated_targets_page_0022.json"", ""data\\raw\\opentargets\\26.09\\CANCER-013_MONDO_0018874_associated_targets_page_0023.json"", ""data\\raw\\opentargets\\26.09\\CANCER-013_MONDO_0018874_associated_targets_page_0024.json"", ""data\\raw\\opentargets\\26.09\\CANCER-013_MONDO_0018874_associated_targets_page_0025.json""]"	869c23ae820d6ab43fca2d10def364dccc4cb984fb4716e45fe8c2dcb24bc4b4
cancer_target_pair	EVID-0043	literature_score	0.8900351376309743	Open Targets Platform	ENSG00000137193|MONDO_0018874	26.09	https://api.platform.opentargets.org/api/v4/graphql	2026-09-30T07:41:58.308760+00:00	Aggregated evidence	opentargets-v0.2.2	"[""data\\raw\\opentargets\\26.09\\CANCER-013_MONDO_0018874_associated_targets_page_0000.json"", ""data\\raw\\opentargets\\26.09\\CANCER-013_MONDO_0018874_associated_targets_page_0001.json"", ""data\\raw\\opentargets\\26.09\\CANCER-013_MONDO_0018874_associated_targets_page_0002.json"", ""data\\raw\\opentargets\\26.09\\CANCER-013_MONDO_0018874_associated_targets_page_0003.json"", ""data\\raw\\opentargets\\26.09\\CANCER-013_MONDO_0018874_associated_targets_page_0004.json"", ""data\\raw\\opentargets\\26.09\\CANCER-013_MONDO_0018874_associated_targets_page_0005.json"", ""data\\raw\\opentargets\\26.09\\CANCER-013_MONDO_0018874_associated_targets_page_0006.json"", ""data\\raw\\opentargets\\26.09\\CANCER-013_MONDO_0018874_associated_targets_page_0007.json"", ""data\\raw\\opentargets\\26.09\\CANCER-013_MONDO_0018874_associated_targets_page_0008.json"", ""data\\raw\\opentargets\\26.09\\CANCER-013_MONDO_0018874_associated_targets_page_0009.json"", ""data\\raw\\opentargets\\26.09\\CANCER-013_MONDO_0018874_associated_targets_page_0010.json"", ""data\\raw\\opentargets\\26.09\\CANCER-013_MONDO_0018874_associated_targets_page_0011.json"", ""data\\raw\\opentargets\\26.09\\CANCER-013_MONDO_0018874_associated_targets_page_0012.json"", ""data\\raw\\opentargets\\26.09\\CANCER-013_MONDO_0018874_associated_targets_page_0013.json"", ""data\\raw\\opentargets\\26.09\\CANCER-013_MONDO_0018874_associated_targets_page_0014.json"", ""data\\raw\\opentargets\\26.09\\CANCER-013_MONDO_0018874_associated_targets_page_0015.json"", ""data\\raw\\opentargets\\26.09\\CANCER-013_MONDO_0018874_associated_targets_page_0016.json"", ""data\\raw\\opentargets\\26.09\\CANCER-013_MONDO_0018874_associated_targets_page_0017.json"", ""data\\raw\\opentargets\\26.09\\CANCER-013_MONDO_0018874_associated_targets_page_0018.json"", ""data\\raw\\opentargets\\26.09\\CANCER-013_MONDO_0018874_associated_targets_page_0019.json"", ""data\\raw\\opentargets\\26.09\\CANCER-013_MONDO_0018874_associated_targets_page_0020.json"", ""data\\raw\\opentargets\\26.09\\CANCER-013_MONDO_0018874_associated_targets_page_0021.json"", ""data\\raw\\opentargets\\26.09\\CANCER-013_MONDO_0018874_associated_targets_page_0022.json"", ""data\\raw\\opentargets\\26.09\\CANCER-013_MONDO_0018874_associated_targets_page_0023.json"", ""data\\raw\\opentargets\\26.09\\CANCER-013_MONDO_0018874_associated_targets_page_0024.json"", ""data\\raw\\opentargets\\26.09\\CANCER-013_MONDO_0018874_associated_targets_page_0025.json""]"	869c23ae820d6ab43fca2d10def364dccc4cb984fb4716e45fe8c2dcb24bc4b4
cancer_target_pair	EVID-0043	tractability_json	"[{""label"": ""Approved Drug"", ""modality"": ""SM"", ""value"": false}, {""label"": ""Advanced Clinical"", ""modality"": ""SM"", ""value"": false}, {""label"": ""Phase 1 Clinical"", ""modality"": ""SM"", ""value"": true}, {""label"": ""Structure with Ligand"", ""modality"": ""SM"", ""value"": true}, {""label"": ""High-Quality Ligand"", ""modality"": ""SM"", ""value"": true}, {""label"": ""High-Quality Pocket"", ""modality"": ""SM"", ""value"": true}, {""label"": ""Med-Quality Pocket"", ""modality"": ""SM"", ""value"": false}, {""label"": ""Druggable Family"", ""modality"": ""SM"", ""value"": true}, {""label"": ""Approved Drug"", ""modality"": ""AB"", ""value"": false}, {""label"": ""Advanced Clinical"", ""modality"": ""AB"", ""value"": false}, {""label"": ""Phase 1 Clinical"", ""modality"": ""AB"", ""value"": false}, {""label"": ""UniProt loc high conf"", ""modality"": ""AB"", ""value"": false}, {""label"": ""GO CC high conf"", ""modality"": ""AB"", ""value"": true}, {""label"": ""UniProt loc med conf"", ""modality"": ""AB"", ""value"": true}, {""label"": ""UniProt SigP or TMHMM"", ""modality"": ""AB"", ""value"": false}, {""label"": ""GO CC med conf"", ""modality"": ""AB"", ""value"": false}, {""label"": ""Human Protein Atlas loc"", ""modality"": ""AB"", ""value"": false}, {""label"": ""Approved Drug"", ""modality"": ""PR"", ""value"": false}, {""label"": ""Advanced Clinical"", ""modality"": ""PR"", ""value"": false}, {""label"": ""Phase 1 Clinical"", ""modality"": ""PR"", ""value"": false}, {""label"": ""Literature"", ""modality"": ""PR"", ""value"": false}, {""label"": ""UniProt Ubiquitination"", ""modality"": ""PR"", ""value"": true}, {""label"": ""Database Ubiquitination"", ""modality"": ""PR"", ""value"": true}, {""label"": ""Half-life Data"", ""modality"": ""PR"", ""value"": false}, {""label"": ""Small Molecule Binder"", ""modality"": ""PR"", ""value"": true}, {""label"": ""Approved Drug"", ""modality"": ""OC"", ""value"": false}, {""label"": ""Advanced Clinical"", ""modality"": ""OC"", ""value"": false}, {""label"": ""Phase 1 Clinical"", ""modality"": ""OC"", ""value"": false}]"	Open Targets Platform	ENSG00000137193|MONDO_0018874	26.09	https://api.platform.opentargets.org/api/v4/graphql	2026-09-30T07:41:58.308760+00:00	Aggregated evidence	opentargets-v0.2.2	data\raw\opentargets\26.09\target_ENSG00000137193_tractability.json	869c23ae820d6ab43fca2d10def364dccc4cb984fb4716e45fe8c2dcb24bc4b4
