entity_type	entity_id	field_name	value	source_name	source_record_id	source_release	source_url_or_endpoint	retrieved_at	evidence_nature	parser_version	raw_file	raw_record_hash
target	TGT-KRAS	hgnc_id	HGNC:6407	HGNC	HGNC:6407	2026-09-26	https://hgnc.genenames.org/download/	2026-09-26T08:59:59.571715+00:00	Observed database annotation	hgnc-tsv-v1	C:\Users\Bogdan\Desktop\master-cancer-landscape\data\raw\hgnc\2026-09-26\hgnc_complete_set.txt	5d388c06852864139d7c7b44193f29cd38ec95eb9f0c8f495d03ce609cdd7521
target	TGT-KRAS	hgnc_symbol	KRAS	HGNC	HGNC:6407	2026-09-26	https://hgnc.genenames.org/download/	2026-09-26T08:59:59.571715+00:00	Observed database annotation	hgnc-tsv-v1	C:\Users\Bogdan\Desktop\master-cancer-landscape\data\raw\hgnc\2026-09-26\hgnc_complete_set.txt	5d388c06852864139d7c7b44193f29cd38ec95eb9f0c8f495d03ce609cdd7521
target	TGT-KRAS	hgnc_approved_name	KRas proto-oncogene, GTPase	HGNC	HGNC:6407	2026-09-26	https://hgnc.genenames.org/download/	2026-09-26T08:59:59.571715+00:00	Observed database annotation	hgnc-tsv-v1	C:\Users\Bogdan\Desktop\master-cancer-landscape\data\raw\hgnc\2026-09-26\hgnc_complete_set.txt	5d388c06852864139d7c7b44193f29cd38ec95eb9f0c8f495d03ce609cdd7521
target	TGT-KRAS	hgnc_status	Approved	HGNC	HGNC:6407	2026-09-26	https://hgnc.genenames.org/download/	2026-09-26T08:59:59.571715+00:00	Observed database annotation	hgnc-tsv-v1	C:\Users\Bogdan\Desktop\master-cancer-landscape\data\raw\hgnc\2026-09-26\hgnc_complete_set.txt	5d388c06852864139d7c7b44193f29cd38ec95eb9f0c8f495d03ce609cdd7521
target	TGT-KRAS	hgnc_date_modified	2026-06-10	HGNC	HGNC:6407	2026-09-26	https://hgnc.genenames.org/download/	2026-09-26T08:59:59.571715+00:00	Observed database annotation	hgnc-tsv-v1	C:\Users\Bogdan\Desktop\master-cancer-landscape\data\raw\hgnc\2026-09-26\hgnc_complete_set.txt	5d388c06852864139d7c7b44193f29cd38ec95eb9f0c8f495d03ce609cdd7521
target	TGT-KRAS	ensembl_gene_id	ENSG00000133703	HGNC	HGNC:6407	2026-09-26	https://hgnc.genenames.org/download/	2026-09-26T08:59:59.571715+00:00	Observed database annotation	hgnc-tsv-v1	C:\Users\Bogdan\Desktop\master-cancer-landscape\data\raw\hgnc\2026-09-26\hgnc_complete_set.txt	5d388c06852864139d7c7b44193f29cd38ec95eb9f0c8f495d03ce609cdd7521
target	TGT-KRAS	ncbi_gene_id	3845	HGNC	HGNC:6407	2026-09-26	https://hgnc.genenames.org/download/	2026-09-26T08:59:59.571715+00:00	Observed database annotation	hgnc-tsv-v1	C:\Users\Bogdan\Desktop\master-cancer-landscape\data\raw\hgnc\2026-09-26\hgnc_complete_set.txt	5d388c06852864139d7c7b44193f29cd38ec95eb9f0c8f495d03ce609cdd7521
target	TGT-KRAS	uniprot_id	P01116	HGNC	HGNC:6407	2026-09-26	https://hgnc.genenames.org/download/	2026-09-26T08:59:59.571715+00:00	Observed database annotation	hgnc-tsv-v1	C:\Users\Bogdan\Desktop\master-cancer-landscape\data\raw\hgnc\2026-09-26\hgnc_complete_set.txt	5d388c06852864139d7c7b44193f29cd38ec95eb9f0c8f495d03ce609cdd7521
target	TGT-KRAS	mapping_status	exact_approved_symbol	HGNC	HGNC:6407	2026-09-26	https://hgnc.genenames.org/download/	2026-09-26T08:59:59.571715+00:00	Observed database annotation	hgnc-tsv-v1	C:\Users\Bogdan\Desktop\master-cancer-landscape\data\raw\hgnc\2026-09-26\hgnc_complete_set.txt	5d388c06852864139d7c7b44193f29cd38ec95eb9f0c8f495d03ce609cdd7521
target	TGT-KRAS	mapping_basis	approved_symbol	HGNC	HGNC:6407	2026-09-26	https://hgnc.genenames.org/download/	2026-09-26T08:59:59.571715+00:00	Observed database annotation	hgnc-tsv-v1	C:\Users\Bogdan\Desktop\master-cancer-landscape\data\raw\hgnc\2026-09-26\hgnc_complete_set.txt	5d388c06852864139d7c7b44193f29cd38ec95eb9f0c8f495d03ce609cdd7521
target	TGT-EGFR	hgnc_id	HGNC:3236	HGNC	HGNC:3236	2026-09-26	https://hgnc.genenames.org/download/	2026-09-26T08:59:59.571715+00:00	Observed database annotation	hgnc-tsv-v1	C:\Users\Bogdan\Desktop\master-cancer-landscape\data\raw\hgnc\2026-09-26\hgnc_complete_set.txt	a8e2e09c5e62f42ca1dcc035318e915bc9029c68a429f6135a7ee1fc9c958bd8
target	TGT-EGFR	hgnc_symbol	EGFR	HGNC	HGNC:3236	2026-09-26	https://hgnc.genenames.org/download/	2026-09-26T08:59:59.571715+00:00	Observed database annotation	hgnc-tsv-v1	C:\Users\Bogdan\Desktop\master-cancer-landscape\data\raw\hgnc\2026-09-26\hgnc_complete_set.txt	a8e2e09c5e62f42ca1dcc035318e915bc9029c68a429f6135a7ee1fc9c958bd8
target	TGT-EGFR	hgnc_approved_name	epidermal growth factor receptor	HGNC	HGNC:3236	2026-09-26	https://hgnc.genenames.org/download/	2026-09-26T08:59:59.571715+00:00	Observed database annotation	hgnc-tsv-v1	C:\Users\Bogdan\Desktop\master-cancer-landscape\data\raw\hgnc\2026-09-26\hgnc_complete_set.txt	a8e2e09c5e62f42ca1dcc035318e915bc9029c68a429f6135a7ee1fc9c958bd8
target	TGT-EGFR	hgnc_status	Approved	HGNC	HGNC:3236	2026-09-26	https://hgnc.genenames.org/download/	2026-09-26T08:59:59.571715+00:00	Observed database annotation	hgnc-tsv-v1	C:\Users\Bogdan\Desktop\master-cancer-landscape\data\raw\hgnc\2026-09-26\hgnc_complete_set.txt	a8e2e09c5e62f42ca1dcc035318e915bc9029c68a429f6135a7ee1fc9c958bd8
target	TGT-EGFR	hgnc_date_modified	2023-03-15	HGNC	HGNC:3236	2026-09-26	https://hgnc.genenames.org/download/	2026-09-26T08:59:59.571715+00:00	Observed database annotation	hgnc-tsv-v1	C:\Users\Bogdan\Desktop\master-cancer-landscape\data\raw\hgnc\2026-09-26\hgnc_complete_set.txt	a8e2e09c5e62f42ca1dcc035318e915bc9029c68a429f6135a7ee1fc9c958bd8
target	TGT-EGFR	ensembl_gene_id	ENSG00000146648	HGNC	HGNC:3236	2026-09-26	https://hgnc.genenames.org/download/	2026-09-26T08:59:59.571715+00:00	Observed database annotation	hgnc-tsv-v1	C:\Users\Bogdan\Desktop\master-cancer-landscape\data\raw\hgnc\2026-09-26\hgnc_complete_set.txt	a8e2e09c5e62f42ca1dcc035318e915bc9029c68a429f6135a7ee1fc9c958bd8
target	TGT-EGFR	ncbi_gene_id	1956	HGNC	HGNC:3236	2026-09-26	https://hgnc.genenames.org/download/	2026-09-26T08:59:59.571715+00:00	Observed database annotation	hgnc-tsv-v1	C:\Users\Bogdan\Desktop\master-cancer-landscape\data\raw\hgnc\2026-09-26\hgnc_complete_set.txt	a8e2e09c5e62f42ca1dcc035318e915bc9029c68a429f6135a7ee1fc9c958bd8
target	TGT-EGFR	uniprot_id	P00533	HGNC	HGNC:3236	2026-09-26	https://hgnc.genenames.org/download/	2026-09-26T08:59:59.571715+00:00	Observed database annotation	hgnc-tsv-v1	C:\Users\Bogdan\Desktop\master-cancer-landscape\data\raw\hgnc\2026-09-26\hgnc_complete_set.txt	a8e2e09c5e62f42ca1dcc035318e915bc9029c68a429f6135a7ee1fc9c958bd8
target	TGT-EGFR	mapping_status	exact_approved_symbol	HGNC	HGNC:3236	2026-09-26	https://hgnc.genenames.org/download/	2026-09-26T08:59:59.571715+00:00	Observed database annotation	hgnc-tsv-v1	C:\Users\Bogdan\Desktop\master-cancer-landscape\data\raw\hgnc\2026-09-26\hgnc_complete_set.txt	a8e2e09c5e62f42ca1dcc035318e915bc9029c68a429f6135a7ee1fc9c958bd8
target	TGT-EGFR	mapping_basis	approved_symbol	HGNC	HGNC:3236	2026-09-26	https://hgnc.genenames.org/download/	2026-09-26T08:59:59.571715+00:00	Observed database annotation	hgnc-tsv-v1	C:\Users\Bogdan\Desktop\master-cancer-landscape\data\raw\hgnc\2026-09-26\hgnc_complete_set.txt	a8e2e09c5e62f42ca1dcc035318e915bc9029c68a429f6135a7ee1fc9c958bd8
target	TGT-BRAF	hgnc_id	HGNC:1097	HGNC	HGNC:1097	2026-09-26	https://hgnc.genenames.org/download/	2026-09-26T08:59:59.571715+00:00	Observed database annotation	hgnc-tsv-v1	C:\Users\Bogdan\Desktop\master-cancer-landscape\data\raw\hgnc\2026-09-26\hgnc_complete_set.txt	8842584fffe540d3895fe17898922d8a21b201683087d7073f8c68293c1c2a52
target	TGT-BRAF	hgnc_symbol	BRAF	HGNC	HGNC:1097	2026-09-26	https://hgnc.genenames.org/download/	2026-09-26T08:59:59.571715+00:00	Observed database annotation	hgnc-tsv-v1	C:\Users\Bogdan\Desktop\master-cancer-landscape\data\raw\hgnc\2026-09-26\hgnc_complete_set.txt	8842584fffe540d3895fe17898922d8a21b201683087d7073f8c68293c1c2a52
target	TGT-BRAF	hgnc_approved_name	B-Raf proto-oncogene, serine/threonine kinase	HGNC	HGNC:1097	2026-09-26	https://hgnc.genenames.org/download/	2026-09-26T08:59:59.571715+00:00	Observed database annotation	hgnc-tsv-v1	C:\Users\Bogdan\Desktop\master-cancer-landscape\data\raw\hgnc\2026-09-26\hgnc_complete_set.txt	8842584fffe540d3895fe17898922d8a21b201683087d7073f8c68293c1c2a52
target	TGT-BRAF	hgnc_status	Approved	HGNC	HGNC:1097	2026-09-26	https://hgnc.genenames.org/download/	2026-09-26T08:59:59.571715+00:00	Observed database annotation	hgnc-tsv-v1	C:\Users\Bogdan\Desktop\master-cancer-landscape\data\raw\hgnc\2026-09-26\hgnc_complete_set.txt	8842584fffe540d3895fe17898922d8a21b201683087d7073f8c68293c1c2a52
target	TGT-BRAF	hgnc_date_modified	2023-01-20	HGNC	HGNC:1097	2026-09-26	https://hgnc.genenames.org/download/	2026-09-26T08:59:59.571715+00:00	Observed database annotation	hgnc-tsv-v1	C:\Users\Bogdan\Desktop\master-cancer-landscape\data\raw\hgnc\2026-09-26\hgnc_complete_set.txt	8842584fffe540d3895fe17898922d8a21b201683087d7073f8c68293c1c2a52
target	TGT-BRAF	ensembl_gene_id	ENSG00000157764	HGNC	HGNC:1097	2026-09-26	https://hgnc.genenames.org/download/	2026-09-26T08:59:59.571715+00:00	Observed database annotation	hgnc-tsv-v1	C:\Users\Bogdan\Desktop\master-cancer-landscape\data\raw\hgnc\2026-09-26\hgnc_complete_set.txt	8842584fffe540d3895fe17898922d8a21b201683087d7073f8c68293c1c2a52
target	TGT-BRAF	ncbi_gene_id	673	HGNC	HGNC:1097	2026-09-26	https://hgnc.genenames.org/download/	2026-09-26T08:59:59.571715+00:00	Observed database annotation	hgnc-tsv-v1	C:\Users\Bogdan\Desktop\master-cancer-landscape\data\raw\hgnc\2026-09-26\hgnc_complete_set.txt	8842584fffe540d3895fe17898922d8a21b201683087d7073f8c68293c1c2a52
target	TGT-BRAF	uniprot_id	P15056	HGNC	HGNC:1097	2026-09-26	https://hgnc.genenames.org/download/	2026-09-26T08:59:59.571715+00:00	Observed database annotation	hgnc-tsv-v1	C:\Users\Bogdan\Desktop\master-cancer-landscape\data\raw\hgnc\2026-09-26\hgnc_complete_set.txt	8842584fffe540d3895fe17898922d8a21b201683087d7073f8c68293c1c2a52
target	TGT-BRAF	mapping_status	exact_approved_symbol	HGNC	HGNC:1097	2026-09-26	https://hgnc.genenames.org/download/	2026-09-26T08:59:59.571715+00:00	Observed database annotation	hgnc-tsv-v1	C:\Users\Bogdan\Desktop\master-cancer-landscape\data\raw\hgnc\2026-09-26\hgnc_complete_set.txt	8842584fffe540d3895fe17898922d8a21b201683087d7073f8c68293c1c2a52
target	TGT-BRAF	mapping_basis	approved_symbol	HGNC	HGNC:1097	2026-09-26	https://hgnc.genenames.org/download/	2026-09-26T08:59:59.571715+00:00	Observed database annotation	hgnc-tsv-v1	C:\Users\Bogdan\Desktop\master-cancer-landscape\data\raw\hgnc\2026-09-26\hgnc_complete_set.txt	8842584fffe540d3895fe17898922d8a21b201683087d7073f8c68293c1c2a52
target	TGT-FLT3	hgnc_id	HGNC:3765	HGNC	HGNC:3765	2026-09-26	https://hgnc.genenames.org/download/	2026-09-26T08:59:59.571715+00:00	Observed database annotation	hgnc-tsv-v1	C:\Users\Bogdan\Desktop\master-cancer-landscape\data\raw\hgnc\2026-09-26\hgnc_complete_set.txt	688133dae3075089f0dbe2e1b6459a526832311b4e5536f87bc0f61a3b973cfc
target	TGT-FLT3	hgnc_symbol	FLT3	HGNC	HGNC:3765	2026-09-26	https://hgnc.genenames.org/download/	2026-09-26T08:59:59.571715+00:00	Observed database annotation	hgnc-tsv-v1	C:\Users\Bogdan\Desktop\master-cancer-landscape\data\raw\hgnc\2026-09-26\hgnc_complete_set.txt	688133dae3075089f0dbe2e1b6459a526832311b4e5536f87bc0f61a3b973cfc
target	TGT-FLT3	hgnc_approved_name	fms related receptor tyrosine kinase 3	HGNC	HGNC:3765	2026-09-26	https://hgnc.genenames.org/download/	2026-09-26T08:59:59.571715+00:00	Observed database annotation	hgnc-tsv-v1	C:\Users\Bogdan\Desktop\master-cancer-landscape\data\raw\hgnc\2026-09-26\hgnc_complete_set.txt	688133dae3075089f0dbe2e1b6459a526832311b4e5536f87bc0f61a3b973cfc
target	TGT-FLT3	hgnc_status	Approved	HGNC	HGNC:3765	2026-09-26	https://hgnc.genenames.org/download/	2026-09-26T08:59:59.571715+00:00	Observed database annotation	hgnc-tsv-v1	C:\Users\Bogdan\Desktop\master-cancer-landscape\data\raw\hgnc\2026-09-26\hgnc_complete_set.txt	688133dae3075089f0dbe2e1b6459a526832311b4e5536f87bc0f61a3b973cfc
target	TGT-FLT3	hgnc_date_modified	2023-01-20	HGNC	HGNC:3765	2026-09-26	https://hgnc.genenames.org/download/	2026-09-26T08:59:59.571715+00:00	Observed database annotation	hgnc-tsv-v1	C:\Users\Bogdan\Desktop\master-cancer-landscape\data\raw\hgnc\2026-09-26\hgnc_complete_set.txt	688133dae3075089f0dbe2e1b6459a526832311b4e5536f87bc0f61a3b973cfc
target	TGT-FLT3	ensembl_gene_id	ENSG00000122025	HGNC	HGNC:3765	2026-09-26	https://hgnc.genenames.org/download/	2026-09-26T08:59:59.571715+00:00	Observed database annotation	hgnc-tsv-v1	C:\Users\Bogdan\Desktop\master-cancer-landscape\data\raw\hgnc\2026-09-26\hgnc_complete_set.txt	688133dae3075089f0dbe2e1b6459a526832311b4e5536f87bc0f61a3b973cfc
target	TGT-FLT3	ncbi_gene_id	2322	HGNC	HGNC:3765	2026-09-26	https://hgnc.genenames.org/download/	2026-09-26T08:59:59.571715+00:00	Observed database annotation	hgnc-tsv-v1	C:\Users\Bogdan\Desktop\master-cancer-landscape\data\raw\hgnc\2026-09-26\hgnc_complete_set.txt	688133dae3075089f0dbe2e1b6459a526832311b4e5536f87bc0f61a3b973cfc
target	TGT-FLT3	uniprot_id	P36888	HGNC	HGNC:3765	2026-09-26	https://hgnc.genenames.org/download/	2026-09-26T08:59:59.571715+00:00	Observed database annotation	hgnc-tsv-v1	C:\Users\Bogdan\Desktop\master-cancer-landscape\data\raw\hgnc\2026-09-26\hgnc_complete_set.txt	688133dae3075089f0dbe2e1b6459a526832311b4e5536f87bc0f61a3b973cfc
target	TGT-FLT3	mapping_status	exact_approved_symbol	HGNC	HGNC:3765	2026-09-26	https://hgnc.genenames.org/download/	2026-09-26T08:59:59.571715+00:00	Observed database annotation	hgnc-tsv-v1	C:\Users\Bogdan\Desktop\master-cancer-landscape\data\raw\hgnc\2026-09-26\hgnc_complete_set.txt	688133dae3075089f0dbe2e1b6459a526832311b4e5536f87bc0f61a3b973cfc
target	TGT-FLT3	mapping_basis	approved_symbol	HGNC	HGNC:3765	2026-09-26	https://hgnc.genenames.org/download/	2026-09-26T08:59:59.571715+00:00	Observed database annotation	hgnc-tsv-v1	C:\Users\Bogdan\Desktop\master-cancer-landscape\data\raw\hgnc\2026-09-26\hgnc_complete_set.txt	688133dae3075089f0dbe2e1b6459a526832311b4e5536f87bc0f61a3b973cfc
target	TGT-IDH1	hgnc_id	HGNC:5382	HGNC	HGNC:5382	2026-09-26	https://hgnc.genenames.org/download/	2026-09-26T08:59:59.571715+00:00	Observed database annotation	hgnc-tsv-v1	C:\Users\Bogdan\Desktop\master-cancer-landscape\data\raw\hgnc\2026-09-26\hgnc_complete_set.txt	dfcab51d404eca691aaabaee4dccd7f24467fb2b6998afeca3ef4f3c01d42a0d
target	TGT-IDH1	hgnc_symbol	IDH1	HGNC	HGNC:5382	2026-09-26	https://hgnc.genenames.org/download/	2026-09-26T08:59:59.571715+00:00	Observed database annotation	hgnc-tsv-v1	C:\Users\Bogdan\Desktop\master-cancer-landscape\data\raw\hgnc\2026-09-26\hgnc_complete_set.txt	dfcab51d404eca691aaabaee4dccd7f24467fb2b6998afeca3ef4f3c01d42a0d
target	TGT-IDH1	hgnc_approved_name	isocitrate dehydrogenase (NADP(+)) 1	HGNC	HGNC:5382	2026-09-26	https://hgnc.genenames.org/download/	2026-09-26T08:59:59.571715+00:00	Observed database annotation	hgnc-tsv-v1	C:\Users\Bogdan\Desktop\master-cancer-landscape\data\raw\hgnc\2026-09-26\hgnc_complete_set.txt	dfcab51d404eca691aaabaee4dccd7f24467fb2b6998afeca3ef4f3c01d42a0d
target	TGT-IDH1	hgnc_status	Approved	HGNC	HGNC:5382	2026-09-26	https://hgnc.genenames.org/download/	2026-09-26T08:59:59.571715+00:00	Observed database annotation	hgnc-tsv-v1	C:\Users\Bogdan\Desktop\master-cancer-landscape\data\raw\hgnc\2026-09-26\hgnc_complete_set.txt	dfcab51d404eca691aaabaee4dccd7f24467fb2b6998afeca3ef4f3c01d42a0d
target	TGT-IDH1	hgnc_date_modified	2023-01-20	HGNC	HGNC:5382	2026-09-26	https://hgnc.genenames.org/download/	2026-09-26T08:59:59.571715+00:00	Observed database annotation	hgnc-tsv-v1	C:\Users\Bogdan\Desktop\master-cancer-landscape\data\raw\hgnc\2026-09-26\hgnc_complete_set.txt	dfcab51d404eca691aaabaee4dccd7f24467fb2b6998afeca3ef4f3c01d42a0d
target	TGT-IDH1	ensembl_gene_id	ENSG00000138413	HGNC	HGNC:5382	2026-09-26	https://hgnc.genenames.org/download/	2026-09-26T08:59:59.571715+00:00	Observed database annotation	hgnc-tsv-v1	C:\Users\Bogdan\Desktop\master-cancer-landscape\data\raw\hgnc\2026-09-26\hgnc_complete_set.txt	dfcab51d404eca691aaabaee4dccd7f24467fb2b6998afeca3ef4f3c01d42a0d
target	TGT-IDH1	ncbi_gene_id	3417	HGNC	HGNC:5382	2026-09-26	https://hgnc.genenames.org/download/	2026-09-26T08:59:59.571715+00:00	Observed database annotation	hgnc-tsv-v1	C:\Users\Bogdan\Desktop\master-cancer-landscape\data\raw\hgnc\2026-09-26\hgnc_complete_set.txt	dfcab51d404eca691aaabaee4dccd7f24467fb2b6998afeca3ef4f3c01d42a0d
target	TGT-IDH1	uniprot_id	O75874	HGNC	HGNC:5382	2026-09-26	https://hgnc.genenames.org/download/	2026-09-26T08:59:59.571715+00:00	Observed database annotation	hgnc-tsv-v1	C:\Users\Bogdan\Desktop\master-cancer-landscape\data\raw\hgnc\2026-09-26\hgnc_complete_set.txt	dfcab51d404eca691aaabaee4dccd7f24467fb2b6998afeca3ef4f3c01d42a0d
target	TGT-IDH1	mapping_status	exact_approved_symbol	HGNC	HGNC:5382	2026-09-26	https://hgnc.genenames.org/download/	2026-09-26T08:59:59.571715+00:00	Observed database annotation	hgnc-tsv-v1	C:\Users\Bogdan\Desktop\master-cancer-landscape\data\raw\hgnc\2026-09-26\hgnc_complete_set.txt	dfcab51d404eca691aaabaee4dccd7f24467fb2b6998afeca3ef4f3c01d42a0d
target	TGT-IDH1	mapping_basis	approved_symbol	HGNC	HGNC:5382	2026-09-26	https://hgnc.genenames.org/download/	2026-09-26T08:59:59.571715+00:00	Observed database annotation	hgnc-tsv-v1	C:\Users\Bogdan\Desktop\master-cancer-landscape\data\raw\hgnc\2026-09-26\hgnc_complete_set.txt	dfcab51d404eca691aaabaee4dccd7f24467fb2b6998afeca3ef4f3c01d42a0d
target	TGT-IDH2	hgnc_id	HGNC:5383	HGNC	HGNC:5383	2026-09-26	https://hgnc.genenames.org/download/	2026-09-26T08:59:59.571715+00:00	Observed database annotation	hgnc-tsv-v1	C:\Users\Bogdan\Desktop\master-cancer-landscape\data\raw\hgnc\2026-09-26\hgnc_complete_set.txt	77dee608ff591eccaeaa2a29f4ed0c6742f8ad64fbd5ebb8548b2b43ad37f1e7
target	TGT-IDH2	hgnc_symbol	IDH2	HGNC	HGNC:5383	2026-09-26	https://hgnc.genenames.org/download/	2026-09-26T08:59:59.571715+00:00	Observed database annotation	hgnc-tsv-v1	C:\Users\Bogdan\Desktop\master-cancer-landscape\data\raw\hgnc\2026-09-26\hgnc_complete_set.txt	77dee608ff591eccaeaa2a29f4ed0c6742f8ad64fbd5ebb8548b2b43ad37f1e7
target	TGT-IDH2	hgnc_approved_name	isocitrate dehydrogenase (NADP(+)) 2	HGNC	HGNC:5383	2026-09-26	https://hgnc.genenames.org/download/	2026-09-26T08:59:59.571715+00:00	Observed database annotation	hgnc-tsv-v1	C:\Users\Bogdan\Desktop\master-cancer-landscape\data\raw\hgnc\2026-09-26\hgnc_complete_set.txt	77dee608ff591eccaeaa2a29f4ed0c6742f8ad64fbd5ebb8548b2b43ad37f1e7
target	TGT-IDH2	hgnc_status	Approved	HGNC	HGNC:5383	2026-09-26	https://hgnc.genenames.org/download/	2026-09-26T08:59:59.571715+00:00	Observed database annotation	hgnc-tsv-v1	C:\Users\Bogdan\Desktop\master-cancer-landscape\data\raw\hgnc\2026-09-26\hgnc_complete_set.txt	77dee608ff591eccaeaa2a29f4ed0c6742f8ad64fbd5ebb8548b2b43ad37f1e7
target	TGT-IDH2	hgnc_date_modified	2023-01-20	HGNC	HGNC:5383	2026-09-26	https://hgnc.genenames.org/download/	2026-09-26T08:59:59.571715+00:00	Observed database annotation	hgnc-tsv-v1	C:\Users\Bogdan\Desktop\master-cancer-landscape\data\raw\hgnc\2026-09-26\hgnc_complete_set.txt	77dee608ff591eccaeaa2a29f4ed0c6742f8ad64fbd5ebb8548b2b43ad37f1e7
target	TGT-IDH2	ensembl_gene_id	ENSG00000182054	HGNC	HGNC:5383	2026-09-26	https://hgnc.genenames.org/download/	2026-09-26T08:59:59.571715+00:00	Observed database annotation	hgnc-tsv-v1	C:\Users\Bogdan\Desktop\master-cancer-landscape\data\raw\hgnc\2026-09-26\hgnc_complete_set.txt	77dee608ff591eccaeaa2a29f4ed0c6742f8ad64fbd5ebb8548b2b43ad37f1e7
target	TGT-IDH2	ncbi_gene_id	3418	HGNC	HGNC:5383	2026-09-26	https://hgnc.genenames.org/download/	2026-09-26T08:59:59.571715+00:00	Observed database annotation	hgnc-tsv-v1	C:\Users\Bogdan\Desktop\master-cancer-landscape\data\raw\hgnc\2026-09-26\hgnc_complete_set.txt	77dee608ff591eccaeaa2a29f4ed0c6742f8ad64fbd5ebb8548b2b43ad37f1e7
target	TGT-IDH2	uniprot_id	P48735	HGNC	HGNC:5383	2026-09-26	https://hgnc.genenames.org/download/	2026-09-26T08:59:59.571715+00:00	Observed database annotation	hgnc-tsv-v1	C:\Users\Bogdan\Desktop\master-cancer-landscape\data\raw\hgnc\2026-09-26\hgnc_complete_set.txt	77dee608ff591eccaeaa2a29f4ed0c6742f8ad64fbd5ebb8548b2b43ad37f1e7
target	TGT-IDH2	mapping_status	exact_approved_symbol	HGNC	HGNC:5383	2026-09-26	https://hgnc.genenames.org/download/	2026-09-26T08:59:59.571715+00:00	Observed database annotation	hgnc-tsv-v1	C:\Users\Bogdan\Desktop\master-cancer-landscape\data\raw\hgnc\2026-09-26\hgnc_complete_set.txt	77dee608ff591eccaeaa2a29f4ed0c6742f8ad64fbd5ebb8548b2b43ad37f1e7
target	TGT-IDH2	mapping_basis	approved_symbol	HGNC	HGNC:5383	2026-09-26	https://hgnc.genenames.org/download/	2026-09-26T08:59:59.571715+00:00	Observed database annotation	hgnc-tsv-v1	C:\Users\Bogdan\Desktop\master-cancer-landscape\data\raw\hgnc\2026-09-26\hgnc_complete_set.txt	77dee608ff591eccaeaa2a29f4ed0c6742f8ad64fbd5ebb8548b2b43ad37f1e7
target	TGT-VHL	hgnc_id	HGNC:12687	HGNC	HGNC:12687	2026-09-26	https://hgnc.genenames.org/download/	2026-09-26T08:59:59.571715+00:00	Observed database annotation	hgnc-tsv-v1	C:\Users\Bogdan\Desktop\master-cancer-landscape\data\raw\hgnc\2026-09-26\hgnc_complete_set.txt	35e263edaa9274e37dcb08cfcef125a023b18fde153c721b19b4605fda22b215
target	TGT-VHL	hgnc_symbol	VHL	HGNC	HGNC:12687	2026-09-26	https://hgnc.genenames.org/download/	2026-09-26T08:59:59.571715+00:00	Observed database annotation	hgnc-tsv-v1	C:\Users\Bogdan\Desktop\master-cancer-landscape\data\raw\hgnc\2026-09-26\hgnc_complete_set.txt	35e263edaa9274e37dcb08cfcef125a023b18fde153c721b19b4605fda22b215
target	TGT-VHL	hgnc_approved_name	von Hippel-Lindau tumor suppressor	HGNC	HGNC:12687	2026-09-26	https://hgnc.genenames.org/download/	2026-09-26T08:59:59.571715+00:00	Observed database annotation	hgnc-tsv-v1	C:\Users\Bogdan\Desktop\master-cancer-landscape\data\raw\hgnc\2026-09-26\hgnc_complete_set.txt	35e263edaa9274e37dcb08cfcef125a023b18fde153c721b19b4605fda22b215
target	TGT-VHL	hgnc_status	Approved	HGNC	HGNC:12687	2026-09-26	https://hgnc.genenames.org/download/	2026-09-26T08:59:59.571715+00:00	Observed database annotation	hgnc-tsv-v1	C:\Users\Bogdan\Desktop\master-cancer-landscape\data\raw\hgnc\2026-09-26\hgnc_complete_set.txt	35e263edaa9274e37dcb08cfcef125a023b18fde153c721b19b4605fda22b215
target	TGT-VHL	hgnc_date_modified	2023-01-20	HGNC	HGNC:12687	2026-09-26	https://hgnc.genenames.org/download/	2026-09-26T08:59:59.571715+00:00	Observed database annotation	hgnc-tsv-v1	C:\Users\Bogdan\Desktop\master-cancer-landscape\data\raw\hgnc\2026-09-26\hgnc_complete_set.txt	35e263edaa9274e37dcb08cfcef125a023b18fde153c721b19b4605fda22b215
target	TGT-VHL	ensembl_gene_id	ENSG00000134086	HGNC	HGNC:12687	2026-09-26	https://hgnc.genenames.org/download/	2026-09-26T08:59:59.571715+00:00	Observed database annotation	hgnc-tsv-v1	C:\Users\Bogdan\Desktop\master-cancer-landscape\data\raw\hgnc\2026-09-26\hgnc_complete_set.txt	35e263edaa9274e37dcb08cfcef125a023b18fde153c721b19b4605fda22b215
target	TGT-VHL	ncbi_gene_id	7428	HGNC	HGNC:12687	2026-09-26	https://hgnc.genenames.org/download/	2026-09-26T08:59:59.571715+00:00	Observed database annotation	hgnc-tsv-v1	C:\Users\Bogdan\Desktop\master-cancer-landscape\data\raw\hgnc\2026-09-26\hgnc_complete_set.txt	35e263edaa9274e37dcb08cfcef125a023b18fde153c721b19b4605fda22b215
target	TGT-VHL	uniprot_id	P40337	HGNC	HGNC:12687	2026-09-26	https://hgnc.genenames.org/download/	2026-09-26T08:59:59.571715+00:00	Observed database annotation	hgnc-tsv-v1	C:\Users\Bogdan\Desktop\master-cancer-landscape\data\raw\hgnc\2026-09-26\hgnc_complete_set.txt	35e263edaa9274e37dcb08cfcef125a023b18fde153c721b19b4605fda22b215
target	TGT-VHL	mapping_status	exact_approved_symbol	HGNC	HGNC:12687	2026-09-26	https://hgnc.genenames.org/download/	2026-09-26T08:59:59.571715+00:00	Observed database annotation	hgnc-tsv-v1	C:\Users\Bogdan\Desktop\master-cancer-landscape\data\raw\hgnc\2026-09-26\hgnc_complete_set.txt	35e263edaa9274e37dcb08cfcef125a023b18fde153c721b19b4605fda22b215
target	TGT-VHL	mapping_basis	approved_symbol	HGNC	HGNC:12687	2026-09-26	https://hgnc.genenames.org/download/	2026-09-26T08:59:59.571715+00:00	Observed database annotation	hgnc-tsv-v1	C:\Users\Bogdan\Desktop\master-cancer-landscape\data\raw\hgnc\2026-09-26\hgnc_complete_set.txt	35e263edaa9274e37dcb08cfcef125a023b18fde153c721b19b4605fda22b215
target	TGT-BRCA1	hgnc_id	HGNC:1100	HGNC	HGNC:1100	2026-09-26	https://hgnc.genenames.org/download/	2026-09-26T08:59:59.571715+00:00	Observed database annotation	hgnc-tsv-v1	C:\Users\Bogdan\Desktop\master-cancer-landscape\data\raw\hgnc\2026-09-26\hgnc_complete_set.txt	416be91624fd419387faf107641d28f711a92a3ff9acccf6b4e08dd6b5fa44b3
target	TGT-BRCA1	hgnc_symbol	BRCA1	HGNC	HGNC:1100	2026-09-26	https://hgnc.genenames.org/download/	2026-09-26T08:59:59.571715+00:00	Observed database annotation	hgnc-tsv-v1	C:\Users\Bogdan\Desktop\master-cancer-landscape\data\raw\hgnc\2026-09-26\hgnc_complete_set.txt	416be91624fd419387faf107641d28f711a92a3ff9acccf6b4e08dd6b5fa44b3
target	TGT-BRCA1	hgnc_approved_name	BRCA1 DNA repair associated	HGNC	HGNC:1100	2026-09-26	https://hgnc.genenames.org/download/	2026-09-26T08:59:59.571715+00:00	Observed database annotation	hgnc-tsv-v1	C:\Users\Bogdan\Desktop\master-cancer-landscape\data\raw\hgnc\2026-09-26\hgnc_complete_set.txt	416be91624fd419387faf107641d28f711a92a3ff9acccf6b4e08dd6b5fa44b3
target	TGT-BRCA1	hgnc_status	Approved	HGNC	HGNC:1100	2026-09-26	https://hgnc.genenames.org/download/	2026-09-26T08:59:59.571715+00:00	Observed database annotation	hgnc-tsv-v1	C:\Users\Bogdan\Desktop\master-cancer-landscape\data\raw\hgnc\2026-09-26\hgnc_complete_set.txt	416be91624fd419387faf107641d28f711a92a3ff9acccf6b4e08dd6b5fa44b3
target	TGT-BRCA1	hgnc_date_modified	2023-03-15	HGNC	HGNC:1100	2026-09-26	https://hgnc.genenames.org/download/	2026-09-26T08:59:59.571715+00:00	Observed database annotation	hgnc-tsv-v1	C:\Users\Bogdan\Desktop\master-cancer-landscape\data\raw\hgnc\2026-09-26\hgnc_complete_set.txt	416be91624fd419387faf107641d28f711a92a3ff9acccf6b4e08dd6b5fa44b3
target	TGT-BRCA1	ensembl_gene_id	ENSG00000012048	HGNC	HGNC:1100	2026-09-26	https://hgnc.genenames.org/download/	2026-09-26T08:59:59.571715+00:00	Observed database annotation	hgnc-tsv-v1	C:\Users\Bogdan\Desktop\master-cancer-landscape\data\raw\hgnc\2026-09-26\hgnc_complete_set.txt	416be91624fd419387faf107641d28f711a92a3ff9acccf6b4e08dd6b5fa44b3
target	TGT-BRCA1	ncbi_gene_id	672	HGNC	HGNC:1100	2026-09-26	https://hgnc.genenames.org/download/	2026-09-26T08:59:59.571715+00:00	Observed database annotation	hgnc-tsv-v1	C:\Users\Bogdan\Desktop\master-cancer-landscape\data\raw\hgnc\2026-09-26\hgnc_complete_set.txt	416be91624fd419387faf107641d28f711a92a3ff9acccf6b4e08dd6b5fa44b3
target	TGT-BRCA1	uniprot_id	P38398	HGNC	HGNC:1100	2026-09-26	https://hgnc.genenames.org/download/	2026-09-26T08:59:59.571715+00:00	Observed database annotation	hgnc-tsv-v1	C:\Users\Bogdan\Desktop\master-cancer-landscape\data\raw\hgnc\2026-09-26\hgnc_complete_set.txt	416be91624fd419387faf107641d28f711a92a3ff9acccf6b4e08dd6b5fa44b3
target	TGT-BRCA1	mapping_status	exact_approved_symbol	HGNC	HGNC:1100	2026-09-26	https://hgnc.genenames.org/download/	2026-09-26T08:59:59.571715+00:00	Observed database annotation	hgnc-tsv-v1	C:\Users\Bogdan\Desktop\master-cancer-landscape\data\raw\hgnc\2026-09-26\hgnc_complete_set.txt	416be91624fd419387faf107641d28f711a92a3ff9acccf6b4e08dd6b5fa44b3
target	TGT-BRCA1	mapping_basis	approved_symbol	HGNC	HGNC:1100	2026-09-26	https://hgnc.genenames.org/download/	2026-09-26T08:59:59.571715+00:00	Observed database annotation	hgnc-tsv-v1	C:\Users\Bogdan\Desktop\master-cancer-landscape\data\raw\hgnc\2026-09-26\hgnc_complete_set.txt	416be91624fd419387faf107641d28f711a92a3ff9acccf6b4e08dd6b5fa44b3
target	TGT-RET	hgnc_id	HGNC:9967	HGNC	HGNC:9967	2026-09-26	https://hgnc.genenames.org/download/	2026-09-26T08:59:59.571715+00:00	Observed database annotation	hgnc-tsv-v1	C:\Users\Bogdan\Desktop\master-cancer-landscape\data\raw\hgnc\2026-09-26\hgnc_complete_set.txt	1c39d372e42da93be01ecf2af2fbfe7effcfda8cba8b0c91694ee8af1a4a7832
target	TGT-RET	hgnc_symbol	RET	HGNC	HGNC:9967	2026-09-26	https://hgnc.genenames.org/download/	2026-09-26T08:59:59.571715+00:00	Observed database annotation	hgnc-tsv-v1	C:\Users\Bogdan\Desktop\master-cancer-landscape\data\raw\hgnc\2026-09-26\hgnc_complete_set.txt	1c39d372e42da93be01ecf2af2fbfe7effcfda8cba8b0c91694ee8af1a4a7832
target	TGT-RET	hgnc_approved_name	ret proto-oncogene	HGNC	HGNC:9967	2026-09-26	https://hgnc.genenames.org/download/	2026-09-26T08:59:59.571715+00:00	Observed database annotation	hgnc-tsv-v1	C:\Users\Bogdan\Desktop\master-cancer-landscape\data\raw\hgnc\2026-09-26\hgnc_complete_set.txt	1c39d372e42da93be01ecf2af2fbfe7effcfda8cba8b0c91694ee8af1a4a7832
target	TGT-RET	hgnc_status	Approved	HGNC	HGNC:9967	2026-09-26	https://hgnc.genenames.org/download/	2026-09-26T08:59:59.571715+00:00	Observed database annotation	hgnc-tsv-v1	C:\Users\Bogdan\Desktop\master-cancer-landscape\data\raw\hgnc\2026-09-26\hgnc_complete_set.txt	1c39d372e42da93be01ecf2af2fbfe7effcfda8cba8b0c91694ee8af1a4a7832
target	TGT-RET	hgnc_date_modified	2026-02-19	HGNC	HGNC:9967	2026-09-26	https://hgnc.genenames.org/download/	2026-09-26T08:59:59.571715+00:00	Observed database annotation	hgnc-tsv-v1	C:\Users\Bogdan\Desktop\master-cancer-landscape\data\raw\hgnc\2026-09-26\hgnc_complete_set.txt	1c39d372e42da93be01ecf2af2fbfe7effcfda8cba8b0c91694ee8af1a4a7832
target	TGT-RET	ensembl_gene_id	ENSG00000165731	HGNC	HGNC:9967	2026-09-26	https://hgnc.genenames.org/download/	2026-09-26T08:59:59.571715+00:00	Observed database annotation	hgnc-tsv-v1	C:\Users\Bogdan\Desktop\master-cancer-landscape\data\raw\hgnc\2026-09-26\hgnc_complete_set.txt	1c39d372e42da93be01ecf2af2fbfe7effcfda8cba8b0c91694ee8af1a4a7832
target	TGT-RET	ncbi_gene_id	5979	HGNC	HGNC:9967	2026-09-26	https://hgnc.genenames.org/download/	2026-09-26T08:59:59.571715+00:00	Observed database annotation	hgnc-tsv-v1	C:\Users\Bogdan\Desktop\master-cancer-landscape\data\raw\hgnc\2026-09-26\hgnc_complete_set.txt	1c39d372e42da93be01ecf2af2fbfe7effcfda8cba8b0c91694ee8af1a4a7832
target	TGT-RET	uniprot_id	P07949	HGNC	HGNC:9967	2026-09-26	https://hgnc.genenames.org/download/	2026-09-26T08:59:59.571715+00:00	Observed database annotation	hgnc-tsv-v1	C:\Users\Bogdan\Desktop\master-cancer-landscape\data\raw\hgnc\2026-09-26\hgnc_complete_set.txt	1c39d372e42da93be01ecf2af2fbfe7effcfda8cba8b0c91694ee8af1a4a7832
target	TGT-RET	mapping_status	exact_approved_symbol	HGNC	HGNC:9967	2026-09-26	https://hgnc.genenames.org/download/	2026-09-26T08:59:59.571715+00:00	Observed database annotation	hgnc-tsv-v1	C:\Users\Bogdan\Desktop\master-cancer-landscape\data\raw\hgnc\2026-09-26\hgnc_complete_set.txt	1c39d372e42da93be01ecf2af2fbfe7effcfda8cba8b0c91694ee8af1a4a7832
target	TGT-RET	mapping_basis	approved_symbol	HGNC	HGNC:9967	2026-09-26	https://hgnc.genenames.org/download/	2026-09-26T08:59:59.571715+00:00	Observed database annotation	hgnc-tsv-v1	C:\Users\Bogdan\Desktop\master-cancer-landscape\data\raw\hgnc\2026-09-26\hgnc_complete_set.txt	1c39d372e42da93be01ecf2af2fbfe7effcfda8cba8b0c91694ee8af1a4a7832
target	TGT-PTPN11	hgnc_id	HGNC:9644	HGNC	HGNC:9644	2026-09-26	https://hgnc.genenames.org/download/	2026-09-26T08:59:59.571715+00:00	Observed database annotation	hgnc-tsv-v1	C:\Users\Bogdan\Desktop\master-cancer-landscape\data\raw\hgnc\2026-09-26\hgnc_complete_set.txt	e75e404fff36609fad3719f9090aea61d07dfa16fac69fd43fae8c65e23c7874
target	TGT-PTPN11	hgnc_symbol	PTPN11	HGNC	HGNC:9644	2026-09-26	https://hgnc.genenames.org/download/	2026-09-26T08:59:59.571715+00:00	Observed database annotation	hgnc-tsv-v1	C:\Users\Bogdan\Desktop\master-cancer-landscape\data\raw\hgnc\2026-09-26\hgnc_complete_set.txt	e75e404fff36609fad3719f9090aea61d07dfa16fac69fd43fae8c65e23c7874
target	TGT-PTPN11	hgnc_approved_name	protein tyrosine phosphatase non-receptor type 11	HGNC	HGNC:9644	2026-09-26	https://hgnc.genenames.org/download/	2026-09-26T08:59:59.571715+00:00	Observed database annotation	hgnc-tsv-v1	C:\Users\Bogdan\Desktop\master-cancer-landscape\data\raw\hgnc\2026-09-26\hgnc_complete_set.txt	e75e404fff36609fad3719f9090aea61d07dfa16fac69fd43fae8c65e23c7874
target	TGT-PTPN11	hgnc_status	Approved	HGNC	HGNC:9644	2026-09-26	https://hgnc.genenames.org/download/	2026-09-26T08:59:59.571715+00:00	Observed database annotation	hgnc-tsv-v1	C:\Users\Bogdan\Desktop\master-cancer-landscape\data\raw\hgnc\2026-09-26\hgnc_complete_set.txt	e75e404fff36609fad3719f9090aea61d07dfa16fac69fd43fae8c65e23c7874
target	TGT-PTPN11	hgnc_date_modified	2023-01-20	HGNC	HGNC:9644	2026-09-26	https://hgnc.genenames.org/download/	2026-09-26T08:59:59.571715+00:00	Observed database annotation	hgnc-tsv-v1	C:\Users\Bogdan\Desktop\master-cancer-landscape\data\raw\hgnc\2026-09-26\hgnc_complete_set.txt	e75e404fff36609fad3719f9090aea61d07dfa16fac69fd43fae8c65e23c7874
target	TGT-PTPN11	ensembl_gene_id	ENSG00000179295	HGNC	HGNC:9644	2026-09-26	https://hgnc.genenames.org/download/	2026-09-26T08:59:59.571715+00:00	Observed database annotation	hgnc-tsv-v1	C:\Users\Bogdan\Desktop\master-cancer-landscape\data\raw\hgnc\2026-09-26\hgnc_complete_set.txt	e75e404fff36609fad3719f9090aea61d07dfa16fac69fd43fae8c65e23c7874
target	TGT-PTPN11	ncbi_gene_id	5781	HGNC	HGNC:9644	2026-09-26	https://hgnc.genenames.org/download/	2026-09-26T08:59:59.571715+00:00	Observed database annotation	hgnc-tsv-v1	C:\Users\Bogdan\Desktop\master-cancer-landscape\data\raw\hgnc\2026-09-26\hgnc_complete_set.txt	e75e404fff36609fad3719f9090aea61d07dfa16fac69fd43fae8c65e23c7874
target	TGT-PTPN11	uniprot_id	Q06124	HGNC	HGNC:9644	2026-09-26	https://hgnc.genenames.org/download/	2026-09-26T08:59:59.571715+00:00	Observed database annotation	hgnc-tsv-v1	C:\Users\Bogdan\Desktop\master-cancer-landscape\data\raw\hgnc\2026-09-26\hgnc_complete_set.txt	e75e404fff36609fad3719f9090aea61d07dfa16fac69fd43fae8c65e23c7874
target	TGT-PTPN11	mapping_status	exact_approved_symbol	HGNC	HGNC:9644	2026-09-26	https://hgnc.genenames.org/download/	2026-09-26T08:59:59.571715+00:00	Observed database annotation	hgnc-tsv-v1	C:\Users\Bogdan\Desktop\master-cancer-landscape\data\raw\hgnc\2026-09-26\hgnc_complete_set.txt	e75e404fff36609fad3719f9090aea61d07dfa16fac69fd43fae8c65e23c7874
target	TGT-PTPN11	mapping_basis	approved_symbol	HGNC	HGNC:9644	2026-09-26	https://hgnc.genenames.org/download/	2026-09-26T08:59:59.571715+00:00	Observed database annotation	hgnc-tsv-v1	C:\Users\Bogdan\Desktop\master-cancer-landscape\data\raw\hgnc\2026-09-26\hgnc_complete_set.txt	e75e404fff36609fad3719f9090aea61d07dfa16fac69fd43fae8c65e23c7874
target	TGT-SOS1	hgnc_id	HGNC:11187	HGNC	HGNC:11187	2026-09-26	https://hgnc.genenames.org/download/	2026-09-26T08:59:59.571715+00:00	Observed database annotation	hgnc-tsv-v1	C:\Users\Bogdan\Desktop\master-cancer-landscape\data\raw\hgnc\2026-09-26\hgnc_complete_set.txt	93e357ebe3e129f22b84d835bf7abc5f84345db3cb0faeeaff446f20018c7233
target	TGT-SOS1	hgnc_symbol	SOS1	HGNC	HGNC:11187	2026-09-26	https://hgnc.genenames.org/download/	2026-09-26T08:59:59.571715+00:00	Observed database annotation	hgnc-tsv-v1	C:\Users\Bogdan\Desktop\master-cancer-landscape\data\raw\hgnc\2026-09-26\hgnc_complete_set.txt	93e357ebe3e129f22b84d835bf7abc5f84345db3cb0faeeaff446f20018c7233
target	TGT-SOS1	hgnc_approved_name	SOS Ras/Rac guanine nucleotide exchange factor 1	HGNC	HGNC:11187	2026-09-26	https://hgnc.genenames.org/download/	2026-09-26T08:59:59.571715+00:00	Observed database annotation	hgnc-tsv-v1	C:\Users\Bogdan\Desktop\master-cancer-landscape\data\raw\hgnc\2026-09-26\hgnc_complete_set.txt	93e357ebe3e129f22b84d835bf7abc5f84345db3cb0faeeaff446f20018c7233
target	TGT-SOS1	hgnc_status	Approved	HGNC	HGNC:11187	2026-09-26	https://hgnc.genenames.org/download/	2026-09-26T08:59:59.571715+00:00	Observed database annotation	hgnc-tsv-v1	C:\Users\Bogdan\Desktop\master-cancer-landscape\data\raw\hgnc\2026-09-26\hgnc_complete_set.txt	93e357ebe3e129f22b84d835bf7abc5f84345db3cb0faeeaff446f20018c7233
target	TGT-SOS1	hgnc_date_modified	2023-01-20	HGNC	HGNC:11187	2026-09-26	https://hgnc.genenames.org/download/	2026-09-26T08:59:59.571715+00:00	Observed database annotation	hgnc-tsv-v1	C:\Users\Bogdan\Desktop\master-cancer-landscape\data\raw\hgnc\2026-09-26\hgnc_complete_set.txt	93e357ebe3e129f22b84d835bf7abc5f84345db3cb0faeeaff446f20018c7233
target	TGT-SOS1	ensembl_gene_id	ENSG00000115904	HGNC	HGNC:11187	2026-09-26	https://hgnc.genenames.org/download/	2026-09-26T08:59:59.571715+00:00	Observed database annotation	hgnc-tsv-v1	C:\Users\Bogdan\Desktop\master-cancer-landscape\data\raw\hgnc\2026-09-26\hgnc_complete_set.txt	93e357ebe3e129f22b84d835bf7abc5f84345db3cb0faeeaff446f20018c7233
target	TGT-SOS1	ncbi_gene_id	6654	HGNC	HGNC:11187	2026-09-26	https://hgnc.genenames.org/download/	2026-09-26T08:59:59.571715+00:00	Observed database annotation	hgnc-tsv-v1	C:\Users\Bogdan\Desktop\master-cancer-landscape\data\raw\hgnc\2026-09-26\hgnc_complete_set.txt	93e357ebe3e129f22b84d835bf7abc5f84345db3cb0faeeaff446f20018c7233
target	TGT-SOS1	uniprot_id	Q07889	HGNC	HGNC:11187	2026-09-26	https://hgnc.genenames.org/download/	2026-09-26T08:59:59.571715+00:00	Observed database annotation	hgnc-tsv-v1	C:\Users\Bogdan\Desktop\master-cancer-landscape\data\raw\hgnc\2026-09-26\hgnc_complete_set.txt	93e357ebe3e129f22b84d835bf7abc5f84345db3cb0faeeaff446f20018c7233
target	TGT-SOS1	mapping_status	exact_approved_symbol	HGNC	HGNC:11187	2026-09-26	https://hgnc.genenames.org/download/	2026-09-26T08:59:59.571715+00:00	Observed database annotation	hgnc-tsv-v1	C:\Users\Bogdan\Desktop\master-cancer-landscape\data\raw\hgnc\2026-09-26\hgnc_complete_set.txt	93e357ebe3e129f22b84d835bf7abc5f84345db3cb0faeeaff446f20018c7233
target	TGT-SOS1	mapping_basis	approved_symbol	HGNC	HGNC:11187	2026-09-26	https://hgnc.genenames.org/download/	2026-09-26T08:59:59.571715+00:00	Observed database annotation	hgnc-tsv-v1	C:\Users\Bogdan\Desktop\master-cancer-landscape\data\raw\hgnc\2026-09-26\hgnc_complete_set.txt	93e357ebe3e129f22b84d835bf7abc5f84345db3cb0faeeaff446f20018c7233
target	TGT-GRB2	hgnc_id	HGNC:4566	HGNC	HGNC:4566	2026-09-26	https://hgnc.genenames.org/download/	2026-09-26T08:59:59.571715+00:00	Observed database annotation	hgnc-tsv-v1	C:\Users\Bogdan\Desktop\master-cancer-landscape\data\raw\hgnc\2026-09-26\hgnc_complete_set.txt	ba1010828f7f1755c15da610ced901275a76d6c8884130fa38db1b4d32d0ea92
target	TGT-GRB2	hgnc_symbol	GRB2	HGNC	HGNC:4566	2026-09-26	https://hgnc.genenames.org/download/	2026-09-26T08:59:59.571715+00:00	Observed database annotation	hgnc-tsv-v1	C:\Users\Bogdan\Desktop\master-cancer-landscape\data\raw\hgnc\2026-09-26\hgnc_complete_set.txt	ba1010828f7f1755c15da610ced901275a76d6c8884130fa38db1b4d32d0ea92
target	TGT-GRB2	hgnc_approved_name	growth factor receptor bound protein 2	HGNC	HGNC:4566	2026-09-26	https://hgnc.genenames.org/download/	2026-09-26T08:59:59.571715+00:00	Observed database annotation	hgnc-tsv-v1	C:\Users\Bogdan\Desktop\master-cancer-landscape\data\raw\hgnc\2026-09-26\hgnc_complete_set.txt	ba1010828f7f1755c15da610ced901275a76d6c8884130fa38db1b4d32d0ea92
target	TGT-GRB2	hgnc_status	Approved	HGNC	HGNC:4566	2026-09-26	https://hgnc.genenames.org/download/	2026-09-26T08:59:59.571715+00:00	Observed database annotation	hgnc-tsv-v1	C:\Users\Bogdan\Desktop\master-cancer-landscape\data\raw\hgnc\2026-09-26\hgnc_complete_set.txt	ba1010828f7f1755c15da610ced901275a76d6c8884130fa38db1b4d32d0ea92
target	TGT-GRB2	hgnc_date_modified	2023-01-20	HGNC	HGNC:4566	2026-09-26	https://hgnc.genenames.org/download/	2026-09-26T08:59:59.571715+00:00	Observed database annotation	hgnc-tsv-v1	C:\Users\Bogdan\Desktop\master-cancer-landscape\data\raw\hgnc\2026-09-26\hgnc_complete_set.txt	ba1010828f7f1755c15da610ced901275a76d6c8884130fa38db1b4d32d0ea92
target	TGT-GRB2	ensembl_gene_id	ENSG00000177885	HGNC	HGNC:4566	2026-09-26	https://hgnc.genenames.org/download/	2026-09-26T08:59:59.571715+00:00	Observed database annotation	hgnc-tsv-v1	C:\Users\Bogdan\Desktop\master-cancer-landscape\data\raw\hgnc\2026-09-26\hgnc_complete_set.txt	ba1010828f7f1755c15da610ced901275a76d6c8884130fa38db1b4d32d0ea92
target	TGT-GRB2	ncbi_gene_id	2885	HGNC	HGNC:4566	2026-09-26	https://hgnc.genenames.org/download/	2026-09-26T08:59:59.571715+00:00	Observed database annotation	hgnc-tsv-v1	C:\Users\Bogdan\Desktop\master-cancer-landscape\data\raw\hgnc\2026-09-26\hgnc_complete_set.txt	ba1010828f7f1755c15da610ced901275a76d6c8884130fa38db1b4d32d0ea92
target	TGT-GRB2	uniprot_id	P62993	HGNC	HGNC:4566	2026-09-26	https://hgnc.genenames.org/download/	2026-09-26T08:59:59.571715+00:00	Observed database annotation	hgnc-tsv-v1	C:\Users\Bogdan\Desktop\master-cancer-landscape\data\raw\hgnc\2026-09-26\hgnc_complete_set.txt	ba1010828f7f1755c15da610ced901275a76d6c8884130fa38db1b4d32d0ea92
target	TGT-GRB2	mapping_status	exact_approved_symbol	HGNC	HGNC:4566	2026-09-26	https://hgnc.genenames.org/download/	2026-09-26T08:59:59.571715+00:00	Observed database annotation	hgnc-tsv-v1	C:\Users\Bogdan\Desktop\master-cancer-landscape\data\raw\hgnc\2026-09-26\hgnc_complete_set.txt	ba1010828f7f1755c15da610ced901275a76d6c8884130fa38db1b4d32d0ea92
target	TGT-GRB2	mapping_basis	approved_symbol	HGNC	HGNC:4566	2026-09-26	https://hgnc.genenames.org/download/	2026-09-26T08:59:59.571715+00:00	Observed database annotation	hgnc-tsv-v1	C:\Users\Bogdan\Desktop\master-cancer-landscape\data\raw\hgnc\2026-09-26\hgnc_complete_set.txt	ba1010828f7f1755c15da610ced901275a76d6c8884130fa38db1b4d32d0ea92
target	TGT-MET	hgnc_id	HGNC:7029	HGNC	HGNC:7029	2026-09-26	https://hgnc.genenames.org/download/	2026-09-26T08:59:59.571715+00:00	Observed database annotation	hgnc-tsv-v1	C:\Users\Bogdan\Desktop\master-cancer-landscape\data\raw\hgnc\2026-09-26\hgnc_complete_set.txt	eb9f9ce5406520b63acc849e3f6fb9477c7a74ef11d29c6c1a0176d0ada507a1
target	TGT-MET	hgnc_symbol	MET	HGNC	HGNC:7029	2026-09-26	https://hgnc.genenames.org/download/	2026-09-26T08:59:59.571715+00:00	Observed database annotation	hgnc-tsv-v1	C:\Users\Bogdan\Desktop\master-cancer-landscape\data\raw\hgnc\2026-09-26\hgnc_complete_set.txt	eb9f9ce5406520b63acc849e3f6fb9477c7a74ef11d29c6c1a0176d0ada507a1
target	TGT-MET	hgnc_approved_name	MET proto-oncogene, receptor tyrosine kinase	HGNC	HGNC:7029	2026-09-26	https://hgnc.genenames.org/download/	2026-09-26T08:59:59.571715+00:00	Observed database annotation	hgnc-tsv-v1	C:\Users\Bogdan\Desktop\master-cancer-landscape\data\raw\hgnc\2026-09-26\hgnc_complete_set.txt	eb9f9ce5406520b63acc849e3f6fb9477c7a74ef11d29c6c1a0176d0ada507a1
target	TGT-MET	hgnc_status	Approved	HGNC	HGNC:7029	2026-09-26	https://hgnc.genenames.org/download/	2026-09-26T08:59:59.571715+00:00	Observed database annotation	hgnc-tsv-v1	C:\Users\Bogdan\Desktop\master-cancer-landscape\data\raw\hgnc\2026-09-26\hgnc_complete_set.txt	eb9f9ce5406520b63acc849e3f6fb9477c7a74ef11d29c6c1a0176d0ada507a1
target	TGT-MET	hgnc_date_modified	2024-01-15	HGNC	HGNC:7029	2026-09-26	https://hgnc.genenames.org/download/	2026-09-26T08:59:59.571715+00:00	Observed database annotation	hgnc-tsv-v1	C:\Users\Bogdan\Desktop\master-cancer-landscape\data\raw\hgnc\2026-09-26\hgnc_complete_set.txt	eb9f9ce5406520b63acc849e3f6fb9477c7a74ef11d29c6c1a0176d0ada507a1
target	TGT-MET	ensembl_gene_id	ENSG00000105976	HGNC	HGNC:7029	2026-09-26	https://hgnc.genenames.org/download/	2026-09-26T08:59:59.571715+00:00	Observed database annotation	hgnc-tsv-v1	C:\Users\Bogdan\Desktop\master-cancer-landscape\data\raw\hgnc\2026-09-26\hgnc_complete_set.txt	eb9f9ce5406520b63acc849e3f6fb9477c7a74ef11d29c6c1a0176d0ada507a1
target	TGT-MET	ncbi_gene_id	4233	HGNC	HGNC:7029	2026-09-26	https://hgnc.genenames.org/download/	2026-09-26T08:59:59.571715+00:00	Observed database annotation	hgnc-tsv-v1	C:\Users\Bogdan\Desktop\master-cancer-landscape\data\raw\hgnc\2026-09-26\hgnc_complete_set.txt	eb9f9ce5406520b63acc849e3f6fb9477c7a74ef11d29c6c1a0176d0ada507a1
target	TGT-MET	uniprot_id	P08581	HGNC	HGNC:7029	2026-09-26	https://hgnc.genenames.org/download/	2026-09-26T08:59:59.571715+00:00	Observed database annotation	hgnc-tsv-v1	C:\Users\Bogdan\Desktop\master-cancer-landscape\data\raw\hgnc\2026-09-26\hgnc_complete_set.txt	eb9f9ce5406520b63acc849e3f6fb9477c7a74ef11d29c6c1a0176d0ada507a1
target	TGT-MET	mapping_status	exact_approved_symbol	HGNC	HGNC:7029	2026-09-26	https://hgnc.genenames.org/download/	2026-09-26T08:59:59.571715+00:00	Observed database annotation	hgnc-tsv-v1	C:\Users\Bogdan\Desktop\master-cancer-landscape\data\raw\hgnc\2026-09-26\hgnc_complete_set.txt	eb9f9ce5406520b63acc849e3f6fb9477c7a74ef11d29c6c1a0176d0ada507a1
target	TGT-MET	mapping_basis	approved_symbol	HGNC	HGNC:7029	2026-09-26	https://hgnc.genenames.org/download/	2026-09-26T08:59:59.571715+00:00	Observed database annotation	hgnc-tsv-v1	C:\Users\Bogdan\Desktop\master-cancer-landscape\data\raw\hgnc\2026-09-26\hgnc_complete_set.txt	eb9f9ce5406520b63acc849e3f6fb9477c7a74ef11d29c6c1a0176d0ada507a1
target	TGT-MAP2K1	hgnc_id	HGNC:6840	HGNC	HGNC:6840	2026-09-26	https://hgnc.genenames.org/download/	2026-09-26T08:59:59.571715+00:00	Observed database annotation	hgnc-tsv-v1	C:\Users\Bogdan\Desktop\master-cancer-landscape\data\raw\hgnc\2026-09-26\hgnc_complete_set.txt	060a4ac7b39ef6aa646197475944fb83210025b225f695ab69c21250e450269d
target	TGT-MAP2K1	hgnc_symbol	MAP2K1	HGNC	HGNC:6840	2026-09-26	https://hgnc.genenames.org/download/	2026-09-26T08:59:59.571715+00:00	Observed database annotation	hgnc-tsv-v1	C:\Users\Bogdan\Desktop\master-cancer-landscape\data\raw\hgnc\2026-09-26\hgnc_complete_set.txt	060a4ac7b39ef6aa646197475944fb83210025b225f695ab69c21250e450269d
target	TGT-MAP2K1	hgnc_approved_name	mitogen-activated protein kinase kinase 1	HGNC	HGNC:6840	2026-09-26	https://hgnc.genenames.org/download/	2026-09-26T08:59:59.571715+00:00	Observed database annotation	hgnc-tsv-v1	C:\Users\Bogdan\Desktop\master-cancer-landscape\data\raw\hgnc\2026-09-26\hgnc_complete_set.txt	060a4ac7b39ef6aa646197475944fb83210025b225f695ab69c21250e450269d
target	TGT-MAP2K1	hgnc_status	Approved	HGNC	HGNC:6840	2026-09-26	https://hgnc.genenames.org/download/	2026-09-26T08:59:59.571715+00:00	Observed database annotation	hgnc-tsv-v1	C:\Users\Bogdan\Desktop\master-cancer-landscape\data\raw\hgnc\2026-09-26\hgnc_complete_set.txt	060a4ac7b39ef6aa646197475944fb83210025b225f695ab69c21250e450269d
target	TGT-MAP2K1	hgnc_date_modified	2023-08-02	HGNC	HGNC:6840	2026-09-26	https://hgnc.genenames.org/download/	2026-09-26T08:59:59.571715+00:00	Observed database annotation	hgnc-tsv-v1	C:\Users\Bogdan\Desktop\master-cancer-landscape\data\raw\hgnc\2026-09-26\hgnc_complete_set.txt	060a4ac7b39ef6aa646197475944fb83210025b225f695ab69c21250e450269d
target	TGT-MAP2K1	ensembl_gene_id	ENSG00000169032	HGNC	HGNC:6840	2026-09-26	https://hgnc.genenames.org/download/	2026-09-26T08:59:59.571715+00:00	Observed database annotation	hgnc-tsv-v1	C:\Users\Bogdan\Desktop\master-cancer-landscape\data\raw\hgnc\2026-09-26\hgnc_complete_set.txt	060a4ac7b39ef6aa646197475944fb83210025b225f695ab69c21250e450269d
target	TGT-MAP2K1	ncbi_gene_id	5604	HGNC	HGNC:6840	2026-09-26	https://hgnc.genenames.org/download/	2026-09-26T08:59:59.571715+00:00	Observed database annotation	hgnc-tsv-v1	C:\Users\Bogdan\Desktop\master-cancer-landscape\data\raw\hgnc\2026-09-26\hgnc_complete_set.txt	060a4ac7b39ef6aa646197475944fb83210025b225f695ab69c21250e450269d
target	TGT-MAP2K1	uniprot_id	Q02750	HGNC	HGNC:6840	2026-09-26	https://hgnc.genenames.org/download/	2026-09-26T08:59:59.571715+00:00	Observed database annotation	hgnc-tsv-v1	C:\Users\Bogdan\Desktop\master-cancer-landscape\data\raw\hgnc\2026-09-26\hgnc_complete_set.txt	060a4ac7b39ef6aa646197475944fb83210025b225f695ab69c21250e450269d
target	TGT-MAP2K1	mapping_status	exact_approved_symbol	HGNC	HGNC:6840	2026-09-26	https://hgnc.genenames.org/download/	2026-09-26T08:59:59.571715+00:00	Observed database annotation	hgnc-tsv-v1	C:\Users\Bogdan\Desktop\master-cancer-landscape\data\raw\hgnc\2026-09-26\hgnc_complete_set.txt	060a4ac7b39ef6aa646197475944fb83210025b225f695ab69c21250e450269d
target	TGT-MAP2K1	mapping_basis	approved_symbol	HGNC	HGNC:6840	2026-09-26	https://hgnc.genenames.org/download/	2026-09-26T08:59:59.571715+00:00	Observed database annotation	hgnc-tsv-v1	C:\Users\Bogdan\Desktop\master-cancer-landscape\data\raw\hgnc\2026-09-26\hgnc_complete_set.txt	060a4ac7b39ef6aa646197475944fb83210025b225f695ab69c21250e450269d
target	TGT-RAF1	hgnc_id	HGNC:9829	HGNC	HGNC:9829	2026-09-26	https://hgnc.genenames.org/download/	2026-09-26T08:59:59.571715+00:00	Observed database annotation	hgnc-tsv-v1	C:\Users\Bogdan\Desktop\master-cancer-landscape\data\raw\hgnc\2026-09-26\hgnc_complete_set.txt	e0399425999efda599e3c1dcacc594fdb3ed39f1bb99588407e14c2bd8a84fea
target	TGT-RAF1	hgnc_symbol	RAF1	HGNC	HGNC:9829	2026-09-26	https://hgnc.genenames.org/download/	2026-09-26T08:59:59.571715+00:00	Observed database annotation	hgnc-tsv-v1	C:\Users\Bogdan\Desktop\master-cancer-landscape\data\raw\hgnc\2026-09-26\hgnc_complete_set.txt	e0399425999efda599e3c1dcacc594fdb3ed39f1bb99588407e14c2bd8a84fea
target	TGT-RAF1	hgnc_approved_name	Raf-1 proto-oncogene, serine/threonine kinase	HGNC	HGNC:9829	2026-09-26	https://hgnc.genenames.org/download/	2026-09-26T08:59:59.571715+00:00	Observed database annotation	hgnc-tsv-v1	C:\Users\Bogdan\Desktop\master-cancer-landscape\data\raw\hgnc\2026-09-26\hgnc_complete_set.txt	e0399425999efda599e3c1dcacc594fdb3ed39f1bb99588407e14c2bd8a84fea
target	TGT-RAF1	hgnc_status	Approved	HGNC	HGNC:9829	2026-09-26	https://hgnc.genenames.org/download/	2026-09-26T08:59:59.571715+00:00	Observed database annotation	hgnc-tsv-v1	C:\Users\Bogdan\Desktop\master-cancer-landscape\data\raw\hgnc\2026-09-26\hgnc_complete_set.txt	e0399425999efda599e3c1dcacc594fdb3ed39f1bb99588407e14c2bd8a84fea
target	TGT-RAF1	hgnc_date_modified	2023-01-20	HGNC	HGNC:9829	2026-09-26	https://hgnc.genenames.org/download/	2026-09-26T08:59:59.571715+00:00	Observed database annotation	hgnc-tsv-v1	C:\Users\Bogdan\Desktop\master-cancer-landscape\data\raw\hgnc\2026-09-26\hgnc_complete_set.txt	e0399425999efda599e3c1dcacc594fdb3ed39f1bb99588407e14c2bd8a84fea
target	TGT-RAF1	ensembl_gene_id	ENSG00000132155	HGNC	HGNC:9829	2026-09-26	https://hgnc.genenames.org/download/	2026-09-26T08:59:59.571715+00:00	Observed database annotation	hgnc-tsv-v1	C:\Users\Bogdan\Desktop\master-cancer-landscape\data\raw\hgnc\2026-09-26\hgnc_complete_set.txt	e0399425999efda599e3c1dcacc594fdb3ed39f1bb99588407e14c2bd8a84fea
target	TGT-RAF1	ncbi_gene_id	5894	HGNC	HGNC:9829	2026-09-26	https://hgnc.genenames.org/download/	2026-09-26T08:59:59.571715+00:00	Observed database annotation	hgnc-tsv-v1	C:\Users\Bogdan\Desktop\master-cancer-landscape\data\raw\hgnc\2026-09-26\hgnc_complete_set.txt	e0399425999efda599e3c1dcacc594fdb3ed39f1bb99588407e14c2bd8a84fea
target	TGT-RAF1	uniprot_id	P04049	HGNC	HGNC:9829	2026-09-26	https://hgnc.genenames.org/download/	2026-09-26T08:59:59.571715+00:00	Observed database annotation	hgnc-tsv-v1	C:\Users\Bogdan\Desktop\master-cancer-landscape\data\raw\hgnc\2026-09-26\hgnc_complete_set.txt	e0399425999efda599e3c1dcacc594fdb3ed39f1bb99588407e14c2bd8a84fea
target	TGT-RAF1	mapping_status	exact_approved_symbol	HGNC	HGNC:9829	2026-09-26	https://hgnc.genenames.org/download/	2026-09-26T08:59:59.571715+00:00	Observed database annotation	hgnc-tsv-v1	C:\Users\Bogdan\Desktop\master-cancer-landscape\data\raw\hgnc\2026-09-26\hgnc_complete_set.txt	e0399425999efda599e3c1dcacc594fdb3ed39f1bb99588407e14c2bd8a84fea
target	TGT-RAF1	mapping_basis	approved_symbol	HGNC	HGNC:9829	2026-09-26	https://hgnc.genenames.org/download/	2026-09-26T08:59:59.571715+00:00	Observed database annotation	hgnc-tsv-v1	C:\Users\Bogdan\Desktop\master-cancer-landscape\data\raw\hgnc\2026-09-26\hgnc_complete_set.txt	e0399425999efda599e3c1dcacc594fdb3ed39f1bb99588407e14c2bd8a84fea
target	TGT-ULK1	hgnc_id	HGNC:12558	HGNC	HGNC:12558	2026-09-26	https://hgnc.genenames.org/download/	2026-09-26T08:59:59.571715+00:00	Observed database annotation	hgnc-tsv-v1	C:\Users\Bogdan\Desktop\master-cancer-landscape\data\raw\hgnc\2026-09-26\hgnc_complete_set.txt	b2f1f83b475c17e8133006dad38de421fabc4747a12fed1deba19527a027d982
target	TGT-ULK1	hgnc_symbol	ULK1	HGNC	HGNC:12558	2026-09-26	https://hgnc.genenames.org/download/	2026-09-26T08:59:59.571715+00:00	Observed database annotation	hgnc-tsv-v1	C:\Users\Bogdan\Desktop\master-cancer-landscape\data\raw\hgnc\2026-09-26\hgnc_complete_set.txt	b2f1f83b475c17e8133006dad38de421fabc4747a12fed1deba19527a027d982
target	TGT-ULK1	hgnc_approved_name	unc-51 like autophagy activating kinase 1	HGNC	HGNC:12558	2026-09-26	https://hgnc.genenames.org/download/	2026-09-26T08:59:59.571715+00:00	Observed database annotation	hgnc-tsv-v1	C:\Users\Bogdan\Desktop\master-cancer-landscape\data\raw\hgnc\2026-09-26\hgnc_complete_set.txt	b2f1f83b475c17e8133006dad38de421fabc4747a12fed1deba19527a027d982
target	TGT-ULK1	hgnc_status	Approved	HGNC	HGNC:12558	2026-09-26	https://hgnc.genenames.org/download/	2026-09-26T08:59:59.571715+00:00	Observed database annotation	hgnc-tsv-v1	C:\Users\Bogdan\Desktop\master-cancer-landscape\data\raw\hgnc\2026-09-26\hgnc_complete_set.txt	b2f1f83b475c17e8133006dad38de421fabc4747a12fed1deba19527a027d982
target	TGT-ULK1	hgnc_date_modified	2026-04-02	HGNC	HGNC:12558	2026-09-26	https://hgnc.genenames.org/download/	2026-09-26T08:59:59.571715+00:00	Observed database annotation	hgnc-tsv-v1	C:\Users\Bogdan\Desktop\master-cancer-landscape\data\raw\hgnc\2026-09-26\hgnc_complete_set.txt	b2f1f83b475c17e8133006dad38de421fabc4747a12fed1deba19527a027d982
target	TGT-ULK1	ensembl_gene_id	ENSG00000177169	HGNC	HGNC:12558	2026-09-26	https://hgnc.genenames.org/download/	2026-09-26T08:59:59.571715+00:00	Observed database annotation	hgnc-tsv-v1	C:\Users\Bogdan\Desktop\master-cancer-landscape\data\raw\hgnc\2026-09-26\hgnc_complete_set.txt	b2f1f83b475c17e8133006dad38de421fabc4747a12fed1deba19527a027d982
target	TGT-ULK1	ncbi_gene_id	8408	HGNC	HGNC:12558	2026-09-26	https://hgnc.genenames.org/download/	2026-09-26T08:59:59.571715+00:00	Observed database annotation	hgnc-tsv-v1	C:\Users\Bogdan\Desktop\master-cancer-landscape\data\raw\hgnc\2026-09-26\hgnc_complete_set.txt	b2f1f83b475c17e8133006dad38de421fabc4747a12fed1deba19527a027d982
target	TGT-ULK1	uniprot_id	O75385	HGNC	HGNC:12558	2026-09-26	https://hgnc.genenames.org/download/	2026-09-26T08:59:59.571715+00:00	Observed database annotation	hgnc-tsv-v1	C:\Users\Bogdan\Desktop\master-cancer-landscape\data\raw\hgnc\2026-09-26\hgnc_complete_set.txt	b2f1f83b475c17e8133006dad38de421fabc4747a12fed1deba19527a027d982
target	TGT-ULK1	mapping_status	exact_approved_symbol	HGNC	HGNC:12558	2026-09-26	https://hgnc.genenames.org/download/	2026-09-26T08:59:59.571715+00:00	Observed database annotation	hgnc-tsv-v1	C:\Users\Bogdan\Desktop\master-cancer-landscape\data\raw\hgnc\2026-09-26\hgnc_complete_set.txt	b2f1f83b475c17e8133006dad38de421fabc4747a12fed1deba19527a027d982
target	TGT-ULK1	mapping_basis	approved_symbol	HGNC	HGNC:12558	2026-09-26	https://hgnc.genenames.org/download/	2026-09-26T08:59:59.571715+00:00	Observed database annotation	hgnc-tsv-v1	C:\Users\Bogdan\Desktop\master-cancer-landscape\data\raw\hgnc\2026-09-26\hgnc_complete_set.txt	b2f1f83b475c17e8133006dad38de421fabc4747a12fed1deba19527a027d982
target	TGT-PIK3CA	hgnc_id	HGNC:8975	HGNC	HGNC:8975	2026-09-26	https://hgnc.genenames.org/download/	2026-09-26T08:59:59.571715+00:00	Observed database annotation	hgnc-tsv-v1	C:\Users\Bogdan\Desktop\master-cancer-landscape\data\raw\hgnc\2026-09-26\hgnc_complete_set.txt	5f40823d770df658452b2d2596cd9e9f401f9a18ea9a341578d918d2fd4d8fe5
target	TGT-PIK3CA	hgnc_symbol	PIK3CA	HGNC	HGNC:8975	2026-09-26	https://hgnc.genenames.org/download/	2026-09-26T08:59:59.571715+00:00	Observed database annotation	hgnc-tsv-v1	C:\Users\Bogdan\Desktop\master-cancer-landscape\data\raw\hgnc\2026-09-26\hgnc_complete_set.txt	5f40823d770df658452b2d2596cd9e9f401f9a18ea9a341578d918d2fd4d8fe5
target	TGT-PIK3CA	hgnc_approved_name	phosphatidylinositol-4,5-bisphosphate 3-kinase catalytic subunit alpha	HGNC	HGNC:8975	2026-09-26	https://hgnc.genenames.org/download/	2026-09-26T08:59:59.571715+00:00	Observed database annotation	hgnc-tsv-v1	C:\Users\Bogdan\Desktop\master-cancer-landscape\data\raw\hgnc\2026-09-26\hgnc_complete_set.txt	5f40823d770df658452b2d2596cd9e9f401f9a18ea9a341578d918d2fd4d8fe5
target	TGT-PIK3CA	hgnc_status	Approved	HGNC	HGNC:8975	2026-09-26	https://hgnc.genenames.org/download/	2026-09-26T08:59:59.571715+00:00	Observed database annotation	hgnc-tsv-v1	C:\Users\Bogdan\Desktop\master-cancer-landscape\data\raw\hgnc\2026-09-26\hgnc_complete_set.txt	5f40823d770df658452b2d2596cd9e9f401f9a18ea9a341578d918d2fd4d8fe5
target	TGT-PIK3CA	hgnc_date_modified	2023-01-20	HGNC	HGNC:8975	2026-09-26	https://hgnc.genenames.org/download/	2026-09-26T08:59:59.571715+00:00	Observed database annotation	hgnc-tsv-v1	C:\Users\Bogdan\Desktop\master-cancer-landscape\data\raw\hgnc\2026-09-26\hgnc_complete_set.txt	5f40823d770df658452b2d2596cd9e9f401f9a18ea9a341578d918d2fd4d8fe5
target	TGT-PIK3CA	ensembl_gene_id	ENSG00000121879	HGNC	HGNC:8975	2026-09-26	https://hgnc.genenames.org/download/	2026-09-26T08:59:59.571715+00:00	Observed database annotation	hgnc-tsv-v1	C:\Users\Bogdan\Desktop\master-cancer-landscape\data\raw\hgnc\2026-09-26\hgnc_complete_set.txt	5f40823d770df658452b2d2596cd9e9f401f9a18ea9a341578d918d2fd4d8fe5
target	TGT-PIK3CA	ncbi_gene_id	5290	HGNC	HGNC:8975	2026-09-26	https://hgnc.genenames.org/download/	2026-09-26T08:59:59.571715+00:00	Observed database annotation	hgnc-tsv-v1	C:\Users\Bogdan\Desktop\master-cancer-landscape\data\raw\hgnc\2026-09-26\hgnc_complete_set.txt	5f40823d770df658452b2d2596cd9e9f401f9a18ea9a341578d918d2fd4d8fe5
target	TGT-PIK3CA	uniprot_id	P42336	HGNC	HGNC:8975	2026-09-26	https://hgnc.genenames.org/download/	2026-09-26T08:59:59.571715+00:00	Observed database annotation	hgnc-tsv-v1	C:\Users\Bogdan\Desktop\master-cancer-landscape\data\raw\hgnc\2026-09-26\hgnc_complete_set.txt	5f40823d770df658452b2d2596cd9e9f401f9a18ea9a341578d918d2fd4d8fe5
target	TGT-PIK3CA	mapping_status	exact_approved_symbol	HGNC	HGNC:8975	2026-09-26	https://hgnc.genenames.org/download/	2026-09-26T08:59:59.571715+00:00	Observed database annotation	hgnc-tsv-v1	C:\Users\Bogdan\Desktop\master-cancer-landscape\data\raw\hgnc\2026-09-26\hgnc_complete_set.txt	5f40823d770df658452b2d2596cd9e9f401f9a18ea9a341578d918d2fd4d8fe5
target	TGT-PIK3CA	mapping_basis	approved_symbol	HGNC	HGNC:8975	2026-09-26	https://hgnc.genenames.org/download/	2026-09-26T08:59:59.571715+00:00	Observed database annotation	hgnc-tsv-v1	C:\Users\Bogdan\Desktop\master-cancer-landscape\data\raw\hgnc\2026-09-26\hgnc_complete_set.txt	5f40823d770df658452b2d2596cd9e9f401f9a18ea9a341578d918d2fd4d8fe5
target	TGT-CDK6	hgnc_id	HGNC:1777	HGNC	HGNC:1777	2026-09-26	https://hgnc.genenames.org/download/	2026-09-26T08:59:59.571715+00:00	Observed database annotation	hgnc-tsv-v1	C:\Users\Bogdan\Desktop\master-cancer-landscape\data\raw\hgnc\2026-09-26\hgnc_complete_set.txt	ce26a5af0c95032c3668c214d6dd0095d3e96325e24bce41f0ea9d51e010bd86
target	TGT-CDK6	hgnc_symbol	CDK6	HGNC	HGNC:1777	2026-09-26	https://hgnc.genenames.org/download/	2026-09-26T08:59:59.571715+00:00	Observed database annotation	hgnc-tsv-v1	C:\Users\Bogdan\Desktop\master-cancer-landscape\data\raw\hgnc\2026-09-26\hgnc_complete_set.txt	ce26a5af0c95032c3668c214d6dd0095d3e96325e24bce41f0ea9d51e010bd86
target	TGT-CDK6	hgnc_approved_name	cyclin dependent kinase 6	HGNC	HGNC:1777	2026-09-26	https://hgnc.genenames.org/download/	2026-09-26T08:59:59.571715+00:00	Observed database annotation	hgnc-tsv-v1	C:\Users\Bogdan\Desktop\master-cancer-landscape\data\raw\hgnc\2026-09-26\hgnc_complete_set.txt	ce26a5af0c95032c3668c214d6dd0095d3e96325e24bce41f0ea9d51e010bd86
target	TGT-CDK6	hgnc_status	Approved	HGNC	HGNC:1777	2026-09-26	https://hgnc.genenames.org/download/	2026-09-26T08:59:59.571715+00:00	Observed database annotation	hgnc-tsv-v1	C:\Users\Bogdan\Desktop\master-cancer-landscape\data\raw\hgnc\2026-09-26\hgnc_complete_set.txt	ce26a5af0c95032c3668c214d6dd0095d3e96325e24bce41f0ea9d51e010bd86
target	TGT-CDK6	hgnc_date_modified	2023-01-20	HGNC	HGNC:1777	2026-09-26	https://hgnc.genenames.org/download/	2026-09-26T08:59:59.571715+00:00	Observed database annotation	hgnc-tsv-v1	C:\Users\Bogdan\Desktop\master-cancer-landscape\data\raw\hgnc\2026-09-26\hgnc_complete_set.txt	ce26a5af0c95032c3668c214d6dd0095d3e96325e24bce41f0ea9d51e010bd86
target	TGT-CDK6	ensembl_gene_id	ENSG00000105810	HGNC	HGNC:1777	2026-09-26	https://hgnc.genenames.org/download/	2026-09-26T08:59:59.571715+00:00	Observed database annotation	hgnc-tsv-v1	C:\Users\Bogdan\Desktop\master-cancer-landscape\data\raw\hgnc\2026-09-26\hgnc_complete_set.txt	ce26a5af0c95032c3668c214d6dd0095d3e96325e24bce41f0ea9d51e010bd86
target	TGT-CDK6	ncbi_gene_id	1021	HGNC	HGNC:1777	2026-09-26	https://hgnc.genenames.org/download/	2026-09-26T08:59:59.571715+00:00	Observed database annotation	hgnc-tsv-v1	C:\Users\Bogdan\Desktop\master-cancer-landscape\data\raw\hgnc\2026-09-26\hgnc_complete_set.txt	ce26a5af0c95032c3668c214d6dd0095d3e96325e24bce41f0ea9d51e010bd86
target	TGT-CDK6	uniprot_id	Q00534	HGNC	HGNC:1777	2026-09-26	https://hgnc.genenames.org/download/	2026-09-26T08:59:59.571715+00:00	Observed database annotation	hgnc-tsv-v1	C:\Users\Bogdan\Desktop\master-cancer-landscape\data\raw\hgnc\2026-09-26\hgnc_complete_set.txt	ce26a5af0c95032c3668c214d6dd0095d3e96325e24bce41f0ea9d51e010bd86
target	TGT-CDK6	mapping_status	exact_approved_symbol	HGNC	HGNC:1777	2026-09-26	https://hgnc.genenames.org/download/	2026-09-26T08:59:59.571715+00:00	Observed database annotation	hgnc-tsv-v1	C:\Users\Bogdan\Desktop\master-cancer-landscape\data\raw\hgnc\2026-09-26\hgnc_complete_set.txt	ce26a5af0c95032c3668c214d6dd0095d3e96325e24bce41f0ea9d51e010bd86
target	TGT-CDK6	mapping_basis	approved_symbol	HGNC	HGNC:1777	2026-09-26	https://hgnc.genenames.org/download/	2026-09-26T08:59:59.571715+00:00	Observed database annotation	hgnc-tsv-v1	C:\Users\Bogdan\Desktop\master-cancer-landscape\data\raw\hgnc\2026-09-26\hgnc_complete_set.txt	ce26a5af0c95032c3668c214d6dd0095d3e96325e24bce41f0ea9d51e010bd86
target	TGT-YAP1	hgnc_id	HGNC:16262	HGNC	HGNC:16262	2026-09-26	https://hgnc.genenames.org/download/	2026-09-26T08:59:59.571715+00:00	Observed database annotation	hgnc-tsv-v1	C:\Users\Bogdan\Desktop\master-cancer-landscape\data\raw\hgnc\2026-09-26\hgnc_complete_set.txt	8378439e920938a790805ab920f23344948877c2b60c365a87d3c3c4e4fbeb0d
target	TGT-YAP1	hgnc_symbol	YAP1	HGNC	HGNC:16262	2026-09-26	https://hgnc.genenames.org/download/	2026-09-26T08:59:59.571715+00:00	Observed database annotation	hgnc-tsv-v1	C:\Users\Bogdan\Desktop\master-cancer-landscape\data\raw\hgnc\2026-09-26\hgnc_complete_set.txt	8378439e920938a790805ab920f23344948877c2b60c365a87d3c3c4e4fbeb0d
target	TGT-YAP1	hgnc_approved_name	Yes1 associated transcriptional regulator	HGNC	HGNC:16262	2026-09-26	https://hgnc.genenames.org/download/	2026-09-26T08:59:59.571715+00:00	Observed database annotation	hgnc-tsv-v1	C:\Users\Bogdan\Desktop\master-cancer-landscape\data\raw\hgnc\2026-09-26\hgnc_complete_set.txt	8378439e920938a790805ab920f23344948877c2b60c365a87d3c3c4e4fbeb0d
target	TGT-YAP1	hgnc_status	Approved	HGNC	HGNC:16262	2026-09-26	https://hgnc.genenames.org/download/	2026-09-26T08:59:59.571715+00:00	Observed database annotation	hgnc-tsv-v1	C:\Users\Bogdan\Desktop\master-cancer-landscape\data\raw\hgnc\2026-09-26\hgnc_complete_set.txt	8378439e920938a790805ab920f23344948877c2b60c365a87d3c3c4e4fbeb0d
target	TGT-YAP1	hgnc_date_modified	2023-01-20	HGNC	HGNC:16262	2026-09-26	https://hgnc.genenames.org/download/	2026-09-26T08:59:59.571715+00:00	Observed database annotation	hgnc-tsv-v1	C:\Users\Bogdan\Desktop\master-cancer-landscape\data\raw\hgnc\2026-09-26\hgnc_complete_set.txt	8378439e920938a790805ab920f23344948877c2b60c365a87d3c3c4e4fbeb0d
target	TGT-YAP1	ensembl_gene_id	ENSG00000137693	HGNC	HGNC:16262	2026-09-26	https://hgnc.genenames.org/download/	2026-09-26T08:59:59.571715+00:00	Observed database annotation	hgnc-tsv-v1	C:\Users\Bogdan\Desktop\master-cancer-landscape\data\raw\hgnc\2026-09-26\hgnc_complete_set.txt	8378439e920938a790805ab920f23344948877c2b60c365a87d3c3c4e4fbeb0d
target	TGT-YAP1	ncbi_gene_id	10413	HGNC	HGNC:16262	2026-09-26	https://hgnc.genenames.org/download/	2026-09-26T08:59:59.571715+00:00	Observed database annotation	hgnc-tsv-v1	C:\Users\Bogdan\Desktop\master-cancer-landscape\data\raw\hgnc\2026-09-26\hgnc_complete_set.txt	8378439e920938a790805ab920f23344948877c2b60c365a87d3c3c4e4fbeb0d
target	TGT-YAP1	uniprot_id	P46937	HGNC	HGNC:16262	2026-09-26	https://hgnc.genenames.org/download/	2026-09-26T08:59:59.571715+00:00	Observed database annotation	hgnc-tsv-v1	C:\Users\Bogdan\Desktop\master-cancer-landscape\data\raw\hgnc\2026-09-26\hgnc_complete_set.txt	8378439e920938a790805ab920f23344948877c2b60c365a87d3c3c4e4fbeb0d
target	TGT-YAP1	mapping_status	exact_approved_symbol	HGNC	HGNC:16262	2026-09-26	https://hgnc.genenames.org/download/	2026-09-26T08:59:59.571715+00:00	Observed database annotation	hgnc-tsv-v1	C:\Users\Bogdan\Desktop\master-cancer-landscape\data\raw\hgnc\2026-09-26\hgnc_complete_set.txt	8378439e920938a790805ab920f23344948877c2b60c365a87d3c3c4e4fbeb0d
target	TGT-YAP1	mapping_basis	approved_symbol	HGNC	HGNC:16262	2026-09-26	https://hgnc.genenames.org/download/	2026-09-26T08:59:59.571715+00:00	Observed database annotation	hgnc-tsv-v1	C:\Users\Bogdan\Desktop\master-cancer-landscape\data\raw\hgnc\2026-09-26\hgnc_complete_set.txt	8378439e920938a790805ab920f23344948877c2b60c365a87d3c3c4e4fbeb0d
target	TGT-PDGFRA	hgnc_id	HGNC:8803	HGNC	HGNC:8803	2026-09-26	https://hgnc.genenames.org/download/	2026-09-26T08:59:59.571715+00:00	Observed database annotation	hgnc-tsv-v1	C:\Users\Bogdan\Desktop\master-cancer-landscape\data\raw\hgnc\2026-09-26\hgnc_complete_set.txt	d17c97e79cbd788e85135e9ac909a8e72afb34cd1c878175396ec780a52abc91
target	TGT-PDGFRA	hgnc_symbol	PDGFRA	HGNC	HGNC:8803	2026-09-26	https://hgnc.genenames.org/download/	2026-09-26T08:59:59.571715+00:00	Observed database annotation	hgnc-tsv-v1	C:\Users\Bogdan\Desktop\master-cancer-landscape\data\raw\hgnc\2026-09-26\hgnc_complete_set.txt	d17c97e79cbd788e85135e9ac909a8e72afb34cd1c878175396ec780a52abc91
target	TGT-PDGFRA	hgnc_approved_name	platelet derived growth factor receptor alpha	HGNC	HGNC:8803	2026-09-26	https://hgnc.genenames.org/download/	2026-09-26T08:59:59.571715+00:00	Observed database annotation	hgnc-tsv-v1	C:\Users\Bogdan\Desktop\master-cancer-landscape\data\raw\hgnc\2026-09-26\hgnc_complete_set.txt	d17c97e79cbd788e85135e9ac909a8e72afb34cd1c878175396ec780a52abc91
target	TGT-PDGFRA	hgnc_status	Approved	HGNC	HGNC:8803	2026-09-26	https://hgnc.genenames.org/download/	2026-09-26T08:59:59.571715+00:00	Observed database annotation	hgnc-tsv-v1	C:\Users\Bogdan\Desktop\master-cancer-landscape\data\raw\hgnc\2026-09-26\hgnc_complete_set.txt	d17c97e79cbd788e85135e9ac909a8e72afb34cd1c878175396ec780a52abc91
target	TGT-PDGFRA	hgnc_date_modified	2023-01-20	HGNC	HGNC:8803	2026-09-26	https://hgnc.genenames.org/download/	2026-09-26T08:59:59.571715+00:00	Observed database annotation	hgnc-tsv-v1	C:\Users\Bogdan\Desktop\master-cancer-landscape\data\raw\hgnc\2026-09-26\hgnc_complete_set.txt	d17c97e79cbd788e85135e9ac909a8e72afb34cd1c878175396ec780a52abc91
target	TGT-PDGFRA	ensembl_gene_id	ENSG00000134853	HGNC	HGNC:8803	2026-09-26	https://hgnc.genenames.org/download/	2026-09-26T08:59:59.571715+00:00	Observed database annotation	hgnc-tsv-v1	C:\Users\Bogdan\Desktop\master-cancer-landscape\data\raw\hgnc\2026-09-26\hgnc_complete_set.txt	d17c97e79cbd788e85135e9ac909a8e72afb34cd1c878175396ec780a52abc91
target	TGT-PDGFRA	ncbi_gene_id	5156	HGNC	HGNC:8803	2026-09-26	https://hgnc.genenames.org/download/	2026-09-26T08:59:59.571715+00:00	Observed database annotation	hgnc-tsv-v1	C:\Users\Bogdan\Desktop\master-cancer-landscape\data\raw\hgnc\2026-09-26\hgnc_complete_set.txt	d17c97e79cbd788e85135e9ac909a8e72afb34cd1c878175396ec780a52abc91
target	TGT-PDGFRA	uniprot_id	P16234	HGNC	HGNC:8803	2026-09-26	https://hgnc.genenames.org/download/	2026-09-26T08:59:59.571715+00:00	Observed database annotation	hgnc-tsv-v1	C:\Users\Bogdan\Desktop\master-cancer-landscape\data\raw\hgnc\2026-09-26\hgnc_complete_set.txt	d17c97e79cbd788e85135e9ac909a8e72afb34cd1c878175396ec780a52abc91
target	TGT-PDGFRA	mapping_status	exact_approved_symbol	HGNC	HGNC:8803	2026-09-26	https://hgnc.genenames.org/download/	2026-09-26T08:59:59.571715+00:00	Observed database annotation	hgnc-tsv-v1	C:\Users\Bogdan\Desktop\master-cancer-landscape\data\raw\hgnc\2026-09-26\hgnc_complete_set.txt	d17c97e79cbd788e85135e9ac909a8e72afb34cd1c878175396ec780a52abc91
target	TGT-PDGFRA	mapping_basis	approved_symbol	HGNC	HGNC:8803	2026-09-26	https://hgnc.genenames.org/download/	2026-09-26T08:59:59.571715+00:00	Observed database annotation	hgnc-tsv-v1	C:\Users\Bogdan\Desktop\master-cancer-landscape\data\raw\hgnc\2026-09-26\hgnc_complete_set.txt	d17c97e79cbd788e85135e9ac909a8e72afb34cd1c878175396ec780a52abc91
target	TGT-CDK4	hgnc_id	HGNC:1773	HGNC	HGNC:1773	2026-09-26	https://hgnc.genenames.org/download/	2026-09-26T08:59:59.571715+00:00	Observed database annotation	hgnc-tsv-v1	C:\Users\Bogdan\Desktop\master-cancer-landscape\data\raw\hgnc\2026-09-26\hgnc_complete_set.txt	98dc952b839dd14cbc416c7359d0056c000399e04c5ca6573138e7c9fcd0f9d5
target	TGT-CDK4	hgnc_symbol	CDK4	HGNC	HGNC:1773	2026-09-26	https://hgnc.genenames.org/download/	2026-09-26T08:59:59.571715+00:00	Observed database annotation	hgnc-tsv-v1	C:\Users\Bogdan\Desktop\master-cancer-landscape\data\raw\hgnc\2026-09-26\hgnc_complete_set.txt	98dc952b839dd14cbc416c7359d0056c000399e04c5ca6573138e7c9fcd0f9d5
target	TGT-CDK4	hgnc_approved_name	cyclin dependent kinase 4	HGNC	HGNC:1773	2026-09-26	https://hgnc.genenames.org/download/	2026-09-26T08:59:59.571715+00:00	Observed database annotation	hgnc-tsv-v1	C:\Users\Bogdan\Desktop\master-cancer-landscape\data\raw\hgnc\2026-09-26\hgnc_complete_set.txt	98dc952b839dd14cbc416c7359d0056c000399e04c5ca6573138e7c9fcd0f9d5
target	TGT-CDK4	hgnc_status	Approved	HGNC	HGNC:1773	2026-09-26	https://hgnc.genenames.org/download/	2026-09-26T08:59:59.571715+00:00	Observed database annotation	hgnc-tsv-v1	C:\Users\Bogdan\Desktop\master-cancer-landscape\data\raw\hgnc\2026-09-26\hgnc_complete_set.txt	98dc952b839dd14cbc416c7359d0056c000399e04c5ca6573138e7c9fcd0f9d5
target	TGT-CDK4	hgnc_date_modified	2023-01-20	HGNC	HGNC:1773	2026-09-26	https://hgnc.genenames.org/download/	2026-09-26T08:59:59.571715+00:00	Observed database annotation	hgnc-tsv-v1	C:\Users\Bogdan\Desktop\master-cancer-landscape\data\raw\hgnc\2026-09-26\hgnc_complete_set.txt	98dc952b839dd14cbc416c7359d0056c000399e04c5ca6573138e7c9fcd0f9d5
target	TGT-CDK4	ensembl_gene_id	ENSG00000135446	HGNC	HGNC:1773	2026-09-26	https://hgnc.genenames.org/download/	2026-09-26T08:59:59.571715+00:00	Observed database annotation	hgnc-tsv-v1	C:\Users\Bogdan\Desktop\master-cancer-landscape\data\raw\hgnc\2026-09-26\hgnc_complete_set.txt	98dc952b839dd14cbc416c7359d0056c000399e04c5ca6573138e7c9fcd0f9d5
target	TGT-CDK4	ncbi_gene_id	1019	HGNC	HGNC:1773	2026-09-26	https://hgnc.genenames.org/download/	2026-09-26T08:59:59.571715+00:00	Observed database annotation	hgnc-tsv-v1	C:\Users\Bogdan\Desktop\master-cancer-landscape\data\raw\hgnc\2026-09-26\hgnc_complete_set.txt	98dc952b839dd14cbc416c7359d0056c000399e04c5ca6573138e7c9fcd0f9d5
target	TGT-CDK4	uniprot_id	P11802	HGNC	HGNC:1773	2026-09-26	https://hgnc.genenames.org/download/	2026-09-26T08:59:59.571715+00:00	Observed database annotation	hgnc-tsv-v1	C:\Users\Bogdan\Desktop\master-cancer-landscape\data\raw\hgnc\2026-09-26\hgnc_complete_set.txt	98dc952b839dd14cbc416c7359d0056c000399e04c5ca6573138e7c9fcd0f9d5
target	TGT-CDK4	mapping_status	exact_approved_symbol	HGNC	HGNC:1773	2026-09-26	https://hgnc.genenames.org/download/	2026-09-26T08:59:59.571715+00:00	Observed database annotation	hgnc-tsv-v1	C:\Users\Bogdan\Desktop\master-cancer-landscape\data\raw\hgnc\2026-09-26\hgnc_complete_set.txt	98dc952b839dd14cbc416c7359d0056c000399e04c5ca6573138e7c9fcd0f9d5
target	TGT-CDK4	mapping_basis	approved_symbol	HGNC	HGNC:1773	2026-09-26	https://hgnc.genenames.org/download/	2026-09-26T08:59:59.571715+00:00	Observed database annotation	hgnc-tsv-v1	C:\Users\Bogdan\Desktop\master-cancer-landscape\data\raw\hgnc\2026-09-26\hgnc_complete_set.txt	98dc952b839dd14cbc416c7359d0056c000399e04c5ca6573138e7c9fcd0f9d5
target	TGT-MDM2	hgnc_id	HGNC:6973	HGNC	HGNC:6973	2026-09-26	https://hgnc.genenames.org/download/	2026-09-26T08:59:59.571715+00:00	Observed database annotation	hgnc-tsv-v1	C:\Users\Bogdan\Desktop\master-cancer-landscape\data\raw\hgnc\2026-09-26\hgnc_complete_set.txt	21efaf7baf3ec8adcdd3d28555663a72c9788ad0d098a2b3f07f60e3232df3ed
target	TGT-MDM2	hgnc_symbol	MDM2	HGNC	HGNC:6973	2026-09-26	https://hgnc.genenames.org/download/	2026-09-26T08:59:59.571715+00:00	Observed database annotation	hgnc-tsv-v1	C:\Users\Bogdan\Desktop\master-cancer-landscape\data\raw\hgnc\2026-09-26\hgnc_complete_set.txt	21efaf7baf3ec8adcdd3d28555663a72c9788ad0d098a2b3f07f60e3232df3ed
target	TGT-MDM2	hgnc_approved_name	MDM2 proto-oncogene	HGNC	HGNC:6973	2026-09-26	https://hgnc.genenames.org/download/	2026-09-26T08:59:59.571715+00:00	Observed database annotation	hgnc-tsv-v1	C:\Users\Bogdan\Desktop\master-cancer-landscape\data\raw\hgnc\2026-09-26\hgnc_complete_set.txt	21efaf7baf3ec8adcdd3d28555663a72c9788ad0d098a2b3f07f60e3232df3ed
target	TGT-MDM2	hgnc_status	Approved	HGNC	HGNC:6973	2026-09-26	https://hgnc.genenames.org/download/	2026-09-26T08:59:59.571715+00:00	Observed database annotation	hgnc-tsv-v1	C:\Users\Bogdan\Desktop\master-cancer-landscape\data\raw\hgnc\2026-09-26\hgnc_complete_set.txt	21efaf7baf3ec8adcdd3d28555663a72c9788ad0d098a2b3f07f60e3232df3ed
target	TGT-MDM2	hgnc_date_modified	2023-03-15	HGNC	HGNC:6973	2026-09-26	https://hgnc.genenames.org/download/	2026-09-26T08:59:59.571715+00:00	Observed database annotation	hgnc-tsv-v1	C:\Users\Bogdan\Desktop\master-cancer-landscape\data\raw\hgnc\2026-09-26\hgnc_complete_set.txt	21efaf7baf3ec8adcdd3d28555663a72c9788ad0d098a2b3f07f60e3232df3ed
target	TGT-MDM2	ensembl_gene_id	ENSG00000135679	HGNC	HGNC:6973	2026-09-26	https://hgnc.genenames.org/download/	2026-09-26T08:59:59.571715+00:00	Observed database annotation	hgnc-tsv-v1	C:\Users\Bogdan\Desktop\master-cancer-landscape\data\raw\hgnc\2026-09-26\hgnc_complete_set.txt	21efaf7baf3ec8adcdd3d28555663a72c9788ad0d098a2b3f07f60e3232df3ed
target	TGT-MDM2	ncbi_gene_id	4193	HGNC	HGNC:6973	2026-09-26	https://hgnc.genenames.org/download/	2026-09-26T08:59:59.571715+00:00	Observed database annotation	hgnc-tsv-v1	C:\Users\Bogdan\Desktop\master-cancer-landscape\data\raw\hgnc\2026-09-26\hgnc_complete_set.txt	21efaf7baf3ec8adcdd3d28555663a72c9788ad0d098a2b3f07f60e3232df3ed
target	TGT-MDM2	uniprot_id	Q00987	HGNC	HGNC:6973	2026-09-26	https://hgnc.genenames.org/download/	2026-09-26T08:59:59.571715+00:00	Observed database annotation	hgnc-tsv-v1	C:\Users\Bogdan\Desktop\master-cancer-landscape\data\raw\hgnc\2026-09-26\hgnc_complete_set.txt	21efaf7baf3ec8adcdd3d28555663a72c9788ad0d098a2b3f07f60e3232df3ed
target	TGT-MDM2	mapping_status	exact_approved_symbol	HGNC	HGNC:6973	2026-09-26	https://hgnc.genenames.org/download/	2026-09-26T08:59:59.571715+00:00	Observed database annotation	hgnc-tsv-v1	C:\Users\Bogdan\Desktop\master-cancer-landscape\data\raw\hgnc\2026-09-26\hgnc_complete_set.txt	21efaf7baf3ec8adcdd3d28555663a72c9788ad0d098a2b3f07f60e3232df3ed
target	TGT-MDM2	mapping_basis	approved_symbol	HGNC	HGNC:6973	2026-09-26	https://hgnc.genenames.org/download/	2026-09-26T08:59:59.571715+00:00	Observed database annotation	hgnc-tsv-v1	C:\Users\Bogdan\Desktop\master-cancer-landscape\data\raw\hgnc\2026-09-26\hgnc_complete_set.txt	21efaf7baf3ec8adcdd3d28555663a72c9788ad0d098a2b3f07f60e3232df3ed
target	TGT-MTOR	hgnc_id	HGNC:3942	HGNC	HGNC:3942	2026-09-26	https://hgnc.genenames.org/download/	2026-09-26T08:59:59.571715+00:00	Observed database annotation	hgnc-tsv-v1	C:\Users\Bogdan\Desktop\master-cancer-landscape\data\raw\hgnc\2026-09-26\hgnc_complete_set.txt	28b8ec3e4f887eeb2667d4344b5516bc8f1026278898787bd8225695f4232d66
target	TGT-MTOR	hgnc_symbol	MTOR	HGNC	HGNC:3942	2026-09-26	https://hgnc.genenames.org/download/	2026-09-26T08:59:59.571715+00:00	Observed database annotation	hgnc-tsv-v1	C:\Users\Bogdan\Desktop\master-cancer-landscape\data\raw\hgnc\2026-09-26\hgnc_complete_set.txt	28b8ec3e4f887eeb2667d4344b5516bc8f1026278898787bd8225695f4232d66
target	TGT-MTOR	hgnc_approved_name	mechanistic target of rapamycin kinase	HGNC	HGNC:3942	2026-09-26	https://hgnc.genenames.org/download/	2026-09-26T08:59:59.571715+00:00	Observed database annotation	hgnc-tsv-v1	C:\Users\Bogdan\Desktop\master-cancer-landscape\data\raw\hgnc\2026-09-26\hgnc_complete_set.txt	28b8ec3e4f887eeb2667d4344b5516bc8f1026278898787bd8225695f4232d66
target	TGT-MTOR	hgnc_status	Approved	HGNC	HGNC:3942	2026-09-26	https://hgnc.genenames.org/download/	2026-09-26T08:59:59.571715+00:00	Observed database annotation	hgnc-tsv-v1	C:\Users\Bogdan\Desktop\master-cancer-landscape\data\raw\hgnc\2026-09-26\hgnc_complete_set.txt	28b8ec3e4f887eeb2667d4344b5516bc8f1026278898787bd8225695f4232d66
target	TGT-MTOR	hgnc_date_modified	2026-02-11	HGNC	HGNC:3942	2026-09-26	https://hgnc.genenames.org/download/	2026-09-26T08:59:59.571715+00:00	Observed database annotation	hgnc-tsv-v1	C:\Users\Bogdan\Desktop\master-cancer-landscape\data\raw\hgnc\2026-09-26\hgnc_complete_set.txt	28b8ec3e4f887eeb2667d4344b5516bc8f1026278898787bd8225695f4232d66
target	TGT-MTOR	ensembl_gene_id	ENSG00000198793	HGNC	HGNC:3942	2026-09-26	https://hgnc.genenames.org/download/	2026-09-26T08:59:59.571715+00:00	Observed database annotation	hgnc-tsv-v1	C:\Users\Bogdan\Desktop\master-cancer-landscape\data\raw\hgnc\2026-09-26\hgnc_complete_set.txt	28b8ec3e4f887eeb2667d4344b5516bc8f1026278898787bd8225695f4232d66
target	TGT-MTOR	ncbi_gene_id	2475	HGNC	HGNC:3942	2026-09-26	https://hgnc.genenames.org/download/	2026-09-26T08:59:59.571715+00:00	Observed database annotation	hgnc-tsv-v1	C:\Users\Bogdan\Desktop\master-cancer-landscape\data\raw\hgnc\2026-09-26\hgnc_complete_set.txt	28b8ec3e4f887eeb2667d4344b5516bc8f1026278898787bd8225695f4232d66
target	TGT-MTOR	uniprot_id	P42345	HGNC	HGNC:3942	2026-09-26	https://hgnc.genenames.org/download/	2026-09-26T08:59:59.571715+00:00	Observed database annotation	hgnc-tsv-v1	C:\Users\Bogdan\Desktop\master-cancer-landscape\data\raw\hgnc\2026-09-26\hgnc_complete_set.txt	28b8ec3e4f887eeb2667d4344b5516bc8f1026278898787bd8225695f4232d66
target	TGT-MTOR	mapping_status	exact_approved_symbol	HGNC	HGNC:3942	2026-09-26	https://hgnc.genenames.org/download/	2026-09-26T08:59:59.571715+00:00	Observed database annotation	hgnc-tsv-v1	C:\Users\Bogdan\Desktop\master-cancer-landscape\data\raw\hgnc\2026-09-26\hgnc_complete_set.txt	28b8ec3e4f887eeb2667d4344b5516bc8f1026278898787bd8225695f4232d66
target	TGT-MTOR	mapping_basis	approved_symbol	HGNC	HGNC:3942	2026-09-26	https://hgnc.genenames.org/download/	2026-09-26T08:59:59.571715+00:00	Observed database annotation	hgnc-tsv-v1	C:\Users\Bogdan\Desktop\master-cancer-landscape\data\raw\hgnc\2026-09-26\hgnc_complete_set.txt	28b8ec3e4f887eeb2667d4344b5516bc8f1026278898787bd8225695f4232d66
target	TGT-WEE1	hgnc_id	HGNC:12761	HGNC	HGNC:12761	2026-09-26	https://hgnc.genenames.org/download/	2026-09-26T08:59:59.571715+00:00	Observed database annotation	hgnc-tsv-v1	C:\Users\Bogdan\Desktop\master-cancer-landscape\data\raw\hgnc\2026-09-26\hgnc_complete_set.txt	e5ff7690ab2ca6c415b5cfa9f75018fafbc2f19e44cef0c0e4a8111e35844dfe
target	TGT-WEE1	hgnc_symbol	WEE1	HGNC	HGNC:12761	2026-09-26	https://hgnc.genenames.org/download/	2026-09-26T08:59:59.571715+00:00	Observed database annotation	hgnc-tsv-v1	C:\Users\Bogdan\Desktop\master-cancer-landscape\data\raw\hgnc\2026-09-26\hgnc_complete_set.txt	e5ff7690ab2ca6c415b5cfa9f75018fafbc2f19e44cef0c0e4a8111e35844dfe
target	TGT-WEE1	hgnc_approved_name	WEE1 G2 checkpoint kinase	HGNC	HGNC:12761	2026-09-26	https://hgnc.genenames.org/download/	2026-09-26T08:59:59.571715+00:00	Observed database annotation	hgnc-tsv-v1	C:\Users\Bogdan\Desktop\master-cancer-landscape\data\raw\hgnc\2026-09-26\hgnc_complete_set.txt	e5ff7690ab2ca6c415b5cfa9f75018fafbc2f19e44cef0c0e4a8111e35844dfe
target	TGT-WEE1	hgnc_status	Approved	HGNC	HGNC:12761	2026-09-26	https://hgnc.genenames.org/download/	2026-09-26T08:59:59.571715+00:00	Observed database annotation	hgnc-tsv-v1	C:\Users\Bogdan\Desktop\master-cancer-landscape\data\raw\hgnc\2026-09-26\hgnc_complete_set.txt	e5ff7690ab2ca6c415b5cfa9f75018fafbc2f19e44cef0c0e4a8111e35844dfe
target	TGT-WEE1	hgnc_date_modified	2023-01-20	HGNC	HGNC:12761	2026-09-26	https://hgnc.genenames.org/download/	2026-09-26T08:59:59.571715+00:00	Observed database annotation	hgnc-tsv-v1	C:\Users\Bogdan\Desktop\master-cancer-landscape\data\raw\hgnc\2026-09-26\hgnc_complete_set.txt	e5ff7690ab2ca6c415b5cfa9f75018fafbc2f19e44cef0c0e4a8111e35844dfe
target	TGT-WEE1	ensembl_gene_id	ENSG00000166483	HGNC	HGNC:12761	2026-09-26	https://hgnc.genenames.org/download/	2026-09-26T08:59:59.571715+00:00	Observed database annotation	hgnc-tsv-v1	C:\Users\Bogdan\Desktop\master-cancer-landscape\data\raw\hgnc\2026-09-26\hgnc_complete_set.txt	e5ff7690ab2ca6c415b5cfa9f75018fafbc2f19e44cef0c0e4a8111e35844dfe
target	TGT-WEE1	ncbi_gene_id	7465	HGNC	HGNC:12761	2026-09-26	https://hgnc.genenames.org/download/	2026-09-26T08:59:59.571715+00:00	Observed database annotation	hgnc-tsv-v1	C:\Users\Bogdan\Desktop\master-cancer-landscape\data\raw\hgnc\2026-09-26\hgnc_complete_set.txt	e5ff7690ab2ca6c415b5cfa9f75018fafbc2f19e44cef0c0e4a8111e35844dfe
target	TGT-WEE1	uniprot_id	P30291	HGNC	HGNC:12761	2026-09-26	https://hgnc.genenames.org/download/	2026-09-26T08:59:59.571715+00:00	Observed database annotation	hgnc-tsv-v1	C:\Users\Bogdan\Desktop\master-cancer-landscape\data\raw\hgnc\2026-09-26\hgnc_complete_set.txt	e5ff7690ab2ca6c415b5cfa9f75018fafbc2f19e44cef0c0e4a8111e35844dfe
target	TGT-WEE1	mapping_status	exact_approved_symbol	HGNC	HGNC:12761	2026-09-26	https://hgnc.genenames.org/download/	2026-09-26T08:59:59.571715+00:00	Observed database annotation	hgnc-tsv-v1	C:\Users\Bogdan\Desktop\master-cancer-landscape\data\raw\hgnc\2026-09-26\hgnc_complete_set.txt	e5ff7690ab2ca6c415b5cfa9f75018fafbc2f19e44cef0c0e4a8111e35844dfe
target	TGT-WEE1	mapping_basis	approved_symbol	HGNC	HGNC:12761	2026-09-26	https://hgnc.genenames.org/download/	2026-09-26T08:59:59.571715+00:00	Observed database annotation	hgnc-tsv-v1	C:\Users\Bogdan\Desktop\master-cancer-landscape\data\raw\hgnc\2026-09-26\hgnc_complete_set.txt	e5ff7690ab2ca6c415b5cfa9f75018fafbc2f19e44cef0c0e4a8111e35844dfe
target	TGT-FGFR3	hgnc_id	HGNC:3690	HGNC	HGNC:3690	2026-09-26	https://hgnc.genenames.org/download/	2026-09-26T08:59:59.571715+00:00	Observed database annotation	hgnc-tsv-v1	C:\Users\Bogdan\Desktop\master-cancer-landscape\data\raw\hgnc\2026-09-26\hgnc_complete_set.txt	3a05127975f3fc6d228b03b4bd77d88ffc0d5efd19c0ad38e213e36e23aca99a
target	TGT-FGFR3	hgnc_symbol	FGFR3	HGNC	HGNC:3690	2026-09-26	https://hgnc.genenames.org/download/	2026-09-26T08:59:59.571715+00:00	Observed database annotation	hgnc-tsv-v1	C:\Users\Bogdan\Desktop\master-cancer-landscape\data\raw\hgnc\2026-09-26\hgnc_complete_set.txt	3a05127975f3fc6d228b03b4bd77d88ffc0d5efd19c0ad38e213e36e23aca99a
target	TGT-FGFR3	hgnc_approved_name	fibroblast growth factor receptor 3	HGNC	HGNC:3690	2026-09-26	https://hgnc.genenames.org/download/	2026-09-26T08:59:59.571715+00:00	Observed database annotation	hgnc-tsv-v1	C:\Users\Bogdan\Desktop\master-cancer-landscape\data\raw\hgnc\2026-09-26\hgnc_complete_set.txt	3a05127975f3fc6d228b03b4bd77d88ffc0d5efd19c0ad38e213e36e23aca99a
target	TGT-FGFR3	hgnc_status	Approved	HGNC	HGNC:3690	2026-09-26	https://hgnc.genenames.org/download/	2026-09-26T08:59:59.571715+00:00	Observed database annotation	hgnc-tsv-v1	C:\Users\Bogdan\Desktop\master-cancer-landscape\data\raw\hgnc\2026-09-26\hgnc_complete_set.txt	3a05127975f3fc6d228b03b4bd77d88ffc0d5efd19c0ad38e213e36e23aca99a
target	TGT-FGFR3	hgnc_date_modified	2023-01-20	HGNC	HGNC:3690	2026-09-26	https://hgnc.genenames.org/download/	2026-09-26T08:59:59.571715+00:00	Observed database annotation	hgnc-tsv-v1	C:\Users\Bogdan\Desktop\master-cancer-landscape\data\raw\hgnc\2026-09-26\hgnc_complete_set.txt	3a05127975f3fc6d228b03b4bd77d88ffc0d5efd19c0ad38e213e36e23aca99a
target	TGT-FGFR3	ensembl_gene_id	ENSG00000068078	HGNC	HGNC:3690	2026-09-26	https://hgnc.genenames.org/download/	2026-09-26T08:59:59.571715+00:00	Observed database annotation	hgnc-tsv-v1	C:\Users\Bogdan\Desktop\master-cancer-landscape\data\raw\hgnc\2026-09-26\hgnc_complete_set.txt	3a05127975f3fc6d228b03b4bd77d88ffc0d5efd19c0ad38e213e36e23aca99a
target	TGT-FGFR3	ncbi_gene_id	2261	HGNC	HGNC:3690	2026-09-26	https://hgnc.genenames.org/download/	2026-09-26T08:59:59.571715+00:00	Observed database annotation	hgnc-tsv-v1	C:\Users\Bogdan\Desktop\master-cancer-landscape\data\raw\hgnc\2026-09-26\hgnc_complete_set.txt	3a05127975f3fc6d228b03b4bd77d88ffc0d5efd19c0ad38e213e36e23aca99a
target	TGT-FGFR3	uniprot_id	P22607	HGNC	HGNC:3690	2026-09-26	https://hgnc.genenames.org/download/	2026-09-26T08:59:59.571715+00:00	Observed database annotation	hgnc-tsv-v1	C:\Users\Bogdan\Desktop\master-cancer-landscape\data\raw\hgnc\2026-09-26\hgnc_complete_set.txt	3a05127975f3fc6d228b03b4bd77d88ffc0d5efd19c0ad38e213e36e23aca99a
target	TGT-FGFR3	mapping_status	exact_approved_symbol	HGNC	HGNC:3690	2026-09-26	https://hgnc.genenames.org/download/	2026-09-26T08:59:59.571715+00:00	Observed database annotation	hgnc-tsv-v1	C:\Users\Bogdan\Desktop\master-cancer-landscape\data\raw\hgnc\2026-09-26\hgnc_complete_set.txt	3a05127975f3fc6d228b03b4bd77d88ffc0d5efd19c0ad38e213e36e23aca99a
target	TGT-FGFR3	mapping_basis	approved_symbol	HGNC	HGNC:3690	2026-09-26	https://hgnc.genenames.org/download/	2026-09-26T08:59:59.571715+00:00	Observed database annotation	hgnc-tsv-v1	C:\Users\Bogdan\Desktop\master-cancer-landscape\data\raw\hgnc\2026-09-26\hgnc_complete_set.txt	3a05127975f3fc6d228b03b4bd77d88ffc0d5efd19c0ad38e213e36e23aca99a
target	TGT-NRAS	hgnc_id	HGNC:7989	HGNC	HGNC:7989	2026-09-26	https://hgnc.genenames.org/download/	2026-09-26T08:59:59.571715+00:00	Observed database annotation	hgnc-tsv-v1	C:\Users\Bogdan\Desktop\master-cancer-landscape\data\raw\hgnc\2026-09-26\hgnc_complete_set.txt	c497807b52f0623bb2332daba0c703fabfdbe6736b440bc46a4871bea4928f1b
target	TGT-NRAS	hgnc_symbol	NRAS	HGNC	HGNC:7989	2026-09-26	https://hgnc.genenames.org/download/	2026-09-26T08:59:59.571715+00:00	Observed database annotation	hgnc-tsv-v1	C:\Users\Bogdan\Desktop\master-cancer-landscape\data\raw\hgnc\2026-09-26\hgnc_complete_set.txt	c497807b52f0623bb2332daba0c703fabfdbe6736b440bc46a4871bea4928f1b
target	TGT-NRAS	hgnc_approved_name	NRAS proto-oncogene, GTPase	HGNC	HGNC:7989	2026-09-26	https://hgnc.genenames.org/download/	2026-09-26T08:59:59.571715+00:00	Observed database annotation	hgnc-tsv-v1	C:\Users\Bogdan\Desktop\master-cancer-landscape\data\raw\hgnc\2026-09-26\hgnc_complete_set.txt	c497807b52f0623bb2332daba0c703fabfdbe6736b440bc46a4871bea4928f1b
target	TGT-NRAS	hgnc_status	Approved	HGNC	HGNC:7989	2026-09-26	https://hgnc.genenames.org/download/	2026-09-26T08:59:59.571715+00:00	Observed database annotation	hgnc-tsv-v1	C:\Users\Bogdan\Desktop\master-cancer-landscape\data\raw\hgnc\2026-09-26\hgnc_complete_set.txt	c497807b52f0623bb2332daba0c703fabfdbe6736b440bc46a4871bea4928f1b
target	TGT-NRAS	hgnc_date_modified	2023-01-20	HGNC	HGNC:7989	2026-09-26	https://hgnc.genenames.org/download/	2026-09-26T08:59:59.571715+00:00	Observed database annotation	hgnc-tsv-v1	C:\Users\Bogdan\Desktop\master-cancer-landscape\data\raw\hgnc\2026-09-26\hgnc_complete_set.txt	c497807b52f0623bb2332daba0c703fabfdbe6736b440bc46a4871bea4928f1b
target	TGT-NRAS	ensembl_gene_id	ENSG00000213281	HGNC	HGNC:7989	2026-09-26	https://hgnc.genenames.org/download/	2026-09-26T08:59:59.571715+00:00	Observed database annotation	hgnc-tsv-v1	C:\Users\Bogdan\Desktop\master-cancer-landscape\data\raw\hgnc\2026-09-26\hgnc_complete_set.txt	c497807b52f0623bb2332daba0c703fabfdbe6736b440bc46a4871bea4928f1b
target	TGT-NRAS	ncbi_gene_id	4893	HGNC	HGNC:7989	2026-09-26	https://hgnc.genenames.org/download/	2026-09-26T08:59:59.571715+00:00	Observed database annotation	hgnc-tsv-v1	C:\Users\Bogdan\Desktop\master-cancer-landscape\data\raw\hgnc\2026-09-26\hgnc_complete_set.txt	c497807b52f0623bb2332daba0c703fabfdbe6736b440bc46a4871bea4928f1b
target	TGT-NRAS	uniprot_id	P01111	HGNC	HGNC:7989	2026-09-26	https://hgnc.genenames.org/download/	2026-09-26T08:59:59.571715+00:00	Observed database annotation	hgnc-tsv-v1	C:\Users\Bogdan\Desktop\master-cancer-landscape\data\raw\hgnc\2026-09-26\hgnc_complete_set.txt	c497807b52f0623bb2332daba0c703fabfdbe6736b440bc46a4871bea4928f1b
target	TGT-NRAS	mapping_status	exact_approved_symbol	HGNC	HGNC:7989	2026-09-26	https://hgnc.genenames.org/download/	2026-09-26T08:59:59.571715+00:00	Observed database annotation	hgnc-tsv-v1	C:\Users\Bogdan\Desktop\master-cancer-landscape\data\raw\hgnc\2026-09-26\hgnc_complete_set.txt	c497807b52f0623bb2332daba0c703fabfdbe6736b440bc46a4871bea4928f1b
target	TGT-NRAS	mapping_basis	approved_symbol	HGNC	HGNC:7989	2026-09-26	https://hgnc.genenames.org/download/	2026-09-26T08:59:59.571715+00:00	Observed database annotation	hgnc-tsv-v1	C:\Users\Bogdan\Desktop\master-cancer-landscape\data\raw\hgnc\2026-09-26\hgnc_complete_set.txt	c497807b52f0623bb2332daba0c703fabfdbe6736b440bc46a4871bea4928f1b
target	TGT-AURKB	hgnc_id	HGNC:11390	HGNC	HGNC:11390	2026-09-26	https://hgnc.genenames.org/download/	2026-09-26T08:59:59.571715+00:00	Observed database annotation	hgnc-tsv-v1	C:\Users\Bogdan\Desktop\master-cancer-landscape\data\raw\hgnc\2026-09-26\hgnc_complete_set.txt	a7d2fc92267c5efeed6e8bab1403fb46b08180f5809e60e6d638c93fef41e61a
target	TGT-AURKB	hgnc_symbol	AURKB	HGNC	HGNC:11390	2026-09-26	https://hgnc.genenames.org/download/	2026-09-26T08:59:59.571715+00:00	Observed database annotation	hgnc-tsv-v1	C:\Users\Bogdan\Desktop\master-cancer-landscape\data\raw\hgnc\2026-09-26\hgnc_complete_set.txt	a7d2fc92267c5efeed6e8bab1403fb46b08180f5809e60e6d638c93fef41e61a
target	TGT-AURKB	hgnc_approved_name	aurora kinase B	HGNC	HGNC:11390	2026-09-26	https://hgnc.genenames.org/download/	2026-09-26T08:59:59.571715+00:00	Observed database annotation	hgnc-tsv-v1	C:\Users\Bogdan\Desktop\master-cancer-landscape\data\raw\hgnc\2026-09-26\hgnc_complete_set.txt	a7d2fc92267c5efeed6e8bab1403fb46b08180f5809e60e6d638c93fef41e61a
target	TGT-AURKB	hgnc_status	Approved	HGNC	HGNC:11390	2026-09-26	https://hgnc.genenames.org/download/	2026-09-26T08:59:59.571715+00:00	Observed database annotation	hgnc-tsv-v1	C:\Users\Bogdan\Desktop\master-cancer-landscape\data\raw\hgnc\2026-09-26\hgnc_complete_set.txt	a7d2fc92267c5efeed6e8bab1403fb46b08180f5809e60e6d638c93fef41e61a
target	TGT-AURKB	hgnc_date_modified	2023-01-20	HGNC	HGNC:11390	2026-09-26	https://hgnc.genenames.org/download/	2026-09-26T08:59:59.571715+00:00	Observed database annotation	hgnc-tsv-v1	C:\Users\Bogdan\Desktop\master-cancer-landscape\data\raw\hgnc\2026-09-26\hgnc_complete_set.txt	a7d2fc92267c5efeed6e8bab1403fb46b08180f5809e60e6d638c93fef41e61a
target	TGT-AURKB	ensembl_gene_id	ENSG00000178999	HGNC	HGNC:11390	2026-09-26	https://hgnc.genenames.org/download/	2026-09-26T08:59:59.571715+00:00	Observed database annotation	hgnc-tsv-v1	C:\Users\Bogdan\Desktop\master-cancer-landscape\data\raw\hgnc\2026-09-26\hgnc_complete_set.txt	a7d2fc92267c5efeed6e8bab1403fb46b08180f5809e60e6d638c93fef41e61a
target	TGT-AURKB	ncbi_gene_id	9212	HGNC	HGNC:11390	2026-09-26	https://hgnc.genenames.org/download/	2026-09-26T08:59:59.571715+00:00	Observed database annotation	hgnc-tsv-v1	C:\Users\Bogdan\Desktop\master-cancer-landscape\data\raw\hgnc\2026-09-26\hgnc_complete_set.txt	a7d2fc92267c5efeed6e8bab1403fb46b08180f5809e60e6d638c93fef41e61a
target	TGT-AURKB	uniprot_id	Q96GD4	HGNC	HGNC:11390	2026-09-26	https://hgnc.genenames.org/download/	2026-09-26T08:59:59.571715+00:00	Observed database annotation	hgnc-tsv-v1	C:\Users\Bogdan\Desktop\master-cancer-landscape\data\raw\hgnc\2026-09-26\hgnc_complete_set.txt	a7d2fc92267c5efeed6e8bab1403fb46b08180f5809e60e6d638c93fef41e61a
target	TGT-AURKB	mapping_status	exact_approved_symbol	HGNC	HGNC:11390	2026-09-26	https://hgnc.genenames.org/download/	2026-09-26T08:59:59.571715+00:00	Observed database annotation	hgnc-tsv-v1	C:\Users\Bogdan\Desktop\master-cancer-landscape\data\raw\hgnc\2026-09-26\hgnc_complete_set.txt	a7d2fc92267c5efeed6e8bab1403fb46b08180f5809e60e6d638c93fef41e61a
target	TGT-AURKB	mapping_basis	approved_symbol	HGNC	HGNC:11390	2026-09-26	https://hgnc.genenames.org/download/	2026-09-26T08:59:59.571715+00:00	Observed database annotation	hgnc-tsv-v1	C:\Users\Bogdan\Desktop\master-cancer-landscape\data\raw\hgnc\2026-09-26\hgnc_complete_set.txt	a7d2fc92267c5efeed6e8bab1403fb46b08180f5809e60e6d638c93fef41e61a
target	TGT-AXL	hgnc_id	HGNC:905	HGNC	HGNC:905	2026-09-26	https://hgnc.genenames.org/download/	2026-09-26T08:59:59.571715+00:00	Observed database annotation	hgnc-tsv-v1	C:\Users\Bogdan\Desktop\master-cancer-landscape\data\raw\hgnc\2026-09-26\hgnc_complete_set.txt	2b325b841ab584d85a63ce7e5478d5fa3a55408006036cba053c73e8d63aa4e0
target	TGT-AXL	hgnc_symbol	AXL	HGNC	HGNC:905	2026-09-26	https://hgnc.genenames.org/download/	2026-09-26T08:59:59.571715+00:00	Observed database annotation	hgnc-tsv-v1	C:\Users\Bogdan\Desktop\master-cancer-landscape\data\raw\hgnc\2026-09-26\hgnc_complete_set.txt	2b325b841ab584d85a63ce7e5478d5fa3a55408006036cba053c73e8d63aa4e0
target	TGT-AXL	hgnc_approved_name	AXL receptor tyrosine kinase	HGNC	HGNC:905	2026-09-26	https://hgnc.genenames.org/download/	2026-09-26T08:59:59.571715+00:00	Observed database annotation	hgnc-tsv-v1	C:\Users\Bogdan\Desktop\master-cancer-landscape\data\raw\hgnc\2026-09-26\hgnc_complete_set.txt	2b325b841ab584d85a63ce7e5478d5fa3a55408006036cba053c73e8d63aa4e0
target	TGT-AXL	hgnc_status	Approved	HGNC	HGNC:905	2026-09-26	https://hgnc.genenames.org/download/	2026-09-26T08:59:59.571715+00:00	Observed database annotation	hgnc-tsv-v1	C:\Users\Bogdan\Desktop\master-cancer-landscape\data\raw\hgnc\2026-09-26\hgnc_complete_set.txt	2b325b841ab584d85a63ce7e5478d5fa3a55408006036cba053c73e8d63aa4e0
target	TGT-AXL	hgnc_date_modified	2023-01-20	HGNC	HGNC:905	2026-09-26	https://hgnc.genenames.org/download/	2026-09-26T08:59:59.571715+00:00	Observed database annotation	hgnc-tsv-v1	C:\Users\Bogdan\Desktop\master-cancer-landscape\data\raw\hgnc\2026-09-26\hgnc_complete_set.txt	2b325b841ab584d85a63ce7e5478d5fa3a55408006036cba053c73e8d63aa4e0
target	TGT-AXL	ensembl_gene_id	ENSG00000167601	HGNC	HGNC:905	2026-09-26	https://hgnc.genenames.org/download/	2026-09-26T08:59:59.571715+00:00	Observed database annotation	hgnc-tsv-v1	C:\Users\Bogdan\Desktop\master-cancer-landscape\data\raw\hgnc\2026-09-26\hgnc_complete_set.txt	2b325b841ab584d85a63ce7e5478d5fa3a55408006036cba053c73e8d63aa4e0
target	TGT-AXL	ncbi_gene_id	558	HGNC	HGNC:905	2026-09-26	https://hgnc.genenames.org/download/	2026-09-26T08:59:59.571715+00:00	Observed database annotation	hgnc-tsv-v1	C:\Users\Bogdan\Desktop\master-cancer-landscape\data\raw\hgnc\2026-09-26\hgnc_complete_set.txt	2b325b841ab584d85a63ce7e5478d5fa3a55408006036cba053c73e8d63aa4e0
target	TGT-AXL	uniprot_id	P30530	HGNC	HGNC:905	2026-09-26	https://hgnc.genenames.org/download/	2026-09-26T08:59:59.571715+00:00	Observed database annotation	hgnc-tsv-v1	C:\Users\Bogdan\Desktop\master-cancer-landscape\data\raw\hgnc\2026-09-26\hgnc_complete_set.txt	2b325b841ab584d85a63ce7e5478d5fa3a55408006036cba053c73e8d63aa4e0
target	TGT-AXL	mapping_status	exact_approved_symbol	HGNC	HGNC:905	2026-09-26	https://hgnc.genenames.org/download/	2026-09-26T08:59:59.571715+00:00	Observed database annotation	hgnc-tsv-v1	C:\Users\Bogdan\Desktop\master-cancer-landscape\data\raw\hgnc\2026-09-26\hgnc_complete_set.txt	2b325b841ab584d85a63ce7e5478d5fa3a55408006036cba053c73e8d63aa4e0
target	TGT-AXL	mapping_basis	approved_symbol	HGNC	HGNC:905	2026-09-26	https://hgnc.genenames.org/download/	2026-09-26T08:59:59.571715+00:00	Observed database annotation	hgnc-tsv-v1	C:\Users\Bogdan\Desktop\master-cancer-landscape\data\raw\hgnc\2026-09-26\hgnc_complete_set.txt	2b325b841ab584d85a63ce7e5478d5fa3a55408006036cba053c73e8d63aa4e0
target	TGT-BCL2	hgnc_id	HGNC:990	HGNC	HGNC:990	2026-09-26	https://hgnc.genenames.org/download/	2026-09-26T08:59:59.571715+00:00	Observed database annotation	hgnc-tsv-v1	C:\Users\Bogdan\Desktop\master-cancer-landscape\data\raw\hgnc\2026-09-26\hgnc_complete_set.txt	8d72b3af3097bccc6f5bd7bd084bab148b1b8879121bb69dea2e34241b5b33e2
target	TGT-BCL2	hgnc_symbol	BCL2	HGNC	HGNC:990	2026-09-26	https://hgnc.genenames.org/download/	2026-09-26T08:59:59.571715+00:00	Observed database annotation	hgnc-tsv-v1	C:\Users\Bogdan\Desktop\master-cancer-landscape\data\raw\hgnc\2026-09-26\hgnc_complete_set.txt	8d72b3af3097bccc6f5bd7bd084bab148b1b8879121bb69dea2e34241b5b33e2
target	TGT-BCL2	hgnc_approved_name	BCL2 apoptosis regulator	HGNC	HGNC:990	2026-09-26	https://hgnc.genenames.org/download/	2026-09-26T08:59:59.571715+00:00	Observed database annotation	hgnc-tsv-v1	C:\Users\Bogdan\Desktop\master-cancer-landscape\data\raw\hgnc\2026-09-26\hgnc_complete_set.txt	8d72b3af3097bccc6f5bd7bd084bab148b1b8879121bb69dea2e34241b5b33e2
target	TGT-BCL2	hgnc_status	Approved	HGNC	HGNC:990	2026-09-26	https://hgnc.genenames.org/download/	2026-09-26T08:59:59.571715+00:00	Observed database annotation	hgnc-tsv-v1	C:\Users\Bogdan\Desktop\master-cancer-landscape\data\raw\hgnc\2026-09-26\hgnc_complete_set.txt	8d72b3af3097bccc6f5bd7bd084bab148b1b8879121bb69dea2e34241b5b33e2
target	TGT-BCL2	hgnc_date_modified	2023-07-25	HGNC	HGNC:990	2026-09-26	https://hgnc.genenames.org/download/	2026-09-26T08:59:59.571715+00:00	Observed database annotation	hgnc-tsv-v1	C:\Users\Bogdan\Desktop\master-cancer-landscape\data\raw\hgnc\2026-09-26\hgnc_complete_set.txt	8d72b3af3097bccc6f5bd7bd084bab148b1b8879121bb69dea2e34241b5b33e2
target	TGT-BCL2	ensembl_gene_id	ENSG00000171791	HGNC	HGNC:990	2026-09-26	https://hgnc.genenames.org/download/	2026-09-26T08:59:59.571715+00:00	Observed database annotation	hgnc-tsv-v1	C:\Users\Bogdan\Desktop\master-cancer-landscape\data\raw\hgnc\2026-09-26\hgnc_complete_set.txt	8d72b3af3097bccc6f5bd7bd084bab148b1b8879121bb69dea2e34241b5b33e2
target	TGT-BCL2	ncbi_gene_id	596	HGNC	HGNC:990	2026-09-26	https://hgnc.genenames.org/download/	2026-09-26T08:59:59.571715+00:00	Observed database annotation	hgnc-tsv-v1	C:\Users\Bogdan\Desktop\master-cancer-landscape\data\raw\hgnc\2026-09-26\hgnc_complete_set.txt	8d72b3af3097bccc6f5bd7bd084bab148b1b8879121bb69dea2e34241b5b33e2
target	TGT-BCL2	uniprot_id	P10415	HGNC	HGNC:990	2026-09-26	https://hgnc.genenames.org/download/	2026-09-26T08:59:59.571715+00:00	Observed database annotation	hgnc-tsv-v1	C:\Users\Bogdan\Desktop\master-cancer-landscape\data\raw\hgnc\2026-09-26\hgnc_complete_set.txt	8d72b3af3097bccc6f5bd7bd084bab148b1b8879121bb69dea2e34241b5b33e2
target	TGT-BCL2	mapping_status	exact_approved_symbol	HGNC	HGNC:990	2026-09-26	https://hgnc.genenames.org/download/	2026-09-26T08:59:59.571715+00:00	Observed database annotation	hgnc-tsv-v1	C:\Users\Bogdan\Desktop\master-cancer-landscape\data\raw\hgnc\2026-09-26\hgnc_complete_set.txt	8d72b3af3097bccc6f5bd7bd084bab148b1b8879121bb69dea2e34241b5b33e2
target	TGT-BCL2	mapping_basis	approved_symbol	HGNC	HGNC:990	2026-09-26	https://hgnc.genenames.org/download/	2026-09-26T08:59:59.571715+00:00	Observed database annotation	hgnc-tsv-v1	C:\Users\Bogdan\Desktop\master-cancer-landscape\data\raw\hgnc\2026-09-26\hgnc_complete_set.txt	8d72b3af3097bccc6f5bd7bd084bab148b1b8879121bb69dea2e34241b5b33e2
target	TGT-MCL1	hgnc_id	HGNC:6943	HGNC	HGNC:6943	2026-09-26	https://hgnc.genenames.org/download/	2026-09-26T08:59:59.571715+00:00	Observed database annotation	hgnc-tsv-v1	C:\Users\Bogdan\Desktop\master-cancer-landscape\data\raw\hgnc\2026-09-26\hgnc_complete_set.txt	1a73c38370702e5f4670c53dd399203a0870609909ac495993144fd9d094b18b
target	TGT-MCL1	hgnc_symbol	MCL1	HGNC	HGNC:6943	2026-09-26	https://hgnc.genenames.org/download/	2026-09-26T08:59:59.571715+00:00	Observed database annotation	hgnc-tsv-v1	C:\Users\Bogdan\Desktop\master-cancer-landscape\data\raw\hgnc\2026-09-26\hgnc_complete_set.txt	1a73c38370702e5f4670c53dd399203a0870609909ac495993144fd9d094b18b
target	TGT-MCL1	hgnc_approved_name	MCL1 apoptosis regulator, BCL2 family member	HGNC	HGNC:6943	2026-09-26	https://hgnc.genenames.org/download/	2026-09-26T08:59:59.571715+00:00	Observed database annotation	hgnc-tsv-v1	C:\Users\Bogdan\Desktop\master-cancer-landscape\data\raw\hgnc\2026-09-26\hgnc_complete_set.txt	1a73c38370702e5f4670c53dd399203a0870609909ac495993144fd9d094b18b
target	TGT-MCL1	hgnc_status	Approved	HGNC	HGNC:6943	2026-09-26	https://hgnc.genenames.org/download/	2026-09-26T08:59:59.571715+00:00	Observed database annotation	hgnc-tsv-v1	C:\Users\Bogdan\Desktop\master-cancer-landscape\data\raw\hgnc\2026-09-26\hgnc_complete_set.txt	1a73c38370702e5f4670c53dd399203a0870609909ac495993144fd9d094b18b
target	TGT-MCL1	hgnc_date_modified	2023-01-20	HGNC	HGNC:6943	2026-09-26	https://hgnc.genenames.org/download/	2026-09-26T08:59:59.571715+00:00	Observed database annotation	hgnc-tsv-v1	C:\Users\Bogdan\Desktop\master-cancer-landscape\data\raw\hgnc\2026-09-26\hgnc_complete_set.txt	1a73c38370702e5f4670c53dd399203a0870609909ac495993144fd9d094b18b
target	TGT-MCL1	ensembl_gene_id	ENSG00000143384	HGNC	HGNC:6943	2026-09-26	https://hgnc.genenames.org/download/	2026-09-26T08:59:59.571715+00:00	Observed database annotation	hgnc-tsv-v1	C:\Users\Bogdan\Desktop\master-cancer-landscape\data\raw\hgnc\2026-09-26\hgnc_complete_set.txt	1a73c38370702e5f4670c53dd399203a0870609909ac495993144fd9d094b18b
target	TGT-MCL1	ncbi_gene_id	4170	HGNC	HGNC:6943	2026-09-26	https://hgnc.genenames.org/download/	2026-09-26T08:59:59.571715+00:00	Observed database annotation	hgnc-tsv-v1	C:\Users\Bogdan\Desktop\master-cancer-landscape\data\raw\hgnc\2026-09-26\hgnc_complete_set.txt	1a73c38370702e5f4670c53dd399203a0870609909ac495993144fd9d094b18b
target	TGT-MCL1	uniprot_id	Q07820	HGNC	HGNC:6943	2026-09-26	https://hgnc.genenames.org/download/	2026-09-26T08:59:59.571715+00:00	Observed database annotation	hgnc-tsv-v1	C:\Users\Bogdan\Desktop\master-cancer-landscape\data\raw\hgnc\2026-09-26\hgnc_complete_set.txt	1a73c38370702e5f4670c53dd399203a0870609909ac495993144fd9d094b18b
target	TGT-MCL1	mapping_status	exact_approved_symbol	HGNC	HGNC:6943	2026-09-26	https://hgnc.genenames.org/download/	2026-09-26T08:59:59.571715+00:00	Observed database annotation	hgnc-tsv-v1	C:\Users\Bogdan\Desktop\master-cancer-landscape\data\raw\hgnc\2026-09-26\hgnc_complete_set.txt	1a73c38370702e5f4670c53dd399203a0870609909ac495993144fd9d094b18b
target	TGT-MCL1	mapping_basis	approved_symbol	HGNC	HGNC:6943	2026-09-26	https://hgnc.genenames.org/download/	2026-09-26T08:59:59.571715+00:00	Observed database annotation	hgnc-tsv-v1	C:\Users\Bogdan\Desktop\master-cancer-landscape\data\raw\hgnc\2026-09-26\hgnc_complete_set.txt	1a73c38370702e5f4670c53dd399203a0870609909ac495993144fd9d094b18b
target	TGT-PIM1	hgnc_id	HGNC:8986	HGNC	HGNC:8986	2026-09-26	https://hgnc.genenames.org/download/	2026-09-26T08:59:59.571715+00:00	Observed database annotation	hgnc-tsv-v1	C:\Users\Bogdan\Desktop\master-cancer-landscape\data\raw\hgnc\2026-09-26\hgnc_complete_set.txt	4e8dcbf60cd668c27faf351667383f5f3a132ea5676ec71e52d9b2ecaed53074
target	TGT-PIM1	hgnc_symbol	PIM1	HGNC	HGNC:8986	2026-09-26	https://hgnc.genenames.org/download/	2026-09-26T08:59:59.571715+00:00	Observed database annotation	hgnc-tsv-v1	C:\Users\Bogdan\Desktop\master-cancer-landscape\data\raw\hgnc\2026-09-26\hgnc_complete_set.txt	4e8dcbf60cd668c27faf351667383f5f3a132ea5676ec71e52d9b2ecaed53074
target	TGT-PIM1	hgnc_approved_name	Pim-1 proto-oncogene, serine/threonine kinase	HGNC	HGNC:8986	2026-09-26	https://hgnc.genenames.org/download/	2026-09-26T08:59:59.571715+00:00	Observed database annotation	hgnc-tsv-v1	C:\Users\Bogdan\Desktop\master-cancer-landscape\data\raw\hgnc\2026-09-26\hgnc_complete_set.txt	4e8dcbf60cd668c27faf351667383f5f3a132ea5676ec71e52d9b2ecaed53074
target	TGT-PIM1	hgnc_status	Approved	HGNC	HGNC:8986	2026-09-26	https://hgnc.genenames.org/download/	2026-09-26T08:59:59.571715+00:00	Observed database annotation	hgnc-tsv-v1	C:\Users\Bogdan\Desktop\master-cancer-landscape\data\raw\hgnc\2026-09-26\hgnc_complete_set.txt	4e8dcbf60cd668c27faf351667383f5f3a132ea5676ec71e52d9b2ecaed53074
target	TGT-PIM1	hgnc_date_modified	2023-01-20	HGNC	HGNC:8986	2026-09-26	https://hgnc.genenames.org/download/	2026-09-26T08:59:59.571715+00:00	Observed database annotation	hgnc-tsv-v1	C:\Users\Bogdan\Desktop\master-cancer-landscape\data\raw\hgnc\2026-09-26\hgnc_complete_set.txt	4e8dcbf60cd668c27faf351667383f5f3a132ea5676ec71e52d9b2ecaed53074
target	TGT-PIM1	ensembl_gene_id	ENSG00000137193	HGNC	HGNC:8986	2026-09-26	https://hgnc.genenames.org/download/	2026-09-26T08:59:59.571715+00:00	Observed database annotation	hgnc-tsv-v1	C:\Users\Bogdan\Desktop\master-cancer-landscape\data\raw\hgnc\2026-09-26\hgnc_complete_set.txt	4e8dcbf60cd668c27faf351667383f5f3a132ea5676ec71e52d9b2ecaed53074
target	TGT-PIM1	ncbi_gene_id	5292	HGNC	HGNC:8986	2026-09-26	https://hgnc.genenames.org/download/	2026-09-26T08:59:59.571715+00:00	Observed database annotation	hgnc-tsv-v1	C:\Users\Bogdan\Desktop\master-cancer-landscape\data\raw\hgnc\2026-09-26\hgnc_complete_set.txt	4e8dcbf60cd668c27faf351667383f5f3a132ea5676ec71e52d9b2ecaed53074
target	TGT-PIM1	uniprot_id	P11309	HGNC	HGNC:8986	2026-09-26	https://hgnc.genenames.org/download/	2026-09-26T08:59:59.571715+00:00	Observed database annotation	hgnc-tsv-v1	C:\Users\Bogdan\Desktop\master-cancer-landscape\data\raw\hgnc\2026-09-26\hgnc_complete_set.txt	4e8dcbf60cd668c27faf351667383f5f3a132ea5676ec71e52d9b2ecaed53074
target	TGT-PIM1	mapping_status	exact_approved_symbol	HGNC	HGNC:8986	2026-09-26	https://hgnc.genenames.org/download/	2026-09-26T08:59:59.571715+00:00	Observed database annotation	hgnc-tsv-v1	C:\Users\Bogdan\Desktop\master-cancer-landscape\data\raw\hgnc\2026-09-26\hgnc_complete_set.txt	4e8dcbf60cd668c27faf351667383f5f3a132ea5676ec71e52d9b2ecaed53074
target	TGT-PIM1	mapping_basis	approved_symbol	HGNC	HGNC:8986	2026-09-26	https://hgnc.genenames.org/download/	2026-09-26T08:59:59.571715+00:00	Observed database annotation	hgnc-tsv-v1	C:\Users\Bogdan\Desktop\master-cancer-landscape\data\raw\hgnc\2026-09-26\hgnc_complete_set.txt	4e8dcbf60cd668c27faf351667383f5f3a132ea5676ec71e52d9b2ecaed53074
cancer_context	CANCER-001	Configured_Open_Targets_disease_ID	MONDO_0005061	Open Targets disease mapping	MONDO_0005061	26.09	https://api.platform.opentargets.org/api/v4/graphql	2026-09-30T07:41:58.308760+00:00	Inferred	opentargets-v0.2.2	"[""data\\raw\\opentargets\\26.09\\CANCER-001_MONDO_0005061_configured_disease.json""]"	3a87fb47fbb62abff49b1dc77fdfd986835b43a132a7e1c3446e0ab571c56119
cancer_context	CANCER-001	Resolved_Open_Targets_disease_ID	MONDO_0005061	Open Targets disease mapping	MONDO_0005061	26.09	https://api.platform.opentargets.org/api/v4/graphql	2026-09-30T07:41:58.308760+00:00	Observed	opentargets-v0.2.2	"[""data\\raw\\opentargets\\26.09\\CANCER-001_MONDO_0005061_configured_disease.json""]"	3a87fb47fbb62abff49b1dc77fdfd986835b43a132a7e1c3446e0ab571c56119
cancer_context	CANCER-001	Open_Targets_resolution_method	configured_id	Open Targets disease mapping	MONDO_0005061	26.09	https://api.platform.opentargets.org/api/v4/graphql	2026-09-30T07:41:58.308760+00:00	Observed	opentargets-v0.2.2	"[""data\\raw\\opentargets\\26.09\\CANCER-001_MONDO_0005061_configured_disease.json""]"	3a87fb47fbb62abff49b1dc77fdfd986835b43a132a7e1c3446e0ab571c56119
cancer_context	CANCER-001	Open_Targets_mapping_scope	exact_disease	Open Targets disease mapping	MONDO_0005061	26.09	https://api.platform.opentargets.org/api/v4/graphql	2026-09-30T07:41:58.308760+00:00	Inferred	opentargets-v0.2.2	"[""data\\raw\\opentargets\\26.09\\CANCER-001_MONDO_0005061_configured_disease.json""]"	3a87fb47fbb62abff49b1dc77fdfd986835b43a132a7e1c3446e0ab571c56119
cancer_context	CANCER-001	Open_Targets_mapping_confidence	high	Open Targets disease mapping	MONDO_0005061	26.09	https://api.platform.opentargets.org/api/v4/graphql	2026-09-30T07:41:58.308760+00:00	Inferred	opentargets-v0.2.2	"[""data\\raw\\opentargets\\26.09\\CANCER-001_MONDO_0005061_configured_disease.json""]"	3a87fb47fbb62abff49b1dc77fdfd986835b43a132a7e1c3446e0ab571c56119
cancer_context	CANCER-001	Open_Targets_mapping_rationale	Open Targets disease mapping represents lung adenocarcinoma at disease level. KRAS p.G12C is retained as a separate project molecular context and is not attributed to the Open Targets disease ontology.	Open Targets disease mapping	MONDO_0005061	26.09	https://api.platform.opentargets.org/api/v4/graphql	2026-09-30T07:41:58.308760+00:00	Inferred	opentargets-v0.2.2	"[""data\\raw\\opentargets\\26.09\\CANCER-001_MONDO_0005061_configured_disease.json""]"	3a87fb47fbb62abff49b1dc77fdfd986835b43a132a7e1c3446e0ab571c56119
cancer_context	CANCER-004	Configured_Open_Targets_disease_ID	MONDO_0005184	Open Targets disease mapping	MONDO_0005184	26.09	https://api.platform.opentargets.org/api/v4/graphql	2026-09-30T07:41:58.308760+00:00	Inferred	opentargets-v0.2.2	"[""data\\raw\\opentargets\\26.09\\CANCER-004_MONDO_0005184_configured_disease.json""]"	536576421a68ceb4552357e403abc7baea689d5dce29edee8484ae1ad32ec037
cancer_context	CANCER-004	Resolved_Open_Targets_disease_ID	MONDO_0005184	Open Targets disease mapping	MONDO_0005184	26.09	https://api.platform.opentargets.org/api/v4/graphql	2026-09-30T07:41:58.308760+00:00	Observed	opentargets-v0.2.2	"[""data\\raw\\opentargets\\26.09\\CANCER-004_MONDO_0005184_configured_disease.json""]"	536576421a68ceb4552357e403abc7baea689d5dce29edee8484ae1ad32ec037
cancer_context	CANCER-004	Open_Targets_resolution_method	configured_id	Open Targets disease mapping	MONDO_0005184	26.09	https://api.platform.opentargets.org/api/v4/graphql	2026-09-30T07:41:58.308760+00:00	Observed	opentargets-v0.2.2	"[""data\\raw\\opentargets\\26.09\\CANCER-004_MONDO_0005184_configured_disease.json""]"	536576421a68ceb4552357e403abc7baea689d5dce29edee8484ae1ad32ec037
cancer_context	CANCER-004	Open_Targets_mapping_scope	exact_disease	Open Targets disease mapping	MONDO_0005184	26.09	https://api.platform.opentargets.org/api/v4/graphql	2026-09-30T07:41:58.308760+00:00	Inferred	opentargets-v0.2.2	"[""data\\raw\\opentargets\\26.09\\CANCER-004_MONDO_0005184_configured_disease.json""]"	536576421a68ceb4552357e403abc7baea689d5dce29edee8484ae1ad32ec037
cancer_context	CANCER-004	Open_Targets_mapping_confidence	high	Open Targets disease mapping	MONDO_0005184	26.09	https://api.platform.opentargets.org/api/v4/graphql	2026-09-30T07:41:58.308760+00:00	Inferred	opentargets-v0.2.2	"[""data\\raw\\opentargets\\26.09\\CANCER-004_MONDO_0005184_configured_disease.json""]"	536576421a68ceb4552357e403abc7baea689d5dce29edee8484ae1ad32ec037
cancer_context	CANCER-004	Open_Targets_mapping_rationale	MONDO_0005184 is the disease-level pancreatic ductal adenocarcinoma entity. KRAS p.G12D remains a separate project molecular context and is not attributed to the Open Targets disease-level association score.	Open Targets disease mapping	MONDO_0005184	26.09	https://api.platform.opentargets.org/api/v4/graphql	2026-09-30T07:41:58.308760+00:00	Inferred	opentargets-v0.2.2	"[""data\\raw\\opentargets\\26.09\\CANCER-004_MONDO_0005184_configured_disease.json""]"	536576421a68ceb4552357e403abc7baea689d5dce29edee8484ae1ad32ec037
cancer_context	CANCER-011	Configured_Open_Targets_disease_ID	MONDO_0018177	Open Targets disease mapping	MONDO_0018177	26.09	https://api.platform.opentargets.org/api/v4/graphql	2026-09-30T07:41:58.308760+00:00	Inferred	opentargets-v0.2.2	"[""data\\raw\\opentargets\\26.09\\CANCER-011_MONDO_0018177_configured_disease.json""]"	7388f5460b8321f309e94fedcd79524081aff003a229f9e3adb5571c79884b67
cancer_context	CANCER-011	Resolved_Open_Targets_disease_ID	MONDO_0018177	Open Targets disease mapping	MONDO_0018177	26.09	https://api.platform.opentargets.org/api/v4/graphql	2026-09-30T07:41:58.308760+00:00	Observed	opentargets-v0.2.2	"[""data\\raw\\opentargets\\26.09\\CANCER-011_MONDO_0018177_configured_disease.json""]"	7388f5460b8321f309e94fedcd79524081aff003a229f9e3adb5571c79884b67
cancer_context	CANCER-011	Open_Targets_resolution_method	configured_id	Open Targets disease mapping	MONDO_0018177	26.09	https://api.platform.opentargets.org/api/v4/graphql	2026-09-30T07:41:58.308760+00:00	Observed	opentargets-v0.2.2	"[""data\\raw\\opentargets\\26.09\\CANCER-011_MONDO_0018177_configured_disease.json""]"	7388f5460b8321f309e94fedcd79524081aff003a229f9e3adb5571c79884b67
cancer_context	CANCER-011	Open_Targets_mapping_scope	exact_disease	Open Targets disease mapping	MONDO_0018177	26.09	https://api.platform.opentargets.org/api/v4/graphql	2026-09-30T07:41:58.308760+00:00	Inferred	opentargets-v0.2.2	"[""data\\raw\\opentargets\\26.09\\CANCER-011_MONDO_0018177_configured_disease.json""]"	7388f5460b8321f309e94fedcd79524081aff003a229f9e3adb5571c79884b67
cancer_context	CANCER-011	Open_Targets_mapping_confidence	high	Open Targets disease mapping	MONDO_0018177	26.09	https://api.platform.opentargets.org/api/v4/graphql	2026-09-30T07:41:58.308760+00:00	Inferred	opentargets-v0.2.2	"[""data\\raw\\opentargets\\26.09\\CANCER-011_MONDO_0018177_configured_disease.json""]"	7388f5460b8321f309e94fedcd79524081aff003a229f9e3adb5571c79884b67
cancer_context	CANCER-011	Open_Targets_mapping_rationale	MONDO_0018177 captures glioblastoma at disease level. IDH-wildtype remains a separate project molecular context so generic Open Targets association scores are not misrepresented as IDH-wildtype-specific evidence.	Open Targets disease mapping	MONDO_0018177	26.09	https://api.platform.opentargets.org/api/v4/graphql	2026-09-30T07:41:58.308760+00:00	Inferred	opentargets-v0.2.2	"[""data\\raw\\opentargets\\26.09\\CANCER-011_MONDO_0018177_configured_disease.json""]"	7388f5460b8321f309e94fedcd79524081aff003a229f9e3adb5571c79884b67
cancer_context	CANCER-013	Configured_Open_Targets_disease_ID	MONDO_0018874	Open Targets disease mapping	MONDO_0018874	26.09	https://api.platform.opentargets.org/api/v4/graphql	2026-09-30T07:41:58.308760+00:00	Inferred	opentargets-v0.2.2	"[""data\\raw\\opentargets\\26.09\\CANCER-013_MONDO_0018874_configured_disease.json""]"	6b32a33849d7ed20f1667420f9b8c4da9eb6387edfe44a1b5ae41e7caa86d365
cancer_context	CANCER-013	Resolved_Open_Targets_disease_ID	MONDO_0018874	Open Targets disease mapping	MONDO_0018874	26.09	https://api.platform.opentargets.org/api/v4/graphql	2026-09-30T07:41:58.308760+00:00	Observed	opentargets-v0.2.2	"[""data\\raw\\opentargets\\26.09\\CANCER-013_MONDO_0018874_configured_disease.json""]"	6b32a33849d7ed20f1667420f9b8c4da9eb6387edfe44a1b5ae41e7caa86d365
cancer_context	CANCER-013	Open_Targets_resolution_method	configured_id	Open Targets disease mapping	MONDO_0018874	26.09	https://api.platform.opentargets.org/api/v4/graphql	2026-09-30T07:41:58.308760+00:00	Observed	opentargets-v0.2.2	"[""data\\raw\\opentargets\\26.09\\CANCER-013_MONDO_0018874_configured_disease.json""]"	6b32a33849d7ed20f1667420f9b8c4da9eb6387edfe44a1b5ae41e7caa86d365
cancer_context	CANCER-013	Open_Targets_mapping_scope	exact_disease	Open Targets disease mapping	MONDO_0018874	26.09	https://api.platform.opentargets.org/api/v4/graphql	2026-09-30T07:41:58.308760+00:00	Inferred	opentargets-v0.2.2	"[""data\\raw\\opentargets\\26.09\\CANCER-013_MONDO_0018874_configured_disease.json""]"	6b32a33849d7ed20f1667420f9b8c4da9eb6387edfe44a1b5ae41e7caa86d365
cancer_context	CANCER-013	Open_Targets_mapping_confidence	high	Open Targets disease mapping	MONDO_0018874	26.09	https://api.platform.opentargets.org/api/v4/graphql	2026-09-30T07:41:58.308760+00:00	Inferred	opentargets-v0.2.2	"[""data\\raw\\opentargets\\26.09\\CANCER-013_MONDO_0018874_configured_disease.json""]"	6b32a33849d7ed20f1667420f9b8c4da9eb6387edfe44a1b5ae41e7caa86d365
cancer_context	CANCER-013	Open_Targets_mapping_rationale	Open Targets mapping captures AML at disease level. FLT3-mutant status remains separate and association scores are not interpreted as FLT3-mutant-specific without independent evidence.	Open Targets disease mapping	MONDO_0018874	26.09	https://api.platform.opentargets.org/api/v4/graphql	2026-09-30T07:41:58.308760+00:00	Inferred	opentargets-v0.2.2	"[""data\\raw\\opentargets\\26.09\\CANCER-013_MONDO_0018874_configured_disease.json""]"	6b32a33849d7ed20f1667420f9b8c4da9eb6387edfe44a1b5ae41e7caa86d365
cancer_target_pair	EVID-0001	association_score	0.7029978547925759	Open Targets Platform	ENSG00000133703|MONDO_0005061	26.09	https://api.platform.opentargets.org/api/v4/graphql	2026-09-30T07:41:58.308760+00:00	Aggregated evidence	opentargets-v0.2.2	"[""data\\raw\\opentargets\\26.09\\CANCER-001_MONDO_0005061_associated_targets_page_0000.json"", ""data\\raw\\opentargets\\26.09\\CANCER-001_MONDO_0005061_associated_targets_page_0001.json"", ""data\\raw\\opentargets\\26.09\\CANCER-001_MONDO_0005061_associated_targets_page_0002.json"", ""data\\raw\\opentargets\\26.09\\CANCER-001_MONDO_0005061_associated_targets_page_0003.json"", ""data\\raw\\opentargets\\26.09\\CANCER-001_MONDO_0005061_associated_targets_page_0004.json"", ""data\\raw\\opentargets\\26.09\\CANCER-001_MONDO_0005061_associated_targets_page_0005.json"", ""data\\raw\\opentargets\\26.09\\CANCER-001_MONDO_0005061_associated_targets_page_0006.json"", ""data\\raw\\opentargets\\26.09\\CANCER-001_MONDO_0005061_associated_targets_page_0007.json"", ""data\\raw\\opentargets\\26.09\\CANCER-001_MONDO_0005061_associated_targets_page_0008.json"", ""data\\raw\\opentargets\\26.09\\CANCER-001_MONDO_0005061_associated_targets_page_0009.json"", ""data\\raw\\opentargets\\26.09\\CANCER-001_MONDO_0005061_associated_targets_page_0010.json"", ""data\\raw\\opentargets\\26.09\\CANCER-001_MONDO_0005061_associated_targets_page_0011.json"", ""data\\raw\\opentargets\\26.09\\CANCER-001_MONDO_0005061_associated_targets_page_0012.json"", ""data\\raw\\opentargets\\26.09\\CANCER-001_MONDO_0005061_associated_targets_page_0013.json"", ""data\\raw\\opentargets\\26.09\\CANCER-001_MONDO_0005061_associated_targets_page_0014.json"", ""data\\raw\\opentargets\\26.09\\CANCER-001_MONDO_0005061_associated_targets_page_0015.json"", ""data\\raw\\opentargets\\26.09\\CANCER-001_MONDO_0005061_associated_targets_page_0016.json"", ""data\\raw\\opentargets\\26.09\\CANCER-001_MONDO_0005061_associated_targets_page_0017.json"", ""data\\raw\\opentargets\\26.09\\CANCER-001_MONDO_0005061_associated_targets_page_0018.json"", ""data\\raw\\opentargets\\26.09\\CANCER-001_MONDO_0005061_associated_targets_page_0019.json"", ""data\\raw\\opentargets\\26.09\\CANCER-001_MONDO_0005061_associated_targets_page_0020.json"", ""data\\raw\\opentargets\\26.09\\CANCER-001_MONDO_0005061_associated_targets_page_0021.json""]"	18cdfdbadf09c3ffcd2305bdc567d244b249b5a555f982a9b153e9f410868e59
cancer_target_pair	EVID-0001	genetic_association_score		Open Targets Platform	ENSG00000133703|MONDO_0005061	26.09	https://api.platform.opentargets.org/api/v4/graphql	2026-09-30T07:41:58.308760+00:00	Aggregated evidence	opentargets-v0.2.2	"[""data\\raw\\opentargets\\26.09\\CANCER-001_MONDO_0005061_associated_targets_page_0000.json"", ""data\\raw\\opentargets\\26.09\\CANCER-001_MONDO_0005061_associated_targets_page_0001.json"", ""data\\raw\\opentargets\\26.09\\CANCER-001_MONDO_0005061_associated_targets_page_0002.json"", ""data\\raw\\opentargets\\26.09\\CANCER-001_MONDO_0005061_associated_targets_page_0003.json"", ""data\\raw\\opentargets\\26.09\\CANCER-001_MONDO_0005061_associated_targets_page_0004.json"", ""data\\raw\\opentargets\\26.09\\CANCER-001_MONDO_0005061_associated_targets_page_0005.json"", ""data\\raw\\opentargets\\26.09\\CANCER-001_MONDO_0005061_associated_targets_page_0006.json"", ""data\\raw\\opentargets\\26.09\\CANCER-001_MONDO_0005061_associated_targets_page_0007.json"", ""data\\raw\\opentargets\\26.09\\CANCER-001_MONDO_0005061_associated_targets_page_0008.json"", ""data\\raw\\opentargets\\26.09\\CANCER-001_MONDO_0005061_associated_targets_page_0009.json"", ""data\\raw\\opentargets\\26.09\\CANCER-001_MONDO_0005061_associated_targets_page_0010.json"", ""data\\raw\\opentargets\\26.09\\CANCER-001_MONDO_0005061_associated_targets_page_0011.json"", ""data\\raw\\opentargets\\26.09\\CANCER-001_MONDO_0005061_associated_targets_page_0012.json"", ""data\\raw\\opentargets\\26.09\\CANCER-001_MONDO_0005061_associated_targets_page_0013.json"", ""data\\raw\\opentargets\\26.09\\CANCER-001_MONDO_0005061_associated_targets_page_0014.json"", ""data\\raw\\opentargets\\26.09\\CANCER-001_MONDO_0005061_associated_targets_page_0015.json"", ""data\\raw\\opentargets\\26.09\\CANCER-001_MONDO_0005061_associated_targets_page_0016.json"", ""data\\raw\\opentargets\\26.09\\CANCER-001_MONDO_0005061_associated_targets_page_0017.json"", ""data\\raw\\opentargets\\26.09\\CANCER-001_MONDO_0005061_associated_targets_page_0018.json"", ""data\\raw\\opentargets\\26.09\\CANCER-001_MONDO_0005061_associated_targets_page_0019.json"", ""data\\raw\\opentargets\\26.09\\CANCER-001_MONDO_0005061_associated_targets_page_0020.json"", ""data\\raw\\opentargets\\26.09\\CANCER-001_MONDO_0005061_associated_targets_page_0021.json""]"	18cdfdbadf09c3ffcd2305bdc567d244b249b5a555f982a9b153e9f410868e59
cancer_target_pair	EVID-0001	somatic_mutation_score	0.8224435219117215	Open Targets Platform	ENSG00000133703|MONDO_0005061	26.09	https://api.platform.opentargets.org/api/v4/graphql	2026-09-30T07:41:58.308760+00:00	Aggregated evidence	opentargets-v0.2.2	"[""data\\raw\\opentargets\\26.09\\CANCER-001_MONDO_0005061_associated_targets_page_0000.json"", ""data\\raw\\opentargets\\26.09\\CANCER-001_MONDO_0005061_associated_targets_page_0001.json"", ""data\\raw\\opentargets\\26.09\\CANCER-001_MONDO_0005061_associated_targets_page_0002.json"", ""data\\raw\\opentargets\\26.09\\CANCER-001_MONDO_0005061_associated_targets_page_0003.json"", ""data\\raw\\opentargets\\26.09\\CANCER-001_MONDO_0005061_associated_targets_page_0004.json"", ""data\\raw\\opentargets\\26.09\\CANCER-001_MONDO_0005061_associated_targets_page_0005.json"", ""data\\raw\\opentargets\\26.09\\CANCER-001_MONDO_0005061_associated_targets_page_0006.json"", ""data\\raw\\opentargets\\26.09\\CANCER-001_MONDO_0005061_associated_targets_page_0007.json"", ""data\\raw\\opentargets\\26.09\\CANCER-001_MONDO_0005061_associated_targets_page_0008.json"", ""data\\raw\\opentargets\\26.09\\CANCER-001_MONDO_0005061_associated_targets_page_0009.json"", ""data\\raw\\opentargets\\26.09\\CANCER-001_MONDO_0005061_associated_targets_page_0010.json"", ""data\\raw\\opentargets\\26.09\\CANCER-001_MONDO_0005061_associated_targets_page_0011.json"", ""data\\raw\\opentargets\\26.09\\CANCER-001_MONDO_0005061_associated_targets_page_0012.json"", ""data\\raw\\opentargets\\26.09\\CANCER-001_MONDO_0005061_associated_targets_page_0013.json"", ""data\\raw\\opentargets\\26.09\\CANCER-001_MONDO_0005061_associated_targets_page_0014.json"", ""data\\raw\\opentargets\\26.09\\CANCER-001_MONDO_0005061_associated_targets_page_0015.json"", ""data\\raw\\opentargets\\26.09\\CANCER-001_MONDO_0005061_associated_targets_page_0016.json"", ""data\\raw\\opentargets\\26.09\\CANCER-001_MONDO_0005061_associated_targets_page_0017.json"", ""data\\raw\\opentargets\\26.09\\CANCER-001_MONDO_0005061_associated_targets_page_0018.json"", ""data\\raw\\opentargets\\26.09\\CANCER-001_MONDO_0005061_associated_targets_page_0019.json"", ""data\\raw\\opentargets\\26.09\\CANCER-001_MONDO_0005061_associated_targets_page_0020.json"", ""data\\raw\\opentargets\\26.09\\CANCER-001_MONDO_0005061_associated_targets_page_0021.json""]"	18cdfdbadf09c3ffcd2305bdc567d244b249b5a555f982a9b153e9f410868e59
cancer_target_pair	EVID-0001	known_drug_score		Open Targets Platform	ENSG00000133703|MONDO_0005061	26.09	https://api.platform.opentargets.org/api/v4/graphql	2026-09-30T07:41:58.308760+00:00	Aggregated evidence	opentargets-v0.2.2	"[""data\\raw\\opentargets\\26.09\\CANCER-001_MONDO_0005061_associated_targets_page_0000.json"", ""data\\raw\\opentargets\\26.09\\CANCER-001_MONDO_0005061_associated_targets_page_0001.json"", ""data\\raw\\opentargets\\26.09\\CANCER-001_MONDO_0005061_associated_targets_page_0002.json"", ""data\\raw\\opentargets\\26.09\\CANCER-001_MONDO_0005061_associated_targets_page_0003.json"", ""data\\raw\\opentargets\\26.09\\CANCER-001_MONDO_0005061_associated_targets_page_0004.json"", ""data\\raw\\opentargets\\26.09\\CANCER-001_MONDO_0005061_associated_targets_page_0005.json"", ""data\\raw\\opentargets\\26.09\\CANCER-001_MONDO_0005061_associated_targets_page_0006.json"", ""data\\raw\\opentargets\\26.09\\CANCER-001_MONDO_0005061_associated_targets_page_0007.json"", ""data\\raw\\opentargets\\26.09\\CANCER-001_MONDO_0005061_associated_targets_page_0008.json"", ""data\\raw\\opentargets\\26.09\\CANCER-001_MONDO_0005061_associated_targets_page_0009.json"", ""data\\raw\\opentargets\\26.09\\CANCER-001_MONDO_0005061_associated_targets_page_0010.json"", ""data\\raw\\opentargets\\26.09\\CANCER-001_MONDO_0005061_associated_targets_page_0011.json"", ""data\\raw\\opentargets\\26.09\\CANCER-001_MONDO_0005061_associated_targets_page_0012.json"", ""data\\raw\\opentargets\\26.09\\CANCER-001_MONDO_0005061_associated_targets_page_0013.json"", ""data\\raw\\opentargets\\26.09\\CANCER-001_MONDO_0005061_associated_targets_page_0014.json"", ""data\\raw\\opentargets\\26.09\\CANCER-001_MONDO_0005061_associated_targets_page_0015.json"", ""data\\raw\\opentargets\\26.09\\CANCER-001_MONDO_0005061_associated_targets_page_0016.json"", ""data\\raw\\opentargets\\26.09\\CANCER-001_MONDO_0005061_associated_targets_page_0017.json"", ""data\\raw\\opentargets\\26.09\\CANCER-001_MONDO_0005061_associated_targets_page_0018.json"", ""data\\raw\\opentargets\\26.09\\CANCER-001_MONDO_0005061_associated_targets_page_0019.json"", ""data\\raw\\opentargets\\26.09\\CANCER-001_MONDO_0005061_associated_targets_page_0020.json"", ""data\\raw\\opentargets\\26.09\\CANCER-001_MONDO_0005061_associated_targets_page_0021.json""]"	18cdfdbadf09c3ffcd2305bdc567d244b249b5a555f982a9b153e9f410868e59
cancer_target_pair	EVID-0001	literature_score	0.9904198205006515	Open Targets Platform	ENSG00000133703|MONDO_0005061	26.09	https://api.platform.opentargets.org/api/v4/graphql	2026-09-30T07:41:58.308760+00:00	Aggregated evidence	opentargets-v0.2.2	"[""data\\raw\\opentargets\\26.09\\CANCER-001_MONDO_0005061_associated_targets_page_0000.json"", ""data\\raw\\opentargets\\26.09\\CANCER-001_MONDO_0005061_associated_targets_page_0001.json"", ""data\\raw\\opentargets\\26.09\\CANCER-001_MONDO_0005061_associated_targets_page_0002.json"", ""data\\raw\\opentargets\\26.09\\CANCER-001_MONDO_0005061_associated_targets_page_0003.json"", ""data\\raw\\opentargets\\26.09\\CANCER-001_MONDO_0005061_associated_targets_page_0004.json"", ""data\\raw\\opentargets\\26.09\\CANCER-001_MONDO_0005061_associated_targets_page_0005.json"", ""data\\raw\\opentargets\\26.09\\CANCER-001_MONDO_0005061_associated_targets_page_0006.json"", ""data\\raw\\opentargets\\26.09\\CANCER-001_MONDO_0005061_associated_targets_page_0007.json"", ""data\\raw\\opentargets\\26.09\\CANCER-001_MONDO_0005061_associated_targets_page_0008.json"", ""data\\raw\\opentargets\\26.09\\CANCER-001_MONDO_0005061_associated_targets_page_0009.json"", ""data\\raw\\opentargets\\26.09\\CANCER-001_MONDO_0005061_associated_targets_page_0010.json"", ""data\\raw\\opentargets\\26.09\\CANCER-001_MONDO_0005061_associated_targets_page_0011.json"", ""data\\raw\\opentargets\\26.09\\CANCER-001_MONDO_0005061_associated_targets_page_0012.json"", ""data\\raw\\opentargets\\26.09\\CANCER-001_MONDO_0005061_associated_targets_page_0013.json"", ""data\\raw\\opentargets\\26.09\\CANCER-001_MONDO_0005061_associated_targets_page_0014.json"", ""data\\raw\\opentargets\\26.09\\CANCER-001_MONDO_0005061_associated_targets_page_0015.json"", ""data\\raw\\opentargets\\26.09\\CANCER-001_MONDO_0005061_associated_targets_page_0016.json"", ""data\\raw\\opentargets\\26.09\\CANCER-001_MONDO_0005061_associated_targets_page_0017.json"", ""data\\raw\\opentargets\\26.09\\CANCER-001_MONDO_0005061_associated_targets_page_0018.json"", ""data\\raw\\opentargets\\26.09\\CANCER-001_MONDO_0005061_associated_targets_page_0019.json"", ""data\\raw\\opentargets\\26.09\\CANCER-001_MONDO_0005061_associated_targets_page_0020.json"", ""data\\raw\\opentargets\\26.09\\CANCER-001_MONDO_0005061_associated_targets_page_0021.json""]"	18cdfdbadf09c3ffcd2305bdc567d244b249b5a555f982a9b153e9f410868e59
cancer_target_pair	EVID-0001	tractability_json	"[{""label"": ""Approved Drug"", ""modality"": ""SM"", ""value"": true}, {""label"": ""Advanced Clinical"", ""modality"": ""SM"", ""value"": false}, {""label"": ""Phase 1 Clinical"", ""modality"": ""SM"", ""value"": false}, {""label"": ""Structure with Ligand"", ""modality"": ""SM"", ""value"": true}, {""label"": ""High-Quality Ligand"", ""modality"": ""SM"", ""value"": true}, {""label"": ""High-Quality Pocket"", ""modality"": ""SM"", ""value"": false}, {""label"": ""Med-Quality Pocket"", ""modality"": ""SM"", ""value"": false}, {""label"": ""Druggable Family"", ""modality"": ""SM"", ""value"": false}, {""label"": ""Approved Drug"", ""modality"": ""AB"", ""value"": false}, {""label"": ""Advanced Clinical"", ""modality"": ""AB"", ""value"": false}, {""label"": ""Phase 1 Clinical"", ""modality"": ""AB"", ""value"": false}, {""label"": ""UniProt loc high conf"", ""modality"": ""AB"", ""value"": true}, {""label"": ""GO CC high conf"", ""modality"": ""AB"", ""value"": true}, {""label"": ""UniProt loc med conf"", ""modality"": ""AB"", ""value"": false}, {""label"": ""UniProt SigP or TMHMM"", ""modality"": ""AB"", ""value"": false}, {""label"": ""GO CC med conf"", ""modality"": ""AB"", ""value"": false}, {""label"": ""Human Protein Atlas loc"", ""modality"": ""AB"", ""value"": false}, {""label"": ""Approved Drug"", ""modality"": ""PR"", ""value"": false}, {""label"": ""Advanced Clinical"", ""modality"": ""PR"", ""value"": false}, {""label"": ""Phase 1 Clinical"", ""modality"": ""PR"", ""value"": false}, {""label"": ""Literature"", ""modality"": ""PR"", ""value"": true}, {""label"": ""UniProt Ubiquitination"", ""modality"": ""PR"", ""value"": true}, {""label"": ""Database Ubiquitination"", ""modality"": ""PR"", ""value"": true}, {""label"": ""Half-life Data"", ""modality"": ""PR"", ""value"": true}, {""label"": ""Small Molecule Binder"", ""modality"": ""PR"", ""value"": true}, {""label"": ""Approved Drug"", ""modality"": ""OC"", ""value"": false}, {""label"": ""Advanced Clinical"", ""modality"": ""OC"", ""value"": false}, {""label"": ""Phase 1 Clinical"", ""modality"": ""OC"", ""value"": false}]"	Open Targets Platform	ENSG00000133703|MONDO_0005061	26.09	https://api.platform.opentargets.org/api/v4/graphql	2026-09-30T07:41:58.308760+00:00	Aggregated evidence	opentargets-v0.2.2	data\raw\opentargets\26.09\target_ENSG00000133703_tractability.json	18cdfdbadf09c3ffcd2305bdc567d244b249b5a555f982a9b153e9f410868e59
cancer_target_pair	EVID-0004	association_score	0.40600440668422155	Open Targets Platform	ENSG00000133703|MONDO_0005184	26.09	https://api.platform.opentargets.org/api/v4/graphql	2026-09-30T07:41:58.308760+00:00	Aggregated evidence	opentargets-v0.2.2	"[""data\\raw\\opentargets\\26.09\\CANCER-004_MONDO_0005184_associated_targets_page_0000.json"", ""data\\raw\\opentargets\\26.09\\CANCER-004_MONDO_0005184_associated_targets_page_0001.json"", ""data\\raw\\opentargets\\26.09\\CANCER-004_MONDO_0005184_associated_targets_page_0002.json"", ""data\\raw\\opentargets\\26.09\\CANCER-004_MONDO_0005184_associated_targets_page_0003.json"", ""data\\raw\\opentargets\\26.09\\CANCER-004_MONDO_0005184_associated_targets_page_0004.json"", ""data\\raw\\opentargets\\26.09\\CANCER-004_MONDO_0005184_associated_targets_page_0005.json"", ""data\\raw\\opentargets\\26.09\\CANCER-004_MONDO_0005184_associated_targets_page_0006.json"", ""data\\raw\\opentargets\\26.09\\CANCER-004_MONDO_0005184_associated_targets_page_0007.json"", ""data\\raw\\opentargets\\26.09\\CANCER-004_MONDO_0005184_associated_targets_page_0008.json"", ""data\\raw\\opentargets\\26.09\\CANCER-004_MONDO_0005184_associated_targets_page_0009.json"", ""data\\raw\\opentargets\\26.09\\CANCER-004_MONDO_0005184_associated_targets_page_0010.json"", ""data\\raw\\opentargets\\26.09\\CANCER-004_MONDO_0005184_associated_targets_page_0011.json"", ""data\\raw\\opentargets\\26.09\\CANCER-004_MONDO_0005184_associated_targets_page_0012.json"", ""data\\raw\\opentargets\\26.09\\CANCER-004_MONDO_0005184_associated_targets_page_0013.json"", ""data\\raw\\opentargets\\26.09\\CANCER-004_MONDO_0005184_associated_targets_page_0014.json"", ""data\\raw\\opentargets\\26.09\\CANCER-004_MONDO_0005184_associated_targets_page_0015.json""]"	70a8b728e37beca008f71ad74af6e837dcc6a344cff86e2ba117c791ce0daee3
cancer_target_pair	EVID-0004	genetic_association_score	0.0	Open Targets Platform	ENSG00000133703|MONDO_0005184	26.09	https://api.platform.opentargets.org/api/v4/graphql	2026-09-30T07:41:58.308760+00:00	Aggregated evidence	opentargets-v0.2.2	"[""data\\raw\\opentargets\\26.09\\CANCER-004_MONDO_0005184_associated_targets_page_0000.json"", ""data\\raw\\opentargets\\26.09\\CANCER-004_MONDO_0005184_associated_targets_page_0001.json"", ""data\\raw\\opentargets\\26.09\\CANCER-004_MONDO_0005184_associated_targets_page_0002.json"", ""data\\raw\\opentargets\\26.09\\CANCER-004_MONDO_0005184_associated_targets_page_0003.json"", ""data\\raw\\opentargets\\26.09\\CANCER-004_MONDO_0005184_associated_targets_page_0004.json"", ""data\\raw\\opentargets\\26.09\\CANCER-004_MONDO_0005184_associated_targets_page_0005.json"", ""data\\raw\\opentargets\\26.09\\CANCER-004_MONDO_0005184_associated_targets_page_0006.json"", ""data\\raw\\opentargets\\26.09\\CANCER-004_MONDO_0005184_associated_targets_page_0007.json"", ""data\\raw\\opentargets\\26.09\\CANCER-004_MONDO_0005184_associated_targets_page_0008.json"", ""data\\raw\\opentargets\\26.09\\CANCER-004_MONDO_0005184_associated_targets_page_0009.json"", ""data\\raw\\opentargets\\26.09\\CANCER-004_MONDO_0005184_associated_targets_page_0010.json"", ""data\\raw\\opentargets\\26.09\\CANCER-004_MONDO_0005184_associated_targets_page_0011.json"", ""data\\raw\\opentargets\\26.09\\CANCER-004_MONDO_0005184_associated_targets_page_0012.json"", ""data\\raw\\opentargets\\26.09\\CANCER-004_MONDO_0005184_associated_targets_page_0013.json"", ""data\\raw\\opentargets\\26.09\\CANCER-004_MONDO_0005184_associated_targets_page_0014.json"", ""data\\raw\\opentargets\\26.09\\CANCER-004_MONDO_0005184_associated_targets_page_0015.json""]"	70a8b728e37beca008f71ad74af6e837dcc6a344cff86e2ba117c791ce0daee3
cancer_target_pair	EVID-0004	somatic_mutation_score	0.607930797611621	Open Targets Platform	ENSG00000133703|MONDO_0005184	26.09	https://api.platform.opentargets.org/api/v4/graphql	2026-09-30T07:41:58.308760+00:00	Aggregated evidence	opentargets-v0.2.2	"[""data\\raw\\opentargets\\26.09\\CANCER-004_MONDO_0005184_associated_targets_page_0000.json"", ""data\\raw\\opentargets\\26.09\\CANCER-004_MONDO_0005184_associated_targets_page_0001.json"", ""data\\raw\\opentargets\\26.09\\CANCER-004_MONDO_0005184_associated_targets_page_0002.json"", ""data\\raw\\opentargets\\26.09\\CANCER-004_MONDO_0005184_associated_targets_page_0003.json"", ""data\\raw\\opentargets\\26.09\\CANCER-004_MONDO_0005184_associated_targets_page_0004.json"", ""data\\raw\\opentargets\\26.09\\CANCER-004_MONDO_0005184_associated_targets_page_0005.json"", ""data\\raw\\opentargets\\26.09\\CANCER-004_MONDO_0005184_associated_targets_page_0006.json"", ""data\\raw\\opentargets\\26.09\\CANCER-004_MONDO_0005184_associated_targets_page_0007.json"", ""data\\raw\\opentargets\\26.09\\CANCER-004_MONDO_0005184_associated_targets_page_0008.json"", ""data\\raw\\opentargets\\26.09\\CANCER-004_MONDO_0005184_associated_targets_page_0009.json"", ""data\\raw\\opentargets\\26.09\\CANCER-004_MONDO_0005184_associated_targets_page_0010.json"", ""data\\raw\\opentargets\\26.09\\CANCER-004_MONDO_0005184_associated_targets_page_0011.json"", ""data\\raw\\opentargets\\26.09\\CANCER-004_MONDO_0005184_associated_targets_page_0012.json"", ""data\\raw\\opentargets\\26.09\\CANCER-004_MONDO_0005184_associated_targets_page_0013.json"", ""data\\raw\\opentargets\\26.09\\CANCER-004_MONDO_0005184_associated_targets_page_0014.json"", ""data\\raw\\opentargets\\26.09\\CANCER-004_MONDO_0005184_associated_targets_page_0015.json""]"	70a8b728e37beca008f71ad74af6e837dcc6a344cff86e2ba117c791ce0daee3
cancer_target_pair	EVID-0004	known_drug_score		Open Targets Platform	ENSG00000133703|MONDO_0005184	26.09	https://api.platform.opentargets.org/api/v4/graphql	2026-09-30T07:41:58.308760+00:00	Aggregated evidence	opentargets-v0.2.2	"[""data\\raw\\opentargets\\26.09\\CANCER-004_MONDO_0005184_associated_targets_page_0000.json"", ""data\\raw\\opentargets\\26.09\\CANCER-004_MONDO_0005184_associated_targets_page_0001.json"", ""data\\raw\\opentargets\\26.09\\CANCER-004_MONDO_0005184_associated_targets_page_0002.json"", ""data\\raw\\opentargets\\26.09\\CANCER-004_MONDO_0005184_associated_targets_page_0003.json"", ""data\\raw\\opentargets\\26.09\\CANCER-004_MONDO_0005184_associated_targets_page_0004.json"", ""data\\raw\\opentargets\\26.09\\CANCER-004_MONDO_0005184_associated_targets_page_0005.json"", ""data\\raw\\opentargets\\26.09\\CANCER-004_MONDO_0005184_associated_targets_page_0006.json"", ""data\\raw\\opentargets\\26.09\\CANCER-004_MONDO_0005184_associated_targets_page_0007.json"", ""data\\raw\\opentargets\\26.09\\CANCER-004_MONDO_0005184_associated_targets_page_0008.json"", ""data\\raw\\opentargets\\26.09\\CANCER-004_MONDO_0005184_associated_targets_page_0009.json"", ""data\\raw\\opentargets\\26.09\\CANCER-004_MONDO_0005184_associated_targets_page_0010.json"", ""data\\raw\\opentargets\\26.09\\CANCER-004_MONDO_0005184_associated_targets_page_0011.json"", ""data\\raw\\opentargets\\26.09\\CANCER-004_MONDO_0005184_associated_targets_page_0012.json"", ""data\\raw\\opentargets\\26.09\\CANCER-004_MONDO_0005184_associated_targets_page_0013.json"", ""data\\raw\\opentargets\\26.09\\CANCER-004_MONDO_0005184_associated_targets_page_0014.json"", ""data\\raw\\opentargets\\26.09\\CANCER-004_MONDO_0005184_associated_targets_page_0015.json""]"	70a8b728e37beca008f71ad74af6e837dcc6a344cff86e2ba117c791ce0daee3
cancer_target_pair	EVID-0004	literature_score	0.9956688449960591	Open Targets Platform	ENSG00000133703|MONDO_0005184	26.09	https://api.platform.opentargets.org/api/v4/graphql	2026-09-30T07:41:58.308760+00:00	Aggregated evidence	opentargets-v0.2.2	"[""data\\raw\\opentargets\\26.09\\CANCER-004_MONDO_0005184_associated_targets_page_0000.json"", ""data\\raw\\opentargets\\26.09\\CANCER-004_MONDO_0005184_associated_targets_page_0001.json"", ""data\\raw\\opentargets\\26.09\\CANCER-004_MONDO_0005184_associated_targets_page_0002.json"", ""data\\raw\\opentargets\\26.09\\CANCER-004_MONDO_0005184_associated_targets_page_0003.json"", ""data\\raw\\opentargets\\26.09\\CANCER-004_MONDO_0005184_associated_targets_page_0004.json"", ""data\\raw\\opentargets\\26.09\\CANCER-004_MONDO_0005184_associated_targets_page_0005.json"", ""data\\raw\\opentargets\\26.09\\CANCER-004_MONDO_0005184_associated_targets_page_0006.json"", ""data\\raw\\opentargets\\26.09\\CANCER-004_MONDO_0005184_associated_targets_page_0007.json"", ""data\\raw\\opentargets\\26.09\\CANCER-004_MONDO_0005184_associated_targets_page_0008.json"", ""data\\raw\\opentargets\\26.09\\CANCER-004_MONDO_0005184_associated_targets_page_0009.json"", ""data\\raw\\opentargets\\26.09\\CANCER-004_MONDO_0005184_associated_targets_page_0010.json"", ""data\\raw\\opentargets\\26.09\\CANCER-004_MONDO_0005184_associated_targets_page_0011.json"", ""data\\raw\\opentargets\\26.09\\CANCER-004_MONDO_0005184_associated_targets_page_0012.json"", ""data\\raw\\opentargets\\26.09\\CANCER-004_MONDO_0005184_associated_targets_page_0013.json"", ""data\\raw\\opentargets\\26.09\\CANCER-004_MONDO_0005184_associated_targets_page_0014.json"", ""data\\raw\\opentargets\\26.09\\CANCER-004_MONDO_0005184_associated_targets_page_0015.json""]"	70a8b728e37beca008f71ad74af6e837dcc6a344cff86e2ba117c791ce0daee3
cancer_target_pair	EVID-0004	tractability_json	"[{""label"": ""Approved Drug"", ""modality"": ""SM"", ""value"": true}, {""label"": ""Advanced Clinical"", ""modality"": ""SM"", ""value"": false}, {""label"": ""Phase 1 Clinical"", ""modality"": ""SM"", ""value"": false}, {""label"": ""Structure with Ligand"", ""modality"": ""SM"", ""value"": true}, {""label"": ""High-Quality Ligand"", ""modality"": ""SM"", ""value"": true}, {""label"": ""High-Quality Pocket"", ""modality"": ""SM"", ""value"": false}, {""label"": ""Med-Quality Pocket"", ""modality"": ""SM"", ""value"": false}, {""label"": ""Druggable Family"", ""modality"": ""SM"", ""value"": false}, {""label"": ""Approved Drug"", ""modality"": ""AB"", ""value"": false}, {""label"": ""Advanced Clinical"", ""modality"": ""AB"", ""value"": false}, {""label"": ""Phase 1 Clinical"", ""modality"": ""AB"", ""value"": false}, {""label"": ""UniProt loc high conf"", ""modality"": ""AB"", ""value"": true}, {""label"": ""GO CC high conf"", ""modality"": ""AB"", ""value"": true}, {""label"": ""UniProt loc med conf"", ""modality"": ""AB"", ""value"": false}, {""label"": ""UniProt SigP or TMHMM"", ""modality"": ""AB"", ""value"": false}, {""label"": ""GO CC med conf"", ""modality"": ""AB"", ""value"": false}, {""label"": ""Human Protein Atlas loc"", ""modality"": ""AB"", ""value"": false}, {""label"": ""Approved Drug"", ""modality"": ""PR"", ""value"": false}, {""label"": ""Advanced Clinical"", ""modality"": ""PR"", ""value"": false}, {""label"": ""Phase 1 Clinical"", ""modality"": ""PR"", ""value"": false}, {""label"": ""Literature"", ""modality"": ""PR"", ""value"": true}, {""label"": ""UniProt Ubiquitination"", ""modality"": ""PR"", ""value"": true}, {""label"": ""Database Ubiquitination"", ""modality"": ""PR"", ""value"": true}, {""label"": ""Half-life Data"", ""modality"": ""PR"", ""value"": true}, {""label"": ""Small Molecule Binder"", ""modality"": ""PR"", ""value"": true}, {""label"": ""Approved Drug"", ""modality"": ""OC"", ""value"": false}, {""label"": ""Advanced Clinical"", ""modality"": ""OC"", ""value"": false}, {""label"": ""Phase 1 Clinical"", ""modality"": ""OC"", ""value"": false}]"	Open Targets Platform	ENSG00000133703|MONDO_0005184	26.09	https://api.platform.opentargets.org/api/v4/graphql	2026-09-30T07:41:58.308760+00:00	Aggregated evidence	opentargets-v0.2.2	data\raw\opentargets\26.09\target_ENSG00000133703_tractability.json	70a8b728e37beca008f71ad74af6e837dcc6a344cff86e2ba117c791ce0daee3
cancer_target_pair	EVID-0009	association_score	0.8339104632069917	Open Targets Platform	ENSG00000122025|MONDO_0018874	26.09	https://api.platform.opentargets.org/api/v4/graphql	2026-09-30T07:41:58.308760+00:00	Aggregated evidence	opentargets-v0.2.2	"[""data\\raw\\opentargets\\26.09\\CANCER-013_MONDO_0018874_associated_targets_page_0000.json"", ""data\\raw\\opentargets\\26.09\\CANCER-013_MONDO_0018874_associated_targets_page_0001.json"", ""data\\raw\\opentargets\\26.09\\CANCER-013_MONDO_0018874_associated_targets_page_0002.json"", ""data\\raw\\opentargets\\26.09\\CANCER-013_MONDO_0018874_associated_targets_page_0003.json"", ""data\\raw\\opentargets\\26.09\\CANCER-013_MONDO_0018874_associated_targets_page_0004.json"", ""data\\raw\\opentargets\\26.09\\CANCER-013_MONDO_0018874_associated_targets_page_0005.json"", ""data\\raw\\opentargets\\26.09\\CANCER-013_MONDO_0018874_associated_targets_page_0006.json"", ""data\\raw\\opentargets\\26.09\\CANCER-013_MONDO_0018874_associated_targets_page_0007.json"", ""data\\raw\\opentargets\\26.09\\CANCER-013_MONDO_0018874_associated_targets_page_0008.json"", ""data\\raw\\opentargets\\26.09\\CANCER-013_MONDO_0018874_associated_targets_page_0009.json"", ""data\\raw\\opentargets\\26.09\\CANCER-013_MONDO_0018874_associated_targets_page_0010.json"", ""data\\raw\\opentargets\\26.09\\CANCER-013_MONDO_0018874_associated_targets_page_0011.json"", ""data\\raw\\opentargets\\26.09\\CANCER-013_MONDO_0018874_associated_targets_page_0012.json"", ""data\\raw\\opentargets\\26.09\\CANCER-013_MONDO_0018874_associated_targets_page_0013.json"", ""data\\raw\\opentargets\\26.09\\CANCER-013_MONDO_0018874_associated_targets_page_0014.json"", ""data\\raw\\opentargets\\26.09\\CANCER-013_MONDO_0018874_associated_targets_page_0015.json"", ""data\\raw\\opentargets\\26.09\\CANCER-013_MONDO_0018874_associated_targets_page_0016.json"", ""data\\raw\\opentargets\\26.09\\CANCER-013_MONDO_0018874_associated_targets_page_0017.json"", ""data\\raw\\opentargets\\26.09\\CANCER-013_MONDO_0018874_associated_targets_page_0018.json"", ""data\\raw\\opentargets\\26.09\\CANCER-013_MONDO_0018874_associated_targets_page_0019.json"", ""data\\raw\\opentargets\\26.09\\CANCER-013_MONDO_0018874_associated_targets_page_0020.json"", ""data\\raw\\opentargets\\26.09\\CANCER-013_MONDO_0018874_associated_targets_page_0021.json"", ""data\\raw\\opentargets\\26.09\\CANCER-013_MONDO_0018874_associated_targets_page_0022.json"", ""data\\raw\\opentargets\\26.09\\CANCER-013_MONDO_0018874_associated_targets_page_0023.json"", ""data\\raw\\opentargets\\26.09\\CANCER-013_MONDO_0018874_associated_targets_page_0024.json"", ""data\\raw\\opentargets\\26.09\\CANCER-013_MONDO_0018874_associated_targets_page_0025.json""]"	ed5a790617bb26c355ffab35c46b41b85fd8fa2cb6de3f3b54e7a16a0cd7d55f
cancer_target_pair	EVID-0009	genetic_association_score	0.547137717850459	Open Targets Platform	ENSG00000122025|MONDO_0018874	26.09	https://api.platform.opentargets.org/api/v4/graphql	2026-09-30T07:41:58.308760+00:00	Aggregated evidence	opentargets-v0.2.2	"[""data\\raw\\opentargets\\26.09\\CANCER-013_MONDO_0018874_associated_targets_page_0000.json"", ""data\\raw\\opentargets\\26.09\\CANCER-013_MONDO_0018874_associated_targets_page_0001.json"", ""data\\raw\\opentargets\\26.09\\CANCER-013_MONDO_0018874_associated_targets_page_0002.json"", ""data\\raw\\opentargets\\26.09\\CANCER-013_MONDO_0018874_associated_targets_page_0003.json"", ""data\\raw\\opentargets\\26.09\\CANCER-013_MONDO_0018874_associated_targets_page_0004.json"", ""data\\raw\\opentargets\\26.09\\CANCER-013_MONDO_0018874_associated_targets_page_0005.json"", ""data\\raw\\opentargets\\26.09\\CANCER-013_MONDO_0018874_associated_targets_page_0006.json"", ""data\\raw\\opentargets\\26.09\\CANCER-013_MONDO_0018874_associated_targets_page_0007.json"", ""data\\raw\\opentargets\\26.09\\CANCER-013_MONDO_0018874_associated_targets_page_0008.json"", ""data\\raw\\opentargets\\26.09\\CANCER-013_MONDO_0018874_associated_targets_page_0009.json"", ""data\\raw\\opentargets\\26.09\\CANCER-013_MONDO_0018874_associated_targets_page_0010.json"", ""data\\raw\\opentargets\\26.09\\CANCER-013_MONDO_0018874_associated_targets_page_0011.json"", ""data\\raw\\opentargets\\26.09\\CANCER-013_MONDO_0018874_associated_targets_page_0012.json"", ""data\\raw\\opentargets\\26.09\\CANCER-013_MONDO_0018874_associated_targets_page_0013.json"", ""data\\raw\\opentargets\\26.09\\CANCER-013_MONDO_0018874_associated_targets_page_0014.json"", ""data\\raw\\opentargets\\26.09\\CANCER-013_MONDO_0018874_associated_targets_page_0015.json"", ""data\\raw\\opentargets\\26.09\\CANCER-013_MONDO_0018874_associated_targets_page_0016.json"", ""data\\raw\\opentargets\\26.09\\CANCER-013_MONDO_0018874_associated_targets_page_0017.json"", ""data\\raw\\opentargets\\26.09\\CANCER-013_MONDO_0018874_associated_targets_page_0018.json"", ""data\\raw\\opentargets\\26.09\\CANCER-013_MONDO_0018874_associated_targets_page_0019.json"", ""data\\raw\\opentargets\\26.09\\CANCER-013_MONDO_0018874_associated_targets_page_0020.json"", ""data\\raw\\opentargets\\26.09\\CANCER-013_MONDO_0018874_associated_targets_page_0021.json"", ""data\\raw\\opentargets\\26.09\\CANCER-013_MONDO_0018874_associated_targets_page_0022.json"", ""data\\raw\\opentargets\\26.09\\CANCER-013_MONDO_0018874_associated_targets_page_0023.json"", ""data\\raw\\opentargets\\26.09\\CANCER-013_MONDO_0018874_associated_targets_page_0024.json"", ""data\\raw\\opentargets\\26.09\\CANCER-013_MONDO_0018874_associated_targets_page_0025.json""]"	ed5a790617bb26c355ffab35c46b41b85fd8fa2cb6de3f3b54e7a16a0cd7d55f
cancer_target_pair	EVID-0009	somatic_mutation_score	0.8491589454045098	Open Targets Platform	ENSG00000122025|MONDO_0018874	26.09	https://api.platform.opentargets.org/api/v4/graphql	2026-09-30T07:41:58.308760+00:00	Aggregated evidence	opentargets-v0.2.2	"[""data\\raw\\opentargets\\26.09\\CANCER-013_MONDO_0018874_associated_targets_page_0000.json"", ""data\\raw\\opentargets\\26.09\\CANCER-013_MONDO_0018874_associated_targets_page_0001.json"", ""data\\raw\\opentargets\\26.09\\CANCER-013_MONDO_0018874_associated_targets_page_0002.json"", ""data\\raw\\opentargets\\26.09\\CANCER-013_MONDO_0018874_associated_targets_page_0003.json"", ""data\\raw\\opentargets\\26.09\\CANCER-013_MONDO_0018874_associated_targets_page_0004.json"", ""data\\raw\\opentargets\\26.09\\CANCER-013_MONDO_0018874_associated_targets_page_0005.json"", ""data\\raw\\opentargets\\26.09\\CANCER-013_MONDO_0018874_associated_targets_page_0006.json"", ""data\\raw\\opentargets\\26.09\\CANCER-013_MONDO_0018874_associated_targets_page_0007.json"", ""data\\raw\\opentargets\\26.09\\CANCER-013_MONDO_0018874_associated_targets_page_0008.json"", ""data\\raw\\opentargets\\26.09\\CANCER-013_MONDO_0018874_associated_targets_page_0009.json"", ""data\\raw\\opentargets\\26.09\\CANCER-013_MONDO_0018874_associated_targets_page_0010.json"", ""data\\raw\\opentargets\\26.09\\CANCER-013_MONDO_0018874_associated_targets_page_0011.json"", ""data\\raw\\opentargets\\26.09\\CANCER-013_MONDO_0018874_associated_targets_page_0012.json"", ""data\\raw\\opentargets\\26.09\\CANCER-013_MONDO_0018874_associated_targets_page_0013.json"", ""data\\raw\\opentargets\\26.09\\CANCER-013_MONDO_0018874_associated_targets_page_0014.json"", ""data\\raw\\opentargets\\26.09\\CANCER-013_MONDO_0018874_associated_targets_page_0015.json"", ""data\\raw\\opentargets\\26.09\\CANCER-013_MONDO_0018874_associated_targets_page_0016.json"", ""data\\raw\\opentargets\\26.09\\CANCER-013_MONDO_0018874_associated_targets_page_0017.json"", ""data\\raw\\opentargets\\26.09\\CANCER-013_MONDO_0018874_associated_targets_page_0018.json"", ""data\\raw\\opentargets\\26.09\\CANCER-013_MONDO_0018874_associated_targets_page_0019.json"", ""data\\raw\\opentargets\\26.09\\CANCER-013_MONDO_0018874_associated_targets_page_0020.json"", ""data\\raw\\opentargets\\26.09\\CANCER-013_MONDO_0018874_associated_targets_page_0021.json"", ""data\\raw\\opentargets\\26.09\\CANCER-013_MONDO_0018874_associated_targets_page_0022.json"", ""data\\raw\\opentargets\\26.09\\CANCER-013_MONDO_0018874_associated_targets_page_0023.json"", ""data\\raw\\opentargets\\26.09\\CANCER-013_MONDO_0018874_associated_targets_page_0024.json"", ""data\\raw\\opentargets\\26.09\\CANCER-013_MONDO_0018874_associated_targets_page_0025.json""]"	ed5a790617bb26c355ffab35c46b41b85fd8fa2cb6de3f3b54e7a16a0cd7d55f
cancer_target_pair	EVID-0009	known_drug_score		Open Targets Platform	ENSG00000122025|MONDO_0018874	26.09	https://api.platform.opentargets.org/api/v4/graphql	2026-09-30T07:41:58.308760+00:00	Aggregated evidence	opentargets-v0.2.2	"[""data\\raw\\opentargets\\26.09\\CANCER-013_MONDO_0018874_associated_targets_page_0000.json"", ""data\\raw\\opentargets\\26.09\\CANCER-013_MONDO_0018874_associated_targets_page_0001.json"", ""data\\raw\\opentargets\\26.09\\CANCER-013_MONDO_0018874_associated_targets_page_0002.json"", ""data\\raw\\opentargets\\26.09\\CANCER-013_MONDO_0018874_associated_targets_page_0003.json"", ""data\\raw\\opentargets\\26.09\\CANCER-013_MONDO_0018874_associated_targets_page_0004.json"", ""data\\raw\\opentargets\\26.09\\CANCER-013_MONDO_0018874_associated_targets_page_0005.json"", ""data\\raw\\opentargets\\26.09\\CANCER-013_MONDO_0018874_associated_targets_page_0006.json"", ""data\\raw\\opentargets\\26.09\\CANCER-013_MONDO_0018874_associated_targets_page_0007.json"", ""data\\raw\\opentargets\\26.09\\CANCER-013_MONDO_0018874_associated_targets_page_0008.json"", ""data\\raw\\opentargets\\26.09\\CANCER-013_MONDO_0018874_associated_targets_page_0009.json"", ""data\\raw\\opentargets\\26.09\\CANCER-013_MONDO_0018874_associated_targets_page_0010.json"", ""data\\raw\\opentargets\\26.09\\CANCER-013_MONDO_0018874_associated_targets_page_0011.json"", ""data\\raw\\opentargets\\26.09\\CANCER-013_MONDO_0018874_associated_targets_page_0012.json"", ""data\\raw\\opentargets\\26.09\\CANCER-013_MONDO_0018874_associated_targets_page_0013.json"", ""data\\raw\\opentargets\\26.09\\CANCER-013_MONDO_0018874_associated_targets_page_0014.json"", ""data\\raw\\opentargets\\26.09\\CANCER-013_MONDO_0018874_associated_targets_page_0015.json"", ""data\\raw\\opentargets\\26.09\\CANCER-013_MONDO_0018874_associated_targets_page_0016.json"", ""data\\raw\\opentargets\\26.09\\CANCER-013_MONDO_0018874_associated_targets_page_0017.json"", ""data\\raw\\opentargets\\26.09\\CANCER-013_MONDO_0018874_associated_targets_page_0018.json"", ""data\\raw\\opentargets\\26.09\\CANCER-013_MONDO_0018874_associated_targets_page_0019.json"", ""data\\raw\\opentargets\\26.09\\CANCER-013_MONDO_0018874_associated_targets_page_0020.json"", ""data\\raw\\opentargets\\26.09\\CANCER-013_MONDO_0018874_associated_targets_page_0021.json"", ""data\\raw\\opentargets\\26.09\\CANCER-013_MONDO_0018874_associated_targets_page_0022.json"", ""data\\raw\\opentargets\\26.09\\CANCER-013_MONDO_0018874_associated_targets_page_0023.json"", ""data\\raw\\opentargets\\26.09\\CANCER-013_MONDO_0018874_associated_targets_page_0024.json"", ""data\\raw\\opentargets\\26.09\\CANCER-013_MONDO_0018874_associated_targets_page_0025.json""]"	ed5a790617bb26c355ffab35c46b41b85fd8fa2cb6de3f3b54e7a16a0cd7d55f
cancer_target_pair	EVID-0009	literature_score	0.9990613822522391	Open Targets Platform	ENSG00000122025|MONDO_0018874	26.09	https://api.platform.opentargets.org/api/v4/graphql	2026-09-30T07:41:58.308760+00:00	Aggregated evidence	opentargets-v0.2.2	"[""data\\raw\\opentargets\\26.09\\CANCER-013_MONDO_0018874_associated_targets_page_0000.json"", ""data\\raw\\opentargets\\26.09\\CANCER-013_MONDO_0018874_associated_targets_page_0001.json"", ""data\\raw\\opentargets\\26.09\\CANCER-013_MONDO_0018874_associated_targets_page_0002.json"", ""data\\raw\\opentargets\\26.09\\CANCER-013_MONDO_0018874_associated_targets_page_0003.json"", ""data\\raw\\opentargets\\26.09\\CANCER-013_MONDO_0018874_associated_targets_page_0004.json"", ""data\\raw\\opentargets\\26.09\\CANCER-013_MONDO_0018874_associated_targets_page_0005.json"", ""data\\raw\\opentargets\\26.09\\CANCER-013_MONDO_0018874_associated_targets_page_0006.json"", ""data\\raw\\opentargets\\26.09\\CANCER-013_MONDO_0018874_associated_targets_page_0007.json"", ""data\\raw\\opentargets\\26.09\\CANCER-013_MONDO_0018874_associated_targets_page_0008.json"", ""data\\raw\\opentargets\\26.09\\CANCER-013_MONDO_0018874_associated_targets_page_0009.json"", ""data\\raw\\opentargets\\26.09\\CANCER-013_MONDO_0018874_associated_targets_page_0010.json"", ""data\\raw\\opentargets\\26.09\\CANCER-013_MONDO_0018874_associated_targets_page_0011.json"", ""data\\raw\\opentargets\\26.09\\CANCER-013_MONDO_0018874_associated_targets_page_0012.json"", ""data\\raw\\opentargets\\26.09\\CANCER-013_MONDO_0018874_associated_targets_page_0013.json"", ""data\\raw\\opentargets\\26.09\\CANCER-013_MONDO_0018874_associated_targets_page_0014.json"", ""data\\raw\\opentargets\\26.09\\CANCER-013_MONDO_0018874_associated_targets_page_0015.json"", ""data\\raw\\opentargets\\26.09\\CANCER-013_MONDO_0018874_associated_targets_page_0016.json"", ""data\\raw\\opentargets\\26.09\\CANCER-013_MONDO_0018874_associated_targets_page_0017.json"", ""data\\raw\\opentargets\\26.09\\CANCER-013_MONDO_0018874_associated_targets_page_0018.json"", ""data\\raw\\opentargets\\26.09\\CANCER-013_MONDO_0018874_associated_targets_page_0019.json"", ""data\\raw\\opentargets\\26.09\\CANCER-013_MONDO_0018874_associated_targets_page_0020.json"", ""data\\raw\\opentargets\\26.09\\CANCER-013_MONDO_0018874_associated_targets_page_0021.json"", ""data\\raw\\opentargets\\26.09\\CANCER-013_MONDO_0018874_associated_targets_page_0022.json"", ""data\\raw\\opentargets\\26.09\\CANCER-013_MONDO_0018874_associated_targets_page_0023.json"", ""data\\raw\\opentargets\\26.09\\CANCER-013_MONDO_0018874_associated_targets_page_0024.json"", ""data\\raw\\opentargets\\26.09\\CANCER-013_MONDO_0018874_associated_targets_page_0025.json""]"	ed5a790617bb26c355ffab35c46b41b85fd8fa2cb6de3f3b54e7a16a0cd7d55f
cancer_target_pair	EVID-0009	tractability_json	"[{""label"": ""Approved Drug"", ""modality"": ""SM"", ""value"": true}, {""label"": ""Advanced Clinical"", ""modality"": ""SM"", ""value"": false}, {""label"": ""Phase 1 Clinical"", ""modality"": ""SM"", ""value"": false}, {""label"": ""Structure with Ligand"", ""modality"": ""SM"", ""value"": true}, {""label"": ""High-Quality Ligand"", ""modality"": ""SM"", ""value"": true}, {""label"": ""High-Quality Pocket"", ""modality"": ""SM"", ""value"": false}, {""label"": ""Med-Quality Pocket"", ""modality"": ""SM"", ""value"": true}, {""label"": ""Druggable Family"", ""modality"": ""SM"", ""value"": true}, {""label"": ""Approved Drug"", ""modality"": ""AB"", ""value"": false}, {""label"": ""Advanced Clinical"", ""modality"": ""AB"", ""value"": false}, {""label"": ""Phase 1 Clinical"", ""modality"": ""AB"", ""value"": true}, {""label"": ""UniProt loc high conf"", ""modality"": ""AB"", ""value"": false}, {""label"": ""GO CC high conf"", ""modality"": ""AB"", ""value"": true}, {""label"": ""UniProt loc med conf"", ""modality"": ""AB"", ""value"": false}, {""label"": ""UniProt SigP or TMHMM"", ""modality"": ""AB"", ""value"": true}, {""label"": ""GO CC med conf"", ""modality"": ""AB"", ""value"": false}, {""label"": ""Human Protein Atlas loc"", ""modality"": ""AB"", ""value"": false}, {""label"": ""Approved Drug"", ""modality"": ""PR"", ""value"": false}, {""label"": ""Advanced Clinical"", ""modality"": ""PR"", ""value"": false}, {""label"": ""Phase 1 Clinical"", ""modality"": ""PR"", ""value"": false}, {""label"": ""Literature"", ""modality"": ""PR"", ""value"": true}, {""label"": ""UniProt Ubiquitination"", ""modality"": ""PR"", ""value"": true}, {""label"": ""Database Ubiquitination"", ""modality"": ""PR"", ""value"": true}, {""label"": ""Half-life Data"", ""modality"": ""PR"", ""value"": false}, {""label"": ""Small Molecule Binder"", ""modality"": ""PR"", ""value"": true}, {""label"": ""Approved Drug"", ""modality"": ""OC"", ""value"": false}, {""label"": ""Advanced Clinical"", ""modality"": ""OC"", ""value"": true}, {""label"": ""Phase 1 Clinical"", ""modality"": ""OC"", ""value"": false}]"	Open Targets Platform	ENSG00000122025|MONDO_0018874	26.09	https://api.platform.opentargets.org/api/v4/graphql	2026-09-30T07:41:58.308760+00:00	Aggregated evidence	opentargets-v0.2.2	data\raw\opentargets\26.09\target_ENSG00000122025_tractability.json	ed5a790617bb26c355ffab35c46b41b85fd8fa2cb6de3f3b54e7a16a0cd7d55f
cancer_target_pair	EVID-0013	association_score	0.30515444727969865	Open Targets Platform	ENSG00000179295|MONDO_0005061	26.09	https://api.platform.opentargets.org/api/v4/graphql	2026-09-30T07:41:58.308760+00:00	Aggregated evidence	opentargets-v0.2.2	"[""data\\raw\\opentargets\\26.09\\CANCER-001_MONDO_0005061_associated_targets_page_0000.json"", ""data\\raw\\opentargets\\26.09\\CANCER-001_MONDO_0005061_associated_targets_page_0001.json"", ""data\\raw\\opentargets\\26.09\\CANCER-001_MONDO_0005061_associated_targets_page_0002.json"", ""data\\raw\\opentargets\\26.09\\CANCER-001_MONDO_0005061_associated_targets_page_0003.json"", ""data\\raw\\opentargets\\26.09\\CANCER-001_MONDO_0005061_associated_targets_page_0004.json"", ""data\\raw\\opentargets\\26.09\\CANCER-001_MONDO_0005061_associated_targets_page_0005.json"", ""data\\raw\\opentargets\\26.09\\CANCER-001_MONDO_0005061_associated_targets_page_0006.json"", ""data\\raw\\opentargets\\26.09\\CANCER-001_MONDO_0005061_associated_targets_page_0007.json"", ""data\\raw\\opentargets\\26.09\\CANCER-001_MONDO_0005061_associated_targets_page_0008.json"", ""data\\raw\\opentargets\\26.09\\CANCER-001_MONDO_0005061_associated_targets_page_0009.json"", ""data\\raw\\opentargets\\26.09\\CANCER-001_MONDO_0005061_associated_targets_page_0010.json"", ""data\\raw\\opentargets\\26.09\\CANCER-001_MONDO_0005061_associated_targets_page_0011.json"", ""data\\raw\\opentargets\\26.09\\CANCER-001_MONDO_0005061_associated_targets_page_0012.json"", ""data\\raw\\opentargets\\26.09\\CANCER-001_MONDO_0005061_associated_targets_page_0013.json"", ""data\\raw\\opentargets\\26.09\\CANCER-001_MONDO_0005061_associated_targets_page_0014.json"", ""data\\raw\\opentargets\\26.09\\CANCER-001_MONDO_0005061_associated_targets_page_0015.json"", ""data\\raw\\opentargets\\26.09\\CANCER-001_MONDO_0005061_associated_targets_page_0016.json"", ""data\\raw\\opentargets\\26.09\\CANCER-001_MONDO_0005061_associated_targets_page_0017.json"", ""data\\raw\\opentargets\\26.09\\CANCER-001_MONDO_0005061_associated_targets_page_0018.json"", ""data\\raw\\opentargets\\26.09\\CANCER-001_MONDO_0005061_associated_targets_page_0019.json"", ""data\\raw\\opentargets\\26.09\\CANCER-001_MONDO_0005061_associated_targets_page_0020.json"", ""data\\raw\\opentargets\\26.09\\CANCER-001_MONDO_0005061_associated_targets_page_0021.json""]"	70bed24e9b32d462ccfbfa3f516bfe62cd5886c1ee3b0ba07de35eaf402bdac7
cancer_target_pair	EVID-0013	genetic_association_score		Open Targets Platform	ENSG00000179295|MONDO_0005061	26.09	https://api.platform.opentargets.org/api/v4/graphql	2026-09-30T07:41:58.308760+00:00	Aggregated evidence	opentargets-v0.2.2	"[""data\\raw\\opentargets\\26.09\\CANCER-001_MONDO_0005061_associated_targets_page_0000.json"", ""data\\raw\\opentargets\\26.09\\CANCER-001_MONDO_0005061_associated_targets_page_0001.json"", ""data\\raw\\opentargets\\26.09\\CANCER-001_MONDO_0005061_associated_targets_page_0002.json"", ""data\\raw\\opentargets\\26.09\\CANCER-001_MONDO_0005061_associated_targets_page_0003.json"", ""data\\raw\\opentargets\\26.09\\CANCER-001_MONDO_0005061_associated_targets_page_0004.json"", ""data\\raw\\opentargets\\26.09\\CANCER-001_MONDO_0005061_associated_targets_page_0005.json"", ""data\\raw\\opentargets\\26.09\\CANCER-001_MONDO_0005061_associated_targets_page_0006.json"", ""data\\raw\\opentargets\\26.09\\CANCER-001_MONDO_0005061_associated_targets_page_0007.json"", ""data\\raw\\opentargets\\26.09\\CANCER-001_MONDO_0005061_associated_targets_page_0008.json"", ""data\\raw\\opentargets\\26.09\\CANCER-001_MONDO_0005061_associated_targets_page_0009.json"", ""data\\raw\\opentargets\\26.09\\CANCER-001_MONDO_0005061_associated_targets_page_0010.json"", ""data\\raw\\opentargets\\26.09\\CANCER-001_MONDO_0005061_associated_targets_page_0011.json"", ""data\\raw\\opentargets\\26.09\\CANCER-001_MONDO_0005061_associated_targets_page_0012.json"", ""data\\raw\\opentargets\\26.09\\CANCER-001_MONDO_0005061_associated_targets_page_0013.json"", ""data\\raw\\opentargets\\26.09\\CANCER-001_MONDO_0005061_associated_targets_page_0014.json"", ""data\\raw\\opentargets\\26.09\\CANCER-001_MONDO_0005061_associated_targets_page_0015.json"", ""data\\raw\\opentargets\\26.09\\CANCER-001_MONDO_0005061_associated_targets_page_0016.json"", ""data\\raw\\opentargets\\26.09\\CANCER-001_MONDO_0005061_associated_targets_page_0017.json"", ""data\\raw\\opentargets\\26.09\\CANCER-001_MONDO_0005061_associated_targets_page_0018.json"", ""data\\raw\\opentargets\\26.09\\CANCER-001_MONDO_0005061_associated_targets_page_0019.json"", ""data\\raw\\opentargets\\26.09\\CANCER-001_MONDO_0005061_associated_targets_page_0020.json"", ""data\\raw\\opentargets\\26.09\\CANCER-001_MONDO_0005061_associated_targets_page_0021.json""]"	70bed24e9b32d462ccfbfa3f516bfe62cd5886c1ee3b0ba07de35eaf402bdac7
cancer_target_pair	EVID-0013	somatic_mutation_score	0.4559480982087158	Open Targets Platform	ENSG00000179295|MONDO_0005061	26.09	https://api.platform.opentargets.org/api/v4/graphql	2026-09-30T07:41:58.308760+00:00	Aggregated evidence	opentargets-v0.2.2	"[""data\\raw\\opentargets\\26.09\\CANCER-001_MONDO_0005061_associated_targets_page_0000.json"", ""data\\raw\\opentargets\\26.09\\CANCER-001_MONDO_0005061_associated_targets_page_0001.json"", ""data\\raw\\opentargets\\26.09\\CANCER-001_MONDO_0005061_associated_targets_page_0002.json"", ""data\\raw\\opentargets\\26.09\\CANCER-001_MONDO_0005061_associated_targets_page_0003.json"", ""data\\raw\\opentargets\\26.09\\CANCER-001_MONDO_0005061_associated_targets_page_0004.json"", ""data\\raw\\opentargets\\26.09\\CANCER-001_MONDO_0005061_associated_targets_page_0005.json"", ""data\\raw\\opentargets\\26.09\\CANCER-001_MONDO_0005061_associated_targets_page_0006.json"", ""data\\raw\\opentargets\\26.09\\CANCER-001_MONDO_0005061_associated_targets_page_0007.json"", ""data\\raw\\opentargets\\26.09\\CANCER-001_MONDO_0005061_associated_targets_page_0008.json"", ""data\\raw\\opentargets\\26.09\\CANCER-001_MONDO_0005061_associated_targets_page_0009.json"", ""data\\raw\\opentargets\\26.09\\CANCER-001_MONDO_0005061_associated_targets_page_0010.json"", ""data\\raw\\opentargets\\26.09\\CANCER-001_MONDO_0005061_associated_targets_page_0011.json"", ""data\\raw\\opentargets\\26.09\\CANCER-001_MONDO_0005061_associated_targets_page_0012.json"", ""data\\raw\\opentargets\\26.09\\CANCER-001_MONDO_0005061_associated_targets_page_0013.json"", ""data\\raw\\opentargets\\26.09\\CANCER-001_MONDO_0005061_associated_targets_page_0014.json"", ""data\\raw\\opentargets\\26.09\\CANCER-001_MONDO_0005061_associated_targets_page_0015.json"", ""data\\raw\\opentargets\\26.09\\CANCER-001_MONDO_0005061_associated_targets_page_0016.json"", ""data\\raw\\opentargets\\26.09\\CANCER-001_MONDO_0005061_associated_targets_page_0017.json"", ""data\\raw\\opentargets\\26.09\\CANCER-001_MONDO_0005061_associated_targets_page_0018.json"", ""data\\raw\\opentargets\\26.09\\CANCER-001_MONDO_0005061_associated_targets_page_0019.json"", ""data\\raw\\opentargets\\26.09\\CANCER-001_MONDO_0005061_associated_targets_page_0020.json"", ""data\\raw\\opentargets\\26.09\\CANCER-001_MONDO_0005061_associated_targets_page_0021.json""]"	70bed24e9b32d462ccfbfa3f516bfe62cd5886c1ee3b0ba07de35eaf402bdac7
cancer_target_pair	EVID-0013	known_drug_score		Open Targets Platform	ENSG00000179295|MONDO_0005061	26.09	https://api.platform.opentargets.org/api/v4/graphql	2026-09-30T07:41:58.308760+00:00	Aggregated evidence	opentargets-v0.2.2	"[""data\\raw\\opentargets\\26.09\\CANCER-001_MONDO_0005061_associated_targets_page_0000.json"", ""data\\raw\\opentargets\\26.09\\CANCER-001_MONDO_0005061_associated_targets_page_0001.json"", ""data\\raw\\opentargets\\26.09\\CANCER-001_MONDO_0005061_associated_targets_page_0002.json"", ""data\\raw\\opentargets\\26.09\\CANCER-001_MONDO_0005061_associated_targets_page_0003.json"", ""data\\raw\\opentargets\\26.09\\CANCER-001_MONDO_0005061_associated_targets_page_0004.json"", ""data\\raw\\opentargets\\26.09\\CANCER-001_MONDO_0005061_associated_targets_page_0005.json"", ""data\\raw\\opentargets\\26.09\\CANCER-001_MONDO_0005061_associated_targets_page_0006.json"", ""data\\raw\\opentargets\\26.09\\CANCER-001_MONDO_0005061_associated_targets_page_0007.json"", ""data\\raw\\opentargets\\26.09\\CANCER-001_MONDO_0005061_associated_targets_page_0008.json"", ""data\\raw\\opentargets\\26.09\\CANCER-001_MONDO_0005061_associated_targets_page_0009.json"", ""data\\raw\\opentargets\\26.09\\CANCER-001_MONDO_0005061_associated_targets_page_0010.json"", ""data\\raw\\opentargets\\26.09\\CANCER-001_MONDO_0005061_associated_targets_page_0011.json"", ""data\\raw\\opentargets\\26.09\\CANCER-001_MONDO_0005061_associated_targets_page_0012.json"", ""data\\raw\\opentargets\\26.09\\CANCER-001_MONDO_0005061_associated_targets_page_0013.json"", ""data\\raw\\opentargets\\26.09\\CANCER-001_MONDO_0005061_associated_targets_page_0014.json"", ""data\\raw\\opentargets\\26.09\\CANCER-001_MONDO_0005061_associated_targets_page_0015.json"", ""data\\raw\\opentargets\\26.09\\CANCER-001_MONDO_0005061_associated_targets_page_0016.json"", ""data\\raw\\opentargets\\26.09\\CANCER-001_MONDO_0005061_associated_targets_page_0017.json"", ""data\\raw\\opentargets\\26.09\\CANCER-001_MONDO_0005061_associated_targets_page_0018.json"", ""data\\raw\\opentargets\\26.09\\CANCER-001_MONDO_0005061_associated_targets_page_0019.json"", ""data\\raw\\opentargets\\26.09\\CANCER-001_MONDO_0005061_associated_targets_page_0020.json"", ""data\\raw\\opentargets\\26.09\\CANCER-001_MONDO_0005061_associated_targets_page_0021.json""]"	70bed24e9b32d462ccfbfa3f516bfe62cd5886c1ee3b0ba07de35eaf402bdac7
cancer_target_pair	EVID-0013	literature_score	0.8816536410050931	Open Targets Platform	ENSG00000179295|MONDO_0005061	26.09	https://api.platform.opentargets.org/api/v4/graphql	2026-09-30T07:41:58.308760+00:00	Aggregated evidence	opentargets-v0.2.2	"[""data\\raw\\opentargets\\26.09\\CANCER-001_MONDO_0005061_associated_targets_page_0000.json"", ""data\\raw\\opentargets\\26.09\\CANCER-001_MONDO_0005061_associated_targets_page_0001.json"", ""data\\raw\\opentargets\\26.09\\CANCER-001_MONDO_0005061_associated_targets_page_0002.json"", ""data\\raw\\opentargets\\26.09\\CANCER-001_MONDO_0005061_associated_targets_page_0003.json"", ""data\\raw\\opentargets\\26.09\\CANCER-001_MONDO_0005061_associated_targets_page_0004.json"", ""data\\raw\\opentargets\\26.09\\CANCER-001_MONDO_0005061_associated_targets_page_0005.json"", ""data\\raw\\opentargets\\26.09\\CANCER-001_MONDO_0005061_associated_targets_page_0006.json"", ""data\\raw\\opentargets\\26.09\\CANCER-001_MONDO_0005061_associated_targets_page_0007.json"", ""data\\raw\\opentargets\\26.09\\CANCER-001_MONDO_0005061_associated_targets_page_0008.json"", ""data\\raw\\opentargets\\26.09\\CANCER-001_MONDO_0005061_associated_targets_page_0009.json"", ""data\\raw\\opentargets\\26.09\\CANCER-001_MONDO_0005061_associated_targets_page_0010.json"", ""data\\raw\\opentargets\\26.09\\CANCER-001_MONDO_0005061_associated_targets_page_0011.json"", ""data\\raw\\opentargets\\26.09\\CANCER-001_MONDO_0005061_associated_targets_page_0012.json"", ""data\\raw\\opentargets\\26.09\\CANCER-001_MONDO_0005061_associated_targets_page_0013.json"", ""data\\raw\\opentargets\\26.09\\CANCER-001_MONDO_0005061_associated_targets_page_0014.json"", ""data\\raw\\opentargets\\26.09\\CANCER-001_MONDO_0005061_associated_targets_page_0015.json"", ""data\\raw\\opentargets\\26.09\\CANCER-001_MONDO_0005061_associated_targets_page_0016.json"", ""data\\raw\\opentargets\\26.09\\CANCER-001_MONDO_0005061_associated_targets_page_0017.json"", ""data\\raw\\opentargets\\26.09\\CANCER-001_MONDO_0005061_associated_targets_page_0018.json"", ""data\\raw\\opentargets\\26.09\\CANCER-001_MONDO_0005061_associated_targets_page_0019.json"", ""data\\raw\\opentargets\\26.09\\CANCER-001_MONDO_0005061_associated_targets_page_0020.json"", ""data\\raw\\opentargets\\26.09\\CANCER-001_MONDO_0005061_associated_targets_page_0021.json""]"	70bed24e9b32d462ccfbfa3f516bfe62cd5886c1ee3b0ba07de35eaf402bdac7
cancer_target_pair	EVID-0013	tractability_json	"[{""label"": ""Approved Drug"", ""modality"": ""SM"", ""value"": false}, {""label"": ""Advanced Clinical"", ""modality"": ""SM"", ""value"": true}, {""label"": ""Phase 1 Clinical"", ""modality"": ""SM"", ""value"": false}, {""label"": ""Structure with Ligand"", ""modality"": ""SM"", ""value"": true}, {""label"": ""High-Quality Ligand"", ""modality"": ""SM"", ""value"": true}, {""label"": ""High-Quality Pocket"", ""modality"": ""SM"", ""value"": false}, {""label"": ""Med-Quality Pocket"", ""modality"": ""SM"", ""value"": false}, {""label"": ""Druggable Family"", ""modality"": ""SM"", ""value"": true}, {""label"": ""Approved Drug"", ""modality"": ""AB"", ""value"": false}, {""label"": ""Advanced Clinical"", ""modality"": ""AB"", ""value"": false}, {""label"": ""Phase 1 Clinical"", ""modality"": ""AB"", ""value"": false}, {""label"": ""UniProt loc high conf"", ""modality"": ""AB"", ""value"": false}, {""label"": ""GO CC high conf"", ""modality"": ""AB"", ""value"": false}, {""label"": ""UniProt loc med conf"", ""modality"": ""AB"", ""value"": false}, {""label"": ""UniProt SigP or TMHMM"", ""modality"": ""AB"", ""value"": false}, {""label"": ""GO CC med conf"", ""modality"": ""AB"", ""value"": false}, {""label"": ""Human Protein Atlas loc"", ""modality"": ""AB"", ""value"": false}, {""label"": ""Approved Drug"", ""modality"": ""PR"", ""value"": false}, {""label"": ""Advanced Clinical"", ""modality"": ""PR"", ""value"": false}, {""label"": ""Phase 1 Clinical"", ""modality"": ""PR"", ""value"": false}, {""label"": ""Literature"", ""modality"": ""PR"", ""value"": true}, {""label"": ""UniProt Ubiquitination"", ""modality"": ""PR"", ""value"": false}, {""label"": ""Database Ubiquitination"", ""modality"": ""PR"", ""value"": true}, {""label"": ""Half-life Data"", ""modality"": ""PR"", ""value"": true}, {""label"": ""Small Molecule Binder"", ""modality"": ""PR"", ""value"": true}, {""label"": ""Approved Drug"", ""modality"": ""OC"", ""value"": false}, {""label"": ""Advanced Clinical"", ""modality"": ""OC"", ""value"": false}, {""label"": ""Phase 1 Clinical"", ""modality"": ""OC"", ""value"": false}]"	Open Targets Platform	ENSG00000179295|MONDO_0005061	26.09	https://api.platform.opentargets.org/api/v4/graphql	2026-09-30T07:41:58.308760+00:00	Aggregated evidence	opentargets-v0.2.2	data\raw\opentargets\26.09\target_ENSG00000179295_tractability.json	70bed24e9b32d462ccfbfa3f516bfe62cd5886c1ee3b0ba07de35eaf402bdac7
cancer_target_pair	EVID-0014	association_score	0.2986903524990941	Open Targets Platform	ENSG00000115904|MONDO_0005061	26.09	https://api.platform.opentargets.org/api/v4/graphql	2026-09-30T07:41:58.308760+00:00	Aggregated evidence	opentargets-v0.2.2	"[""data\\raw\\opentargets\\26.09\\CANCER-001_MONDO_0005061_associated_targets_page_0000.json"", ""data\\raw\\opentargets\\26.09\\CANCER-001_MONDO_0005061_associated_targets_page_0001.json"", ""data\\raw\\opentargets\\26.09\\CANCER-001_MONDO_0005061_associated_targets_page_0002.json"", ""data\\raw\\opentargets\\26.09\\CANCER-001_MONDO_0005061_associated_targets_page_0003.json"", ""data\\raw\\opentargets\\26.09\\CANCER-001_MONDO_0005061_associated_targets_page_0004.json"", ""data\\raw\\opentargets\\26.09\\CANCER-001_MONDO_0005061_associated_targets_page_0005.json"", ""data\\raw\\opentargets\\26.09\\CANCER-001_MONDO_0005061_associated_targets_page_0006.json"", ""data\\raw\\opentargets\\26.09\\CANCER-001_MONDO_0005061_associated_targets_page_0007.json"", ""data\\raw\\opentargets\\26.09\\CANCER-001_MONDO_0005061_associated_targets_page_0008.json"", ""data\\raw\\opentargets\\26.09\\CANCER-001_MONDO_0005061_associated_targets_page_0009.json"", ""data\\raw\\opentargets\\26.09\\CANCER-001_MONDO_0005061_associated_targets_page_0010.json"", ""data\\raw\\opentargets\\26.09\\CANCER-001_MONDO_0005061_associated_targets_page_0011.json"", ""data\\raw\\opentargets\\26.09\\CANCER-001_MONDO_0005061_associated_targets_page_0012.json"", ""data\\raw\\opentargets\\26.09\\CANCER-001_MONDO_0005061_associated_targets_page_0013.json"", ""data\\raw\\opentargets\\26.09\\CANCER-001_MONDO_0005061_associated_targets_page_0014.json"", ""data\\raw\\opentargets\\26.09\\CANCER-001_MONDO_0005061_associated_targets_page_0015.json"", ""data\\raw\\opentargets\\26.09\\CANCER-001_MONDO_0005061_associated_targets_page_0016.json"", ""data\\raw\\opentargets\\26.09\\CANCER-001_MONDO_0005061_associated_targets_page_0017.json"", ""data\\raw\\opentargets\\26.09\\CANCER-001_MONDO_0005061_associated_targets_page_0018.json"", ""data\\raw\\opentargets\\26.09\\CANCER-001_MONDO_0005061_associated_targets_page_0019.json"", ""data\\raw\\opentargets\\26.09\\CANCER-001_MONDO_0005061_associated_targets_page_0020.json"", ""data\\raw\\opentargets\\26.09\\CANCER-001_MONDO_0005061_associated_targets_page_0021.json""]"	757ff5cfa9652277215723f49fec57345ea1ef5fda68b267ea39f368bd143d45
cancer_target_pair	EVID-0014	genetic_association_score		Open Targets Platform	ENSG00000115904|MONDO_0005061	26.09	https://api.platform.opentargets.org/api/v4/graphql	2026-09-30T07:41:58.308760+00:00	Aggregated evidence	opentargets-v0.2.2	"[""data\\raw\\opentargets\\26.09\\CANCER-001_MONDO_0005061_associated_targets_page_0000.json"", ""data\\raw\\opentargets\\26.09\\CANCER-001_MONDO_0005061_associated_targets_page_0001.json"", ""data\\raw\\opentargets\\26.09\\CANCER-001_MONDO_0005061_associated_targets_page_0002.json"", ""data\\raw\\opentargets\\26.09\\CANCER-001_MONDO_0005061_associated_targets_page_0003.json"", ""data\\raw\\opentargets\\26.09\\CANCER-001_MONDO_0005061_associated_targets_page_0004.json"", ""data\\raw\\opentargets\\26.09\\CANCER-001_MONDO_0005061_associated_targets_page_0005.json"", ""data\\raw\\opentargets\\26.09\\CANCER-001_MONDO_0005061_associated_targets_page_0006.json"", ""data\\raw\\opentargets\\26.09\\CANCER-001_MONDO_0005061_associated_targets_page_0007.json"", ""data\\raw\\opentargets\\26.09\\CANCER-001_MONDO_0005061_associated_targets_page_0008.json"", ""data\\raw\\opentargets\\26.09\\CANCER-001_MONDO_0005061_associated_targets_page_0009.json"", ""data\\raw\\opentargets\\26.09\\CANCER-001_MONDO_0005061_associated_targets_page_0010.json"", ""data\\raw\\opentargets\\26.09\\CANCER-001_MONDO_0005061_associated_targets_page_0011.json"", ""data\\raw\\opentargets\\26.09\\CANCER-001_MONDO_0005061_associated_targets_page_0012.json"", ""data\\raw\\opentargets\\26.09\\CANCER-001_MONDO_0005061_associated_targets_page_0013.json"", ""data\\raw\\opentargets\\26.09\\CANCER-001_MONDO_0005061_associated_targets_page_0014.json"", ""data\\raw\\opentargets\\26.09\\CANCER-001_MONDO_0005061_associated_targets_page_0015.json"", ""data\\raw\\opentargets\\26.09\\CANCER-001_MONDO_0005061_associated_targets_page_0016.json"", ""data\\raw\\opentargets\\26.09\\CANCER-001_MONDO_0005061_associated_targets_page_0017.json"", ""data\\raw\\opentargets\\26.09\\CANCER-001_MONDO_0005061_associated_targets_page_0018.json"", ""data\\raw\\opentargets\\26.09\\CANCER-001_MONDO_0005061_associated_targets_page_0019.json"", ""data\\raw\\opentargets\\26.09\\CANCER-001_MONDO_0005061_associated_targets_page_0020.json"", ""data\\raw\\opentargets\\26.09\\CANCER-001_MONDO_0005061_associated_targets_page_0021.json""]"	757ff5cfa9652277215723f49fec57345ea1ef5fda68b267ea39f368bd143d45
cancer_target_pair	EVID-0014	somatic_mutation_score	0.4559480982087158	Open Targets Platform	ENSG00000115904|MONDO_0005061	26.09	https://api.platform.opentargets.org/api/v4/graphql	2026-09-30T07:41:58.308760+00:00	Aggregated evidence	opentargets-v0.2.2	"[""data\\raw\\opentargets\\26.09\\CANCER-001_MONDO_0005061_associated_targets_page_0000.json"", ""data\\raw\\opentargets\\26.09\\CANCER-001_MONDO_0005061_associated_targets_page_0001.json"", ""data\\raw\\opentargets\\26.09\\CANCER-001_MONDO_0005061_associated_targets_page_0002.json"", ""data\\raw\\opentargets\\26.09\\CANCER-001_MONDO_0005061_associated_targets_page_0003.json"", ""data\\raw\\opentargets\\26.09\\CANCER-001_MONDO_0005061_associated_targets_page_0004.json"", ""data\\raw\\opentargets\\26.09\\CANCER-001_MONDO_0005061_associated_targets_page_0005.json"", ""data\\raw\\opentargets\\26.09\\CANCER-001_MONDO_0005061_associated_targets_page_0006.json"", ""data\\raw\\opentargets\\26.09\\CANCER-001_MONDO_0005061_associated_targets_page_0007.json"", ""data\\raw\\opentargets\\26.09\\CANCER-001_MONDO_0005061_associated_targets_page_0008.json"", ""data\\raw\\opentargets\\26.09\\CANCER-001_MONDO_0005061_associated_targets_page_0009.json"", ""data\\raw\\opentargets\\26.09\\CANCER-001_MONDO_0005061_associated_targets_page_0010.json"", ""data\\raw\\opentargets\\26.09\\CANCER-001_MONDO_0005061_associated_targets_page_0011.json"", ""data\\raw\\opentargets\\26.09\\CANCER-001_MONDO_0005061_associated_targets_page_0012.json"", ""data\\raw\\opentargets\\26.09\\CANCER-001_MONDO_0005061_associated_targets_page_0013.json"", ""data\\raw\\opentargets\\26.09\\CANCER-001_MONDO_0005061_associated_targets_page_0014.json"", ""data\\raw\\opentargets\\26.09\\CANCER-001_MONDO_0005061_associated_targets_page_0015.json"", ""data\\raw\\opentargets\\26.09\\CANCER-001_MONDO_0005061_associated_targets_page_0016.json"", ""data\\raw\\opentargets\\26.09\\CANCER-001_MONDO_0005061_associated_targets_page_0017.json"", ""data\\raw\\opentargets\\26.09\\CANCER-001_MONDO_0005061_associated_targets_page_0018.json"", ""data\\raw\\opentargets\\26.09\\CANCER-001_MONDO_0005061_associated_targets_page_0019.json"", ""data\\raw\\opentargets\\26.09\\CANCER-001_MONDO_0005061_associated_targets_page_0020.json"", ""data\\raw\\opentargets\\26.09\\CANCER-001_MONDO_0005061_associated_targets_page_0021.json""]"	757ff5cfa9652277215723f49fec57345ea1ef5fda68b267ea39f368bd143d45
cancer_target_pair	EVID-0014	known_drug_score		Open Targets Platform	ENSG00000115904|MONDO_0005061	26.09	https://api.platform.opentargets.org/api/v4/graphql	2026-09-30T07:41:58.308760+00:00	Aggregated evidence	opentargets-v0.2.2	"[""data\\raw\\opentargets\\26.09\\CANCER-001_MONDO_0005061_associated_targets_page_0000.json"", ""data\\raw\\opentargets\\26.09\\CANCER-001_MONDO_0005061_associated_targets_page_0001.json"", ""data\\raw\\opentargets\\26.09\\CANCER-001_MONDO_0005061_associated_targets_page_0002.json"", ""data\\raw\\opentargets\\26.09\\CANCER-001_MONDO_0005061_associated_targets_page_0003.json"", ""data\\raw\\opentargets\\26.09\\CANCER-001_MONDO_0005061_associated_targets_page_0004.json"", ""data\\raw\\opentargets\\26.09\\CANCER-001_MONDO_0005061_associated_targets_page_0005.json"", ""data\\raw\\opentargets\\26.09\\CANCER-001_MONDO_0005061_associated_targets_page_0006.json"", ""data\\raw\\opentargets\\26.09\\CANCER-001_MONDO_0005061_associated_targets_page_0007.json"", ""data\\raw\\opentargets\\26.09\\CANCER-001_MONDO_0005061_associated_targets_page_0008.json"", ""data\\raw\\opentargets\\26.09\\CANCER-001_MONDO_0005061_associated_targets_page_0009.json"", ""data\\raw\\opentargets\\26.09\\CANCER-001_MONDO_0005061_associated_targets_page_0010.json"", ""data\\raw\\opentargets\\26.09\\CANCER-001_MONDO_0005061_associated_targets_page_0011.json"", ""data\\raw\\opentargets\\26.09\\CANCER-001_MONDO_0005061_associated_targets_page_0012.json"", ""data\\raw\\opentargets\\26.09\\CANCER-001_MONDO_0005061_associated_targets_page_0013.json"", ""data\\raw\\opentargets\\26.09\\CANCER-001_MONDO_0005061_associated_targets_page_0014.json"", ""data\\raw\\opentargets\\26.09\\CANCER-001_MONDO_0005061_associated_targets_page_0015.json"", ""data\\raw\\opentargets\\26.09\\CANCER-001_MONDO_0005061_associated_targets_page_0016.json"", ""data\\raw\\opentargets\\26.09\\CANCER-001_MONDO_0005061_associated_targets_page_0017.json"", ""data\\raw\\opentargets\\26.09\\CANCER-001_MONDO_0005061_associated_targets_page_0018.json"", ""data\\raw\\opentargets\\26.09\\CANCER-001_MONDO_0005061_associated_targets_page_0019.json"", ""data\\raw\\opentargets\\26.09\\CANCER-001_MONDO_0005061_associated_targets_page_0020.json"", ""data\\raw\\opentargets\\26.09\\CANCER-001_MONDO_0005061_associated_targets_page_0021.json""]"	757ff5cfa9652277215723f49fec57345ea1ef5fda68b267ea39f368bd143d45
cancer_target_pair	EVID-0014	literature_score	0.7074970233472735	Open Targets Platform	ENSG00000115904|MONDO_0005061	26.09	https://api.platform.opentargets.org/api/v4/graphql	2026-09-30T07:41:58.308760+00:00	Aggregated evidence	opentargets-v0.2.2	"[""data\\raw\\opentargets\\26.09\\CANCER-001_MONDO_0005061_associated_targets_page_0000.json"", ""data\\raw\\opentargets\\26.09\\CANCER-001_MONDO_0005061_associated_targets_page_0001.json"", ""data\\raw\\opentargets\\26.09\\CANCER-001_MONDO_0005061_associated_targets_page_0002.json"", ""data\\raw\\opentargets\\26.09\\CANCER-001_MONDO_0005061_associated_targets_page_0003.json"", ""data\\raw\\opentargets\\26.09\\CANCER-001_MONDO_0005061_associated_targets_page_0004.json"", ""data\\raw\\opentargets\\26.09\\CANCER-001_MONDO_0005061_associated_targets_page_0005.json"", ""data\\raw\\opentargets\\26.09\\CANCER-001_MONDO_0005061_associated_targets_page_0006.json"", ""data\\raw\\opentargets\\26.09\\CANCER-001_MONDO_0005061_associated_targets_page_0007.json"", ""data\\raw\\opentargets\\26.09\\CANCER-001_MONDO_0005061_associated_targets_page_0008.json"", ""data\\raw\\opentargets\\26.09\\CANCER-001_MONDO_0005061_associated_targets_page_0009.json"", ""data\\raw\\opentargets\\26.09\\CANCER-001_MONDO_0005061_associated_targets_page_0010.json"", ""data\\raw\\opentargets\\26.09\\CANCER-001_MONDO_0005061_associated_targets_page_0011.json"", ""data\\raw\\opentargets\\26.09\\CANCER-001_MONDO_0005061_associated_targets_page_0012.json"", ""data\\raw\\opentargets\\26.09\\CANCER-001_MONDO_0005061_associated_targets_page_0013.json"", ""data\\raw\\opentargets\\26.09\\CANCER-001_MONDO_0005061_associated_targets_page_0014.json"", ""data\\raw\\opentargets\\26.09\\CANCER-001_MONDO_0005061_associated_targets_page_0015.json"", ""data\\raw\\opentargets\\26.09\\CANCER-001_MONDO_0005061_associated_targets_page_0016.json"", ""data\\raw\\opentargets\\26.09\\CANCER-001_MONDO_0005061_associated_targets_page_0017.json"", ""data\\raw\\opentargets\\26.09\\CANCER-001_MONDO_0005061_associated_targets_page_0018.json"", ""data\\raw\\opentargets\\26.09\\CANCER-001_MONDO_0005061_associated_targets_page_0019.json"", ""data\\raw\\opentargets\\26.09\\CANCER-001_MONDO_0005061_associated_targets_page_0020.json"", ""data\\raw\\opentargets\\26.09\\CANCER-001_MONDO_0005061_associated_targets_page_0021.json""]"	757ff5cfa9652277215723f49fec57345ea1ef5fda68b267ea39f368bd143d45
cancer_target_pair	EVID-0014	tractability_json	"[{""label"": ""Approved Drug"", ""modality"": ""SM"", ""value"": false}, {""label"": ""Advanced Clinical"", ""modality"": ""SM"", ""value"": false}, {""label"": ""Phase 1 Clinical"", ""modality"": ""SM"", ""value"": false}, {""label"": ""Structure with Ligand"", ""modality"": ""SM"", ""value"": true}, {""label"": ""High-Quality Ligand"", ""modality"": ""SM"", ""value"": true}, {""label"": ""High-Quality Pocket"", ""modality"": ""SM"", ""value"": true}, {""label"": ""Med-Quality Pocket"", ""modality"": ""SM"", ""value"": false}, {""label"": ""Druggable Family"", ""modality"": ""SM"", ""value"": false}, {""label"": ""Approved Drug"", ""modality"": ""AB"", ""value"": false}, {""label"": ""Advanced Clinical"", ""modality"": ""AB"", ""value"": false}, {""label"": ""Phase 1 Clinical"", ""modality"": ""AB"", ""value"": false}, {""label"": ""UniProt loc high conf"", ""modality"": ""AB"", ""value"": false}, {""label"": ""GO CC high conf"", ""modality"": ""AB"", ""value"": true}, {""label"": ""UniProt loc med conf"", ""modality"": ""AB"", ""value"": false}, {""label"": ""UniProt SigP or TMHMM"", ""modality"": ""AB"", ""value"": false}, {""label"": ""GO CC med conf"", ""modality"": ""AB"", ""value"": false}, {""label"": ""Human Protein Atlas loc"", ""modality"": ""AB"", ""value"": false}, {""label"": ""Approved Drug"", ""modality"": ""PR"", ""value"": false}, {""label"": ""Advanced Clinical"", ""modality"": ""PR"", ""value"": false}, {""label"": ""Phase 1 Clinical"", ""modality"": ""PR"", ""value"": false}, {""label"": ""Literature"", ""modality"": ""PR"", ""value"": false}, {""label"": ""UniProt Ubiquitination"", ""modality"": ""PR"", ""value"": false}, {""label"": ""Database Ubiquitination"", ""modality"": ""PR"", ""value"": true}, {""label"": ""Half-life Data"", ""modality"": ""PR"", ""value"": true}, {""label"": ""Small Molecule Binder"", ""modality"": ""PR"", ""value"": true}, {""label"": ""Approved Drug"", ""modality"": ""OC"", ""value"": false}, {""label"": ""Advanced Clinical"", ""modality"": ""OC"", ""value"": false}, {""label"": ""Phase 1 Clinical"", ""modality"": ""OC"", ""value"": false}]"	Open Targets Platform	ENSG00000115904|MONDO_0005061	26.09	https://api.platform.opentargets.org/api/v4/graphql	2026-09-30T07:41:58.308760+00:00	Aggregated evidence	opentargets-v0.2.2	data\raw\opentargets\26.09\target_ENSG00000115904_tractability.json	757ff5cfa9652277215723f49fec57345ea1ef5fda68b267ea39f368bd143d45
cancer_target_pair	EVID-0015	association_score	0.021165191104016413	Open Targets Platform	ENSG00000177885|MONDO_0005061	26.09	https://api.platform.opentargets.org/api/v4/graphql	2026-09-30T07:41:58.308760+00:00	Aggregated evidence	opentargets-v0.2.2	"[""data\\raw\\opentargets\\26.09\\CANCER-001_MONDO_0005061_associated_targets_page_0000.json"", ""data\\raw\\opentargets\\26.09\\CANCER-001_MONDO_0005061_associated_targets_page_0001.json"", ""data\\raw\\opentargets\\26.09\\CANCER-001_MONDO_0005061_associated_targets_page_0002.json"", ""data\\raw\\opentargets\\26.09\\CANCER-001_MONDO_0005061_associated_targets_page_0003.json"", ""data\\raw\\opentargets\\26.09\\CANCER-001_MONDO_0005061_associated_targets_page_0004.json"", ""data\\raw\\opentargets\\26.09\\CANCER-001_MONDO_0005061_associated_targets_page_0005.json"", ""data\\raw\\opentargets\\26.09\\CANCER-001_MONDO_0005061_associated_targets_page_0006.json"", ""data\\raw\\opentargets\\26.09\\CANCER-001_MONDO_0005061_associated_targets_page_0007.json"", ""data\\raw\\opentargets\\26.09\\CANCER-001_MONDO_0005061_associated_targets_page_0008.json"", ""data\\raw\\opentargets\\26.09\\CANCER-001_MONDO_0005061_associated_targets_page_0009.json"", ""data\\raw\\opentargets\\26.09\\CANCER-001_MONDO_0005061_associated_targets_page_0010.json"", ""data\\raw\\opentargets\\26.09\\CANCER-001_MONDO_0005061_associated_targets_page_0011.json"", ""data\\raw\\opentargets\\26.09\\CANCER-001_MONDO_0005061_associated_targets_page_0012.json"", ""data\\raw\\opentargets\\26.09\\CANCER-001_MONDO_0005061_associated_targets_page_0013.json"", ""data\\raw\\opentargets\\26.09\\CANCER-001_MONDO_0005061_associated_targets_page_0014.json"", ""data\\raw\\opentargets\\26.09\\CANCER-001_MONDO_0005061_associated_targets_page_0015.json"", ""data\\raw\\opentargets\\26.09\\CANCER-001_MONDO_0005061_associated_targets_page_0016.json"", ""data\\raw\\opentargets\\26.09\\CANCER-001_MONDO_0005061_associated_targets_page_0017.json"", ""data\\raw\\opentargets\\26.09\\CANCER-001_MONDO_0005061_associated_targets_page_0018.json"", ""data\\raw\\opentargets\\26.09\\CANCER-001_MONDO_0005061_associated_targets_page_0019.json"", ""data\\raw\\opentargets\\26.09\\CANCER-001_MONDO_0005061_associated_targets_page_0020.json"", ""data\\raw\\opentargets\\26.09\\CANCER-001_MONDO_0005061_associated_targets_page_0021.json""]"	ce5f113f9d2a0a9bab75c2afa9dd99ab17e5e0a2da8c9b6e0cc1af1371bc93d5
cancer_target_pair	EVID-0015	genetic_association_score		Open Targets Platform	ENSG00000177885|MONDO_0005061	26.09	https://api.platform.opentargets.org/api/v4/graphql	2026-09-30T07:41:58.308760+00:00	Aggregated evidence	opentargets-v0.2.2	"[""data\\raw\\opentargets\\26.09\\CANCER-001_MONDO_0005061_associated_targets_page_0000.json"", ""data\\raw\\opentargets\\26.09\\CANCER-001_MONDO_0005061_associated_targets_page_0001.json"", ""data\\raw\\opentargets\\26.09\\CANCER-001_MONDO_0005061_associated_targets_page_0002.json"", ""data\\raw\\opentargets\\26.09\\CANCER-001_MONDO_0005061_associated_targets_page_0003.json"", ""data\\raw\\opentargets\\26.09\\CANCER-001_MONDO_0005061_associated_targets_page_0004.json"", ""data\\raw\\opentargets\\26.09\\CANCER-001_MONDO_0005061_associated_targets_page_0005.json"", ""data\\raw\\opentargets\\26.09\\CANCER-001_MONDO_0005061_associated_targets_page_0006.json"", ""data\\raw\\opentargets\\26.09\\CANCER-001_MONDO_0005061_associated_targets_page_0007.json"", ""data\\raw\\opentargets\\26.09\\CANCER-001_MONDO_0005061_associated_targets_page_0008.json"", ""data\\raw\\opentargets\\26.09\\CANCER-001_MONDO_0005061_associated_targets_page_0009.json"", ""data\\raw\\opentargets\\26.09\\CANCER-001_MONDO_0005061_associated_targets_page_0010.json"", ""data\\raw\\opentargets\\26.09\\CANCER-001_MONDO_0005061_associated_targets_page_0011.json"", ""data\\raw\\opentargets\\26.09\\CANCER-001_MONDO_0005061_associated_targets_page_0012.json"", ""data\\raw\\opentargets\\26.09\\CANCER-001_MONDO_0005061_associated_targets_page_0013.json"", ""data\\raw\\opentargets\\26.09\\CANCER-001_MONDO_0005061_associated_targets_page_0014.json"", ""data\\raw\\opentargets\\26.09\\CANCER-001_MONDO_0005061_associated_targets_page_0015.json"", ""data\\raw\\opentargets\\26.09\\CANCER-001_MONDO_0005061_associated_targets_page_0016.json"", ""data\\raw\\opentargets\\26.09\\CANCER-001_MONDO_0005061_associated_targets_page_0017.json"", ""data\\raw\\opentargets\\26.09\\CANCER-001_MONDO_0005061_associated_targets_page_0018.json"", ""data\\raw\\opentargets\\26.09\\CANCER-001_MONDO_0005061_associated_targets_page_0019.json"", ""data\\raw\\opentargets\\26.09\\CANCER-001_MONDO_0005061_associated_targets_page_0020.json"", ""data\\raw\\opentargets\\26.09\\CANCER-001_MONDO_0005061_associated_targets_page_0021.json""]"	ce5f113f9d2a0a9bab75c2afa9dd99ab17e5e0a2da8c9b6e0cc1af1371bc93d5
cancer_target_pair	EVID-0015	somatic_mutation_score		Open Targets Platform	ENSG00000177885|MONDO_0005061	26.09	https://api.platform.opentargets.org/api/v4/graphql	2026-09-30T07:41:58.308760+00:00	Aggregated evidence	opentargets-v0.2.2	"[""data\\raw\\opentargets\\26.09\\CANCER-001_MONDO_0005061_associated_targets_page_0000.json"", ""data\\raw\\opentargets\\26.09\\CANCER-001_MONDO_0005061_associated_targets_page_0001.json"", ""data\\raw\\opentargets\\26.09\\CANCER-001_MONDO_0005061_associated_targets_page_0002.json"", ""data\\raw\\opentargets\\26.09\\CANCER-001_MONDO_0005061_associated_targets_page_0003.json"", ""data\\raw\\opentargets\\26.09\\CANCER-001_MONDO_0005061_associated_targets_page_0004.json"", ""data\\raw\\opentargets\\26.09\\CANCER-001_MONDO_0005061_associated_targets_page_0005.json"", ""data\\raw\\opentargets\\26.09\\CANCER-001_MONDO_0005061_associated_targets_page_0006.json"", ""data\\raw\\opentargets\\26.09\\CANCER-001_MONDO_0005061_associated_targets_page_0007.json"", ""data\\raw\\opentargets\\26.09\\CANCER-001_MONDO_0005061_associated_targets_page_0008.json"", ""data\\raw\\opentargets\\26.09\\CANCER-001_MONDO_0005061_associated_targets_page_0009.json"", ""data\\raw\\opentargets\\26.09\\CANCER-001_MONDO_0005061_associated_targets_page_0010.json"", ""data\\raw\\opentargets\\26.09\\CANCER-001_MONDO_0005061_associated_targets_page_0011.json"", ""data\\raw\\opentargets\\26.09\\CANCER-001_MONDO_0005061_associated_targets_page_0012.json"", ""data\\raw\\opentargets\\26.09\\CANCER-001_MONDO_0005061_associated_targets_page_0013.json"", ""data\\raw\\opentargets\\26.09\\CANCER-001_MONDO_0005061_associated_targets_page_0014.json"", ""data\\raw\\opentargets\\26.09\\CANCER-001_MONDO_0005061_associated_targets_page_0015.json"", ""data\\raw\\opentargets\\26.09\\CANCER-001_MONDO_0005061_associated_targets_page_0016.json"", ""data\\raw\\opentargets\\26.09\\CANCER-001_MONDO_0005061_associated_targets_page_0017.json"", ""data\\raw\\opentargets\\26.09\\CANCER-001_MONDO_0005061_associated_targets_page_0018.json"", ""data\\raw\\opentargets\\26.09\\CANCER-001_MONDO_0005061_associated_targets_page_0019.json"", ""data\\raw\\opentargets\\26.09\\CANCER-001_MONDO_0005061_associated_targets_page_0020.json"", ""data\\raw\\opentargets\\26.09\\CANCER-001_MONDO_0005061_associated_targets_page_0021.json""]"	ce5f113f9d2a0a9bab75c2afa9dd99ab17e5e0a2da8c9b6e0cc1af1371bc93d5
cancer_target_pair	EVID-0015	known_drug_score		Open Targets Platform	ENSG00000177885|MONDO_0005061	26.09	https://api.platform.opentargets.org/api/v4/graphql	2026-09-30T07:41:58.308760+00:00	Aggregated evidence	opentargets-v0.2.2	"[""data\\raw\\opentargets\\26.09\\CANCER-001_MONDO_0005061_associated_targets_page_0000.json"", ""data\\raw\\opentargets\\26.09\\CANCER-001_MONDO_0005061_associated_targets_page_0001.json"", ""data\\raw\\opentargets\\26.09\\CANCER-001_MONDO_0005061_associated_targets_page_0002.json"", ""data\\raw\\opentargets\\26.09\\CANCER-001_MONDO_0005061_associated_targets_page_0003.json"", ""data\\raw\\opentargets\\26.09\\CANCER-001_MONDO_0005061_associated_targets_page_0004.json"", ""data\\raw\\opentargets\\26.09\\CANCER-001_MONDO_0005061_associated_targets_page_0005.json"", ""data\\raw\\opentargets\\26.09\\CANCER-001_MONDO_0005061_associated_targets_page_0006.json"", ""data\\raw\\opentargets\\26.09\\CANCER-001_MONDO_0005061_associated_targets_page_0007.json"", ""data\\raw\\opentargets\\26.09\\CANCER-001_MONDO_0005061_associated_targets_page_0008.json"", ""data\\raw\\opentargets\\26.09\\CANCER-001_MONDO_0005061_associated_targets_page_0009.json"", ""data\\raw\\opentargets\\26.09\\CANCER-001_MONDO_0005061_associated_targets_page_0010.json"", ""data\\raw\\opentargets\\26.09\\CANCER-001_MONDO_0005061_associated_targets_page_0011.json"", ""data\\raw\\opentargets\\26.09\\CANCER-001_MONDO_0005061_associated_targets_page_0012.json"", ""data\\raw\\opentargets\\26.09\\CANCER-001_MONDO_0005061_associated_targets_page_0013.json"", ""data\\raw\\opentargets\\26.09\\CANCER-001_MONDO_0005061_associated_targets_page_0014.json"", ""data\\raw\\opentargets\\26.09\\CANCER-001_MONDO_0005061_associated_targets_page_0015.json"", ""data\\raw\\opentargets\\26.09\\CANCER-001_MONDO_0005061_associated_targets_page_0016.json"", ""data\\raw\\opentargets\\26.09\\CANCER-001_MONDO_0005061_associated_targets_page_0017.json"", ""data\\raw\\opentargets\\26.09\\CANCER-001_MONDO_0005061_associated_targets_page_0018.json"", ""data\\raw\\opentargets\\26.09\\CANCER-001_MONDO_0005061_associated_targets_page_0019.json"", ""data\\raw\\opentargets\\26.09\\CANCER-001_MONDO_0005061_associated_targets_page_0020.json"", ""data\\raw\\opentargets\\26.09\\CANCER-001_MONDO_0005061_associated_targets_page_0021.json""]"	ce5f113f9d2a0a9bab75c2afa9dd99ab17e5e0a2da8c9b6e0cc1af1371bc93d5
cancer_target_pair	EVID-0015	literature_score	0.1740756611374859	Open Targets Platform	ENSG00000177885|MONDO_0005061	26.09	https://api.platform.opentargets.org/api/v4/graphql	2026-09-30T07:41:58.308760+00:00	Aggregated evidence	opentargets-v0.2.2	"[""data\\raw\\opentargets\\26.09\\CANCER-001_MONDO_0005061_associated_targets_page_0000.json"", ""data\\raw\\opentargets\\26.09\\CANCER-001_MONDO_0005061_associated_targets_page_0001.json"", ""data\\raw\\opentargets\\26.09\\CANCER-001_MONDO_0005061_associated_targets_page_0002.json"", ""data\\raw\\opentargets\\26.09\\CANCER-001_MONDO_0005061_associated_targets_page_0003.json"", ""data\\raw\\opentargets\\26.09\\CANCER-001_MONDO_0005061_associated_targets_page_0004.json"", ""data\\raw\\opentargets\\26.09\\CANCER-001_MONDO_0005061_associated_targets_page_0005.json"", ""data\\raw\\opentargets\\26.09\\CANCER-001_MONDO_0005061_associated_targets_page_0006.json"", ""data\\raw\\opentargets\\26.09\\CANCER-001_MONDO_0005061_associated_targets_page_0007.json"", ""data\\raw\\opentargets\\26.09\\CANCER-001_MONDO_0005061_associated_targets_page_0008.json"", ""data\\raw\\opentargets\\26.09\\CANCER-001_MONDO_0005061_associated_targets_page_0009.json"", ""data\\raw\\opentargets\\26.09\\CANCER-001_MONDO_0005061_associated_targets_page_0010.json"", ""data\\raw\\opentargets\\26.09\\CANCER-001_MONDO_0005061_associated_targets_page_0011.json"", ""data\\raw\\opentargets\\26.09\\CANCER-001_MONDO_0005061_associated_targets_page_0012.json"", ""data\\raw\\opentargets\\26.09\\CANCER-001_MONDO_0005061_associated_targets_page_0013.json"", ""data\\raw\\opentargets\\26.09\\CANCER-001_MONDO_0005061_associated_targets_page_0014.json"", ""data\\raw\\opentargets\\26.09\\CANCER-001_MONDO_0005061_associated_targets_page_0015.json"", ""data\\raw\\opentargets\\26.09\\CANCER-001_MONDO_0005061_associated_targets_page_0016.json"", ""data\\raw\\opentargets\\26.09\\CANCER-001_MONDO_0005061_associated_targets_page_0017.json"", ""data\\raw\\opentargets\\26.09\\CANCER-001_MONDO_0005061_associated_targets_page_0018.json"", ""data\\raw\\opentargets\\26.09\\CANCER-001_MONDO_0005061_associated_targets_page_0019.json"", ""data\\raw\\opentargets\\26.09\\CANCER-001_MONDO_0005061_associated_targets_page_0020.json"", ""data\\raw\\opentargets\\26.09\\CANCER-001_MONDO_0005061_associated_targets_page_0021.json""]"	ce5f113f9d2a0a9bab75c2afa9dd99ab17e5e0a2da8c9b6e0cc1af1371bc93d5
cancer_target_pair	EVID-0015	tractability_json	"[{""label"": ""Approved Drug"", ""modality"": ""SM"", ""value"": false}, {""label"": ""Advanced Clinical"", ""modality"": ""SM"", ""value"": false}, {""label"": ""Phase 1 Clinical"", ""modality"": ""SM"", ""value"": false}, {""label"": ""Structure with Ligand"", ""modality"": ""SM"", ""value"": true}, {""label"": ""High-Quality Ligand"", ""modality"": ""SM"", ""value"": true}, {""label"": ""High-Quality Pocket"", ""modality"": ""SM"", ""value"": true}, {""label"": ""Med-Quality Pocket"", ""modality"": ""SM"", ""value"": false}, {""label"": ""Druggable Family"", ""modality"": ""SM"", ""value"": false}, {""label"": ""Approved Drug"", ""modality"": ""AB"", ""value"": false}, {""label"": ""Advanced Clinical"", ""modality"": ""AB"", ""value"": false}, {""label"": ""Phase 1 Clinical"", ""modality"": ""AB"", ""value"": false}, {""label"": ""UniProt loc high conf"", ""modality"": ""AB"", ""value"": false}, {""label"": ""GO CC high conf"", ""modality"": ""AB"", ""value"": true}, {""label"": ""UniProt loc med conf"", ""modality"": ""AB"", ""value"": false}, {""label"": ""UniProt SigP or TMHMM"", ""modality"": ""AB"", ""value"": false}, {""label"": ""GO CC med conf"", ""modality"": ""AB"", ""value"": false}, {""label"": ""Human Protein Atlas loc"", ""modality"": ""AB"", ""value"": false}, {""label"": ""Approved Drug"", ""modality"": ""PR"", ""value"": false}, {""label"": ""Advanced Clinical"", ""modality"": ""PR"", ""value"": false}, {""label"": ""Phase 1 Clinical"", ""modality"": ""PR"", ""value"": false}, {""label"": ""Literature"", ""modality"": ""PR"", ""value"": false}, {""label"": ""UniProt Ubiquitination"", ""modality"": ""PR"", ""value"": true}, {""label"": ""Database Ubiquitination"", ""modality"": ""PR"", ""value"": true}, {""label"": ""Half-life Data"", ""modality"": ""PR"", ""value"": true}, {""label"": ""Small Molecule Binder"", ""modality"": ""PR"", ""value"": true}, {""label"": ""Approved Drug"", ""modality"": ""OC"", ""value"": false}, {""label"": ""Advanced Clinical"", ""modality"": ""OC"", ""value"": false}, {""label"": ""Phase 1 Clinical"", ""modality"": ""OC"", ""value"": false}]"	Open Targets Platform	ENSG00000177885|MONDO_0005061	26.09	https://api.platform.opentargets.org/api/v4/graphql	2026-09-30T07:41:58.308760+00:00	Aggregated evidence	opentargets-v0.2.2	data\raw\opentargets\26.09\target_ENSG00000177885_tractability.json	ce5f113f9d2a0a9bab75c2afa9dd99ab17e5e0a2da8c9b6e0cc1af1371bc93d5
cancer_target_pair	EVID-0016	association_score	0.3856222655074394	Open Targets Platform	ENSG00000105976|MONDO_0005061	26.09	https://api.platform.opentargets.org/api/v4/graphql	2026-09-30T07:41:58.308760+00:00	Aggregated evidence	opentargets-v0.2.2	"[""data\\raw\\opentargets\\26.09\\CANCER-001_MONDO_0005061_associated_targets_page_0000.json"", ""data\\raw\\opentargets\\26.09\\CANCER-001_MONDO_0005061_associated_targets_page_0001.json"", ""data\\raw\\opentargets\\26.09\\CANCER-001_MONDO_0005061_associated_targets_page_0002.json"", ""data\\raw\\opentargets\\26.09\\CANCER-001_MONDO_0005061_associated_targets_page_0003.json"", ""data\\raw\\opentargets\\26.09\\CANCER-001_MONDO_0005061_associated_targets_page_0004.json"", ""data\\raw\\opentargets\\26.09\\CANCER-001_MONDO_0005061_associated_targets_page_0005.json"", ""data\\raw\\opentargets\\26.09\\CANCER-001_MONDO_0005061_associated_targets_page_0006.json"", ""data\\raw\\opentargets\\26.09\\CANCER-001_MONDO_0005061_associated_targets_page_0007.json"", ""data\\raw\\opentargets\\26.09\\CANCER-001_MONDO_0005061_associated_targets_page_0008.json"", ""data\\raw\\opentargets\\26.09\\CANCER-001_MONDO_0005061_associated_targets_page_0009.json"", ""data\\raw\\opentargets\\26.09\\CANCER-001_MONDO_0005061_associated_targets_page_0010.json"", ""data\\raw\\opentargets\\26.09\\CANCER-001_MONDO_0005061_associated_targets_page_0011.json"", ""data\\raw\\opentargets\\26.09\\CANCER-001_MONDO_0005061_associated_targets_page_0012.json"", ""data\\raw\\opentargets\\26.09\\CANCER-001_MONDO_0005061_associated_targets_page_0013.json"", ""data\\raw\\opentargets\\26.09\\CANCER-001_MONDO_0005061_associated_targets_page_0014.json"", ""data\\raw\\opentargets\\26.09\\CANCER-001_MONDO_0005061_associated_targets_page_0015.json"", ""data\\raw\\opentargets\\26.09\\CANCER-001_MONDO_0005061_associated_targets_page_0016.json"", ""data\\raw\\opentargets\\26.09\\CANCER-001_MONDO_0005061_associated_targets_page_0017.json"", ""data\\raw\\opentargets\\26.09\\CANCER-001_MONDO_0005061_associated_targets_page_0018.json"", ""data\\raw\\opentargets\\26.09\\CANCER-001_MONDO_0005061_associated_targets_page_0019.json"", ""data\\raw\\opentargets\\26.09\\CANCER-001_MONDO_0005061_associated_targets_page_0020.json"", ""data\\raw\\opentargets\\26.09\\CANCER-001_MONDO_0005061_associated_targets_page_0021.json""]"	6f89d6aea5183fa70c369b5bbf8fbc36e88ccd23785949137b380ead30316e6e
cancer_target_pair	EVID-0016	genetic_association_score		Open Targets Platform	ENSG00000105976|MONDO_0005061	26.09	https://api.platform.opentargets.org/api/v4/graphql	2026-09-30T07:41:58.308760+00:00	Aggregated evidence	opentargets-v0.2.2	"[""data\\raw\\opentargets\\26.09\\CANCER-001_MONDO_0005061_associated_targets_page_0000.json"", ""data\\raw\\opentargets\\26.09\\CANCER-001_MONDO_0005061_associated_targets_page_0001.json"", ""data\\raw\\opentargets\\26.09\\CANCER-001_MONDO_0005061_associated_targets_page_0002.json"", ""data\\raw\\opentargets\\26.09\\CANCER-001_MONDO_0005061_associated_targets_page_0003.json"", ""data\\raw\\opentargets\\26.09\\CANCER-001_MONDO_0005061_associated_targets_page_0004.json"", ""data\\raw\\opentargets\\26.09\\CANCER-001_MONDO_0005061_associated_targets_page_0005.json"", ""data\\raw\\opentargets\\26.09\\CANCER-001_MONDO_0005061_associated_targets_page_0006.json"", ""data\\raw\\opentargets\\26.09\\CANCER-001_MONDO_0005061_associated_targets_page_0007.json"", ""data\\raw\\opentargets\\26.09\\CANCER-001_MONDO_0005061_associated_targets_page_0008.json"", ""data\\raw\\opentargets\\26.09\\CANCER-001_MONDO_0005061_associated_targets_page_0009.json"", ""data\\raw\\opentargets\\26.09\\CANCER-001_MONDO_0005061_associated_targets_page_0010.json"", ""data\\raw\\opentargets\\26.09\\CANCER-001_MONDO_0005061_associated_targets_page_0011.json"", ""data\\raw\\opentargets\\26.09\\CANCER-001_MONDO_0005061_associated_targets_page_0012.json"", ""data\\raw\\opentargets\\26.09\\CANCER-001_MONDO_0005061_associated_targets_page_0013.json"", ""data\\raw\\opentargets\\26.09\\CANCER-001_MONDO_0005061_associated_targets_page_0014.json"", ""data\\raw\\opentargets\\26.09\\CANCER-001_MONDO_0005061_associated_targets_page_0015.json"", ""data\\raw\\opentargets\\26.09\\CANCER-001_MONDO_0005061_associated_targets_page_0016.json"", ""data\\raw\\opentargets\\26.09\\CANCER-001_MONDO_0005061_associated_targets_page_0017.json"", ""data\\raw\\opentargets\\26.09\\CANCER-001_MONDO_0005061_associated_targets_page_0018.json"", ""data\\raw\\opentargets\\26.09\\CANCER-001_MONDO_0005061_associated_targets_page_0019.json"", ""data\\raw\\opentargets\\26.09\\CANCER-001_MONDO_0005061_associated_targets_page_0020.json"", ""data\\raw\\opentargets\\26.09\\CANCER-001_MONDO_0005061_associated_targets_page_0021.json""]"	6f89d6aea5183fa70c369b5bbf8fbc36e88ccd23785949137b380ead30316e6e
cancer_target_pair	EVID-0016	somatic_mutation_score	0.4528299701893636	Open Targets Platform	ENSG00000105976|MONDO_0005061	26.09	https://api.platform.opentargets.org/api/v4/graphql	2026-09-30T07:41:58.308760+00:00	Aggregated evidence	opentargets-v0.2.2	"[""data\\raw\\opentargets\\26.09\\CANCER-001_MONDO_0005061_associated_targets_page_0000.json"", ""data\\raw\\opentargets\\26.09\\CANCER-001_MONDO_0005061_associated_targets_page_0001.json"", ""data\\raw\\opentargets\\26.09\\CANCER-001_MONDO_0005061_associated_targets_page_0002.json"", ""data\\raw\\opentargets\\26.09\\CANCER-001_MONDO_0005061_associated_targets_page_0003.json"", ""data\\raw\\opentargets\\26.09\\CANCER-001_MONDO_0005061_associated_targets_page_0004.json"", ""data\\raw\\opentargets\\26.09\\CANCER-001_MONDO_0005061_associated_targets_page_0005.json"", ""data\\raw\\opentargets\\26.09\\CANCER-001_MONDO_0005061_associated_targets_page_0006.json"", ""data\\raw\\opentargets\\26.09\\CANCER-001_MONDO_0005061_associated_targets_page_0007.json"", ""data\\raw\\opentargets\\26.09\\CANCER-001_MONDO_0005061_associated_targets_page_0008.json"", ""data\\raw\\opentargets\\26.09\\CANCER-001_MONDO_0005061_associated_targets_page_0009.json"", ""data\\raw\\opentargets\\26.09\\CANCER-001_MONDO_0005061_associated_targets_page_0010.json"", ""data\\raw\\opentargets\\26.09\\CANCER-001_MONDO_0005061_associated_targets_page_0011.json"", ""data\\raw\\opentargets\\26.09\\CANCER-001_MONDO_0005061_associated_targets_page_0012.json"", ""data\\raw\\opentargets\\26.09\\CANCER-001_MONDO_0005061_associated_targets_page_0013.json"", ""data\\raw\\opentargets\\26.09\\CANCER-001_MONDO_0005061_associated_targets_page_0014.json"", ""data\\raw\\opentargets\\26.09\\CANCER-001_MONDO_0005061_associated_targets_page_0015.json"", ""data\\raw\\opentargets\\26.09\\CANCER-001_MONDO_0005061_associated_targets_page_0016.json"", ""data\\raw\\opentargets\\26.09\\CANCER-001_MONDO_0005061_associated_targets_page_0017.json"", ""data\\raw\\opentargets\\26.09\\CANCER-001_MONDO_0005061_associated_targets_page_0018.json"", ""data\\raw\\opentargets\\26.09\\CANCER-001_MONDO_0005061_associated_targets_page_0019.json"", ""data\\raw\\opentargets\\26.09\\CANCER-001_MONDO_0005061_associated_targets_page_0020.json"", ""data\\raw\\opentargets\\26.09\\CANCER-001_MONDO_0005061_associated_targets_page_0021.json""]"	6f89d6aea5183fa70c369b5bbf8fbc36e88ccd23785949137b380ead30316e6e
cancer_target_pair	EVID-0016	known_drug_score		Open Targets Platform	ENSG00000105976|MONDO_0005061	26.09	https://api.platform.opentargets.org/api/v4/graphql	2026-09-30T07:41:58.308760+00:00	Aggregated evidence	opentargets-v0.2.2	"[""data\\raw\\opentargets\\26.09\\CANCER-001_MONDO_0005061_associated_targets_page_0000.json"", ""data\\raw\\opentargets\\26.09\\CANCER-001_MONDO_0005061_associated_targets_page_0001.json"", ""data\\raw\\opentargets\\26.09\\CANCER-001_MONDO_0005061_associated_targets_page_0002.json"", ""data\\raw\\opentargets\\26.09\\CANCER-001_MONDO_0005061_associated_targets_page_0003.json"", ""data\\raw\\opentargets\\26.09\\CANCER-001_MONDO_0005061_associated_targets_page_0004.json"", ""data\\raw\\opentargets\\26.09\\CANCER-001_MONDO_0005061_associated_targets_page_0005.json"", ""data\\raw\\opentargets\\26.09\\CANCER-001_MONDO_0005061_associated_targets_page_0006.json"", ""data\\raw\\opentargets\\26.09\\CANCER-001_MONDO_0005061_associated_targets_page_0007.json"", ""data\\raw\\opentargets\\26.09\\CANCER-001_MONDO_0005061_associated_targets_page_0008.json"", ""data\\raw\\opentargets\\26.09\\CANCER-001_MONDO_0005061_associated_targets_page_0009.json"", ""data\\raw\\opentargets\\26.09\\CANCER-001_MONDO_0005061_associated_targets_page_0010.json"", ""data\\raw\\opentargets\\26.09\\CANCER-001_MONDO_0005061_associated_targets_page_0011.json"", ""data\\raw\\opentargets\\26.09\\CANCER-001_MONDO_0005061_associated_targets_page_0012.json"", ""data\\raw\\opentargets\\26.09\\CANCER-001_MONDO_0005061_associated_targets_page_0013.json"", ""data\\raw\\opentargets\\26.09\\CANCER-001_MONDO_0005061_associated_targets_page_0014.json"", ""data\\raw\\opentargets\\26.09\\CANCER-001_MONDO_0005061_associated_targets_page_0015.json"", ""data\\raw\\opentargets\\26.09\\CANCER-001_MONDO_0005061_associated_targets_page_0016.json"", ""data\\raw\\opentargets\\26.09\\CANCER-001_MONDO_0005061_associated_targets_page_0017.json"", ""data\\raw\\opentargets\\26.09\\CANCER-001_MONDO_0005061_associated_targets_page_0018.json"", ""data\\raw\\opentargets\\26.09\\CANCER-001_MONDO_0005061_associated_targets_page_0019.json"", ""data\\raw\\opentargets\\26.09\\CANCER-001_MONDO_0005061_associated_targets_page_0020.json"", ""data\\raw\\opentargets\\26.09\\CANCER-001_MONDO_0005061_associated_targets_page_0021.json""]"	6f89d6aea5183fa70c369b5bbf8fbc36e88ccd23785949137b380ead30316e6e
cancer_target_pair	EVID-0016	literature_score	0.9268774120614676	Open Targets Platform	ENSG00000105976|MONDO_0005061	26.09	https://api.platform.opentargets.org/api/v4/graphql	2026-09-30T07:41:58.308760+00:00	Aggregated evidence	opentargets-v0.2.2	"[""data\\raw\\opentargets\\26.09\\CANCER-001_MONDO_0005061_associated_targets_page_0000.json"", ""data\\raw\\opentargets\\26.09\\CANCER-001_MONDO_0005061_associated_targets_page_0001.json"", ""data\\raw\\opentargets\\26.09\\CANCER-001_MONDO_0005061_associated_targets_page_0002.json"", ""data\\raw\\opentargets\\26.09\\CANCER-001_MONDO_0005061_associated_targets_page_0003.json"", ""data\\raw\\opentargets\\26.09\\CANCER-001_MONDO_0005061_associated_targets_page_0004.json"", ""data\\raw\\opentargets\\26.09\\CANCER-001_MONDO_0005061_associated_targets_page_0005.json"", ""data\\raw\\opentargets\\26.09\\CANCER-001_MONDO_0005061_associated_targets_page_0006.json"", ""data\\raw\\opentargets\\26.09\\CANCER-001_MONDO_0005061_associated_targets_page_0007.json"", ""data\\raw\\opentargets\\26.09\\CANCER-001_MONDO_0005061_associated_targets_page_0008.json"", ""data\\raw\\opentargets\\26.09\\CANCER-001_MONDO_0005061_associated_targets_page_0009.json"", ""data\\raw\\opentargets\\26.09\\CANCER-001_MONDO_0005061_associated_targets_page_0010.json"", ""data\\raw\\opentargets\\26.09\\CANCER-001_MONDO_0005061_associated_targets_page_0011.json"", ""data\\raw\\opentargets\\26.09\\CANCER-001_MONDO_0005061_associated_targets_page_0012.json"", ""data\\raw\\opentargets\\26.09\\CANCER-001_MONDO_0005061_associated_targets_page_0013.json"", ""data\\raw\\opentargets\\26.09\\CANCER-001_MONDO_0005061_associated_targets_page_0014.json"", ""data\\raw\\opentargets\\26.09\\CANCER-001_MONDO_0005061_associated_targets_page_0015.json"", ""data\\raw\\opentargets\\26.09\\CANCER-001_MONDO_0005061_associated_targets_page_0016.json"", ""data\\raw\\opentargets\\26.09\\CANCER-001_MONDO_0005061_associated_targets_page_0017.json"", ""data\\raw\\opentargets\\26.09\\CANCER-001_MONDO_0005061_associated_targets_page_0018.json"", ""data\\raw\\opentargets\\26.09\\CANCER-001_MONDO_0005061_associated_targets_page_0019.json"", ""data\\raw\\opentargets\\26.09\\CANCER-001_MONDO_0005061_associated_targets_page_0020.json"", ""data\\raw\\opentargets\\26.09\\CANCER-001_MONDO_0005061_associated_targets_page_0021.json""]"	6f89d6aea5183fa70c369b5bbf8fbc36e88ccd23785949137b380ead30316e6e
cancer_target_pair	EVID-0016	tractability_json	"[{""label"": ""Approved Drug"", ""modality"": ""SM"", ""value"": true}, {""label"": ""Advanced Clinical"", ""modality"": ""SM"", ""value"": false}, {""label"": ""Phase 1 Clinical"", ""modality"": ""SM"", ""value"": false}, {""label"": ""Structure with Ligand"", ""modality"": ""SM"", ""value"": true}, {""label"": ""High-Quality Ligand"", ""modality"": ""SM"", ""value"": true}, {""label"": ""High-Quality Pocket"", ""modality"": ""SM"", ""value"": true}, {""label"": ""Med-Quality Pocket"", ""modality"": ""SM"", ""value"": false}, {""label"": ""Druggable Family"", ""modality"": ""SM"", ""value"": true}, {""label"": ""Approved Drug"", ""modality"": ""AB"", ""value"": true}, {""label"": ""Advanced Clinical"", ""modality"": ""AB"", ""value"": false}, {""label"": ""Phase 1 Clinical"", ""modality"": ""AB"", ""value"": false}, {""label"": ""UniProt loc high conf"", ""modality"": ""AB"", ""value"": false}, {""label"": ""GO CC high conf"", ""modality"": ""AB"", ""value"": true}, {""label"": ""UniProt loc med conf"", ""modality"": ""AB"", ""value"": true}, {""label"": ""UniProt SigP or TMHMM"", ""modality"": ""AB"", ""value"": true}, {""label"": ""GO CC med conf"", ""modality"": ""AB"", ""value"": false}, {""label"": ""Human Protein Atlas loc"", ""modality"": ""AB"", ""value"": true}, {""label"": ""Approved Drug"", ""modality"": ""PR"", ""value"": false}, {""label"": ""Advanced Clinical"", ""modality"": ""PR"", ""value"": false}, {""label"": ""Phase 1 Clinical"", ""modality"": ""PR"", ""value"": false}, {""label"": ""Literature"", ""modality"": ""PR"", ""value"": true}, {""label"": ""UniProt Ubiquitination"", ""modality"": ""PR"", ""value"": true}, {""label"": ""Database Ubiquitination"", ""modality"": ""PR"", ""value"": true}, {""label"": ""Half-life Data"", ""modality"": ""PR"", ""value"": true}, {""label"": ""Small Molecule Binder"", ""modality"": ""PR"", ""value"": true}, {""label"": ""Approved Drug"", ""modality"": ""OC"", ""value"": false}, {""label"": ""Advanced Clinical"", ""modality"": ""OC"", ""value"": true}, {""label"": ""Phase 1 Clinical"", ""modality"": ""OC"", ""value"": false}]"	Open Targets Platform	ENSG00000105976|MONDO_0005061	26.09	https://api.platform.opentargets.org/api/v4/graphql	2026-09-30T07:41:58.308760+00:00	Aggregated evidence	opentargets-v0.2.2	data\raw\opentargets\26.09\target_ENSG00000105976_tractability.json	6f89d6aea5183fa70c369b5bbf8fbc36e88ccd23785949137b380ead30316e6e
cancer_target_pair	EVID-0017	association_score	0.6889006083351639	Open Targets Platform	ENSG00000157764|MONDO_0005061	26.09	https://api.platform.opentargets.org/api/v4/graphql	2026-09-30T07:41:58.308760+00:00	Aggregated evidence	opentargets-v0.2.2	"[""data\\raw\\opentargets\\26.09\\CANCER-001_MONDO_0005061_associated_targets_page_0000.json"", ""data\\raw\\opentargets\\26.09\\CANCER-001_MONDO_0005061_associated_targets_page_0001.json"", ""data\\raw\\opentargets\\26.09\\CANCER-001_MONDO_0005061_associated_targets_page_0002.json"", ""data\\raw\\opentargets\\26.09\\CANCER-001_MONDO_0005061_associated_targets_page_0003.json"", ""data\\raw\\opentargets\\26.09\\CANCER-001_MONDO_0005061_associated_targets_page_0004.json"", ""data\\raw\\opentargets\\26.09\\CANCER-001_MONDO_0005061_associated_targets_page_0005.json"", ""data\\raw\\opentargets\\26.09\\CANCER-001_MONDO_0005061_associated_targets_page_0006.json"", ""data\\raw\\opentargets\\26.09\\CANCER-001_MONDO_0005061_associated_targets_page_0007.json"", ""data\\raw\\opentargets\\26.09\\CANCER-001_MONDO_0005061_associated_targets_page_0008.json"", ""data\\raw\\opentargets\\26.09\\CANCER-001_MONDO_0005061_associated_targets_page_0009.json"", ""data\\raw\\opentargets\\26.09\\CANCER-001_MONDO_0005061_associated_targets_page_0010.json"", ""data\\raw\\opentargets\\26.09\\CANCER-001_MONDO_0005061_associated_targets_page_0011.json"", ""data\\raw\\opentargets\\26.09\\CANCER-001_MONDO_0005061_associated_targets_page_0012.json"", ""data\\raw\\opentargets\\26.09\\CANCER-001_MONDO_0005061_associated_targets_page_0013.json"", ""data\\raw\\opentargets\\26.09\\CANCER-001_MONDO_0005061_associated_targets_page_0014.json"", ""data\\raw\\opentargets\\26.09\\CANCER-001_MONDO_0005061_associated_targets_page_0015.json"", ""data\\raw\\opentargets\\26.09\\CANCER-001_MONDO_0005061_associated_targets_page_0016.json"", ""data\\raw\\opentargets\\26.09\\CANCER-001_MONDO_0005061_associated_targets_page_0017.json"", ""data\\raw\\opentargets\\26.09\\CANCER-001_MONDO_0005061_associated_targets_page_0018.json"", ""data\\raw\\opentargets\\26.09\\CANCER-001_MONDO_0005061_associated_targets_page_0019.json"", ""data\\raw\\opentargets\\26.09\\CANCER-001_MONDO_0005061_associated_targets_page_0020.json"", ""data\\raw\\opentargets\\26.09\\CANCER-001_MONDO_0005061_associated_targets_page_0021.json""]"	7cb40d00836aa2ce36e5aa4df10fd11e515c5d97a6f4dc88e085aa66511ef110
cancer_target_pair	EVID-0017	genetic_association_score		Open Targets Platform	ENSG00000157764|MONDO_0005061	26.09	https://api.platform.opentargets.org/api/v4/graphql	2026-09-30T07:41:58.308760+00:00	Aggregated evidence	opentargets-v0.2.2	"[""data\\raw\\opentargets\\26.09\\CANCER-001_MONDO_0005061_associated_targets_page_0000.json"", ""data\\raw\\opentargets\\26.09\\CANCER-001_MONDO_0005061_associated_targets_page_0001.json"", ""data\\raw\\opentargets\\26.09\\CANCER-001_MONDO_0005061_associated_targets_page_0002.json"", ""data\\raw\\opentargets\\26.09\\CANCER-001_MONDO_0005061_associated_targets_page_0003.json"", ""data\\raw\\opentargets\\26.09\\CANCER-001_MONDO_0005061_associated_targets_page_0004.json"", ""data\\raw\\opentargets\\26.09\\CANCER-001_MONDO_0005061_associated_targets_page_0005.json"", ""data\\raw\\opentargets\\26.09\\CANCER-001_MONDO_0005061_associated_targets_page_0006.json"", ""data\\raw\\opentargets\\26.09\\CANCER-001_MONDO_0005061_associated_targets_page_0007.json"", ""data\\raw\\opentargets\\26.09\\CANCER-001_MONDO_0005061_associated_targets_page_0008.json"", ""data\\raw\\opentargets\\26.09\\CANCER-001_MONDO_0005061_associated_targets_page_0009.json"", ""data\\raw\\opentargets\\26.09\\CANCER-001_MONDO_0005061_associated_targets_page_0010.json"", ""data\\raw\\opentargets\\26.09\\CANCER-001_MONDO_0005061_associated_targets_page_0011.json"", ""data\\raw\\opentargets\\26.09\\CANCER-001_MONDO_0005061_associated_targets_page_0012.json"", ""data\\raw\\opentargets\\26.09\\CANCER-001_MONDO_0005061_associated_targets_page_0013.json"", ""data\\raw\\opentargets\\26.09\\CANCER-001_MONDO_0005061_associated_targets_page_0014.json"", ""data\\raw\\opentargets\\26.09\\CANCER-001_MONDO_0005061_associated_targets_page_0015.json"", ""data\\raw\\opentargets\\26.09\\CANCER-001_MONDO_0005061_associated_targets_page_0016.json"", ""data\\raw\\opentargets\\26.09\\CANCER-001_MONDO_0005061_associated_targets_page_0017.json"", ""data\\raw\\opentargets\\26.09\\CANCER-001_MONDO_0005061_associated_targets_page_0018.json"", ""data\\raw\\opentargets\\26.09\\CANCER-001_MONDO_0005061_associated_targets_page_0019.json"", ""data\\raw\\opentargets\\26.09\\CANCER-001_MONDO_0005061_associated_targets_page_0020.json"", ""data\\raw\\opentargets\\26.09\\CANCER-001_MONDO_0005061_associated_targets_page_0021.json""]"	7cb40d00836aa2ce36e5aa4df10fd11e515c5d97a6f4dc88e085aa66511ef110
cancer_target_pair	EVID-0017	somatic_mutation_score	0.802949333833564	Open Targets Platform	ENSG00000157764|MONDO_0005061	26.09	https://api.platform.opentargets.org/api/v4/graphql	2026-09-30T07:41:58.308760+00:00	Aggregated evidence	opentargets-v0.2.2	"[""data\\raw\\opentargets\\26.09\\CANCER-001_MONDO_0005061_associated_targets_page_0000.json"", ""data\\raw\\opentargets\\26.09\\CANCER-001_MONDO_0005061_associated_targets_page_0001.json"", ""data\\raw\\opentargets\\26.09\\CANCER-001_MONDO_0005061_associated_targets_page_0002.json"", ""data\\raw\\opentargets\\26.09\\CANCER-001_MONDO_0005061_associated_targets_page_0003.json"", ""data\\raw\\opentargets\\26.09\\CANCER-001_MONDO_0005061_associated_targets_page_0004.json"", ""data\\raw\\opentargets\\26.09\\CANCER-001_MONDO_0005061_associated_targets_page_0005.json"", ""data\\raw\\opentargets\\26.09\\CANCER-001_MONDO_0005061_associated_targets_page_0006.json"", ""data\\raw\\opentargets\\26.09\\CANCER-001_MONDO_0005061_associated_targets_page_0007.json"", ""data\\raw\\opentargets\\26.09\\CANCER-001_MONDO_0005061_associated_targets_page_0008.json"", ""data\\raw\\opentargets\\26.09\\CANCER-001_MONDO_0005061_associated_targets_page_0009.json"", ""data\\raw\\opentargets\\26.09\\CANCER-001_MONDO_0005061_associated_targets_page_0010.json"", ""data\\raw\\opentargets\\26.09\\CANCER-001_MONDO_0005061_associated_targets_page_0011.json"", ""data\\raw\\opentargets\\26.09\\CANCER-001_MONDO_0005061_associated_targets_page_0012.json"", ""data\\raw\\opentargets\\26.09\\CANCER-001_MONDO_0005061_associated_targets_page_0013.json"", ""data\\raw\\opentargets\\26.09\\CANCER-001_MONDO_0005061_associated_targets_page_0014.json"", ""data\\raw\\opentargets\\26.09\\CANCER-001_MONDO_0005061_associated_targets_page_0015.json"", ""data\\raw\\opentargets\\26.09\\CANCER-001_MONDO_0005061_associated_targets_page_0016.json"", ""data\\raw\\opentargets\\26.09\\CANCER-001_MONDO_0005061_associated_targets_page_0017.json"", ""data\\raw\\opentargets\\26.09\\CANCER-001_MONDO_0005061_associated_targets_page_0018.json"", ""data\\raw\\opentargets\\26.09\\CANCER-001_MONDO_0005061_associated_targets_page_0019.json"", ""data\\raw\\opentargets\\26.09\\CANCER-001_MONDO_0005061_associated_targets_page_0020.json"", ""data\\raw\\opentargets\\26.09\\CANCER-001_MONDO_0005061_associated_targets_page_0021.json""]"	7cb40d00836aa2ce36e5aa4df10fd11e515c5d97a6f4dc88e085aa66511ef110
cancer_target_pair	EVID-0017	known_drug_score		Open Targets Platform	ENSG00000157764|MONDO_0005061	26.09	https://api.platform.opentargets.org/api/v4/graphql	2026-09-30T07:41:58.308760+00:00	Aggregated evidence	opentargets-v0.2.2	"[""data\\raw\\opentargets\\26.09\\CANCER-001_MONDO_0005061_associated_targets_page_0000.json"", ""data\\raw\\opentargets\\26.09\\CANCER-001_MONDO_0005061_associated_targets_page_0001.json"", ""data\\raw\\opentargets\\26.09\\CANCER-001_MONDO_0005061_associated_targets_page_0002.json"", ""data\\raw\\opentargets\\26.09\\CANCER-001_MONDO_0005061_associated_targets_page_0003.json"", ""data\\raw\\opentargets\\26.09\\CANCER-001_MONDO_0005061_associated_targets_page_0004.json"", ""data\\raw\\opentargets\\26.09\\CANCER-001_MONDO_0005061_associated_targets_page_0005.json"", ""data\\raw\\opentargets\\26.09\\CANCER-001_MONDO_0005061_associated_targets_page_0006.json"", ""data\\raw\\opentargets\\26.09\\CANCER-001_MONDO_0005061_associated_targets_page_0007.json"", ""data\\raw\\opentargets\\26.09\\CANCER-001_MONDO_0005061_associated_targets_page_0008.json"", ""data\\raw\\opentargets\\26.09\\CANCER-001_MONDO_0005061_associated_targets_page_0009.json"", ""data\\raw\\opentargets\\26.09\\CANCER-001_MONDO_0005061_associated_targets_page_0010.json"", ""data\\raw\\opentargets\\26.09\\CANCER-001_MONDO_0005061_associated_targets_page_0011.json"", ""data\\raw\\opentargets\\26.09\\CANCER-001_MONDO_0005061_associated_targets_page_0012.json"", ""data\\raw\\opentargets\\26.09\\CANCER-001_MONDO_0005061_associated_targets_page_0013.json"", ""data\\raw\\opentargets\\26.09\\CANCER-001_MONDO_0005061_associated_targets_page_0014.json"", ""data\\raw\\opentargets\\26.09\\CANCER-001_MONDO_0005061_associated_targets_page_0015.json"", ""data\\raw\\opentargets\\26.09\\CANCER-001_MONDO_0005061_associated_targets_page_0016.json"", ""data\\raw\\opentargets\\26.09\\CANCER-001_MONDO_0005061_associated_targets_page_0017.json"", ""data\\raw\\opentargets\\26.09\\CANCER-001_MONDO_0005061_associated_targets_page_0018.json"", ""data\\raw\\opentargets\\26.09\\CANCER-001_MONDO_0005061_associated_targets_page_0019.json"", ""data\\raw\\opentargets\\26.09\\CANCER-001_MONDO_0005061_associated_targets_page_0020.json"", ""data\\raw\\opentargets\\26.09\\CANCER-001_MONDO_0005061_associated_targets_page_0021.json""]"	7cb40d00836aa2ce36e5aa4df10fd11e515c5d97a6f4dc88e085aa66511ef110
cancer_target_pair	EVID-0017	literature_score	0.7243862678093105	Open Targets Platform	ENSG00000157764|MONDO_0005061	26.09	https://api.platform.opentargets.org/api/v4/graphql	2026-09-30T07:41:58.308760+00:00	Aggregated evidence	opentargets-v0.2.2	"[""data\\raw\\opentargets\\26.09\\CANCER-001_MONDO_0005061_associated_targets_page_0000.json"", ""data\\raw\\opentargets\\26.09\\CANCER-001_MONDO_0005061_associated_targets_page_0001.json"", ""data\\raw\\opentargets\\26.09\\CANCER-001_MONDO_0005061_associated_targets_page_0002.json"", ""data\\raw\\opentargets\\26.09\\CANCER-001_MONDO_0005061_associated_targets_page_0003.json"", ""data\\raw\\opentargets\\26.09\\CANCER-001_MONDO_0005061_associated_targets_page_0004.json"", ""data\\raw\\opentargets\\26.09\\CANCER-001_MONDO_0005061_associated_targets_page_0005.json"", ""data\\raw\\opentargets\\26.09\\CANCER-001_MONDO_0005061_associated_targets_page_0006.json"", ""data\\raw\\opentargets\\26.09\\CANCER-001_MONDO_0005061_associated_targets_page_0007.json"", ""data\\raw\\opentargets\\26.09\\CANCER-001_MONDO_0005061_associated_targets_page_0008.json"", ""data\\raw\\opentargets\\26.09\\CANCER-001_MONDO_0005061_associated_targets_page_0009.json"", ""data\\raw\\opentargets\\26.09\\CANCER-001_MONDO_0005061_associated_targets_page_0010.json"", ""data\\raw\\opentargets\\26.09\\CANCER-001_MONDO_0005061_associated_targets_page_0011.json"", ""data\\raw\\opentargets\\26.09\\CANCER-001_MONDO_0005061_associated_targets_page_0012.json"", ""data\\raw\\opentargets\\26.09\\CANCER-001_MONDO_0005061_associated_targets_page_0013.json"", ""data\\raw\\opentargets\\26.09\\CANCER-001_MONDO_0005061_associated_targets_page_0014.json"", ""data\\raw\\opentargets\\26.09\\CANCER-001_MONDO_0005061_associated_targets_page_0015.json"", ""data\\raw\\opentargets\\26.09\\CANCER-001_MONDO_0005061_associated_targets_page_0016.json"", ""data\\raw\\opentargets\\26.09\\CANCER-001_MONDO_0005061_associated_targets_page_0017.json"", ""data\\raw\\opentargets\\26.09\\CANCER-001_MONDO_0005061_associated_targets_page_0018.json"", ""data\\raw\\opentargets\\26.09\\CANCER-001_MONDO_0005061_associated_targets_page_0019.json"", ""data\\raw\\opentargets\\26.09\\CANCER-001_MONDO_0005061_associated_targets_page_0020.json"", ""data\\raw\\opentargets\\26.09\\CANCER-001_MONDO_0005061_associated_targets_page_0021.json""]"	7cb40d00836aa2ce36e5aa4df10fd11e515c5d97a6f4dc88e085aa66511ef110
cancer_target_pair	EVID-0017	tractability_json	"[{""label"": ""Approved Drug"", ""modality"": ""SM"", ""value"": true}, {""label"": ""Advanced Clinical"", ""modality"": ""SM"", ""value"": false}, {""label"": ""Phase 1 Clinical"", ""modality"": ""SM"", ""value"": false}, {""label"": ""Structure with Ligand"", ""modality"": ""SM"", ""value"": true}, {""label"": ""High-Quality Ligand"", ""modality"": ""SM"", ""value"": true}, {""label"": ""High-Quality Pocket"", ""modality"": ""SM"", ""value"": true}, {""label"": ""Med-Quality Pocket"", ""modality"": ""SM"", ""value"": false}, {""label"": ""Druggable Family"", ""modality"": ""SM"", ""value"": true}, {""label"": ""Approved Drug"", ""modality"": ""AB"", ""value"": false}, {""label"": ""Advanced Clinical"", ""modality"": ""AB"", ""value"": false}, {""label"": ""Phase 1 Clinical"", ""modality"": ""AB"", ""value"": false}, {""label"": ""UniProt loc high conf"", ""modality"": ""AB"", ""value"": true}, {""label"": ""GO CC high conf"", ""modality"": ""AB"", ""value"": true}, {""label"": ""UniProt loc med conf"", ""modality"": ""AB"", ""value"": false}, {""label"": ""UniProt SigP or TMHMM"", ""modality"": ""AB"", ""value"": false}, {""label"": ""GO CC med conf"", ""modality"": ""AB"", ""value"": false}, {""label"": ""Human Protein Atlas loc"", ""modality"": ""AB"", ""value"": true}, {""label"": ""Approved Drug"", ""modality"": ""PR"", ""value"": false}, {""label"": ""Advanced Clinical"", ""modality"": ""PR"", ""value"": false}, {""label"": ""Phase 1 Clinical"", ""modality"": ""PR"", ""value"": false}, {""label"": ""Literature"", ""modality"": ""PR"", ""value"": true}, {""label"": ""UniProt Ubiquitination"", ""modality"": ""PR"", ""value"": true}, {""label"": ""Database Ubiquitination"", ""modality"": ""PR"", ""value"": true}, {""label"": ""Half-life Data"", ""modality"": ""PR"", ""value"": true}, {""label"": ""Small Molecule Binder"", ""modality"": ""PR"", ""value"": true}, {""label"": ""Approved Drug"", ""modality"": ""OC"", ""value"": false}, {""label"": ""Advanced Clinical"", ""modality"": ""OC"", ""value"": false}, {""label"": ""Phase 1 Clinical"", ""modality"": ""OC"", ""value"": false}]"	Open Targets Platform	ENSG00000157764|MONDO_0005061	26.09	https://api.platform.opentargets.org/api/v4/graphql	2026-09-30T07:41:58.308760+00:00	Aggregated evidence	opentargets-v0.2.2	data\raw\opentargets\26.09\target_ENSG00000157764_tractability.json	7cb40d00836aa2ce36e5aa4df10fd11e515c5d97a6f4dc88e085aa66511ef110
cancer_target_pair	EVID-0018	association_score	0.32508408872104055	Open Targets Platform	ENSG00000169032|MONDO_0005061	26.09	https://api.platform.opentargets.org/api/v4/graphql	2026-09-30T07:41:58.308760+00:00	Aggregated evidence	opentargets-v0.2.2	"[""data\\raw\\opentargets\\26.09\\CANCER-001_MONDO_0005061_associated_targets_page_0000.json"", ""data\\raw\\opentargets\\26.09\\CANCER-001_MONDO_0005061_associated_targets_page_0001.json"", ""data\\raw\\opentargets\\26.09\\CANCER-001_MONDO_0005061_associated_targets_page_0002.json"", ""data\\raw\\opentargets\\26.09\\CANCER-001_MONDO_0005061_associated_targets_page_0003.json"", ""data\\raw\\opentargets\\26.09\\CANCER-001_MONDO_0005061_associated_targets_page_0004.json"", ""data\\raw\\opentargets\\26.09\\CANCER-001_MONDO_0005061_associated_targets_page_0005.json"", ""data\\raw\\opentargets\\26.09\\CANCER-001_MONDO_0005061_associated_targets_page_0006.json"", ""data\\raw\\opentargets\\26.09\\CANCER-001_MONDO_0005061_associated_targets_page_0007.json"", ""data\\raw\\opentargets\\26.09\\CANCER-001_MONDO_0005061_associated_targets_page_0008.json"", ""data\\raw\\opentargets\\26.09\\CANCER-001_MONDO_0005061_associated_targets_page_0009.json"", ""data\\raw\\opentargets\\26.09\\CANCER-001_MONDO_0005061_associated_targets_page_0010.json"", ""data\\raw\\opentargets\\26.09\\CANCER-001_MONDO_0005061_associated_targets_page_0011.json"", ""data\\raw\\opentargets\\26.09\\CANCER-001_MONDO_0005061_associated_targets_page_0012.json"", ""data\\raw\\opentargets\\26.09\\CANCER-001_MONDO_0005061_associated_targets_page_0013.json"", ""data\\raw\\opentargets\\26.09\\CANCER-001_MONDO_0005061_associated_targets_page_0014.json"", ""data\\raw\\opentargets\\26.09\\CANCER-001_MONDO_0005061_associated_targets_page_0015.json"", ""data\\raw\\opentargets\\26.09\\CANCER-001_MONDO_0005061_associated_targets_page_0016.json"", ""data\\raw\\opentargets\\26.09\\CANCER-001_MONDO_0005061_associated_targets_page_0017.json"", ""data\\raw\\opentargets\\26.09\\CANCER-001_MONDO_0005061_associated_targets_page_0018.json"", ""data\\raw\\opentargets\\26.09\\CANCER-001_MONDO_0005061_associated_targets_page_0019.json"", ""data\\raw\\opentargets\\26.09\\CANCER-001_MONDO_0005061_associated_targets_page_0020.json"", ""data\\raw\\opentargets\\26.09\\CANCER-001_MONDO_0005061_associated_targets_page_0021.json""]"	90c76380ac76b6e40974d1ea994292e1cb53860bdaa38be6b82687c44dacc85f
cancer_target_pair	EVID-0018	genetic_association_score		Open Targets Platform	ENSG00000169032|MONDO_0005061	26.09	https://api.platform.opentargets.org/api/v4/graphql	2026-09-30T07:41:58.308760+00:00	Aggregated evidence	opentargets-v0.2.2	"[""data\\raw\\opentargets\\26.09\\CANCER-001_MONDO_0005061_associated_targets_page_0000.json"", ""data\\raw\\opentargets\\26.09\\CANCER-001_MONDO_0005061_associated_targets_page_0001.json"", ""data\\raw\\opentargets\\26.09\\CANCER-001_MONDO_0005061_associated_targets_page_0002.json"", ""data\\raw\\opentargets\\26.09\\CANCER-001_MONDO_0005061_associated_targets_page_0003.json"", ""data\\raw\\opentargets\\26.09\\CANCER-001_MONDO_0005061_associated_targets_page_0004.json"", ""data\\raw\\opentargets\\26.09\\CANCER-001_MONDO_0005061_associated_targets_page_0005.json"", ""data\\raw\\opentargets\\26.09\\CANCER-001_MONDO_0005061_associated_targets_page_0006.json"", ""data\\raw\\opentargets\\26.09\\CANCER-001_MONDO_0005061_associated_targets_page_0007.json"", ""data\\raw\\opentargets\\26.09\\CANCER-001_MONDO_0005061_associated_targets_page_0008.json"", ""data\\raw\\opentargets\\26.09\\CANCER-001_MONDO_0005061_associated_targets_page_0009.json"", ""data\\raw\\opentargets\\26.09\\CANCER-001_MONDO_0005061_associated_targets_page_0010.json"", ""data\\raw\\opentargets\\26.09\\CANCER-001_MONDO_0005061_associated_targets_page_0011.json"", ""data\\raw\\opentargets\\26.09\\CANCER-001_MONDO_0005061_associated_targets_page_0012.json"", ""data\\raw\\opentargets\\26.09\\CANCER-001_MONDO_0005061_associated_targets_page_0013.json"", ""data\\raw\\opentargets\\26.09\\CANCER-001_MONDO_0005061_associated_targets_page_0014.json"", ""data\\raw\\opentargets\\26.09\\CANCER-001_MONDO_0005061_associated_targets_page_0015.json"", ""data\\raw\\opentargets\\26.09\\CANCER-001_MONDO_0005061_associated_targets_page_0016.json"", ""data\\raw\\opentargets\\26.09\\CANCER-001_MONDO_0005061_associated_targets_page_0017.json"", ""data\\raw\\opentargets\\26.09\\CANCER-001_MONDO_0005061_associated_targets_page_0018.json"", ""data\\raw\\opentargets\\26.09\\CANCER-001_MONDO_0005061_associated_targets_page_0019.json"", ""data\\raw\\opentargets\\26.09\\CANCER-001_MONDO_0005061_associated_targets_page_0020.json"", ""data\\raw\\opentargets\\26.09\\CANCER-001_MONDO_0005061_associated_targets_page_0021.json""]"	90c76380ac76b6e40974d1ea994292e1cb53860bdaa38be6b82687c44dacc85f
cancer_target_pair	EVID-0018	somatic_mutation_score	0.41069346254478073	Open Targets Platform	ENSG00000169032|MONDO_0005061	26.09	https://api.platform.opentargets.org/api/v4/graphql	2026-09-30T07:41:58.308760+00:00	Aggregated evidence	opentargets-v0.2.2	"[""data\\raw\\opentargets\\26.09\\CANCER-001_MONDO_0005061_associated_targets_page_0000.json"", ""data\\raw\\opentargets\\26.09\\CANCER-001_MONDO_0005061_associated_targets_page_0001.json"", ""data\\raw\\opentargets\\26.09\\CANCER-001_MONDO_0005061_associated_targets_page_0002.json"", ""data\\raw\\opentargets\\26.09\\CANCER-001_MONDO_0005061_associated_targets_page_0003.json"", ""data\\raw\\opentargets\\26.09\\CANCER-001_MONDO_0005061_associated_targets_page_0004.json"", ""data\\raw\\opentargets\\26.09\\CANCER-001_MONDO_0005061_associated_targets_page_0005.json"", ""data\\raw\\opentargets\\26.09\\CANCER-001_MONDO_0005061_associated_targets_page_0006.json"", ""data\\raw\\opentargets\\26.09\\CANCER-001_MONDO_0005061_associated_targets_page_0007.json"", ""data\\raw\\opentargets\\26.09\\CANCER-001_MONDO_0005061_associated_targets_page_0008.json"", ""data\\raw\\opentargets\\26.09\\CANCER-001_MONDO_0005061_associated_targets_page_0009.json"", ""data\\raw\\opentargets\\26.09\\CANCER-001_MONDO_0005061_associated_targets_page_0010.json"", ""data\\raw\\opentargets\\26.09\\CANCER-001_MONDO_0005061_associated_targets_page_0011.json"", ""data\\raw\\opentargets\\26.09\\CANCER-001_MONDO_0005061_associated_targets_page_0012.json"", ""data\\raw\\opentargets\\26.09\\CANCER-001_MONDO_0005061_associated_targets_page_0013.json"", ""data\\raw\\opentargets\\26.09\\CANCER-001_MONDO_0005061_associated_targets_page_0014.json"", ""data\\raw\\opentargets\\26.09\\CANCER-001_MONDO_0005061_associated_targets_page_0015.json"", ""data\\raw\\opentargets\\26.09\\CANCER-001_MONDO_0005061_associated_targets_page_0016.json"", ""data\\raw\\opentargets\\26.09\\CANCER-001_MONDO_0005061_associated_targets_page_0017.json"", ""data\\raw\\opentargets\\26.09\\CANCER-001_MONDO_0005061_associated_targets_page_0018.json"", ""data\\raw\\opentargets\\26.09\\CANCER-001_MONDO_0005061_associated_targets_page_0019.json"", ""data\\raw\\opentargets\\26.09\\CANCER-001_MONDO_0005061_associated_targets_page_0020.json"", ""data\\raw\\opentargets\\26.09\\CANCER-001_MONDO_0005061_associated_targets_page_0021.json""]"	90c76380ac76b6e40974d1ea994292e1cb53860bdaa38be6b82687c44dacc85f
cancer_target_pair	EVID-0018	known_drug_score		Open Targets Platform	ENSG00000169032|MONDO_0005061	26.09	https://api.platform.opentargets.org/api/v4/graphql	2026-09-30T07:41:58.308760+00:00	Aggregated evidence	opentargets-v0.2.2	"[""data\\raw\\opentargets\\26.09\\CANCER-001_MONDO_0005061_associated_targets_page_0000.json"", ""data\\raw\\opentargets\\26.09\\CANCER-001_MONDO_0005061_associated_targets_page_0001.json"", ""data\\raw\\opentargets\\26.09\\CANCER-001_MONDO_0005061_associated_targets_page_0002.json"", ""data\\raw\\opentargets\\26.09\\CANCER-001_MONDO_0005061_associated_targets_page_0003.json"", ""data\\raw\\opentargets\\26.09\\CANCER-001_MONDO_0005061_associated_targets_page_0004.json"", ""data\\raw\\opentargets\\26.09\\CANCER-001_MONDO_0005061_associated_targets_page_0005.json"", ""data\\raw\\opentargets\\26.09\\CANCER-001_MONDO_0005061_associated_targets_page_0006.json"", ""data\\raw\\opentargets\\26.09\\CANCER-001_MONDO_0005061_associated_targets_page_0007.json"", ""data\\raw\\opentargets\\26.09\\CANCER-001_MONDO_0005061_associated_targets_page_0008.json"", ""data\\raw\\opentargets\\26.09\\CANCER-001_MONDO_0005061_associated_targets_page_0009.json"", ""data\\raw\\opentargets\\26.09\\CANCER-001_MONDO_0005061_associated_targets_page_0010.json"", ""data\\raw\\opentargets\\26.09\\CANCER-001_MONDO_0005061_associated_targets_page_0011.json"", ""data\\raw\\opentargets\\26.09\\CANCER-001_MONDO_0005061_associated_targets_page_0012.json"", ""data\\raw\\opentargets\\26.09\\CANCER-001_MONDO_0005061_associated_targets_page_0013.json"", ""data\\raw\\opentargets\\26.09\\CANCER-001_MONDO_0005061_associated_targets_page_0014.json"", ""data\\raw\\opentargets\\26.09\\CANCER-001_MONDO_0005061_associated_targets_page_0015.json"", ""data\\raw\\opentargets\\26.09\\CANCER-001_MONDO_0005061_associated_targets_page_0016.json"", ""data\\raw\\opentargets\\26.09\\CANCER-001_MONDO_0005061_associated_targets_page_0017.json"", ""data\\raw\\opentargets\\26.09\\CANCER-001_MONDO_0005061_associated_targets_page_0018.json"", ""data\\raw\\opentargets\\26.09\\CANCER-001_MONDO_0005061_associated_targets_page_0019.json"", ""data\\raw\\opentargets\\26.09\\CANCER-001_MONDO_0005061_associated_targets_page_0020.json"", ""data\\raw\\opentargets\\26.09\\CANCER-001_MONDO_0005061_associated_targets_page_0021.json""]"	90c76380ac76b6e40974d1ea994292e1cb53860bdaa38be6b82687c44dacc85f
cancer_target_pair	EVID-0018	literature_score	0.3963143141751095	Open Targets Platform	ENSG00000169032|MONDO_0005061	26.09	https://api.platform.opentargets.org/api/v4/graphql	2026-09-30T07:41:58.308760+00:00	Aggregated evidence	opentargets-v0.2.2	"[""data\\raw\\opentargets\\26.09\\CANCER-001_MONDO_0005061_associated_targets_page_0000.json"", ""data\\raw\\opentargets\\26.09\\CANCER-001_MONDO_0005061_associated_targets_page_0001.json"", ""data\\raw\\opentargets\\26.09\\CANCER-001_MONDO_0005061_associated_targets_page_0002.json"", ""data\\raw\\opentargets\\26.09\\CANCER-001_MONDO_0005061_associated_targets_page_0003.json"", ""data\\raw\\opentargets\\26.09\\CANCER-001_MONDO_0005061_associated_targets_page_0004.json"", ""data\\raw\\opentargets\\26.09\\CANCER-001_MONDO_0005061_associated_targets_page_0005.json"", ""data\\raw\\opentargets\\26.09\\CANCER-001_MONDO_0005061_associated_targets_page_0006.json"", ""data\\raw\\opentargets\\26.09\\CANCER-001_MONDO_0005061_associated_targets_page_0007.json"", ""data\\raw\\opentargets\\26.09\\CANCER-001_MONDO_0005061_associated_targets_page_0008.json"", ""data\\raw\\opentargets\\26.09\\CANCER-001_MONDO_0005061_associated_targets_page_0009.json"", ""data\\raw\\opentargets\\26.09\\CANCER-001_MONDO_0005061_associated_targets_page_0010.json"", ""data\\raw\\opentargets\\26.09\\CANCER-001_MONDO_0005061_associated_targets_page_0011.json"", ""data\\raw\\opentargets\\26.09\\CANCER-001_MONDO_0005061_associated_targets_page_0012.json"", ""data\\raw\\opentargets\\26.09\\CANCER-001_MONDO_0005061_associated_targets_page_0013.json"", ""data\\raw\\opentargets\\26.09\\CANCER-001_MONDO_0005061_associated_targets_page_0014.json"", ""data\\raw\\opentargets\\26.09\\CANCER-001_MONDO_0005061_associated_targets_page_0015.json"", ""data\\raw\\opentargets\\26.09\\CANCER-001_MONDO_0005061_associated_targets_page_0016.json"", ""data\\raw\\opentargets\\26.09\\CANCER-001_MONDO_0005061_associated_targets_page_0017.json"", ""data\\raw\\opentargets\\26.09\\CANCER-001_MONDO_0005061_associated_targets_page_0018.json"", ""data\\raw\\opentargets\\26.09\\CANCER-001_MONDO_0005061_associated_targets_page_0019.json"", ""data\\raw\\opentargets\\26.09\\CANCER-001_MONDO_0005061_associated_targets_page_0020.json"", ""data\\raw\\opentargets\\26.09\\CANCER-001_MONDO_0005061_associated_targets_page_0021.json""]"	90c76380ac76b6e40974d1ea994292e1cb53860bdaa38be6b82687c44dacc85f
cancer_target_pair	EVID-0018	tractability_json	"[{""label"": ""Approved Drug"", ""modality"": ""SM"", ""value"": true}, {""label"": ""Advanced Clinical"", ""modality"": ""SM"", ""value"": false}, {""label"": ""Phase 1 Clinical"", ""modality"": ""SM"", ""value"": false}, {""label"": ""Structure with Ligand"", ""modality"": ""SM"", ""value"": true}, {""label"": ""High-Quality Ligand"", ""modality"": ""SM"", ""value"": true}, {""label"": ""High-Quality Pocket"", ""modality"": ""SM"", ""value"": true}, {""label"": ""Med-Quality Pocket"", ""modality"": ""SM"", ""value"": false}, {""label"": ""Druggable Family"", ""modality"": ""SM"", ""value"": true}, {""label"": ""Approved Drug"", ""modality"": ""AB"", ""value"": false}, {""label"": ""Advanced Clinical"", ""modality"": ""AB"", ""value"": false}, {""label"": ""Phase 1 Clinical"", ""modality"": ""AB"", ""value"": false}, {""label"": ""UniProt loc high conf"", ""modality"": ""AB"", ""value"": true}, {""label"": ""GO CC high conf"", ""modality"": ""AB"", ""value"": true}, {""label"": ""UniProt loc med conf"", ""modality"": ""AB"", ""value"": false}, {""label"": ""UniProt SigP or TMHMM"", ""modality"": ""AB"", ""value"": false}, {""label"": ""GO CC med conf"", ""modality"": ""AB"", ""value"": false}, {""label"": ""Human Protein Atlas loc"", ""modality"": ""AB"", ""value"": true}, {""label"": ""Approved Drug"", ""modality"": ""PR"", ""value"": false}, {""label"": ""Advanced Clinical"", ""modality"": ""PR"", ""value"": false}, {""label"": ""Phase 1 Clinical"", ""modality"": ""PR"", ""value"": false}, {""label"": ""Literature"", ""modality"": ""PR"", ""value"": true}, {""label"": ""UniProt Ubiquitination"", ""modality"": ""PR"", ""value"": false}, {""label"": ""Database Ubiquitination"", ""modality"": ""PR"", ""value"": true}, {""label"": ""Half-life Data"", ""modality"": ""PR"", ""value"": true}, {""label"": ""Small Molecule Binder"", ""modality"": ""PR"", ""value"": true}, {""label"": ""Approved Drug"", ""modality"": ""OC"", ""value"": false}, {""label"": ""Advanced Clinical"", ""modality"": ""OC"", ""value"": false}, {""label"": ""Phase 1 Clinical"", ""modality"": ""OC"", ""value"": false}]"	Open Targets Platform	ENSG00000169032|MONDO_0005061	26.09	https://api.platform.opentargets.org/api/v4/graphql	2026-09-30T07:41:58.308760+00:00	Aggregated evidence	opentargets-v0.2.2	data\raw\opentargets\26.09\target_ENSG00000169032_tractability.json	90c76380ac76b6e40974d1ea994292e1cb53860bdaa38be6b82687c44dacc85f
cancer_target_pair	EVID-0019	association_score	0.30442348843656597	Open Targets Platform	ENSG00000132155|MONDO_0005061	26.09	https://api.platform.opentargets.org/api/v4/graphql	2026-09-30T07:41:58.308760+00:00	Aggregated evidence	opentargets-v0.2.2	"[""data\\raw\\opentargets\\26.09\\CANCER-001_MONDO_0005061_associated_targets_page_0000.json"", ""data\\raw\\opentargets\\26.09\\CANCER-001_MONDO_0005061_associated_targets_page_0001.json"", ""data\\raw\\opentargets\\26.09\\CANCER-001_MONDO_0005061_associated_targets_page_0002.json"", ""data\\raw\\opentargets\\26.09\\CANCER-001_MONDO_0005061_associated_targets_page_0003.json"", ""data\\raw\\opentargets\\26.09\\CANCER-001_MONDO_0005061_associated_targets_page_0004.json"", ""data\\raw\\opentargets\\26.09\\CANCER-001_MONDO_0005061_associated_targets_page_0005.json"", ""data\\raw\\opentargets\\26.09\\CANCER-001_MONDO_0005061_associated_targets_page_0006.json"", ""data\\raw\\opentargets\\26.09\\CANCER-001_MONDO_0005061_associated_targets_page_0007.json"", ""data\\raw\\opentargets\\26.09\\CANCER-001_MONDO_0005061_associated_targets_page_0008.json"", ""data\\raw\\opentargets\\26.09\\CANCER-001_MONDO_0005061_associated_targets_page_0009.json"", ""data\\raw\\opentargets\\26.09\\CANCER-001_MONDO_0005061_associated_targets_page_0010.json"", ""data\\raw\\opentargets\\26.09\\CANCER-001_MONDO_0005061_associated_targets_page_0011.json"", ""data\\raw\\opentargets\\26.09\\CANCER-001_MONDO_0005061_associated_targets_page_0012.json"", ""data\\raw\\opentargets\\26.09\\CANCER-001_MONDO_0005061_associated_targets_page_0013.json"", ""data\\raw\\opentargets\\26.09\\CANCER-001_MONDO_0005061_associated_targets_page_0014.json"", ""data\\raw\\opentargets\\26.09\\CANCER-001_MONDO_0005061_associated_targets_page_0015.json"", ""data\\raw\\opentargets\\26.09\\CANCER-001_MONDO_0005061_associated_targets_page_0016.json"", ""data\\raw\\opentargets\\26.09\\CANCER-001_MONDO_0005061_associated_targets_page_0017.json"", ""data\\raw\\opentargets\\26.09\\CANCER-001_MONDO_0005061_associated_targets_page_0018.json"", ""data\\raw\\opentargets\\26.09\\CANCER-001_MONDO_0005061_associated_targets_page_0019.json"", ""data\\raw\\opentargets\\26.09\\CANCER-001_MONDO_0005061_associated_targets_page_0020.json"", ""data\\raw\\opentargets\\26.09\\CANCER-001_MONDO_0005061_associated_targets_page_0021.json""]"	70fcd0214c6945784e764b6ea3f079ea0518216d423ee876e716b72841c551ba
cancer_target_pair	EVID-0019	genetic_association_score		Open Targets Platform	ENSG00000132155|MONDO_0005061	26.09	https://api.platform.opentargets.org/api/v4/graphql	2026-09-30T07:41:58.308760+00:00	Aggregated evidence	opentargets-v0.2.2	"[""data\\raw\\opentargets\\26.09\\CANCER-001_MONDO_0005061_associated_targets_page_0000.json"", ""data\\raw\\opentargets\\26.09\\CANCER-001_MONDO_0005061_associated_targets_page_0001.json"", ""data\\raw\\opentargets\\26.09\\CANCER-001_MONDO_0005061_associated_targets_page_0002.json"", ""data\\raw\\opentargets\\26.09\\CANCER-001_MONDO_0005061_associated_targets_page_0003.json"", ""data\\raw\\opentargets\\26.09\\CANCER-001_MONDO_0005061_associated_targets_page_0004.json"", ""data\\raw\\opentargets\\26.09\\CANCER-001_MONDO_0005061_associated_targets_page_0005.json"", ""data\\raw\\opentargets\\26.09\\CANCER-001_MONDO_0005061_associated_targets_page_0006.json"", ""data\\raw\\opentargets\\26.09\\CANCER-001_MONDO_0005061_associated_targets_page_0007.json"", ""data\\raw\\opentargets\\26.09\\CANCER-001_MONDO_0005061_associated_targets_page_0008.json"", ""data\\raw\\opentargets\\26.09\\CANCER-001_MONDO_0005061_associated_targets_page_0009.json"", ""data\\raw\\opentargets\\26.09\\CANCER-001_MONDO_0005061_associated_targets_page_0010.json"", ""data\\raw\\opentargets\\26.09\\CANCER-001_MONDO_0005061_associated_targets_page_0011.json"", ""data\\raw\\opentargets\\26.09\\CANCER-001_MONDO_0005061_associated_targets_page_0012.json"", ""data\\raw\\opentargets\\26.09\\CANCER-001_MONDO_0005061_associated_targets_page_0013.json"", ""data\\raw\\opentargets\\26.09\\CANCER-001_MONDO_0005061_associated_targets_page_0014.json"", ""data\\raw\\opentargets\\26.09\\CANCER-001_MONDO_0005061_associated_targets_page_0015.json"", ""data\\raw\\opentargets\\26.09\\CANCER-001_MONDO_0005061_associated_targets_page_0016.json"", ""data\\raw\\opentargets\\26.09\\CANCER-001_MONDO_0005061_associated_targets_page_0017.json"", ""data\\raw\\opentargets\\26.09\\CANCER-001_MONDO_0005061_associated_targets_page_0018.json"", ""data\\raw\\opentargets\\26.09\\CANCER-001_MONDO_0005061_associated_targets_page_0019.json"", ""data\\raw\\opentargets\\26.09\\CANCER-001_MONDO_0005061_associated_targets_page_0020.json"", ""data\\raw\\opentargets\\26.09\\CANCER-001_MONDO_0005061_associated_targets_page_0021.json""]"	70fcd0214c6945784e764b6ea3f079ea0518216d423ee876e716b72841c551ba
cancer_target_pair	EVID-0019	somatic_mutation_score	0.4559480982087158	Open Targets Platform	ENSG00000132155|MONDO_0005061	26.09	https://api.platform.opentargets.org/api/v4/graphql	2026-09-30T07:41:58.308760+00:00	Aggregated evidence	opentargets-v0.2.2	"[""data\\raw\\opentargets\\26.09\\CANCER-001_MONDO_0005061_associated_targets_page_0000.json"", ""data\\raw\\opentargets\\26.09\\CANCER-001_MONDO_0005061_associated_targets_page_0001.json"", ""data\\raw\\opentargets\\26.09\\CANCER-001_MONDO_0005061_associated_targets_page_0002.json"", ""data\\raw\\opentargets\\26.09\\CANCER-001_MONDO_0005061_associated_targets_page_0003.json"", ""data\\raw\\opentargets\\26.09\\CANCER-001_MONDO_0005061_associated_targets_page_0004.json"", ""data\\raw\\opentargets\\26.09\\CANCER-001_MONDO_0005061_associated_targets_page_0005.json"", ""data\\raw\\opentargets\\26.09\\CANCER-001_MONDO_0005061_associated_targets_page_0006.json"", ""data\\raw\\opentargets\\26.09\\CANCER-001_MONDO_0005061_associated_targets_page_0007.json"", ""data\\raw\\opentargets\\26.09\\CANCER-001_MONDO_0005061_associated_targets_page_0008.json"", ""data\\raw\\opentargets\\26.09\\CANCER-001_MONDO_0005061_associated_targets_page_0009.json"", ""data\\raw\\opentargets\\26.09\\CANCER-001_MONDO_0005061_associated_targets_page_0010.json"", ""data\\raw\\opentargets\\26.09\\CANCER-001_MONDO_0005061_associated_targets_page_0011.json"", ""data\\raw\\opentargets\\26.09\\CANCER-001_MONDO_0005061_associated_targets_page_0012.json"", ""data\\raw\\opentargets\\26.09\\CANCER-001_MONDO_0005061_associated_targets_page_0013.json"", ""data\\raw\\opentargets\\26.09\\CANCER-001_MONDO_0005061_associated_targets_page_0014.json"", ""data\\raw\\opentargets\\26.09\\CANCER-001_MONDO_0005061_associated_targets_page_0015.json"", ""data\\raw\\opentargets\\26.09\\CANCER-001_MONDO_0005061_associated_targets_page_0016.json"", ""data\\raw\\opentargets\\26.09\\CANCER-001_MONDO_0005061_associated_targets_page_0017.json"", ""data\\raw\\opentargets\\26.09\\CANCER-001_MONDO_0005061_associated_targets_page_0018.json"", ""data\\raw\\opentargets\\26.09\\CANCER-001_MONDO_0005061_associated_targets_page_0019.json"", ""data\\raw\\opentargets\\26.09\\CANCER-001_MONDO_0005061_associated_targets_page_0020.json"", ""data\\raw\\opentargets\\26.09\\CANCER-001_MONDO_0005061_associated_targets_page_0021.json""]"	70fcd0214c6945784e764b6ea3f079ea0518216d423ee876e716b72841c551ba
cancer_target_pair	EVID-0019	known_drug_score		Open Targets Platform	ENSG00000132155|MONDO_0005061	26.09	https://api.platform.opentargets.org/api/v4/graphql	2026-09-30T07:41:58.308760+00:00	Aggregated evidence	opentargets-v0.2.2	"[""data\\raw\\opentargets\\26.09\\CANCER-001_MONDO_0005061_associated_targets_page_0000.json"", ""data\\raw\\opentargets\\26.09\\CANCER-001_MONDO_0005061_associated_targets_page_0001.json"", ""data\\raw\\opentargets\\26.09\\CANCER-001_MONDO_0005061_associated_targets_page_0002.json"", ""data\\raw\\opentargets\\26.09\\CANCER-001_MONDO_0005061_associated_targets_page_0003.json"", ""data\\raw\\opentargets\\26.09\\CANCER-001_MONDO_0005061_associated_targets_page_0004.json"", ""data\\raw\\opentargets\\26.09\\CANCER-001_MONDO_0005061_associated_targets_page_0005.json"", ""data\\raw\\opentargets\\26.09\\CANCER-001_MONDO_0005061_associated_targets_page_0006.json"", ""data\\raw\\opentargets\\26.09\\CANCER-001_MONDO_0005061_associated_targets_page_0007.json"", ""data\\raw\\opentargets\\26.09\\CANCER-001_MONDO_0005061_associated_targets_page_0008.json"", ""data\\raw\\opentargets\\26.09\\CANCER-001_MONDO_0005061_associated_targets_page_0009.json"", ""data\\raw\\opentargets\\26.09\\CANCER-001_MONDO_0005061_associated_targets_page_0010.json"", ""data\\raw\\opentargets\\26.09\\CANCER-001_MONDO_0005061_associated_targets_page_0011.json"", ""data\\raw\\opentargets\\26.09\\CANCER-001_MONDO_0005061_associated_targets_page_0012.json"", ""data\\raw\\opentargets\\26.09\\CANCER-001_MONDO_0005061_associated_targets_page_0013.json"", ""data\\raw\\opentargets\\26.09\\CANCER-001_MONDO_0005061_associated_targets_page_0014.json"", ""data\\raw\\opentargets\\26.09\\CANCER-001_MONDO_0005061_associated_targets_page_0015.json"", ""data\\raw\\opentargets\\26.09\\CANCER-001_MONDO_0005061_associated_targets_page_0016.json"", ""data\\raw\\opentargets\\26.09\\CANCER-001_MONDO_0005061_associated_targets_page_0017.json"", ""data\\raw\\opentargets\\26.09\\CANCER-001_MONDO_0005061_associated_targets_page_0018.json"", ""data\\raw\\opentargets\\26.09\\CANCER-001_MONDO_0005061_associated_targets_page_0019.json"", ""data\\raw\\opentargets\\26.09\\CANCER-001_MONDO_0005061_associated_targets_page_0020.json"", ""data\\raw\\opentargets\\26.09\\CANCER-001_MONDO_0005061_associated_targets_page_0021.json""]"	70fcd0214c6945784e764b6ea3f079ea0518216d423ee876e716b72841c551ba
cancer_target_pair	EVID-0019	literature_score	0.625917023389041	Open Targets Platform	ENSG00000132155|MONDO_0005061	26.09	https://api.platform.opentargets.org/api/v4/graphql	2026-09-30T07:41:58.308760+00:00	Aggregated evidence	opentargets-v0.2.2	"[""data\\raw\\opentargets\\26.09\\CANCER-001_MONDO_0005061_associated_targets_page_0000.json"", ""data\\raw\\opentargets\\26.09\\CANCER-001_MONDO_0005061_associated_targets_page_0001.json"", ""data\\raw\\opentargets\\26.09\\CANCER-001_MONDO_0005061_associated_targets_page_0002.json"", ""data\\raw\\opentargets\\26.09\\CANCER-001_MONDO_0005061_associated_targets_page_0003.json"", ""data\\raw\\opentargets\\26.09\\CANCER-001_MONDO_0005061_associated_targets_page_0004.json"", ""data\\raw\\opentargets\\26.09\\CANCER-001_MONDO_0005061_associated_targets_page_0005.json"", ""data\\raw\\opentargets\\26.09\\CANCER-001_MONDO_0005061_associated_targets_page_0006.json"", ""data\\raw\\opentargets\\26.09\\CANCER-001_MONDO_0005061_associated_targets_page_0007.json"", ""data\\raw\\opentargets\\26.09\\CANCER-001_MONDO_0005061_associated_targets_page_0008.json"", ""data\\raw\\opentargets\\26.09\\CANCER-001_MONDO_0005061_associated_targets_page_0009.json"", ""data\\raw\\opentargets\\26.09\\CANCER-001_MONDO_0005061_associated_targets_page_0010.json"", ""data\\raw\\opentargets\\26.09\\CANCER-001_MONDO_0005061_associated_targets_page_0011.json"", ""data\\raw\\opentargets\\26.09\\CANCER-001_MONDO_0005061_associated_targets_page_0012.json"", ""data\\raw\\opentargets\\26.09\\CANCER-001_MONDO_0005061_associated_targets_page_0013.json"", ""data\\raw\\opentargets\\26.09\\CANCER-001_MONDO_0005061_associated_targets_page_0014.json"", ""data\\raw\\opentargets\\26.09\\CANCER-001_MONDO_0005061_associated_targets_page_0015.json"", ""data\\raw\\opentargets\\26.09\\CANCER-001_MONDO_0005061_associated_targets_page_0016.json"", ""data\\raw\\opentargets\\26.09\\CANCER-001_MONDO_0005061_associated_targets_page_0017.json"", ""data\\raw\\opentargets\\26.09\\CANCER-001_MONDO_0005061_associated_targets_page_0018.json"", ""data\\raw\\opentargets\\26.09\\CANCER-001_MONDO_0005061_associated_targets_page_0019.json"", ""data\\raw\\opentargets\\26.09\\CANCER-001_MONDO_0005061_associated_targets_page_0020.json"", ""data\\raw\\opentargets\\26.09\\CANCER-001_MONDO_0005061_associated_targets_page_0021.json""]"	70fcd0214c6945784e764b6ea3f079ea0518216d423ee876e716b72841c551ba
cancer_target_pair	EVID-0019	tractability_json	"[{""label"": ""Approved Drug"", ""modality"": ""SM"", ""value"": true}, {""label"": ""Advanced Clinical"", ""modality"": ""SM"", ""value"": false}, {""label"": ""Phase 1 Clinical"", ""modality"": ""SM"", ""value"": false}, {""label"": ""Structure with Ligand"", ""modality"": ""SM"", ""value"": true}, {""label"": ""High-Quality Ligand"", ""modality"": ""SM"", ""value"": true}, {""label"": ""High-Quality Pocket"", ""modality"": ""SM"", ""value"": true}, {""label"": ""Med-Quality Pocket"", ""modality"": ""SM"", ""value"": false}, {""label"": ""Druggable Family"", ""modality"": ""SM"", ""value"": true}, {""label"": ""Approved Drug"", ""modality"": ""AB"", ""value"": false}, {""label"": ""Advanced Clinical"", ""modality"": ""AB"", ""value"": false}, {""label"": ""Phase 1 Clinical"", ""modality"": ""AB"", ""value"": false}, {""label"": ""UniProt loc high conf"", ""modality"": ""AB"", ""value"": false}, {""label"": ""GO CC high conf"", ""modality"": ""AB"", ""value"": true}, {""label"": ""UniProt loc med conf"", ""modality"": ""AB"", ""value"": true}, {""label"": ""UniProt SigP or TMHMM"", ""modality"": ""AB"", ""value"": false}, {""label"": ""GO CC med conf"", ""modality"": ""AB"", ""value"": false}, {""label"": ""Human Protein Atlas loc"", ""modality"": ""AB"", ""value"": true}, {""label"": ""Approved Drug"", ""modality"": ""PR"", ""value"": false}, {""label"": ""Advanced Clinical"", ""modality"": ""PR"", ""value"": false}, {""label"": ""Phase 1 Clinical"", ""modality"": ""PR"", ""value"": false}, {""label"": ""Literature"", ""modality"": ""PR"", ""value"": false}, {""label"": ""UniProt Ubiquitination"", ""modality"": ""PR"", ""value"": false}, {""label"": ""Database Ubiquitination"", ""modality"": ""PR"", ""value"": true}, {""label"": ""Half-life Data"", ""modality"": ""PR"", ""value"": true}, {""label"": ""Small Molecule Binder"", ""modality"": ""PR"", ""value"": true}, {""label"": ""Approved Drug"", ""modality"": ""OC"", ""value"": false}, {""label"": ""Advanced Clinical"", ""modality"": ""OC"", ""value"": false}, {""label"": ""Phase 1 Clinical"", ""modality"": ""OC"", ""value"": false}]"	Open Targets Platform	ENSG00000132155|MONDO_0005061	26.09	https://api.platform.opentargets.org/api/v4/graphql	2026-09-30T07:41:58.308760+00:00	Aggregated evidence	opentargets-v0.2.2	data\raw\opentargets\26.09\target_ENSG00000132155_tractability.json	70fcd0214c6945784e764b6ea3f079ea0518216d423ee876e716b72841c551ba
cancer_target_pair	EVID-0020	association_score	0.2945642547221118	Open Targets Platform	ENSG00000179295|MONDO_0005184	26.09	https://api.platform.opentargets.org/api/v4/graphql	2026-09-30T07:41:58.308760+00:00	Aggregated evidence	opentargets-v0.2.2	"[""data\\raw\\opentargets\\26.09\\CANCER-004_MONDO_0005184_associated_targets_page_0000.json"", ""data\\raw\\opentargets\\26.09\\CANCER-004_MONDO_0005184_associated_targets_page_0001.json"", ""data\\raw\\opentargets\\26.09\\CANCER-004_MONDO_0005184_associated_targets_page_0002.json"", ""data\\raw\\opentargets\\26.09\\CANCER-004_MONDO_0005184_associated_targets_page_0003.json"", ""data\\raw\\opentargets\\26.09\\CANCER-004_MONDO_0005184_associated_targets_page_0004.json"", ""data\\raw\\opentargets\\26.09\\CANCER-004_MONDO_0005184_associated_targets_page_0005.json"", ""data\\raw\\opentargets\\26.09\\CANCER-004_MONDO_0005184_associated_targets_page_0006.json"", ""data\\raw\\opentargets\\26.09\\CANCER-004_MONDO_0005184_associated_targets_page_0007.json"", ""data\\raw\\opentargets\\26.09\\CANCER-004_MONDO_0005184_associated_targets_page_0008.json"", ""data\\raw\\opentargets\\26.09\\CANCER-004_MONDO_0005184_associated_targets_page_0009.json"", ""data\\raw\\opentargets\\26.09\\CANCER-004_MONDO_0005184_associated_targets_page_0010.json"", ""data\\raw\\opentargets\\26.09\\CANCER-004_MONDO_0005184_associated_targets_page_0011.json"", ""data\\raw\\opentargets\\26.09\\CANCER-004_MONDO_0005184_associated_targets_page_0012.json"", ""data\\raw\\opentargets\\26.09\\CANCER-004_MONDO_0005184_associated_targets_page_0013.json"", ""data\\raw\\opentargets\\26.09\\CANCER-004_MONDO_0005184_associated_targets_page_0014.json"", ""data\\raw\\opentargets\\26.09\\CANCER-004_MONDO_0005184_associated_targets_page_0015.json""]"	51f2f8172386f9d39d18eb991efdf070c688e4edbfd9a4464428eb8e964a15f6
cancer_target_pair	EVID-0020	genetic_association_score		Open Targets Platform	ENSG00000179295|MONDO_0005184	26.09	https://api.platform.opentargets.org/api/v4/graphql	2026-09-30T07:41:58.308760+00:00	Aggregated evidence	opentargets-v0.2.2	"[""data\\raw\\opentargets\\26.09\\CANCER-004_MONDO_0005184_associated_targets_page_0000.json"", ""data\\raw\\opentargets\\26.09\\CANCER-004_MONDO_0005184_associated_targets_page_0001.json"", ""data\\raw\\opentargets\\26.09\\CANCER-004_MONDO_0005184_associated_targets_page_0002.json"", ""data\\raw\\opentargets\\26.09\\CANCER-004_MONDO_0005184_associated_targets_page_0003.json"", ""data\\raw\\opentargets\\26.09\\CANCER-004_MONDO_0005184_associated_targets_page_0004.json"", ""data\\raw\\opentargets\\26.09\\CANCER-004_MONDO_0005184_associated_targets_page_0005.json"", ""data\\raw\\opentargets\\26.09\\CANCER-004_MONDO_0005184_associated_targets_page_0006.json"", ""data\\raw\\opentargets\\26.09\\CANCER-004_MONDO_0005184_associated_targets_page_0007.json"", ""data\\raw\\opentargets\\26.09\\CANCER-004_MONDO_0005184_associated_targets_page_0008.json"", ""data\\raw\\opentargets\\26.09\\CANCER-004_MONDO_0005184_associated_targets_page_0009.json"", ""data\\raw\\opentargets\\26.09\\CANCER-004_MONDO_0005184_associated_targets_page_0010.json"", ""data\\raw\\opentargets\\26.09\\CANCER-004_MONDO_0005184_associated_targets_page_0011.json"", ""data\\raw\\opentargets\\26.09\\CANCER-004_MONDO_0005184_associated_targets_page_0012.json"", ""data\\raw\\opentargets\\26.09\\CANCER-004_MONDO_0005184_associated_targets_page_0013.json"", ""data\\raw\\opentargets\\26.09\\CANCER-004_MONDO_0005184_associated_targets_page_0014.json"", ""data\\raw\\opentargets\\26.09\\CANCER-004_MONDO_0005184_associated_targets_page_0015.json""]"	51f2f8172386f9d39d18eb991efdf070c688e4edbfd9a4464428eb8e964a15f6
cancer_target_pair	EVID-0020	somatic_mutation_score	0.4559480982087158	Open Targets Platform	ENSG00000179295|MONDO_0005184	26.09	https://api.platform.opentargets.org/api/v4/graphql	2026-09-30T07:41:58.308760+00:00	Aggregated evidence	opentargets-v0.2.2	"[""data\\raw\\opentargets\\26.09\\CANCER-004_MONDO_0005184_associated_targets_page_0000.json"", ""data\\raw\\opentargets\\26.09\\CANCER-004_MONDO_0005184_associated_targets_page_0001.json"", ""data\\raw\\opentargets\\26.09\\CANCER-004_MONDO_0005184_associated_targets_page_0002.json"", ""data\\raw\\opentargets\\26.09\\CANCER-004_MONDO_0005184_associated_targets_page_0003.json"", ""data\\raw\\opentargets\\26.09\\CANCER-004_MONDO_0005184_associated_targets_page_0004.json"", ""data\\raw\\opentargets\\26.09\\CANCER-004_MONDO_0005184_associated_targets_page_0005.json"", ""data\\raw\\opentargets\\26.09\\CANCER-004_MONDO_0005184_associated_targets_page_0006.json"", ""data\\raw\\opentargets\\26.09\\CANCER-004_MONDO_0005184_associated_targets_page_0007.json"", ""data\\raw\\opentargets\\26.09\\CANCER-004_MONDO_0005184_associated_targets_page_0008.json"", ""data\\raw\\opentargets\\26.09\\CANCER-004_MONDO_0005184_associated_targets_page_0009.json"", ""data\\raw\\opentargets\\26.09\\CANCER-004_MONDO_0005184_associated_targets_page_0010.json"", ""data\\raw\\opentargets\\26.09\\CANCER-004_MONDO_0005184_associated_targets_page_0011.json"", ""data\\raw\\opentargets\\26.09\\CANCER-004_MONDO_0005184_associated_targets_page_0012.json"", ""data\\raw\\opentargets\\26.09\\CANCER-004_MONDO_0005184_associated_targets_page_0013.json"", ""data\\raw\\opentargets\\26.09\\CANCER-004_MONDO_0005184_associated_targets_page_0014.json"", ""data\\raw\\opentargets\\26.09\\CANCER-004_MONDO_0005184_associated_targets_page_0015.json""]"	51f2f8172386f9d39d18eb991efdf070c688e4edbfd9a4464428eb8e964a15f6
cancer_target_pair	EVID-0020	known_drug_score		Open Targets Platform	ENSG00000179295|MONDO_0005184	26.09	https://api.platform.opentargets.org/api/v4/graphql	2026-09-30T07:41:58.308760+00:00	Aggregated evidence	opentargets-v0.2.2	"[""data\\raw\\opentargets\\26.09\\CANCER-004_MONDO_0005184_associated_targets_page_0000.json"", ""data\\raw\\opentargets\\26.09\\CANCER-004_MONDO_0005184_associated_targets_page_0001.json"", ""data\\raw\\opentargets\\26.09\\CANCER-004_MONDO_0005184_associated_targets_page_0002.json"", ""data\\raw\\opentargets\\26.09\\CANCER-004_MONDO_0005184_associated_targets_page_0003.json"", ""data\\raw\\opentargets\\26.09\\CANCER-004_MONDO_0005184_associated_targets_page_0004.json"", ""data\\raw\\opentargets\\26.09\\CANCER-004_MONDO_0005184_associated_targets_page_0005.json"", ""data\\raw\\opentargets\\26.09\\CANCER-004_MONDO_0005184_associated_targets_page_0006.json"", ""data\\raw\\opentargets\\26.09\\CANCER-004_MONDO_0005184_associated_targets_page_0007.json"", ""data\\raw\\opentargets\\26.09\\CANCER-004_MONDO_0005184_associated_targets_page_0008.json"", ""data\\raw\\opentargets\\26.09\\CANCER-004_MONDO_0005184_associated_targets_page_0009.json"", ""data\\raw\\opentargets\\26.09\\CANCER-004_MONDO_0005184_associated_targets_page_0010.json"", ""data\\raw\\opentargets\\26.09\\CANCER-004_MONDO_0005184_associated_targets_page_0011.json"", ""data\\raw\\opentargets\\26.09\\CANCER-004_MONDO_0005184_associated_targets_page_0012.json"", ""data\\raw\\opentargets\\26.09\\CANCER-004_MONDO_0005184_associated_targets_page_0013.json"", ""data\\raw\\opentargets\\26.09\\CANCER-004_MONDO_0005184_associated_targets_page_0014.json"", ""data\\raw\\opentargets\\26.09\\CANCER-004_MONDO_0005184_associated_targets_page_0015.json""]"	51f2f8172386f9d39d18eb991efdf070c688e4edbfd9a4464428eb8e964a15f6
cancer_target_pair	EVID-0020	literature_score	0.5717546726326023	Open Targets Platform	ENSG00000179295|MONDO_0005184	26.09	https://api.platform.opentargets.org/api/v4/graphql	2026-09-30T07:41:58.308760+00:00	Aggregated evidence	opentargets-v0.2.2	"[""data\\raw\\opentargets\\26.09\\CANCER-004_MONDO_0005184_associated_targets_page_0000.json"", ""data\\raw\\opentargets\\26.09\\CANCER-004_MONDO_0005184_associated_targets_page_0001.json"", ""data\\raw\\opentargets\\26.09\\CANCER-004_MONDO_0005184_associated_targets_page_0002.json"", ""data\\raw\\opentargets\\26.09\\CANCER-004_MONDO_0005184_associated_targets_page_0003.json"", ""data\\raw\\opentargets\\26.09\\CANCER-004_MONDO_0005184_associated_targets_page_0004.json"", ""data\\raw\\opentargets\\26.09\\CANCER-004_MONDO_0005184_associated_targets_page_0005.json"", ""data\\raw\\opentargets\\26.09\\CANCER-004_MONDO_0005184_associated_targets_page_0006.json"", ""data\\raw\\opentargets\\26.09\\CANCER-004_MONDO_0005184_associated_targets_page_0007.json"", ""data\\raw\\opentargets\\26.09\\CANCER-004_MONDO_0005184_associated_targets_page_0008.json"", ""data\\raw\\opentargets\\26.09\\CANCER-004_MONDO_0005184_associated_targets_page_0009.json"", ""data\\raw\\opentargets\\26.09\\CANCER-004_MONDO_0005184_associated_targets_page_0010.json"", ""data\\raw\\opentargets\\26.09\\CANCER-004_MONDO_0005184_associated_targets_page_0011.json"", ""data\\raw\\opentargets\\26.09\\CANCER-004_MONDO_0005184_associated_targets_page_0012.json"", ""data\\raw\\opentargets\\26.09\\CANCER-004_MONDO_0005184_associated_targets_page_0013.json"", ""data\\raw\\opentargets\\26.09\\CANCER-004_MONDO_0005184_associated_targets_page_0014.json"", ""data\\raw\\opentargets\\26.09\\CANCER-004_MONDO_0005184_associated_targets_page_0015.json""]"	51f2f8172386f9d39d18eb991efdf070c688e4edbfd9a4464428eb8e964a15f6
cancer_target_pair	EVID-0020	tractability_json	"[{""label"": ""Approved Drug"", ""modality"": ""SM"", ""value"": false}, {""label"": ""Advanced Clinical"", ""modality"": ""SM"", ""value"": true}, {""label"": ""Phase 1 Clinical"", ""modality"": ""SM"", ""value"": false}, {""label"": ""Structure with Ligand"", ""modality"": ""SM"", ""value"": true}, {""label"": ""High-Quality Ligand"", ""modality"": ""SM"", ""value"": true}, {""label"": ""High-Quality Pocket"", ""modality"": ""SM"", ""value"": false}, {""label"": ""Med-Quality Pocket"", ""modality"": ""SM"", ""value"": false}, {""label"": ""Druggable Family"", ""modality"": ""SM"", ""value"": true}, {""label"": ""Approved Drug"", ""modality"": ""AB"", ""value"": false}, {""label"": ""Advanced Clinical"", ""modality"": ""AB"", ""value"": false}, {""label"": ""Phase 1 Clinical"", ""modality"": ""AB"", ""value"": false}, {""label"": ""UniProt loc high conf"", ""modality"": ""AB"", ""value"": false}, {""label"": ""GO CC high conf"", ""modality"": ""AB"", ""value"": false}, {""label"": ""UniProt loc med conf"", ""modality"": ""AB"", ""value"": false}, {""label"": ""UniProt SigP or TMHMM"", ""modality"": ""AB"", ""value"": false}, {""label"": ""GO CC med conf"", ""modality"": ""AB"", ""value"": false}, {""label"": ""Human Protein Atlas loc"", ""modality"": ""AB"", ""value"": false}, {""label"": ""Approved Drug"", ""modality"": ""PR"", ""value"": false}, {""label"": ""Advanced Clinical"", ""modality"": ""PR"", ""value"": false}, {""label"": ""Phase 1 Clinical"", ""modality"": ""PR"", ""value"": false}, {""label"": ""Literature"", ""modality"": ""PR"", ""value"": true}, {""label"": ""UniProt Ubiquitination"", ""modality"": ""PR"", ""value"": false}, {""label"": ""Database Ubiquitination"", ""modality"": ""PR"", ""value"": true}, {""label"": ""Half-life Data"", ""modality"": ""PR"", ""value"": true}, {""label"": ""Small Molecule Binder"", ""modality"": ""PR"", ""value"": true}, {""label"": ""Approved Drug"", ""modality"": ""OC"", ""value"": false}, {""label"": ""Advanced Clinical"", ""modality"": ""OC"", ""value"": false}, {""label"": ""Phase 1 Clinical"", ""modality"": ""OC"", ""value"": false}]"	Open Targets Platform	ENSG00000179295|MONDO_0005184	26.09	https://api.platform.opentargets.org/api/v4/graphql	2026-09-30T07:41:58.308760+00:00	Aggregated evidence	opentargets-v0.2.2	data\raw\opentargets\26.09\target_ENSG00000179295_tractability.json	51f2f8172386f9d39d18eb991efdf070c688e4edbfd9a4464428eb8e964a15f6
cancer_target_pair	EVID-0021	association_score	0.29109824743436136	Open Targets Platform	ENSG00000115904|MONDO_0005184	26.09	https://api.platform.opentargets.org/api/v4/graphql	2026-09-30T07:41:58.308760+00:00	Aggregated evidence	opentargets-v0.2.2	"[""data\\raw\\opentargets\\26.09\\CANCER-004_MONDO_0005184_associated_targets_page_0000.json"", ""data\\raw\\opentargets\\26.09\\CANCER-004_MONDO_0005184_associated_targets_page_0001.json"", ""data\\raw\\opentargets\\26.09\\CANCER-004_MONDO_0005184_associated_targets_page_0002.json"", ""data\\raw\\opentargets\\26.09\\CANCER-004_MONDO_0005184_associated_targets_page_0003.json"", ""data\\raw\\opentargets\\26.09\\CANCER-004_MONDO_0005184_associated_targets_page_0004.json"", ""data\\raw\\opentargets\\26.09\\CANCER-004_MONDO_0005184_associated_targets_page_0005.json"", ""data\\raw\\opentargets\\26.09\\CANCER-004_MONDO_0005184_associated_targets_page_0006.json"", ""data\\raw\\opentargets\\26.09\\CANCER-004_MONDO_0005184_associated_targets_page_0007.json"", ""data\\raw\\opentargets\\26.09\\CANCER-004_MONDO_0005184_associated_targets_page_0008.json"", ""data\\raw\\opentargets\\26.09\\CANCER-004_MONDO_0005184_associated_targets_page_0009.json"", ""data\\raw\\opentargets\\26.09\\CANCER-004_MONDO_0005184_associated_targets_page_0010.json"", ""data\\raw\\opentargets\\26.09\\CANCER-004_MONDO_0005184_associated_targets_page_0011.json"", ""data\\raw\\opentargets\\26.09\\CANCER-004_MONDO_0005184_associated_targets_page_0012.json"", ""data\\raw\\opentargets\\26.09\\CANCER-004_MONDO_0005184_associated_targets_page_0013.json"", ""data\\raw\\opentargets\\26.09\\CANCER-004_MONDO_0005184_associated_targets_page_0014.json"", ""data\\raw\\opentargets\\26.09\\CANCER-004_MONDO_0005184_associated_targets_page_0015.json""]"	6aca49588d5e40466cc556e67e7ec8b7f31426ec3035e329c32bb789b7393b06
cancer_target_pair	EVID-0021	genetic_association_score		Open Targets Platform	ENSG00000115904|MONDO_0005184	26.09	https://api.platform.opentargets.org/api/v4/graphql	2026-09-30T07:41:58.308760+00:00	Aggregated evidence	opentargets-v0.2.2	"[""data\\raw\\opentargets\\26.09\\CANCER-004_MONDO_0005184_associated_targets_page_0000.json"", ""data\\raw\\opentargets\\26.09\\CANCER-004_MONDO_0005184_associated_targets_page_0001.json"", ""data\\raw\\opentargets\\26.09\\CANCER-004_MONDO_0005184_associated_targets_page_0002.json"", ""data\\raw\\opentargets\\26.09\\CANCER-004_MONDO_0005184_associated_targets_page_0003.json"", ""data\\raw\\opentargets\\26.09\\CANCER-004_MONDO_0005184_associated_targets_page_0004.json"", ""data\\raw\\opentargets\\26.09\\CANCER-004_MONDO_0005184_associated_targets_page_0005.json"", ""data\\raw\\opentargets\\26.09\\CANCER-004_MONDO_0005184_associated_targets_page_0006.json"", ""data\\raw\\opentargets\\26.09\\CANCER-004_MONDO_0005184_associated_targets_page_0007.json"", ""data\\raw\\opentargets\\26.09\\CANCER-004_MONDO_0005184_associated_targets_page_0008.json"", ""data\\raw\\opentargets\\26.09\\CANCER-004_MONDO_0005184_associated_targets_page_0009.json"", ""data\\raw\\opentargets\\26.09\\CANCER-004_MONDO_0005184_associated_targets_page_0010.json"", ""data\\raw\\opentargets\\26.09\\CANCER-004_MONDO_0005184_associated_targets_page_0011.json"", ""data\\raw\\opentargets\\26.09\\CANCER-004_MONDO_0005184_associated_targets_page_0012.json"", ""data\\raw\\opentargets\\26.09\\CANCER-004_MONDO_0005184_associated_targets_page_0013.json"", ""data\\raw\\opentargets\\26.09\\CANCER-004_MONDO_0005184_associated_targets_page_0014.json"", ""data\\raw\\opentargets\\26.09\\CANCER-004_MONDO_0005184_associated_targets_page_0015.json""]"	6aca49588d5e40466cc556e67e7ec8b7f31426ec3035e329c32bb789b7393b06
cancer_target_pair	EVID-0021	somatic_mutation_score	0.4559480982087158	Open Targets Platform	ENSG00000115904|MONDO_0005184	26.09	https://api.platform.opentargets.org/api/v4/graphql	2026-09-30T07:41:58.308760+00:00	Aggregated evidence	opentargets-v0.2.2	"[""data\\raw\\opentargets\\26.09\\CANCER-004_MONDO_0005184_associated_targets_page_0000.json"", ""data\\raw\\opentargets\\26.09\\CANCER-004_MONDO_0005184_associated_targets_page_0001.json"", ""data\\raw\\opentargets\\26.09\\CANCER-004_MONDO_0005184_associated_targets_page_0002.json"", ""data\\raw\\opentargets\\26.09\\CANCER-004_MONDO_0005184_associated_targets_page_0003.json"", ""data\\raw\\opentargets\\26.09\\CANCER-004_MONDO_0005184_associated_targets_page_0004.json"", ""data\\raw\\opentargets\\26.09\\CANCER-004_MONDO_0005184_associated_targets_page_0005.json"", ""data\\raw\\opentargets\\26.09\\CANCER-004_MONDO_0005184_associated_targets_page_0006.json"", ""data\\raw\\opentargets\\26.09\\CANCER-004_MONDO_0005184_associated_targets_page_0007.json"", ""data\\raw\\opentargets\\26.09\\CANCER-004_MONDO_0005184_associated_targets_page_0008.json"", ""data\\raw\\opentargets\\26.09\\CANCER-004_MONDO_0005184_associated_targets_page_0009.json"", ""data\\raw\\opentargets\\26.09\\CANCER-004_MONDO_0005184_associated_targets_page_0010.json"", ""data\\raw\\opentargets\\26.09\\CANCER-004_MONDO_0005184_associated_targets_page_0011.json"", ""data\\raw\\opentargets\\26.09\\CANCER-004_MONDO_0005184_associated_targets_page_0012.json"", ""data\\raw\\opentargets\\26.09\\CANCER-004_MONDO_0005184_associated_targets_page_0013.json"", ""data\\raw\\opentargets\\26.09\\CANCER-004_MONDO_0005184_associated_targets_page_0014.json"", ""data\\raw\\opentargets\\26.09\\CANCER-004_MONDO_0005184_associated_targets_page_0015.json""]"	6aca49588d5e40466cc556e67e7ec8b7f31426ec3035e329c32bb789b7393b06
cancer_target_pair	EVID-0021	known_drug_score		Open Targets Platform	ENSG00000115904|MONDO_0005184	26.09	https://api.platform.opentargets.org/api/v4/graphql	2026-09-30T07:41:58.308760+00:00	Aggregated evidence	opentargets-v0.2.2	"[""data\\raw\\opentargets\\26.09\\CANCER-004_MONDO_0005184_associated_targets_page_0000.json"", ""data\\raw\\opentargets\\26.09\\CANCER-004_MONDO_0005184_associated_targets_page_0001.json"", ""data\\raw\\opentargets\\26.09\\CANCER-004_MONDO_0005184_associated_targets_page_0002.json"", ""data\\raw\\opentargets\\26.09\\CANCER-004_MONDO_0005184_associated_targets_page_0003.json"", ""data\\raw\\opentargets\\26.09\\CANCER-004_MONDO_0005184_associated_targets_page_0004.json"", ""data\\raw\\opentargets\\26.09\\CANCER-004_MONDO_0005184_associated_targets_page_0005.json"", ""data\\raw\\opentargets\\26.09\\CANCER-004_MONDO_0005184_associated_targets_page_0006.json"", ""data\\raw\\opentargets\\26.09\\CANCER-004_MONDO_0005184_associated_targets_page_0007.json"", ""data\\raw\\opentargets\\26.09\\CANCER-004_MONDO_0005184_associated_targets_page_0008.json"", ""data\\raw\\opentargets\\26.09\\CANCER-004_MONDO_0005184_associated_targets_page_0009.json"", ""data\\raw\\opentargets\\26.09\\CANCER-004_MONDO_0005184_associated_targets_page_0010.json"", ""data\\raw\\opentargets\\26.09\\CANCER-004_MONDO_0005184_associated_targets_page_0011.json"", ""data\\raw\\opentargets\\26.09\\CANCER-004_MONDO_0005184_associated_targets_page_0012.json"", ""data\\raw\\opentargets\\26.09\\CANCER-004_MONDO_0005184_associated_targets_page_0013.json"", ""data\\raw\\opentargets\\26.09\\CANCER-004_MONDO_0005184_associated_targets_page_0014.json"", ""data\\raw\\opentargets\\26.09\\CANCER-004_MONDO_0005184_associated_targets_page_0015.json""]"	6aca49588d5e40466cc556e67e7ec8b7f31426ec3035e329c32bb789b7393b06
cancer_target_pair	EVID-0021	literature_score	0.4505024396711236	Open Targets Platform	ENSG00000115904|MONDO_0005184	26.09	https://api.platform.opentargets.org/api/v4/graphql	2026-09-30T07:41:58.308760+00:00	Aggregated evidence	opentargets-v0.2.2	"[""data\\raw\\opentargets\\26.09\\CANCER-004_MONDO_0005184_associated_targets_page_0000.json"", ""data\\raw\\opentargets\\26.09\\CANCER-004_MONDO_0005184_associated_targets_page_0001.json"", ""data\\raw\\opentargets\\26.09\\CANCER-004_MONDO_0005184_associated_targets_page_0002.json"", ""data\\raw\\opentargets\\26.09\\CANCER-004_MONDO_0005184_associated_targets_page_0003.json"", ""data\\raw\\opentargets\\26.09\\CANCER-004_MONDO_0005184_associated_targets_page_0004.json"", ""data\\raw\\opentargets\\26.09\\CANCER-004_MONDO_0005184_associated_targets_page_0005.json"", ""data\\raw\\opentargets\\26.09\\CANCER-004_MONDO_0005184_associated_targets_page_0006.json"", ""data\\raw\\opentargets\\26.09\\CANCER-004_MONDO_0005184_associated_targets_page_0007.json"", ""data\\raw\\opentargets\\26.09\\CANCER-004_MONDO_0005184_associated_targets_page_0008.json"", ""data\\raw\\opentargets\\26.09\\CANCER-004_MONDO_0005184_associated_targets_page_0009.json"", ""data\\raw\\opentargets\\26.09\\CANCER-004_MONDO_0005184_associated_targets_page_0010.json"", ""data\\raw\\opentargets\\26.09\\CANCER-004_MONDO_0005184_associated_targets_page_0011.json"", ""data\\raw\\opentargets\\26.09\\CANCER-004_MONDO_0005184_associated_targets_page_0012.json"", ""data\\raw\\opentargets\\26.09\\CANCER-004_MONDO_0005184_associated_targets_page_0013.json"", ""data\\raw\\opentargets\\26.09\\CANCER-004_MONDO_0005184_associated_targets_page_0014.json"", ""data\\raw\\opentargets\\26.09\\CANCER-004_MONDO_0005184_associated_targets_page_0015.json""]"	6aca49588d5e40466cc556e67e7ec8b7f31426ec3035e329c32bb789b7393b06
cancer_target_pair	EVID-0021	tractability_json	"[{""label"": ""Approved Drug"", ""modality"": ""SM"", ""value"": false}, {""label"": ""Advanced Clinical"", ""modality"": ""SM"", ""value"": false}, {""label"": ""Phase 1 Clinical"", ""modality"": ""SM"", ""value"": false}, {""label"": ""Structure with Ligand"", ""modality"": ""SM"", ""value"": true}, {""label"": ""High-Quality Ligand"", ""modality"": ""SM"", ""value"": true}, {""label"": ""High-Quality Pocket"", ""modality"": ""SM"", ""value"": true}, {""label"": ""Med-Quality Pocket"", ""modality"": ""SM"", ""value"": false}, {""label"": ""Druggable Family"", ""modality"": ""SM"", ""value"": false}, {""label"": ""Approved Drug"", ""modality"": ""AB"", ""value"": false}, {""label"": ""Advanced Clinical"", ""modality"": ""AB"", ""value"": false}, {""label"": ""Phase 1 Clinical"", ""modality"": ""AB"", ""value"": false}, {""label"": ""UniProt loc high conf"", ""modality"": ""AB"", ""value"": false}, {""label"": ""GO CC high conf"", ""modality"": ""AB"", ""value"": true}, {""label"": ""UniProt loc med conf"", ""modality"": ""AB"", ""value"": false}, {""label"": ""UniProt SigP or TMHMM"", ""modality"": ""AB"", ""value"": false}, {""label"": ""GO CC med conf"", ""modality"": ""AB"", ""value"": false}, {""label"": ""Human Protein Atlas loc"", ""modality"": ""AB"", ""value"": false}, {""label"": ""Approved Drug"", ""modality"": ""PR"", ""value"": false}, {""label"": ""Advanced Clinical"", ""modality"": ""PR"", ""value"": false}, {""label"": ""Phase 1 Clinical"", ""modality"": ""PR"", ""value"": false}, {""label"": ""Literature"", ""modality"": ""PR"", ""value"": false}, {""label"": ""UniProt Ubiquitination"", ""modality"": ""PR"", ""value"": false}, {""label"": ""Database Ubiquitination"", ""modality"": ""PR"", ""value"": true}, {""label"": ""Half-life Data"", ""modality"": ""PR"", ""value"": true}, {""label"": ""Small Molecule Binder"", ""modality"": ""PR"", ""value"": true}, {""label"": ""Approved Drug"", ""modality"": ""OC"", ""value"": false}, {""label"": ""Advanced Clinical"", ""modality"": ""OC"", ""value"": false}, {""label"": ""Phase 1 Clinical"", ""modality"": ""OC"", ""value"": false}]"	Open Targets Platform	ENSG00000115904|MONDO_0005184	26.09	https://api.platform.opentargets.org/api/v4/graphql	2026-09-30T07:41:58.308760+00:00	Aggregated evidence	opentargets-v0.2.2	data\raw\opentargets\26.09\target_ENSG00000115904_tractability.json	6aca49588d5e40466cc556e67e7ec8b7f31426ec3035e329c32bb789b7393b06
cancer_target_pair	EVID-0022	association_score	0.3701944989225757	Open Targets Platform	ENSG00000146648|MONDO_0005184	26.09	https://api.platform.opentargets.org/api/v4/graphql	2026-09-30T07:41:58.308760+00:00	Aggregated evidence	opentargets-v0.2.2	"[""data\\raw\\opentargets\\26.09\\CANCER-004_MONDO_0005184_associated_targets_page_0000.json"", ""data\\raw\\opentargets\\26.09\\CANCER-004_MONDO_0005184_associated_targets_page_0001.json"", ""data\\raw\\opentargets\\26.09\\CANCER-004_MONDO_0005184_associated_targets_page_0002.json"", ""data\\raw\\opentargets\\26.09\\CANCER-004_MONDO_0005184_associated_targets_page_0003.json"", ""data\\raw\\opentargets\\26.09\\CANCER-004_MONDO_0005184_associated_targets_page_0004.json"", ""data\\raw\\opentargets\\26.09\\CANCER-004_MONDO_0005184_associated_targets_page_0005.json"", ""data\\raw\\opentargets\\26.09\\CANCER-004_MONDO_0005184_associated_targets_page_0006.json"", ""data\\raw\\opentargets\\26.09\\CANCER-004_MONDO_0005184_associated_targets_page_0007.json"", ""data\\raw\\opentargets\\26.09\\CANCER-004_MONDO_0005184_associated_targets_page_0008.json"", ""data\\raw\\opentargets\\26.09\\CANCER-004_MONDO_0005184_associated_targets_page_0009.json"", ""data\\raw\\opentargets\\26.09\\CANCER-004_MONDO_0005184_associated_targets_page_0010.json"", ""data\\raw\\opentargets\\26.09\\CANCER-004_MONDO_0005184_associated_targets_page_0011.json"", ""data\\raw\\opentargets\\26.09\\CANCER-004_MONDO_0005184_associated_targets_page_0012.json"", ""data\\raw\\opentargets\\26.09\\CANCER-004_MONDO_0005184_associated_targets_page_0013.json"", ""data\\raw\\opentargets\\26.09\\CANCER-004_MONDO_0005184_associated_targets_page_0014.json"", ""data\\raw\\opentargets\\26.09\\CANCER-004_MONDO_0005184_associated_targets_page_0015.json""]"	f3c53d923150247e9f5712e0e9e39259a21c90fc9c1671a868c5f33a265bf81e
cancer_target_pair	EVID-0022	genetic_association_score		Open Targets Platform	ENSG00000146648|MONDO_0005184	26.09	https://api.platform.opentargets.org/api/v4/graphql	2026-09-30T07:41:58.308760+00:00	Aggregated evidence	opentargets-v0.2.2	"[""data\\raw\\opentargets\\26.09\\CANCER-004_MONDO_0005184_associated_targets_page_0000.json"", ""data\\raw\\opentargets\\26.09\\CANCER-004_MONDO_0005184_associated_targets_page_0001.json"", ""data\\raw\\opentargets\\26.09\\CANCER-004_MONDO_0005184_associated_targets_page_0002.json"", ""data\\raw\\opentargets\\26.09\\CANCER-004_MONDO_0005184_associated_targets_page_0003.json"", ""data\\raw\\opentargets\\26.09\\CANCER-004_MONDO_0005184_associated_targets_page_0004.json"", ""data\\raw\\opentargets\\26.09\\CANCER-004_MONDO_0005184_associated_targets_page_0005.json"", ""data\\raw\\opentargets\\26.09\\CANCER-004_MONDO_0005184_associated_targets_page_0006.json"", ""data\\raw\\opentargets\\26.09\\CANCER-004_MONDO_0005184_associated_targets_page_0007.json"", ""data\\raw\\opentargets\\26.09\\CANCER-004_MONDO_0005184_associated_targets_page_0008.json"", ""data\\raw\\opentargets\\26.09\\CANCER-004_MONDO_0005184_associated_targets_page_0009.json"", ""data\\raw\\opentargets\\26.09\\CANCER-004_MONDO_0005184_associated_targets_page_0010.json"", ""data\\raw\\opentargets\\26.09\\CANCER-004_MONDO_0005184_associated_targets_page_0011.json"", ""data\\raw\\opentargets\\26.09\\CANCER-004_MONDO_0005184_associated_targets_page_0012.json"", ""data\\raw\\opentargets\\26.09\\CANCER-004_MONDO_0005184_associated_targets_page_0013.json"", ""data\\raw\\opentargets\\26.09\\CANCER-004_MONDO_0005184_associated_targets_page_0014.json"", ""data\\raw\\opentargets\\26.09\\CANCER-004_MONDO_0005184_associated_targets_page_0015.json""]"	f3c53d923150247e9f5712e0e9e39259a21c90fc9c1671a868c5f33a265bf81e
cancer_target_pair	EVID-0022	somatic_mutation_score	0.4559480982087158	Open Targets Platform	ENSG00000146648|MONDO_0005184	26.09	https://api.platform.opentargets.org/api/v4/graphql	2026-09-30T07:41:58.308760+00:00	Aggregated evidence	opentargets-v0.2.2	"[""data\\raw\\opentargets\\26.09\\CANCER-004_MONDO_0005184_associated_targets_page_0000.json"", ""data\\raw\\opentargets\\26.09\\CANCER-004_MONDO_0005184_associated_targets_page_0001.json"", ""data\\raw\\opentargets\\26.09\\CANCER-004_MONDO_0005184_associated_targets_page_0002.json"", ""data\\raw\\opentargets\\26.09\\CANCER-004_MONDO_0005184_associated_targets_page_0003.json"", ""data\\raw\\opentargets\\26.09\\CANCER-004_MONDO_0005184_associated_targets_page_0004.json"", ""data\\raw\\opentargets\\26.09\\CANCER-004_MONDO_0005184_associated_targets_page_0005.json"", ""data\\raw\\opentargets\\26.09\\CANCER-004_MONDO_0005184_associated_targets_page_0006.json"", ""data\\raw\\opentargets\\26.09\\CANCER-004_MONDO_0005184_associated_targets_page_0007.json"", ""data\\raw\\opentargets\\26.09\\CANCER-004_MONDO_0005184_associated_targets_page_0008.json"", ""data\\raw\\opentargets\\26.09\\CANCER-004_MONDO_0005184_associated_targets_page_0009.json"", ""data\\raw\\opentargets\\26.09\\CANCER-004_MONDO_0005184_associated_targets_page_0010.json"", ""data\\raw\\opentargets\\26.09\\CANCER-004_MONDO_0005184_associated_targets_page_0011.json"", ""data\\raw\\opentargets\\26.09\\CANCER-004_MONDO_0005184_associated_targets_page_0012.json"", ""data\\raw\\opentargets\\26.09\\CANCER-004_MONDO_0005184_associated_targets_page_0013.json"", ""data\\raw\\opentargets\\26.09\\CANCER-004_MONDO_0005184_associated_targets_page_0014.json"", ""data\\raw\\opentargets\\26.09\\CANCER-004_MONDO_0005184_associated_targets_page_0015.json""]"	f3c53d923150247e9f5712e0e9e39259a21c90fc9c1671a868c5f33a265bf81e
cancer_target_pair	EVID-0022	known_drug_score		Open Targets Platform	ENSG00000146648|MONDO_0005184	26.09	https://api.platform.opentargets.org/api/v4/graphql	2026-09-30T07:41:58.308760+00:00	Aggregated evidence	opentargets-v0.2.2	"[""data\\raw\\opentargets\\26.09\\CANCER-004_MONDO_0005184_associated_targets_page_0000.json"", ""data\\raw\\opentargets\\26.09\\CANCER-004_MONDO_0005184_associated_targets_page_0001.json"", ""data\\raw\\opentargets\\26.09\\CANCER-004_MONDO_0005184_associated_targets_page_0002.json"", ""data\\raw\\opentargets\\26.09\\CANCER-004_MONDO_0005184_associated_targets_page_0003.json"", ""data\\raw\\opentargets\\26.09\\CANCER-004_MONDO_0005184_associated_targets_page_0004.json"", ""data\\raw\\opentargets\\26.09\\CANCER-004_MONDO_0005184_associated_targets_page_0005.json"", ""data\\raw\\opentargets\\26.09\\CANCER-004_MONDO_0005184_associated_targets_page_0006.json"", ""data\\raw\\opentargets\\26.09\\CANCER-004_MONDO_0005184_associated_targets_page_0007.json"", ""data\\raw\\opentargets\\26.09\\CANCER-004_MONDO_0005184_associated_targets_page_0008.json"", ""data\\raw\\opentargets\\26.09\\CANCER-004_MONDO_0005184_associated_targets_page_0009.json"", ""data\\raw\\opentargets\\26.09\\CANCER-004_MONDO_0005184_associated_targets_page_0010.json"", ""data\\raw\\opentargets\\26.09\\CANCER-004_MONDO_0005184_associated_targets_page_0011.json"", ""data\\raw\\opentargets\\26.09\\CANCER-004_MONDO_0005184_associated_targets_page_0012.json"", ""data\\raw\\opentargets\\26.09\\CANCER-004_MONDO_0005184_associated_targets_page_0013.json"", ""data\\raw\\opentargets\\26.09\\CANCER-004_MONDO_0005184_associated_targets_page_0014.json"", ""data\\raw\\opentargets\\26.09\\CANCER-004_MONDO_0005184_associated_targets_page_0015.json""]"	f3c53d923150247e9f5712e0e9e39259a21c90fc9c1671a868c5f33a265bf81e
cancer_target_pair	EVID-0022	literature_score	0.967718207405752	Open Targets Platform	ENSG00000146648|MONDO_0005184	26.09	https://api.platform.opentargets.org/api/v4/graphql	2026-09-30T07:41:58.308760+00:00	Aggregated evidence	opentargets-v0.2.2	"[""data\\raw\\opentargets\\26.09\\CANCER-004_MONDO_0005184_associated_targets_page_0000.json"", ""data\\raw\\opentargets\\26.09\\CANCER-004_MONDO_0005184_associated_targets_page_0001.json"", ""data\\raw\\opentargets\\26.09\\CANCER-004_MONDO_0005184_associated_targets_page_0002.json"", ""data\\raw\\opentargets\\26.09\\CANCER-004_MONDO_0005184_associated_targets_page_0003.json"", ""data\\raw\\opentargets\\26.09\\CANCER-004_MONDO_0005184_associated_targets_page_0004.json"", ""data\\raw\\opentargets\\26.09\\CANCER-004_MONDO_0005184_associated_targets_page_0005.json"", ""data\\raw\\opentargets\\26.09\\CANCER-004_MONDO_0005184_associated_targets_page_0006.json"", ""data\\raw\\opentargets\\26.09\\CANCER-004_MONDO_0005184_associated_targets_page_0007.json"", ""data\\raw\\opentargets\\26.09\\CANCER-004_MONDO_0005184_associated_targets_page_0008.json"", ""data\\raw\\opentargets\\26.09\\CANCER-004_MONDO_0005184_associated_targets_page_0009.json"", ""data\\raw\\opentargets\\26.09\\CANCER-004_MONDO_0005184_associated_targets_page_0010.json"", ""data\\raw\\opentargets\\26.09\\CANCER-004_MONDO_0005184_associated_targets_page_0011.json"", ""data\\raw\\opentargets\\26.09\\CANCER-004_MONDO_0005184_associated_targets_page_0012.json"", ""data\\raw\\opentargets\\26.09\\CANCER-004_MONDO_0005184_associated_targets_page_0013.json"", ""data\\raw\\opentargets\\26.09\\CANCER-004_MONDO_0005184_associated_targets_page_0014.json"", ""data\\raw\\opentargets\\26.09\\CANCER-004_MONDO_0005184_associated_targets_page_0015.json""]"	f3c53d923150247e9f5712e0e9e39259a21c90fc9c1671a868c5f33a265bf81e
cancer_target_pair	EVID-0022	tractability_json	"[{""label"": ""Approved Drug"", ""modality"": ""SM"", ""value"": true}, {""label"": ""Advanced Clinical"", ""modality"": ""SM"", ""value"": false}, {""label"": ""Phase 1 Clinical"", ""modality"": ""SM"", ""value"": false}, {""label"": ""Structure with Ligand"", ""modality"": ""SM"", ""value"": true}, {""label"": ""High-Quality Ligand"", ""modality"": ""SM"", ""value"": true}, {""label"": ""High-Quality Pocket"", ""modality"": ""SM"", ""value"": true}, {""label"": ""Med-Quality Pocket"", ""modality"": ""SM"", ""value"": false}, {""label"": ""Druggable Family"", ""modality"": ""SM"", ""value"": true}, {""label"": ""Approved Drug"", ""modality"": ""AB"", ""value"": true}, {""label"": ""Advanced Clinical"", ""modality"": ""AB"", ""value"": false}, {""label"": ""Phase 1 Clinical"", ""modality"": ""AB"", ""value"": false}, {""label"": ""UniProt loc high conf"", ""modality"": ""AB"", ""value"": true}, {""label"": ""GO CC high conf"", ""modality"": ""AB"", ""value"": true}, {""label"": ""UniProt loc med conf"", ""modality"": ""AB"", ""value"": true}, {""label"": ""UniProt SigP or TMHMM"", ""modality"": ""AB"", ""value"": true}, {""label"": ""GO CC med conf"", ""modality"": ""AB"", ""value"": false}, {""label"": ""Human Protein Atlas loc"", ""modality"": ""AB"", ""value"": true}, {""label"": ""Approved Drug"", ""modality"": ""PR"", ""value"": false}, {""label"": ""Advanced Clinical"", ""modality"": ""PR"", ""value"": false}, {""label"": ""Phase 1 Clinical"", ""modality"": ""PR"", ""value"": false}, {""label"": ""Literature"", ""modality"": ""PR"", ""value"": true}, {""label"": ""UniProt Ubiquitination"", ""modality"": ""PR"", ""value"": true}, {""label"": ""Database Ubiquitination"", ""modality"": ""PR"", ""value"": true}, {""label"": ""Half-life Data"", ""modality"": ""PR"", ""value"": true}, {""label"": ""Small Molecule Binder"", ""modality"": ""PR"", ""value"": true}, {""label"": ""Approved Drug"", ""modality"": ""OC"", ""value"": false}, {""label"": ""Advanced Clinical"", ""modality"": ""OC"", ""value"": true}, {""label"": ""Phase 1 Clinical"", ""modality"": ""OC"", ""value"": false}]"	Open Targets Platform	ENSG00000146648|MONDO_0005184	26.09	https://api.platform.opentargets.org/api/v4/graphql	2026-09-30T07:41:58.308760+00:00	Aggregated evidence	opentargets-v0.2.2	data\raw\opentargets\26.09\target_ENSG00000146648_tractability.json	f3c53d923150247e9f5712e0e9e39259a21c90fc9c1671a868c5f33a265bf81e
cancer_target_pair	EVID-0023	association_score	0.3041270133514216	Open Targets Platform	ENSG00000169032|MONDO_0005184	26.09	https://api.platform.opentargets.org/api/v4/graphql	2026-09-30T07:41:58.308760+00:00	Aggregated evidence	opentargets-v0.2.2	"[""data\\raw\\opentargets\\26.09\\CANCER-004_MONDO_0005184_associated_targets_page_0000.json"", ""data\\raw\\opentargets\\26.09\\CANCER-004_MONDO_0005184_associated_targets_page_0001.json"", ""data\\raw\\opentargets\\26.09\\CANCER-004_MONDO_0005184_associated_targets_page_0002.json"", ""data\\raw\\opentargets\\26.09\\CANCER-004_MONDO_0005184_associated_targets_page_0003.json"", ""data\\raw\\opentargets\\26.09\\CANCER-004_MONDO_0005184_associated_targets_page_0004.json"", ""data\\raw\\opentargets\\26.09\\CANCER-004_MONDO_0005184_associated_targets_page_0005.json"", ""data\\raw\\opentargets\\26.09\\CANCER-004_MONDO_0005184_associated_targets_page_0006.json"", ""data\\raw\\opentargets\\26.09\\CANCER-004_MONDO_0005184_associated_targets_page_0007.json"", ""data\\raw\\opentargets\\26.09\\CANCER-004_MONDO_0005184_associated_targets_page_0008.json"", ""data\\raw\\opentargets\\26.09\\CANCER-004_MONDO_0005184_associated_targets_page_0009.json"", ""data\\raw\\opentargets\\26.09\\CANCER-004_MONDO_0005184_associated_targets_page_0010.json"", ""data\\raw\\opentargets\\26.09\\CANCER-004_MONDO_0005184_associated_targets_page_0011.json"", ""data\\raw\\opentargets\\26.09\\CANCER-004_MONDO_0005184_associated_targets_page_0012.json"", ""data\\raw\\opentargets\\26.09\\CANCER-004_MONDO_0005184_associated_targets_page_0013.json"", ""data\\raw\\opentargets\\26.09\\CANCER-004_MONDO_0005184_associated_targets_page_0014.json"", ""data\\raw\\opentargets\\26.09\\CANCER-004_MONDO_0005184_associated_targets_page_0015.json""]"	813b99eddc12afe35c532fc3f5b2f7ab1a7fb24a40aa1170b8b347b582d79f8e
cancer_target_pair	EVID-0023	genetic_association_score		Open Targets Platform	ENSG00000169032|MONDO_0005184	26.09	https://api.platform.opentargets.org/api/v4/graphql	2026-09-30T07:41:58.308760+00:00	Aggregated evidence	opentargets-v0.2.2	"[""data\\raw\\opentargets\\26.09\\CANCER-004_MONDO_0005184_associated_targets_page_0000.json"", ""data\\raw\\opentargets\\26.09\\CANCER-004_MONDO_0005184_associated_targets_page_0001.json"", ""data\\raw\\opentargets\\26.09\\CANCER-004_MONDO_0005184_associated_targets_page_0002.json"", ""data\\raw\\opentargets\\26.09\\CANCER-004_MONDO_0005184_associated_targets_page_0003.json"", ""data\\raw\\opentargets\\26.09\\CANCER-004_MONDO_0005184_associated_targets_page_0004.json"", ""data\\raw\\opentargets\\26.09\\CANCER-004_MONDO_0005184_associated_targets_page_0005.json"", ""data\\raw\\opentargets\\26.09\\CANCER-004_MONDO_0005184_associated_targets_page_0006.json"", ""data\\raw\\opentargets\\26.09\\CANCER-004_MONDO_0005184_associated_targets_page_0007.json"", ""data\\raw\\opentargets\\26.09\\CANCER-004_MONDO_0005184_associated_targets_page_0008.json"", ""data\\raw\\opentargets\\26.09\\CANCER-004_MONDO_0005184_associated_targets_page_0009.json"", ""data\\raw\\opentargets\\26.09\\CANCER-004_MONDO_0005184_associated_targets_page_0010.json"", ""data\\raw\\opentargets\\26.09\\CANCER-004_MONDO_0005184_associated_targets_page_0011.json"", ""data\\raw\\opentargets\\26.09\\CANCER-004_MONDO_0005184_associated_targets_page_0012.json"", ""data\\raw\\opentargets\\26.09\\CANCER-004_MONDO_0005184_associated_targets_page_0013.json"", ""data\\raw\\opentargets\\26.09\\CANCER-004_MONDO_0005184_associated_targets_page_0014.json"", ""data\\raw\\opentargets\\26.09\\CANCER-004_MONDO_0005184_associated_targets_page_0015.json""]"	813b99eddc12afe35c532fc3f5b2f7ab1a7fb24a40aa1170b8b347b582d79f8e
cancer_target_pair	EVID-0023	somatic_mutation_score	0.4559480982087158	Open Targets Platform	ENSG00000169032|MONDO_0005184	26.09	https://api.platform.opentargets.org/api/v4/graphql	2026-09-30T07:41:58.308760+00:00	Aggregated evidence	opentargets-v0.2.2	"[""data\\raw\\opentargets\\26.09\\CANCER-004_MONDO_0005184_associated_targets_page_0000.json"", ""data\\raw\\opentargets\\26.09\\CANCER-004_MONDO_0005184_associated_targets_page_0001.json"", ""data\\raw\\opentargets\\26.09\\CANCER-004_MONDO_0005184_associated_targets_page_0002.json"", ""data\\raw\\opentargets\\26.09\\CANCER-004_MONDO_0005184_associated_targets_page_0003.json"", ""data\\raw\\opentargets\\26.09\\CANCER-004_MONDO_0005184_associated_targets_page_0004.json"", ""data\\raw\\opentargets\\26.09\\CANCER-004_MONDO_0005184_associated_targets_page_0005.json"", ""data\\raw\\opentargets\\26.09\\CANCER-004_MONDO_0005184_associated_targets_page_0006.json"", ""data\\raw\\opentargets\\26.09\\CANCER-004_MONDO_0005184_associated_targets_page_0007.json"", ""data\\raw\\opentargets\\26.09\\CANCER-004_MONDO_0005184_associated_targets_page_0008.json"", ""data\\raw\\opentargets\\26.09\\CANCER-004_MONDO_0005184_associated_targets_page_0009.json"", ""data\\raw\\opentargets\\26.09\\CANCER-004_MONDO_0005184_associated_targets_page_0010.json"", ""data\\raw\\opentargets\\26.09\\CANCER-004_MONDO_0005184_associated_targets_page_0011.json"", ""data\\raw\\opentargets\\26.09\\CANCER-004_MONDO_0005184_associated_targets_page_0012.json"", ""data\\raw\\opentargets\\26.09\\CANCER-004_MONDO_0005184_associated_targets_page_0013.json"", ""data\\raw\\opentargets\\26.09\\CANCER-004_MONDO_0005184_associated_targets_page_0014.json"", ""data\\raw\\opentargets\\26.09\\CANCER-004_MONDO_0005184_associated_targets_page_0015.json""]"	813b99eddc12afe35c532fc3f5b2f7ab1a7fb24a40aa1170b8b347b582d79f8e
cancer_target_pair	EVID-0023	known_drug_score		Open Targets Platform	ENSG00000169032|MONDO_0005184	26.09	https://api.platform.opentargets.org/api/v4/graphql	2026-09-30T07:41:58.308760+00:00	Aggregated evidence	opentargets-v0.2.2	"[""data\\raw\\opentargets\\26.09\\CANCER-004_MONDO_0005184_associated_targets_page_0000.json"", ""data\\raw\\opentargets\\26.09\\CANCER-004_MONDO_0005184_associated_targets_page_0001.json"", ""data\\raw\\opentargets\\26.09\\CANCER-004_MONDO_0005184_associated_targets_page_0002.json"", ""data\\raw\\opentargets\\26.09\\CANCER-004_MONDO_0005184_associated_targets_page_0003.json"", ""data\\raw\\opentargets\\26.09\\CANCER-004_MONDO_0005184_associated_targets_page_0004.json"", ""data\\raw\\opentargets\\26.09\\CANCER-004_MONDO_0005184_associated_targets_page_0005.json"", ""data\\raw\\opentargets\\26.09\\CANCER-004_MONDO_0005184_associated_targets_page_0006.json"", ""data\\raw\\opentargets\\26.09\\CANCER-004_MONDO_0005184_associated_targets_page_0007.json"", ""data\\raw\\opentargets\\26.09\\CANCER-004_MONDO_0005184_associated_targets_page_0008.json"", ""data\\raw\\opentargets\\26.09\\CANCER-004_MONDO_0005184_associated_targets_page_0009.json"", ""data\\raw\\opentargets\\26.09\\CANCER-004_MONDO_0005184_associated_targets_page_0010.json"", ""data\\raw\\opentargets\\26.09\\CANCER-004_MONDO_0005184_associated_targets_page_0011.json"", ""data\\raw\\opentargets\\26.09\\CANCER-004_MONDO_0005184_associated_targets_page_0012.json"", ""data\\raw\\opentargets\\26.09\\CANCER-004_MONDO_0005184_associated_targets_page_0013.json"", ""data\\raw\\opentargets\\26.09\\CANCER-004_MONDO_0005184_associated_targets_page_0014.json"", ""data\\raw\\opentargets\\26.09\\CANCER-004_MONDO_0005184_associated_targets_page_0015.json""]"	813b99eddc12afe35c532fc3f5b2f7ab1a7fb24a40aa1170b8b347b582d79f8e
cancer_target_pair	EVID-0023	literature_score	0.18323470335156472	Open Targets Platform	ENSG00000169032|MONDO_0005184	26.09	https://api.platform.opentargets.org/api/v4/graphql	2026-09-30T07:41:58.308760+00:00	Aggregated evidence	opentargets-v0.2.2	"[""data\\raw\\opentargets\\26.09\\CANCER-004_MONDO_0005184_associated_targets_page_0000.json"", ""data\\raw\\opentargets\\26.09\\CANCER-004_MONDO_0005184_associated_targets_page_0001.json"", ""data\\raw\\opentargets\\26.09\\CANCER-004_MONDO_0005184_associated_targets_page_0002.json"", ""data\\raw\\opentargets\\26.09\\CANCER-004_MONDO_0005184_associated_targets_page_0003.json"", ""data\\raw\\opentargets\\26.09\\CANCER-004_MONDO_0005184_associated_targets_page_0004.json"", ""data\\raw\\opentargets\\26.09\\CANCER-004_MONDO_0005184_associated_targets_page_0005.json"", ""data\\raw\\opentargets\\26.09\\CANCER-004_MONDO_0005184_associated_targets_page_0006.json"", ""data\\raw\\opentargets\\26.09\\CANCER-004_MONDO_0005184_associated_targets_page_0007.json"", ""data\\raw\\opentargets\\26.09\\CANCER-004_MONDO_0005184_associated_targets_page_0008.json"", ""data\\raw\\opentargets\\26.09\\CANCER-004_MONDO_0005184_associated_targets_page_0009.json"", ""data\\raw\\opentargets\\26.09\\CANCER-004_MONDO_0005184_associated_targets_page_0010.json"", ""data\\raw\\opentargets\\26.09\\CANCER-004_MONDO_0005184_associated_targets_page_0011.json"", ""data\\raw\\opentargets\\26.09\\CANCER-004_MONDO_0005184_associated_targets_page_0012.json"", ""data\\raw\\opentargets\\26.09\\CANCER-004_MONDO_0005184_associated_targets_page_0013.json"", ""data\\raw\\opentargets\\26.09\\CANCER-004_MONDO_0005184_associated_targets_page_0014.json"", ""data\\raw\\opentargets\\26.09\\CANCER-004_MONDO_0005184_associated_targets_page_0015.json""]"	813b99eddc12afe35c532fc3f5b2f7ab1a7fb24a40aa1170b8b347b582d79f8e
cancer_target_pair	EVID-0023	tractability_json	"[{""label"": ""Approved Drug"", ""modality"": ""SM"", ""value"": true}, {""label"": ""Advanced Clinical"", ""modality"": ""SM"", ""value"": false}, {""label"": ""Phase 1 Clinical"", ""modality"": ""SM"", ""value"": false}, {""label"": ""Structure with Ligand"", ""modality"": ""SM"", ""value"": true}, {""label"": ""High-Quality Ligand"", ""modality"": ""SM"", ""value"": true}, {""label"": ""High-Quality Pocket"", ""modality"": ""SM"", ""value"": true}, {""label"": ""Med-Quality Pocket"", ""modality"": ""SM"", ""value"": false}, {""label"": ""Druggable Family"", ""modality"": ""SM"", ""value"": true}, {""label"": ""Approved Drug"", ""modality"": ""AB"", ""value"": false}, {""label"": ""Advanced Clinical"", ""modality"": ""AB"", ""value"": false}, {""label"": ""Phase 1 Clinical"", ""modality"": ""AB"", ""value"": false}, {""label"": ""UniProt loc high conf"", ""modality"": ""AB"", ""value"": true}, {""label"": ""GO CC high conf"", ""modality"": ""AB"", ""value"": true}, {""label"": ""UniProt loc med conf"", ""modality"": ""AB"", ""value"": false}, {""label"": ""UniProt SigP or TMHMM"", ""modality"": ""AB"", ""value"": false}, {""label"": ""GO CC med conf"", ""modality"": ""AB"", ""value"": false}, {""label"": ""Human Protein Atlas loc"", ""modality"": ""AB"", ""value"": true}, {""label"": ""Approved Drug"", ""modality"": ""PR"", ""value"": false}, {""label"": ""Advanced Clinical"", ""modality"": ""PR"", ""value"": false}, {""label"": ""Phase 1 Clinical"", ""modality"": ""PR"", ""value"": false}, {""label"": ""Literature"", ""modality"": ""PR"", ""value"": true}, {""label"": ""UniProt Ubiquitination"", ""modality"": ""PR"", ""value"": false}, {""label"": ""Database Ubiquitination"", ""modality"": ""PR"", ""value"": true}, {""label"": ""Half-life Data"", ""modality"": ""PR"", ""value"": true}, {""label"": ""Small Molecule Binder"", ""modality"": ""PR"", ""value"": true}, {""label"": ""Approved Drug"", ""modality"": ""OC"", ""value"": false}, {""label"": ""Advanced Clinical"", ""modality"": ""OC"", ""value"": false}, {""label"": ""Phase 1 Clinical"", ""modality"": ""OC"", ""value"": false}]"	Open Targets Platform	ENSG00000169032|MONDO_0005184	26.09	https://api.platform.opentargets.org/api/v4/graphql	2026-09-30T07:41:58.308760+00:00	Aggregated evidence	opentargets-v0.2.2	data\raw\opentargets\26.09\target_ENSG00000169032_tractability.json	813b99eddc12afe35c532fc3f5b2f7ab1a7fb24a40aa1170b8b347b582d79f8e
cancer_target_pair	EVID-0024	association_score	0.09448383800436631	Open Targets Platform	ENSG00000177169|MONDO_0005184	26.09	https://api.platform.opentargets.org/api/v4/graphql	2026-09-30T07:41:58.308760+00:00	Aggregated evidence	opentargets-v0.2.2	"[""data\\raw\\opentargets\\26.09\\CANCER-004_MONDO_0005184_associated_targets_page_0000.json"", ""data\\raw\\opentargets\\26.09\\CANCER-004_MONDO_0005184_associated_targets_page_0001.json"", ""data\\raw\\opentargets\\26.09\\CANCER-004_MONDO_0005184_associated_targets_page_0002.json"", ""data\\raw\\opentargets\\26.09\\CANCER-004_MONDO_0005184_associated_targets_page_0003.json"", ""data\\raw\\opentargets\\26.09\\CANCER-004_MONDO_0005184_associated_targets_page_0004.json"", ""data\\raw\\opentargets\\26.09\\CANCER-004_MONDO_0005184_associated_targets_page_0005.json"", ""data\\raw\\opentargets\\26.09\\CANCER-004_MONDO_0005184_associated_targets_page_0006.json"", ""data\\raw\\opentargets\\26.09\\CANCER-004_MONDO_0005184_associated_targets_page_0007.json"", ""data\\raw\\opentargets\\26.09\\CANCER-004_MONDO_0005184_associated_targets_page_0008.json"", ""data\\raw\\opentargets\\26.09\\CANCER-004_MONDO_0005184_associated_targets_page_0009.json"", ""data\\raw\\opentargets\\26.09\\CANCER-004_MONDO_0005184_associated_targets_page_0010.json"", ""data\\raw\\opentargets\\26.09\\CANCER-004_MONDO_0005184_associated_targets_page_0011.json"", ""data\\raw\\opentargets\\26.09\\CANCER-004_MONDO_0005184_associated_targets_page_0012.json"", ""data\\raw\\opentargets\\26.09\\CANCER-004_MONDO_0005184_associated_targets_page_0013.json"", ""data\\raw\\opentargets\\26.09\\CANCER-004_MONDO_0005184_associated_targets_page_0014.json"", ""data\\raw\\opentargets\\26.09\\CANCER-004_MONDO_0005184_associated_targets_page_0015.json""]"	15dc32dcdb1c69dc418c8525972416f50648928b0d6604443cfe3b1b82b2f42e
cancer_target_pair	EVID-0024	genetic_association_score		Open Targets Platform	ENSG00000177169|MONDO_0005184	26.09	https://api.platform.opentargets.org/api/v4/graphql	2026-09-30T07:41:58.308760+00:00	Aggregated evidence	opentargets-v0.2.2	"[""data\\raw\\opentargets\\26.09\\CANCER-004_MONDO_0005184_associated_targets_page_0000.json"", ""data\\raw\\opentargets\\26.09\\CANCER-004_MONDO_0005184_associated_targets_page_0001.json"", ""data\\raw\\opentargets\\26.09\\CANCER-004_MONDO_0005184_associated_targets_page_0002.json"", ""data\\raw\\opentargets\\26.09\\CANCER-004_MONDO_0005184_associated_targets_page_0003.json"", ""data\\raw\\opentargets\\26.09\\CANCER-004_MONDO_0005184_associated_targets_page_0004.json"", ""data\\raw\\opentargets\\26.09\\CANCER-004_MONDO_0005184_associated_targets_page_0005.json"", ""data\\raw\\opentargets\\26.09\\CANCER-004_MONDO_0005184_associated_targets_page_0006.json"", ""data\\raw\\opentargets\\26.09\\CANCER-004_MONDO_0005184_associated_targets_page_0007.json"", ""data\\raw\\opentargets\\26.09\\CANCER-004_MONDO_0005184_associated_targets_page_0008.json"", ""data\\raw\\opentargets\\26.09\\CANCER-004_MONDO_0005184_associated_targets_page_0009.json"", ""data\\raw\\opentargets\\26.09\\CANCER-004_MONDO_0005184_associated_targets_page_0010.json"", ""data\\raw\\opentargets\\26.09\\CANCER-004_MONDO_0005184_associated_targets_page_0011.json"", ""data\\raw\\opentargets\\26.09\\CANCER-004_MONDO_0005184_associated_targets_page_0012.json"", ""data\\raw\\opentargets\\26.09\\CANCER-004_MONDO_0005184_associated_targets_page_0013.json"", ""data\\raw\\opentargets\\26.09\\CANCER-004_MONDO_0005184_associated_targets_page_0014.json"", ""data\\raw\\opentargets\\26.09\\CANCER-004_MONDO_0005184_associated_targets_page_0015.json""]"	15dc32dcdb1c69dc418c8525972416f50648928b0d6604443cfe3b1b82b2f42e
cancer_target_pair	EVID-0024	somatic_mutation_score		Open Targets Platform	ENSG00000177169|MONDO_0005184	26.09	https://api.platform.opentargets.org/api/v4/graphql	2026-09-30T07:41:58.308760+00:00	Aggregated evidence	opentargets-v0.2.2	"[""data\\raw\\opentargets\\26.09\\CANCER-004_MONDO_0005184_associated_targets_page_0000.json"", ""data\\raw\\opentargets\\26.09\\CANCER-004_MONDO_0005184_associated_targets_page_0001.json"", ""data\\raw\\opentargets\\26.09\\CANCER-004_MONDO_0005184_associated_targets_page_0002.json"", ""data\\raw\\opentargets\\26.09\\CANCER-004_MONDO_0005184_associated_targets_page_0003.json"", ""data\\raw\\opentargets\\26.09\\CANCER-004_MONDO_0005184_associated_targets_page_0004.json"", ""data\\raw\\opentargets\\26.09\\CANCER-004_MONDO_0005184_associated_targets_page_0005.json"", ""data\\raw\\opentargets\\26.09\\CANCER-004_MONDO_0005184_associated_targets_page_0006.json"", ""data\\raw\\opentargets\\26.09\\CANCER-004_MONDO_0005184_associated_targets_page_0007.json"", ""data\\raw\\opentargets\\26.09\\CANCER-004_MONDO_0005184_associated_targets_page_0008.json"", ""data\\raw\\opentargets\\26.09\\CANCER-004_MONDO_0005184_associated_targets_page_0009.json"", ""data\\raw\\opentargets\\26.09\\CANCER-004_MONDO_0005184_associated_targets_page_0010.json"", ""data\\raw\\opentargets\\26.09\\CANCER-004_MONDO_0005184_associated_targets_page_0011.json"", ""data\\raw\\opentargets\\26.09\\CANCER-004_MONDO_0005184_associated_targets_page_0012.json"", ""data\\raw\\opentargets\\26.09\\CANCER-004_MONDO_0005184_associated_targets_page_0013.json"", ""data\\raw\\opentargets\\26.09\\CANCER-004_MONDO_0005184_associated_targets_page_0014.json"", ""data\\raw\\opentargets\\26.09\\CANCER-004_MONDO_0005184_associated_targets_page_0015.json""]"	15dc32dcdb1c69dc418c8525972416f50648928b0d6604443cfe3b1b82b2f42e
cancer_target_pair	EVID-0024	known_drug_score		Open Targets Platform	ENSG00000177169|MONDO_0005184	26.09	https://api.platform.opentargets.org/api/v4/graphql	2026-09-30T07:41:58.308760+00:00	Aggregated evidence	opentargets-v0.2.2	"[""data\\raw\\opentargets\\26.09\\CANCER-004_MONDO_0005184_associated_targets_page_0000.json"", ""data\\raw\\opentargets\\26.09\\CANCER-004_MONDO_0005184_associated_targets_page_0001.json"", ""data\\raw\\opentargets\\26.09\\CANCER-004_MONDO_0005184_associated_targets_page_0002.json"", ""data\\raw\\opentargets\\26.09\\CANCER-004_MONDO_0005184_associated_targets_page_0003.json"", ""data\\raw\\opentargets\\26.09\\CANCER-004_MONDO_0005184_associated_targets_page_0004.json"", ""data\\raw\\opentargets\\26.09\\CANCER-004_MONDO_0005184_associated_targets_page_0005.json"", ""data\\raw\\opentargets\\26.09\\CANCER-004_MONDO_0005184_associated_targets_page_0006.json"", ""data\\raw\\opentargets\\26.09\\CANCER-004_MONDO_0005184_associated_targets_page_0007.json"", ""data\\raw\\opentargets\\26.09\\CANCER-004_MONDO_0005184_associated_targets_page_0008.json"", ""data\\raw\\opentargets\\26.09\\CANCER-004_MONDO_0005184_associated_targets_page_0009.json"", ""data\\raw\\opentargets\\26.09\\CANCER-004_MONDO_0005184_associated_targets_page_0010.json"", ""data\\raw\\opentargets\\26.09\\CANCER-004_MONDO_0005184_associated_targets_page_0011.json"", ""data\\raw\\opentargets\\26.09\\CANCER-004_MONDO_0005184_associated_targets_page_0012.json"", ""data\\raw\\opentargets\\26.09\\CANCER-004_MONDO_0005184_associated_targets_page_0013.json"", ""data\\raw\\opentargets\\26.09\\CANCER-004_MONDO_0005184_associated_targets_page_0014.json"", ""data\\raw\\opentargets\\26.09\\CANCER-004_MONDO_0005184_associated_targets_page_0015.json""]"	15dc32dcdb1c69dc418c8525972416f50648928b0d6604443cfe3b1b82b2f42e
cancer_target_pair	EVID-0024	literature_score	0.7770936953314848	Open Targets Platform	ENSG00000177169|MONDO_0005184	26.09	https://api.platform.opentargets.org/api/v4/graphql	2026-09-30T07:41:58.308760+00:00	Aggregated evidence	opentargets-v0.2.2	"[""data\\raw\\opentargets\\26.09\\CANCER-004_MONDO_0005184_associated_targets_page_0000.json"", ""data\\raw\\opentargets\\26.09\\CANCER-004_MONDO_0005184_associated_targets_page_0001.json"", ""data\\raw\\opentargets\\26.09\\CANCER-004_MONDO_0005184_associated_targets_page_0002.json"", ""data\\raw\\opentargets\\26.09\\CANCER-004_MONDO_0005184_associated_targets_page_0003.json"", ""data\\raw\\opentargets\\26.09\\CANCER-004_MONDO_0005184_associated_targets_page_0004.json"", ""data\\raw\\opentargets\\26.09\\CANCER-004_MONDO_0005184_associated_targets_page_0005.json"", ""data\\raw\\opentargets\\26.09\\CANCER-004_MONDO_0005184_associated_targets_page_0006.json"", ""data\\raw\\opentargets\\26.09\\CANCER-004_MONDO_0005184_associated_targets_page_0007.json"", ""data\\raw\\opentargets\\26.09\\CANCER-004_MONDO_0005184_associated_targets_page_0008.json"", ""data\\raw\\opentargets\\26.09\\CANCER-004_MONDO_0005184_associated_targets_page_0009.json"", ""data\\raw\\opentargets\\26.09\\CANCER-004_MONDO_0005184_associated_targets_page_0010.json"", ""data\\raw\\opentargets\\26.09\\CANCER-004_MONDO_0005184_associated_targets_page_0011.json"", ""data\\raw\\opentargets\\26.09\\CANCER-004_MONDO_0005184_associated_targets_page_0012.json"", ""data\\raw\\opentargets\\26.09\\CANCER-004_MONDO_0005184_associated_targets_page_0013.json"", ""data\\raw\\opentargets\\26.09\\CANCER-004_MONDO_0005184_associated_targets_page_0014.json"", ""data\\raw\\opentargets\\26.09\\CANCER-004_MONDO_0005184_associated_targets_page_0015.json""]"	15dc32dcdb1c69dc418c8525972416f50648928b0d6604443cfe3b1b82b2f42e
cancer_target_pair	EVID-0024	tractability_json	"[{""label"": ""Approved Drug"", ""modality"": ""SM"", ""value"": false}, {""label"": ""Advanced Clinical"", ""modality"": ""SM"", ""value"": false}, {""label"": ""Phase 1 Clinical"", ""modality"": ""SM"", ""value"": false}, {""label"": ""Structure with Ligand"", ""modality"": ""SM"", ""value"": true}, {""label"": ""High-Quality Ligand"", ""modality"": ""SM"", ""value"": true}, {""label"": ""High-Quality Pocket"", ""modality"": ""SM"", ""value"": false}, {""label"": ""Med-Quality Pocket"", ""modality"": ""SM"", ""value"": false}, {""label"": ""Druggable Family"", ""modality"": ""SM"", ""value"": true}, {""label"": ""Approved Drug"", ""modality"": ""AB"", ""value"": false}, {""label"": ""Advanced Clinical"", ""modality"": ""AB"", ""value"": false}, {""label"": ""Phase 1 Clinical"", ""modality"": ""AB"", ""value"": false}, {""label"": ""UniProt loc high conf"", ""modality"": ""AB"", ""value"": false}, {""label"": ""GO CC high conf"", ""modality"": ""AB"", ""value"": false}, {""label"": ""UniProt loc med conf"", ""modality"": ""AB"", ""value"": false}, {""label"": ""UniProt SigP or TMHMM"", ""modality"": ""AB"", ""value"": false}, {""label"": ""GO CC med conf"", ""modality"": ""AB"", ""value"": false}, {""label"": ""Human Protein Atlas loc"", ""modality"": ""AB"", ""value"": false}, {""label"": ""Approved Drug"", ""modality"": ""PR"", ""value"": false}, {""label"": ""Advanced Clinical"", ""modality"": ""PR"", ""value"": false}, {""label"": ""Phase 1 Clinical"", ""modality"": ""PR"", ""value"": false}, {""label"": ""Literature"", ""modality"": ""PR"", ""value"": true}, {""label"": ""UniProt Ubiquitination"", ""modality"": ""PR"", ""value"": true}, {""label"": ""Database Ubiquitination"", ""modality"": ""PR"", ""value"": true}, {""label"": ""Half-life Data"", ""modality"": ""PR"", ""value"": true}, {""label"": ""Small Molecule Binder"", ""modality"": ""PR"", ""value"": true}, {""label"": ""Approved Drug"", ""modality"": ""OC"", ""value"": false}, {""label"": ""Advanced Clinical"", ""modality"": ""OC"", ""value"": false}, {""label"": ""Phase 1 Clinical"", ""modality"": ""OC"", ""value"": false}]"	Open Targets Platform	ENSG00000177169|MONDO_0005184	26.09	https://api.platform.opentargets.org/api/v4/graphql	2026-09-30T07:41:58.308760+00:00	Aggregated evidence	opentargets-v0.2.2	data\raw\opentargets\26.09\target_ENSG00000177169_tractability.json	15dc32dcdb1c69dc418c8525972416f50648928b0d6604443cfe3b1b82b2f42e
cancer_target_pair	EVID-0025	association_score	0.30708076639295556	Open Targets Platform	ENSG00000121879|MONDO_0005184	26.09	https://api.platform.opentargets.org/api/v4/graphql	2026-09-30T07:41:58.308760+00:00	Aggregated evidence	opentargets-v0.2.2	"[""data\\raw\\opentargets\\26.09\\CANCER-004_MONDO_0005184_associated_targets_page_0000.json"", ""data\\raw\\opentargets\\26.09\\CANCER-004_MONDO_0005184_associated_targets_page_0001.json"", ""data\\raw\\opentargets\\26.09\\CANCER-004_MONDO_0005184_associated_targets_page_0002.json"", ""data\\raw\\opentargets\\26.09\\CANCER-004_MONDO_0005184_associated_targets_page_0003.json"", ""data\\raw\\opentargets\\26.09\\CANCER-004_MONDO_0005184_associated_targets_page_0004.json"", ""data\\raw\\opentargets\\26.09\\CANCER-004_MONDO_0005184_associated_targets_page_0005.json"", ""data\\raw\\opentargets\\26.09\\CANCER-004_MONDO_0005184_associated_targets_page_0006.json"", ""data\\raw\\opentargets\\26.09\\CANCER-004_MONDO_0005184_associated_targets_page_0007.json"", ""data\\raw\\opentargets\\26.09\\CANCER-004_MONDO_0005184_associated_targets_page_0008.json"", ""data\\raw\\opentargets\\26.09\\CANCER-004_MONDO_0005184_associated_targets_page_0009.json"", ""data\\raw\\opentargets\\26.09\\CANCER-004_MONDO_0005184_associated_targets_page_0010.json"", ""data\\raw\\opentargets\\26.09\\CANCER-004_MONDO_0005184_associated_targets_page_0011.json"", ""data\\raw\\opentargets\\26.09\\CANCER-004_MONDO_0005184_associated_targets_page_0012.json"", ""data\\raw\\opentargets\\26.09\\CANCER-004_MONDO_0005184_associated_targets_page_0013.json"", ""data\\raw\\opentargets\\26.09\\CANCER-004_MONDO_0005184_associated_targets_page_0014.json"", ""data\\raw\\opentargets\\26.09\\CANCER-004_MONDO_0005184_associated_targets_page_0015.json""]"	ad092fb1025aa104d99274d2ba031725f77be5ebd64c1d332ae5d3646d0daf8d
cancer_target_pair	EVID-0025	genetic_association_score		Open Targets Platform	ENSG00000121879|MONDO_0005184	26.09	https://api.platform.opentargets.org/api/v4/graphql	2026-09-30T07:41:58.308760+00:00	Aggregated evidence	opentargets-v0.2.2	"[""data\\raw\\opentargets\\26.09\\CANCER-004_MONDO_0005184_associated_targets_page_0000.json"", ""data\\raw\\opentargets\\26.09\\CANCER-004_MONDO_0005184_associated_targets_page_0001.json"", ""data\\raw\\opentargets\\26.09\\CANCER-004_MONDO_0005184_associated_targets_page_0002.json"", ""data\\raw\\opentargets\\26.09\\CANCER-004_MONDO_0005184_associated_targets_page_0003.json"", ""data\\raw\\opentargets\\26.09\\CANCER-004_MONDO_0005184_associated_targets_page_0004.json"", ""data\\raw\\opentargets\\26.09\\CANCER-004_MONDO_0005184_associated_targets_page_0005.json"", ""data\\raw\\opentargets\\26.09\\CANCER-004_MONDO_0005184_associated_targets_page_0006.json"", ""data\\raw\\opentargets\\26.09\\CANCER-004_MONDO_0005184_associated_targets_page_0007.json"", ""data\\raw\\opentargets\\26.09\\CANCER-004_MONDO_0005184_associated_targets_page_0008.json"", ""data\\raw\\opentargets\\26.09\\CANCER-004_MONDO_0005184_associated_targets_page_0009.json"", ""data\\raw\\opentargets\\26.09\\CANCER-004_MONDO_0005184_associated_targets_page_0010.json"", ""data\\raw\\opentargets\\26.09\\CANCER-004_MONDO_0005184_associated_targets_page_0011.json"", ""data\\raw\\opentargets\\26.09\\CANCER-004_MONDO_0005184_associated_targets_page_0012.json"", ""data\\raw\\opentargets\\26.09\\CANCER-004_MONDO_0005184_associated_targets_page_0013.json"", ""data\\raw\\opentargets\\26.09\\CANCER-004_MONDO_0005184_associated_targets_page_0014.json"", ""data\\raw\\opentargets\\26.09\\CANCER-004_MONDO_0005184_associated_targets_page_0015.json""]"	ad092fb1025aa104d99274d2ba031725f77be5ebd64c1d332ae5d3646d0daf8d
cancer_target_pair	EVID-0025	somatic_mutation_score	0.4559480982087158	Open Targets Platform	ENSG00000121879|MONDO_0005184	26.09	https://api.platform.opentargets.org/api/v4/graphql	2026-09-30T07:41:58.308760+00:00	Aggregated evidence	opentargets-v0.2.2	"[""data\\raw\\opentargets\\26.09\\CANCER-004_MONDO_0005184_associated_targets_page_0000.json"", ""data\\raw\\opentargets\\26.09\\CANCER-004_MONDO_0005184_associated_targets_page_0001.json"", ""data\\raw\\opentargets\\26.09\\CANCER-004_MONDO_0005184_associated_targets_page_0002.json"", ""data\\raw\\opentargets\\26.09\\CANCER-004_MONDO_0005184_associated_targets_page_0003.json"", ""data\\raw\\opentargets\\26.09\\CANCER-004_MONDO_0005184_associated_targets_page_0004.json"", ""data\\raw\\opentargets\\26.09\\CANCER-004_MONDO_0005184_associated_targets_page_0005.json"", ""data\\raw\\opentargets\\26.09\\CANCER-004_MONDO_0005184_associated_targets_page_0006.json"", ""data\\raw\\opentargets\\26.09\\CANCER-004_MONDO_0005184_associated_targets_page_0007.json"", ""data\\raw\\opentargets\\26.09\\CANCER-004_MONDO_0005184_associated_targets_page_0008.json"", ""data\\raw\\opentargets\\26.09\\CANCER-004_MONDO_0005184_associated_targets_page_0009.json"", ""data\\raw\\opentargets\\26.09\\CANCER-004_MONDO_0005184_associated_targets_page_0010.json"", ""data\\raw\\opentargets\\26.09\\CANCER-004_MONDO_0005184_associated_targets_page_0011.json"", ""data\\raw\\opentargets\\26.09\\CANCER-004_MONDO_0005184_associated_targets_page_0012.json"", ""data\\raw\\opentargets\\26.09\\CANCER-004_MONDO_0005184_associated_targets_page_0013.json"", ""data\\raw\\opentargets\\26.09\\CANCER-004_MONDO_0005184_associated_targets_page_0014.json"", ""data\\raw\\opentargets\\26.09\\CANCER-004_MONDO_0005184_associated_targets_page_0015.json""]"	ad092fb1025aa104d99274d2ba031725f77be5ebd64c1d332ae5d3646d0daf8d
cancer_target_pair	EVID-0025	known_drug_score		Open Targets Platform	ENSG00000121879|MONDO_0005184	26.09	https://api.platform.opentargets.org/api/v4/graphql	2026-09-30T07:41:58.308760+00:00	Aggregated evidence	opentargets-v0.2.2	"[""data\\raw\\opentargets\\26.09\\CANCER-004_MONDO_0005184_associated_targets_page_0000.json"", ""data\\raw\\opentargets\\26.09\\CANCER-004_MONDO_0005184_associated_targets_page_0001.json"", ""data\\raw\\opentargets\\26.09\\CANCER-004_MONDO_0005184_associated_targets_page_0002.json"", ""data\\raw\\opentargets\\26.09\\CANCER-004_MONDO_0005184_associated_targets_page_0003.json"", ""data\\raw\\opentargets\\26.09\\CANCER-004_MONDO_0005184_associated_targets_page_0004.json"", ""data\\raw\\opentargets\\26.09\\CANCER-004_MONDO_0005184_associated_targets_page_0005.json"", ""data\\raw\\opentargets\\26.09\\CANCER-004_MONDO_0005184_associated_targets_page_0006.json"", ""data\\raw\\opentargets\\26.09\\CANCER-004_MONDO_0005184_associated_targets_page_0007.json"", ""data\\raw\\opentargets\\26.09\\CANCER-004_MONDO_0005184_associated_targets_page_0008.json"", ""data\\raw\\opentargets\\26.09\\CANCER-004_MONDO_0005184_associated_targets_page_0009.json"", ""data\\raw\\opentargets\\26.09\\CANCER-004_MONDO_0005184_associated_targets_page_0010.json"", ""data\\raw\\opentargets\\26.09\\CANCER-004_MONDO_0005184_associated_targets_page_0011.json"", ""data\\raw\\opentargets\\26.09\\CANCER-004_MONDO_0005184_associated_targets_page_0012.json"", ""data\\raw\\opentargets\\26.09\\CANCER-004_MONDO_0005184_associated_targets_page_0013.json"", ""data\\raw\\opentargets\\26.09\\CANCER-004_MONDO_0005184_associated_targets_page_0014.json"", ""data\\raw\\opentargets\\26.09\\CANCER-004_MONDO_0005184_associated_targets_page_0015.json""]"	ad092fb1025aa104d99274d2ba031725f77be5ebd64c1d332ae5d3646d0daf8d
cancer_target_pair	EVID-0025	literature_score	0.7133374326471119	Open Targets Platform	ENSG00000121879|MONDO_0005184	26.09	https://api.platform.opentargets.org/api/v4/graphql	2026-09-30T07:41:58.308760+00:00	Aggregated evidence	opentargets-v0.2.2	"[""data\\raw\\opentargets\\26.09\\CANCER-004_MONDO_0005184_associated_targets_page_0000.json"", ""data\\raw\\opentargets\\26.09\\CANCER-004_MONDO_0005184_associated_targets_page_0001.json"", ""data\\raw\\opentargets\\26.09\\CANCER-004_MONDO_0005184_associated_targets_page_0002.json"", ""data\\raw\\opentargets\\26.09\\CANCER-004_MONDO_0005184_associated_targets_page_0003.json"", ""data\\raw\\opentargets\\26.09\\CANCER-004_MONDO_0005184_associated_targets_page_0004.json"", ""data\\raw\\opentargets\\26.09\\CANCER-004_MONDO_0005184_associated_targets_page_0005.json"", ""data\\raw\\opentargets\\26.09\\CANCER-004_MONDO_0005184_associated_targets_page_0006.json"", ""data\\raw\\opentargets\\26.09\\CANCER-004_MONDO_0005184_associated_targets_page_0007.json"", ""data\\raw\\opentargets\\26.09\\CANCER-004_MONDO_0005184_associated_targets_page_0008.json"", ""data\\raw\\opentargets\\26.09\\CANCER-004_MONDO_0005184_associated_targets_page_0009.json"", ""data\\raw\\opentargets\\26.09\\CANCER-004_MONDO_0005184_associated_targets_page_0010.json"", ""data\\raw\\opentargets\\26.09\\CANCER-004_MONDO_0005184_associated_targets_page_0011.json"", ""data\\raw\\opentargets\\26.09\\CANCER-004_MONDO_0005184_associated_targets_page_0012.json"", ""data\\raw\\opentargets\\26.09\\CANCER-004_MONDO_0005184_associated_targets_page_0013.json"", ""data\\raw\\opentargets\\26.09\\CANCER-004_MONDO_0005184_associated_targets_page_0014.json"", ""data\\raw\\opentargets\\26.09\\CANCER-004_MONDO_0005184_associated_targets_page_0015.json""]"	ad092fb1025aa104d99274d2ba031725f77be5ebd64c1d332ae5d3646d0daf8d
cancer_target_pair	EVID-0025	tractability_json	"[{""label"": ""Approved Drug"", ""modality"": ""SM"", ""value"": true}, {""label"": ""Advanced Clinical"", ""modality"": ""SM"", ""value"": false}, {""label"": ""Phase 1 Clinical"", ""modality"": ""SM"", ""value"": false}, {""label"": ""Structure with Ligand"", ""modality"": ""SM"", ""value"": true}, {""label"": ""High-Quality Ligand"", ""modality"": ""SM"", ""value"": true}, {""label"": ""High-Quality Pocket"", ""modality"": ""SM"", ""value"": true}, {""label"": ""Med-Quality Pocket"", ""modality"": ""SM"", ""value"": false}, {""label"": ""Druggable Family"", ""modality"": ""SM"", ""value"": true}, {""label"": ""Approved Drug"", ""modality"": ""AB"", ""value"": false}, {""label"": ""Advanced Clinical"", ""modality"": ""AB"", ""value"": false}, {""label"": ""Phase 1 Clinical"", ""modality"": ""AB"", ""value"": false}, {""label"": ""UniProt loc high conf"", ""modality"": ""AB"", ""value"": false}, {""label"": ""GO CC high conf"", ""modality"": ""AB"", ""value"": false}, {""label"": ""UniProt loc med conf"", ""modality"": ""AB"", ""value"": false}, {""label"": ""UniProt SigP or TMHMM"", ""modality"": ""AB"", ""value"": false}, {""label"": ""GO CC med conf"", ""modality"": ""AB"", ""value"": true}, {""label"": ""Human Protein Atlas loc"", ""modality"": ""AB"", ""value"": false}, {""label"": ""Approved Drug"", ""modality"": ""PR"", ""value"": false}, {""label"": ""Advanced Clinical"", ""modality"": ""PR"", ""value"": false}, {""label"": ""Phase 1 Clinical"", ""modality"": ""PR"", ""value"": false}, {""label"": ""Literature"", ""modality"": ""PR"", ""value"": true}, {""label"": ""UniProt Ubiquitination"", ""modality"": ""PR"", ""value"": false}, {""label"": ""Database Ubiquitination"", ""modality"": ""PR"", ""value"": true}, {""label"": ""Half-life Data"", ""modality"": ""PR"", ""value"": true}, {""label"": ""Small Molecule Binder"", ""modality"": ""PR"", ""value"": true}, {""label"": ""Approved Drug"", ""modality"": ""OC"", ""value"": false}, {""label"": ""Advanced Clinical"", ""modality"": ""OC"", ""value"": false}, {""label"": ""Phase 1 Clinical"", ""modality"": ""OC"", ""value"": false}]"	Open Targets Platform	ENSG00000121879|MONDO_0005184	26.09	https://api.platform.opentargets.org/api/v4/graphql	2026-09-30T07:41:58.308760+00:00	Aggregated evidence	opentargets-v0.2.2	data\raw\opentargets\26.09\target_ENSG00000121879_tractability.json	ad092fb1025aa104d99274d2ba031725f77be5ebd64c1d332ae5d3646d0daf8d
cancer_target_pair	EVID-0026	association_score	0.3932742060061695	Open Targets Platform	ENSG00000105810|MONDO_0005184	26.09	https://api.platform.opentargets.org/api/v4/graphql	2026-09-30T07:41:58.308760+00:00	Aggregated evidence	opentargets-v0.2.2	"[""data\\raw\\opentargets\\26.09\\CANCER-004_MONDO_0005184_associated_targets_page_0000.json"", ""data\\raw\\opentargets\\26.09\\CANCER-004_MONDO_0005184_associated_targets_page_0001.json"", ""data\\raw\\opentargets\\26.09\\CANCER-004_MONDO_0005184_associated_targets_page_0002.json"", ""data\\raw\\opentargets\\26.09\\CANCER-004_MONDO_0005184_associated_targets_page_0003.json"", ""data\\raw\\opentargets\\26.09\\CANCER-004_MONDO_0005184_associated_targets_page_0004.json"", ""data\\raw\\opentargets\\26.09\\CANCER-004_MONDO_0005184_associated_targets_page_0005.json"", ""data\\raw\\opentargets\\26.09\\CANCER-004_MONDO_0005184_associated_targets_page_0006.json"", ""data\\raw\\opentargets\\26.09\\CANCER-004_MONDO_0005184_associated_targets_page_0007.json"", ""data\\raw\\opentargets\\26.09\\CANCER-004_MONDO_0005184_associated_targets_page_0008.json"", ""data\\raw\\opentargets\\26.09\\CANCER-004_MONDO_0005184_associated_targets_page_0009.json"", ""data\\raw\\opentargets\\26.09\\CANCER-004_MONDO_0005184_associated_targets_page_0010.json"", ""data\\raw\\opentargets\\26.09\\CANCER-004_MONDO_0005184_associated_targets_page_0011.json"", ""data\\raw\\opentargets\\26.09\\CANCER-004_MONDO_0005184_associated_targets_page_0012.json"", ""data\\raw\\opentargets\\26.09\\CANCER-004_MONDO_0005184_associated_targets_page_0013.json"", ""data\\raw\\opentargets\\26.09\\CANCER-004_MONDO_0005184_associated_targets_page_0014.json"", ""data\\raw\\opentargets\\26.09\\CANCER-004_MONDO_0005184_associated_targets_page_0015.json""]"	db62fb3640c6da37a99d9fc02e54efb6e2172b90cb844a5bb183bf9bac53db76
cancer_target_pair	EVID-0026	genetic_association_score		Open Targets Platform	ENSG00000105810|MONDO_0005184	26.09	https://api.platform.opentargets.org/api/v4/graphql	2026-09-30T07:41:58.308760+00:00	Aggregated evidence	opentargets-v0.2.2	"[""data\\raw\\opentargets\\26.09\\CANCER-004_MONDO_0005184_associated_targets_page_0000.json"", ""data\\raw\\opentargets\\26.09\\CANCER-004_MONDO_0005184_associated_targets_page_0001.json"", ""data\\raw\\opentargets\\26.09\\CANCER-004_MONDO_0005184_associated_targets_page_0002.json"", ""data\\raw\\opentargets\\26.09\\CANCER-004_MONDO_0005184_associated_targets_page_0003.json"", ""data\\raw\\opentargets\\26.09\\CANCER-004_MONDO_0005184_associated_targets_page_0004.json"", ""data\\raw\\opentargets\\26.09\\CANCER-004_MONDO_0005184_associated_targets_page_0005.json"", ""data\\raw\\opentargets\\26.09\\CANCER-004_MONDO_0005184_associated_targets_page_0006.json"", ""data\\raw\\opentargets\\26.09\\CANCER-004_MONDO_0005184_associated_targets_page_0007.json"", ""data\\raw\\opentargets\\26.09\\CANCER-004_MONDO_0005184_associated_targets_page_0008.json"", ""data\\raw\\opentargets\\26.09\\CANCER-004_MONDO_0005184_associated_targets_page_0009.json"", ""data\\raw\\opentargets\\26.09\\CANCER-004_MONDO_0005184_associated_targets_page_0010.json"", ""data\\raw\\opentargets\\26.09\\CANCER-004_MONDO_0005184_associated_targets_page_0011.json"", ""data\\raw\\opentargets\\26.09\\CANCER-004_MONDO_0005184_associated_targets_page_0012.json"", ""data\\raw\\opentargets\\26.09\\CANCER-004_MONDO_0005184_associated_targets_page_0013.json"", ""data\\raw\\opentargets\\26.09\\CANCER-004_MONDO_0005184_associated_targets_page_0014.json"", ""data\\raw\\opentargets\\26.09\\CANCER-004_MONDO_0005184_associated_targets_page_0015.json""]"	db62fb3640c6da37a99d9fc02e54efb6e2172b90cb844a5bb183bf9bac53db76
cancer_target_pair	EVID-0026	somatic_mutation_score	0.607930797611621	Open Targets Platform	ENSG00000105810|MONDO_0005184	26.09	https://api.platform.opentargets.org/api/v4/graphql	2026-09-30T07:41:58.308760+00:00	Aggregated evidence	opentargets-v0.2.2	"[""data\\raw\\opentargets\\26.09\\CANCER-004_MONDO_0005184_associated_targets_page_0000.json"", ""data\\raw\\opentargets\\26.09\\CANCER-004_MONDO_0005184_associated_targets_page_0001.json"", ""data\\raw\\opentargets\\26.09\\CANCER-004_MONDO_0005184_associated_targets_page_0002.json"", ""data\\raw\\opentargets\\26.09\\CANCER-004_MONDO_0005184_associated_targets_page_0003.json"", ""data\\raw\\opentargets\\26.09\\CANCER-004_MONDO_0005184_associated_targets_page_0004.json"", ""data\\raw\\opentargets\\26.09\\CANCER-004_MONDO_0005184_associated_targets_page_0005.json"", ""data\\raw\\opentargets\\26.09\\CANCER-004_MONDO_0005184_associated_targets_page_0006.json"", ""data\\raw\\opentargets\\26.09\\CANCER-004_MONDO_0005184_associated_targets_page_0007.json"", ""data\\raw\\opentargets\\26.09\\CANCER-004_MONDO_0005184_associated_targets_page_0008.json"", ""data\\raw\\opentargets\\26.09\\CANCER-004_MONDO_0005184_associated_targets_page_0009.json"", ""data\\raw\\opentargets\\26.09\\CANCER-004_MONDO_0005184_associated_targets_page_0010.json"", ""data\\raw\\opentargets\\26.09\\CANCER-004_MONDO_0005184_associated_targets_page_0011.json"", ""data\\raw\\opentargets\\26.09\\CANCER-004_MONDO_0005184_associated_targets_page_0012.json"", ""data\\raw\\opentargets\\26.09\\CANCER-004_MONDO_0005184_associated_targets_page_0013.json"", ""data\\raw\\opentargets\\26.09\\CANCER-004_MONDO_0005184_associated_targets_page_0014.json"", ""data\\raw\\opentargets\\26.09\\CANCER-004_MONDO_0005184_associated_targets_page_0015.json""]"	db62fb3640c6da37a99d9fc02e54efb6e2172b90cb844a5bb183bf9bac53db76
cancer_target_pair	EVID-0026	known_drug_score		Open Targets Platform	ENSG00000105810|MONDO_0005184	26.09	https://api.platform.opentargets.org/api/v4/graphql	2026-09-30T07:41:58.308760+00:00	Aggregated evidence	opentargets-v0.2.2	"[""data\\raw\\opentargets\\26.09\\CANCER-004_MONDO_0005184_associated_targets_page_0000.json"", ""data\\raw\\opentargets\\26.09\\CANCER-004_MONDO_0005184_associated_targets_page_0001.json"", ""data\\raw\\opentargets\\26.09\\CANCER-004_MONDO_0005184_associated_targets_page_0002.json"", ""data\\raw\\opentargets\\26.09\\CANCER-004_MONDO_0005184_associated_targets_page_0003.json"", ""data\\raw\\opentargets\\26.09\\CANCER-004_MONDO_0005184_associated_targets_page_0004.json"", ""data\\raw\\opentargets\\26.09\\CANCER-004_MONDO_0005184_associated_targets_page_0005.json"", ""data\\raw\\opentargets\\26.09\\CANCER-004_MONDO_0005184_associated_targets_page_0006.json"", ""data\\raw\\opentargets\\26.09\\CANCER-004_MONDO_0005184_associated_targets_page_0007.json"", ""data\\raw\\opentargets\\26.09\\CANCER-004_MONDO_0005184_associated_targets_page_0008.json"", ""data\\raw\\opentargets\\26.09\\CANCER-004_MONDO_0005184_associated_targets_page_0009.json"", ""data\\raw\\opentargets\\26.09\\CANCER-004_MONDO_0005184_associated_targets_page_0010.json"", ""data\\raw\\opentargets\\26.09\\CANCER-004_MONDO_0005184_associated_targets_page_0011.json"", ""data\\raw\\opentargets\\26.09\\CANCER-004_MONDO_0005184_associated_targets_page_0012.json"", ""data\\raw\\opentargets\\26.09\\CANCER-004_MONDO_0005184_associated_targets_page_0013.json"", ""data\\raw\\opentargets\\26.09\\CANCER-004_MONDO_0005184_associated_targets_page_0014.json"", ""data\\raw\\opentargets\\26.09\\CANCER-004_MONDO_0005184_associated_targets_page_0015.json""]"	db62fb3640c6da37a99d9fc02e54efb6e2172b90cb844a5bb183bf9bac53db76
cancer_target_pair	EVID-0026	literature_score	0.21506856176568218	Open Targets Platform	ENSG00000105810|MONDO_0005184	26.09	https://api.platform.opentargets.org/api/v4/graphql	2026-09-30T07:41:58.308760+00:00	Aggregated evidence	opentargets-v0.2.2	"[""data\\raw\\opentargets\\26.09\\CANCER-004_MONDO_0005184_associated_targets_page_0000.json"", ""data\\raw\\opentargets\\26.09\\CANCER-004_MONDO_0005184_associated_targets_page_0001.json"", ""data\\raw\\opentargets\\26.09\\CANCER-004_MONDO_0005184_associated_targets_page_0002.json"", ""data\\raw\\opentargets\\26.09\\CANCER-004_MONDO_0005184_associated_targets_page_0003.json"", ""data\\raw\\opentargets\\26.09\\CANCER-004_MONDO_0005184_associated_targets_page_0004.json"", ""data\\raw\\opentargets\\26.09\\CANCER-004_MONDO_0005184_associated_targets_page_0005.json"", ""data\\raw\\opentargets\\26.09\\CANCER-004_MONDO_0005184_associated_targets_page_0006.json"", ""data\\raw\\opentargets\\26.09\\CANCER-004_MONDO_0005184_associated_targets_page_0007.json"", ""data\\raw\\opentargets\\26.09\\CANCER-004_MONDO_0005184_associated_targets_page_0008.json"", ""data\\raw\\opentargets\\26.09\\CANCER-004_MONDO_0005184_associated_targets_page_0009.json"", ""data\\raw\\opentargets\\26.09\\CANCER-004_MONDO_0005184_associated_targets_page_0010.json"", ""data\\raw\\opentargets\\26.09\\CANCER-004_MONDO_0005184_associated_targets_page_0011.json"", ""data\\raw\\opentargets\\26.09\\CANCER-004_MONDO_0005184_associated_targets_page_0012.json"", ""data\\raw\\opentargets\\26.09\\CANCER-004_MONDO_0005184_associated_targets_page_0013.json"", ""data\\raw\\opentargets\\26.09\\CANCER-004_MONDO_0005184_associated_targets_page_0014.json"", ""data\\raw\\opentargets\\26.09\\CANCER-004_MONDO_0005184_associated_targets_page_0015.json""]"	db62fb3640c6da37a99d9fc02e54efb6e2172b90cb844a5bb183bf9bac53db76
cancer_target_pair	EVID-0026	tractability_json	"[{""label"": ""Approved Drug"", ""modality"": ""SM"", ""value"": true}, {""label"": ""Advanced Clinical"", ""modality"": ""SM"", ""value"": false}, {""label"": ""Phase 1 Clinical"", ""modality"": ""SM"", ""value"": false}, {""label"": ""Structure with Ligand"", ""modality"": ""SM"", ""value"": true}, {""label"": ""High-Quality Ligand"", ""modality"": ""SM"", ""value"": true}, {""label"": ""High-Quality Pocket"", ""modality"": ""SM"", ""value"": true}, {""label"": ""Med-Quality Pocket"", ""modality"": ""SM"", ""value"": false}, {""label"": ""Druggable Family"", ""modality"": ""SM"", ""value"": true}, {""label"": ""Approved Drug"", ""modality"": ""AB"", ""value"": false}, {""label"": ""Advanced Clinical"", ""modality"": ""AB"", ""value"": false}, {""label"": ""Phase 1 Clinical"", ""modality"": ""AB"", ""value"": false}, {""label"": ""UniProt loc high conf"", ""modality"": ""AB"", ""value"": false}, {""label"": ""GO CC high conf"", ""modality"": ""AB"", ""value"": false}, {""label"": ""UniProt loc med conf"", ""modality"": ""AB"", ""value"": false}, {""label"": ""UniProt SigP or TMHMM"", ""modality"": ""AB"", ""value"": false}, {""label"": ""GO CC med conf"", ""modality"": ""AB"", ""value"": false}, {""label"": ""Human Protein Atlas loc"", ""modality"": ""AB"", ""value"": false}, {""label"": ""Approved Drug"", ""modality"": ""PR"", ""value"": false}, {""label"": ""Advanced Clinical"", ""modality"": ""PR"", ""value"": false}, {""label"": ""Phase 1 Clinical"", ""modality"": ""PR"", ""value"": false}, {""label"": ""Literature"", ""modality"": ""PR"", ""value"": true}, {""label"": ""UniProt Ubiquitination"", ""modality"": ""PR"", ""value"": false}, {""label"": ""Database Ubiquitination"", ""modality"": ""PR"", ""value"": true}, {""label"": ""Half-life Data"", ""modality"": ""PR"", ""value"": true}, {""label"": ""Small Molecule Binder"", ""modality"": ""PR"", ""value"": true}, {""label"": ""Approved Drug"", ""modality"": ""OC"", ""value"": false}, {""label"": ""Advanced Clinical"", ""modality"": ""OC"", ""value"": false}, {""label"": ""Phase 1 Clinical"", ""modality"": ""OC"", ""value"": false}]"	Open Targets Platform	ENSG00000105810|MONDO_0005184	26.09	https://api.platform.opentargets.org/api/v4/graphql	2026-09-30T07:41:58.308760+00:00	Aggregated evidence	opentargets-v0.2.2	data\raw\opentargets\26.09\target_ENSG00000105810_tractability.json	db62fb3640c6da37a99d9fc02e54efb6e2172b90cb844a5bb183bf9bac53db76
cancer_target_pair	EVID-0027	association_score	0.3072213670790241	Open Targets Platform	ENSG00000137693|MONDO_0005184	26.09	https://api.platform.opentargets.org/api/v4/graphql	2026-09-30T07:41:58.308760+00:00	Aggregated evidence	opentargets-v0.2.2	"[""data\\raw\\opentargets\\26.09\\CANCER-004_MONDO_0005184_associated_targets_page_0000.json"", ""data\\raw\\opentargets\\26.09\\CANCER-004_MONDO_0005184_associated_targets_page_0001.json"", ""data\\raw\\opentargets\\26.09\\CANCER-004_MONDO_0005184_associated_targets_page_0002.json"", ""data\\raw\\opentargets\\26.09\\CANCER-004_MONDO_0005184_associated_targets_page_0003.json"", ""data\\raw\\opentargets\\26.09\\CANCER-004_MONDO_0005184_associated_targets_page_0004.json"", ""data\\raw\\opentargets\\26.09\\CANCER-004_MONDO_0005184_associated_targets_page_0005.json"", ""data\\raw\\opentargets\\26.09\\CANCER-004_MONDO_0005184_associated_targets_page_0006.json"", ""data\\raw\\opentargets\\26.09\\CANCER-004_MONDO_0005184_associated_targets_page_0007.json"", ""data\\raw\\opentargets\\26.09\\CANCER-004_MONDO_0005184_associated_targets_page_0008.json"", ""data\\raw\\opentargets\\26.09\\CANCER-004_MONDO_0005184_associated_targets_page_0009.json"", ""data\\raw\\opentargets\\26.09\\CANCER-004_MONDO_0005184_associated_targets_page_0010.json"", ""data\\raw\\opentargets\\26.09\\CANCER-004_MONDO_0005184_associated_targets_page_0011.json"", ""data\\raw\\opentargets\\26.09\\CANCER-004_MONDO_0005184_associated_targets_page_0012.json"", ""data\\raw\\opentargets\\26.09\\CANCER-004_MONDO_0005184_associated_targets_page_0013.json"", ""data\\raw\\opentargets\\26.09\\CANCER-004_MONDO_0005184_associated_targets_page_0014.json"", ""data\\raw\\opentargets\\26.09\\CANCER-004_MONDO_0005184_associated_targets_page_0015.json""]"	536bd7d672ec873434c28ed38f51bc930647c4630ce48dbd8851036e0bc7a657
cancer_target_pair	EVID-0027	genetic_association_score		Open Targets Platform	ENSG00000137693|MONDO_0005184	26.09	https://api.platform.opentargets.org/api/v4/graphql	2026-09-30T07:41:58.308760+00:00	Aggregated evidence	opentargets-v0.2.2	"[""data\\raw\\opentargets\\26.09\\CANCER-004_MONDO_0005184_associated_targets_page_0000.json"", ""data\\raw\\opentargets\\26.09\\CANCER-004_MONDO_0005184_associated_targets_page_0001.json"", ""data\\raw\\opentargets\\26.09\\CANCER-004_MONDO_0005184_associated_targets_page_0002.json"", ""data\\raw\\opentargets\\26.09\\CANCER-004_MONDO_0005184_associated_targets_page_0003.json"", ""data\\raw\\opentargets\\26.09\\CANCER-004_MONDO_0005184_associated_targets_page_0004.json"", ""data\\raw\\opentargets\\26.09\\CANCER-004_MONDO_0005184_associated_targets_page_0005.json"", ""data\\raw\\opentargets\\26.09\\CANCER-004_MONDO_0005184_associated_targets_page_0006.json"", ""data\\raw\\opentargets\\26.09\\CANCER-004_MONDO_0005184_associated_targets_page_0007.json"", ""data\\raw\\opentargets\\26.09\\CANCER-004_MONDO_0005184_associated_targets_page_0008.json"", ""data\\raw\\opentargets\\26.09\\CANCER-004_MONDO_0005184_associated_targets_page_0009.json"", ""data\\raw\\opentargets\\26.09\\CANCER-004_MONDO_0005184_associated_targets_page_0010.json"", ""data\\raw\\opentargets\\26.09\\CANCER-004_MONDO_0005184_associated_targets_page_0011.json"", ""data\\raw\\opentargets\\26.09\\CANCER-004_MONDO_0005184_associated_targets_page_0012.json"", ""data\\raw\\opentargets\\26.09\\CANCER-004_MONDO_0005184_associated_targets_page_0013.json"", ""data\\raw\\opentargets\\26.09\\CANCER-004_MONDO_0005184_associated_targets_page_0014.json"", ""data\\raw\\opentargets\\26.09\\CANCER-004_MONDO_0005184_associated_targets_page_0015.json""]"	536bd7d672ec873434c28ed38f51bc930647c4630ce48dbd8851036e0bc7a657
cancer_target_pair	EVID-0027	somatic_mutation_score	0.4559480982087158	Open Targets Platform	ENSG00000137693|MONDO_0005184	26.09	https://api.platform.opentargets.org/api/v4/graphql	2026-09-30T07:41:58.308760+00:00	Aggregated evidence	opentargets-v0.2.2	"[""data\\raw\\opentargets\\26.09\\CANCER-004_MONDO_0005184_associated_targets_page_0000.json"", ""data\\raw\\opentargets\\26.09\\CANCER-004_MONDO_0005184_associated_targets_page_0001.json"", ""data\\raw\\opentargets\\26.09\\CANCER-004_MONDO_0005184_associated_targets_page_0002.json"", ""data\\raw\\opentargets\\26.09\\CANCER-004_MONDO_0005184_associated_targets_page_0003.json"", ""data\\raw\\opentargets\\26.09\\CANCER-004_MONDO_0005184_associated_targets_page_0004.json"", ""data\\raw\\opentargets\\26.09\\CANCER-004_MONDO_0005184_associated_targets_page_0005.json"", ""data\\raw\\opentargets\\26.09\\CANCER-004_MONDO_0005184_associated_targets_page_0006.json"", ""data\\raw\\opentargets\\26.09\\CANCER-004_MONDO_0005184_associated_targets_page_0007.json"", ""data\\raw\\opentargets\\26.09\\CANCER-004_MONDO_0005184_associated_targets_page_0008.json"", ""data\\raw\\opentargets\\26.09\\CANCER-004_MONDO_0005184_associated_targets_page_0009.json"", ""data\\raw\\opentargets\\26.09\\CANCER-004_MONDO_0005184_associated_targets_page_0010.json"", ""data\\raw\\opentargets\\26.09\\CANCER-004_MONDO_0005184_associated_targets_page_0011.json"", ""data\\raw\\opentargets\\26.09\\CANCER-004_MONDO_0005184_associated_targets_page_0012.json"", ""data\\raw\\opentargets\\26.09\\CANCER-004_MONDO_0005184_associated_targets_page_0013.json"", ""data\\raw\\opentargets\\26.09\\CANCER-004_MONDO_0005184_associated_targets_page_0014.json"", ""data\\raw\\opentargets\\26.09\\CANCER-004_MONDO_0005184_associated_targets_page_0015.json""]"	536bd7d672ec873434c28ed38f51bc930647c4630ce48dbd8851036e0bc7a657
cancer_target_pair	EVID-0027	known_drug_score		Open Targets Platform	ENSG00000137693|MONDO_0005184	26.09	https://api.platform.opentargets.org/api/v4/graphql	2026-09-30T07:41:58.308760+00:00	Aggregated evidence	opentargets-v0.2.2	"[""data\\raw\\opentargets\\26.09\\CANCER-004_MONDO_0005184_associated_targets_page_0000.json"", ""data\\raw\\opentargets\\26.09\\CANCER-004_MONDO_0005184_associated_targets_page_0001.json"", ""data\\raw\\opentargets\\26.09\\CANCER-004_MONDO_0005184_associated_targets_page_0002.json"", ""data\\raw\\opentargets\\26.09\\CANCER-004_MONDO_0005184_associated_targets_page_0003.json"", ""data\\raw\\opentargets\\26.09\\CANCER-004_MONDO_0005184_associated_targets_page_0004.json"", ""data\\raw\\opentargets\\26.09\\CANCER-004_MONDO_0005184_associated_targets_page_0005.json"", ""data\\raw\\opentargets\\26.09\\CANCER-004_MONDO_0005184_associated_targets_page_0006.json"", ""data\\raw\\opentargets\\26.09\\CANCER-004_MONDO_0005184_associated_targets_page_0007.json"", ""data\\raw\\opentargets\\26.09\\CANCER-004_MONDO_0005184_associated_targets_page_0008.json"", ""data\\raw\\opentargets\\26.09\\CANCER-004_MONDO_0005184_associated_targets_page_0009.json"", ""data\\raw\\opentargets\\26.09\\CANCER-004_MONDO_0005184_associated_targets_page_0010.json"", ""data\\raw\\opentargets\\26.09\\CANCER-004_MONDO_0005184_associated_targets_page_0011.json"", ""data\\raw\\opentargets\\26.09\\CANCER-004_MONDO_0005184_associated_targets_page_0012.json"", ""data\\raw\\opentargets\\26.09\\CANCER-004_MONDO_0005184_associated_targets_page_0013.json"", ""data\\raw\\opentargets\\26.09\\CANCER-004_MONDO_0005184_associated_targets_page_0014.json"", ""data\\raw\\opentargets\\26.09\\CANCER-004_MONDO_0005184_associated_targets_page_0015.json""]"	536bd7d672ec873434c28ed38f51bc930647c4630ce48dbd8851036e0bc7a657
cancer_target_pair	EVID-0027	literature_score	0.9713568707788707	Open Targets Platform	ENSG00000137693|MONDO_0005184	26.09	https://api.platform.opentargets.org/api/v4/graphql	2026-09-30T07:41:58.308760+00:00	Aggregated evidence	opentargets-v0.2.2	"[""data\\raw\\opentargets\\26.09\\CANCER-004_MONDO_0005184_associated_targets_page_0000.json"", ""data\\raw\\opentargets\\26.09\\CANCER-004_MONDO_0005184_associated_targets_page_0001.json"", ""data\\raw\\opentargets\\26.09\\CANCER-004_MONDO_0005184_associated_targets_page_0002.json"", ""data\\raw\\opentargets\\26.09\\CANCER-004_MONDO_0005184_associated_targets_page_0003.json"", ""data\\raw\\opentargets\\26.09\\CANCER-004_MONDO_0005184_associated_targets_page_0004.json"", ""data\\raw\\opentargets\\26.09\\CANCER-004_MONDO_0005184_associated_targets_page_0005.json"", ""data\\raw\\opentargets\\26.09\\CANCER-004_MONDO_0005184_associated_targets_page_0006.json"", ""data\\raw\\opentargets\\26.09\\CANCER-004_MONDO_0005184_associated_targets_page_0007.json"", ""data\\raw\\opentargets\\26.09\\CANCER-004_MONDO_0005184_associated_targets_page_0008.json"", ""data\\raw\\opentargets\\26.09\\CANCER-004_MONDO_0005184_associated_targets_page_0009.json"", ""data\\raw\\opentargets\\26.09\\CANCER-004_MONDO_0005184_associated_targets_page_0010.json"", ""data\\raw\\opentargets\\26.09\\CANCER-004_MONDO_0005184_associated_targets_page_0011.json"", ""data\\raw\\opentargets\\26.09\\CANCER-004_MONDO_0005184_associated_targets_page_0012.json"", ""data\\raw\\opentargets\\26.09\\CANCER-004_MONDO_0005184_associated_targets_page_0013.json"", ""data\\raw\\opentargets\\26.09\\CANCER-004_MONDO_0005184_associated_targets_page_0014.json"", ""data\\raw\\opentargets\\26.09\\CANCER-004_MONDO_0005184_associated_targets_page_0015.json""]"	536bd7d672ec873434c28ed38f51bc930647c4630ce48dbd8851036e0bc7a657
cancer_target_pair	EVID-0027	tractability_json	"[{""label"": ""Approved Drug"", ""modality"": ""SM"", ""value"": false}, {""label"": ""Advanced Clinical"", ""modality"": ""SM"", ""value"": false}, {""label"": ""Phase 1 Clinical"", ""modality"": ""SM"", ""value"": false}, {""label"": ""Structure with Ligand"", ""modality"": ""SM"", ""value"": true}, {""label"": ""High-Quality Ligand"", ""modality"": ""SM"", ""value"": true}, {""label"": ""High-Quality Pocket"", ""modality"": ""SM"", ""value"": false}, {""label"": ""Med-Quality Pocket"", ""modality"": ""SM"", ""value"": false}, {""label"": ""Druggable Family"", ""modality"": ""SM"", ""value"": false}, {""label"": ""Approved Drug"", ""modality"": ""AB"", ""value"": false}, {""label"": ""Advanced Clinical"", ""modality"": ""AB"", ""value"": false}, {""label"": ""Phase 1 Clinical"", ""modality"": ""AB"", ""value"": false}, {""label"": ""UniProt loc high conf"", ""modality"": ""AB"", ""value"": true}, {""label"": ""GO CC high conf"", ""modality"": ""AB"", ""value"": true}, {""label"": ""UniProt loc med conf"", ""modality"": ""AB"", ""value"": false}, {""label"": ""UniProt SigP or TMHMM"", ""modality"": ""AB"", ""value"": false}, {""label"": ""GO CC med conf"", ""modality"": ""AB"", ""value"": false}, {""label"": ""Human Protein Atlas loc"", ""modality"": ""AB"", ""value"": false}, {""label"": ""Approved Drug"", ""modality"": ""PR"", ""value"": false}, {""label"": ""Advanced Clinical"", ""modality"": ""PR"", ""value"": false}, {""label"": ""Phase 1 Clinical"", ""modality"": ""PR"", ""value"": false}, {""label"": ""Literature"", ""modality"": ""PR"", ""value"": false}, {""label"": ""UniProt Ubiquitination"", ""modality"": ""PR"", ""value"": true}, {""label"": ""Database Ubiquitination"", ""modality"": ""PR"", ""value"": true}, {""label"": ""Half-life Data"", ""modality"": ""PR"", ""value"": false}, {""label"": ""Small Molecule Binder"", ""modality"": ""PR"", ""value"": true}, {""label"": ""Approved Drug"", ""modality"": ""OC"", ""value"": false}, {""label"": ""Advanced Clinical"", ""modality"": ""OC"", ""value"": false}, {""label"": ""Phase 1 Clinical"", ""modality"": ""OC"", ""value"": false}]"	Open Targets Platform	ENSG00000137693|MONDO_0005184	26.09	https://api.platform.opentargets.org/api/v4/graphql	2026-09-30T07:41:58.308760+00:00	Aggregated evidence	opentargets-v0.2.2	data\raw\opentargets\26.09\target_ENSG00000137693_tractability.json	536bd7d672ec873434c28ed38f51bc930647c4630ce48dbd8851036e0bc7a657
cancer_target_pair	EVID-0028	association_score	0.664960901578177	Open Targets Platform	ENSG00000146648|MONDO_0018177	26.09	https://api.platform.opentargets.org/api/v4/graphql	2026-09-30T07:41:58.308760+00:00	Aggregated evidence	opentargets-v0.2.2	"[""data\\raw\\opentargets\\26.09\\CANCER-011_MONDO_0018177_associated_targets_page_0000.json"", ""data\\raw\\opentargets\\26.09\\CANCER-011_MONDO_0018177_associated_targets_page_0001.json"", ""data\\raw\\opentargets\\26.09\\CANCER-011_MONDO_0018177_associated_targets_page_0002.json"", ""data\\raw\\opentargets\\26.09\\CANCER-011_MONDO_0018177_associated_targets_page_0003.json"", ""data\\raw\\opentargets\\26.09\\CANCER-011_MONDO_0018177_associated_targets_page_0004.json"", ""data\\raw\\opentargets\\26.09\\CANCER-011_MONDO_0018177_associated_targets_page_0005.json"", ""data\\raw\\opentargets\\26.09\\CANCER-011_MONDO_0018177_associated_targets_page_0006.json"", ""data\\raw\\opentargets\\26.09\\CANCER-011_MONDO_0018177_associated_targets_page_0007.json"", ""data\\raw\\opentargets\\26.09\\CANCER-011_MONDO_0018177_associated_targets_page_0008.json"", ""data\\raw\\opentargets\\26.09\\CANCER-011_MONDO_0018177_associated_targets_page_0009.json"", ""data\\raw\\opentargets\\26.09\\CANCER-011_MONDO_0018177_associated_targets_page_0010.json"", ""data\\raw\\opentargets\\26.09\\CANCER-011_MONDO_0018177_associated_targets_page_0011.json"", ""data\\raw\\opentargets\\26.09\\CANCER-011_MONDO_0018177_associated_targets_page_0012.json"", ""data\\raw\\opentargets\\26.09\\CANCER-011_MONDO_0018177_associated_targets_page_0013.json"", ""data\\raw\\opentargets\\26.09\\CANCER-011_MONDO_0018177_associated_targets_page_0014.json"", ""data\\raw\\opentargets\\26.09\\CANCER-011_MONDO_0018177_associated_targets_page_0015.json"", ""data\\raw\\opentargets\\26.09\\CANCER-011_MONDO_0018177_associated_targets_page_0016.json"", ""data\\raw\\opentargets\\26.09\\CANCER-011_MONDO_0018177_associated_targets_page_0017.json"", ""data\\raw\\opentargets\\26.09\\CANCER-011_MONDO_0018177_associated_targets_page_0018.json"", ""data\\raw\\opentargets\\26.09\\CANCER-011_MONDO_0018177_associated_targets_page_0019.json"", ""data\\raw\\opentargets\\26.09\\CANCER-011_MONDO_0018177_associated_targets_page_0020.json"", ""data\\raw\\opentargets\\26.09\\CANCER-011_MONDO_0018177_associated_targets_page_0021.json"", ""data\\raw\\opentargets\\26.09\\CANCER-011_MONDO_0018177_associated_targets_page_0022.json""]"	5ebf2bc4f8d7f5fec3e71abb12cfaed76757137e61c90497221846c554f6b4b2
cancer_target_pair	EVID-0028	genetic_association_score	0.3671677950291673	Open Targets Platform	ENSG00000146648|MONDO_0018177	26.09	https://api.platform.opentargets.org/api/v4/graphql	2026-09-30T07:41:58.308760+00:00	Aggregated evidence	opentargets-v0.2.2	"[""data\\raw\\opentargets\\26.09\\CANCER-011_MONDO_0018177_associated_targets_page_0000.json"", ""data\\raw\\opentargets\\26.09\\CANCER-011_MONDO_0018177_associated_targets_page_0001.json"", ""data\\raw\\opentargets\\26.09\\CANCER-011_MONDO_0018177_associated_targets_page_0002.json"", ""data\\raw\\opentargets\\26.09\\CANCER-011_MONDO_0018177_associated_targets_page_0003.json"", ""data\\raw\\opentargets\\26.09\\CANCER-011_MONDO_0018177_associated_targets_page_0004.json"", ""data\\raw\\opentargets\\26.09\\CANCER-011_MONDO_0018177_associated_targets_page_0005.json"", ""data\\raw\\opentargets\\26.09\\CANCER-011_MONDO_0018177_associated_targets_page_0006.json"", ""data\\raw\\opentargets\\26.09\\CANCER-011_MONDO_0018177_associated_targets_page_0007.json"", ""data\\raw\\opentargets\\26.09\\CANCER-011_MONDO_0018177_associated_targets_page_0008.json"", ""data\\raw\\opentargets\\26.09\\CANCER-011_MONDO_0018177_associated_targets_page_0009.json"", ""data\\raw\\opentargets\\26.09\\CANCER-011_MONDO_0018177_associated_targets_page_0010.json"", ""data\\raw\\opentargets\\26.09\\CANCER-011_MONDO_0018177_associated_targets_page_0011.json"", ""data\\raw\\opentargets\\26.09\\CANCER-011_MONDO_0018177_associated_targets_page_0012.json"", ""data\\raw\\opentargets\\26.09\\CANCER-011_MONDO_0018177_associated_targets_page_0013.json"", ""data\\raw\\opentargets\\26.09\\CANCER-011_MONDO_0018177_associated_targets_page_0014.json"", ""data\\raw\\opentargets\\26.09\\CANCER-011_MONDO_0018177_associated_targets_page_0015.json"", ""data\\raw\\opentargets\\26.09\\CANCER-011_MONDO_0018177_associated_targets_page_0016.json"", ""data\\raw\\opentargets\\26.09\\CANCER-011_MONDO_0018177_associated_targets_page_0017.json"", ""data\\raw\\opentargets\\26.09\\CANCER-011_MONDO_0018177_associated_targets_page_0018.json"", ""data\\raw\\opentargets\\26.09\\CANCER-011_MONDO_0018177_associated_targets_page_0019.json"", ""data\\raw\\opentargets\\26.09\\CANCER-011_MONDO_0018177_associated_targets_page_0020.json"", ""data\\raw\\opentargets\\26.09\\CANCER-011_MONDO_0018177_associated_targets_page_0021.json"", ""data\\raw\\opentargets\\26.09\\CANCER-011_MONDO_0018177_associated_targets_page_0022.json""]"	5ebf2bc4f8d7f5fec3e71abb12cfaed76757137e61c90497221846c554f6b4b2
cancer_target_pair	EVID-0028	somatic_mutation_score	0.8571354637442761	Open Targets Platform	ENSG00000146648|MONDO_0018177	26.09	https://api.platform.opentargets.org/api/v4/graphql	2026-09-30T07:41:58.308760+00:00	Aggregated evidence	opentargets-v0.2.2	"[""data\\raw\\opentargets\\26.09\\CANCER-011_MONDO_0018177_associated_targets_page_0000.json"", ""data\\raw\\opentargets\\26.09\\CANCER-011_MONDO_0018177_associated_targets_page_0001.json"", ""data\\raw\\opentargets\\26.09\\CANCER-011_MONDO_0018177_associated_targets_page_0002.json"", ""data\\raw\\opentargets\\26.09\\CANCER-011_MONDO_0018177_associated_targets_page_0003.json"", ""data\\raw\\opentargets\\26.09\\CANCER-011_MONDO_0018177_associated_targets_page_0004.json"", ""data\\raw\\opentargets\\26.09\\CANCER-011_MONDO_0018177_associated_targets_page_0005.json"", ""data\\raw\\opentargets\\26.09\\CANCER-011_MONDO_0018177_associated_targets_page_0006.json"", ""data\\raw\\opentargets\\26.09\\CANCER-011_MONDO_0018177_associated_targets_page_0007.json"", ""data\\raw\\opentargets\\26.09\\CANCER-011_MONDO_0018177_associated_targets_page_0008.json"", ""data\\raw\\opentargets\\26.09\\CANCER-011_MONDO_0018177_associated_targets_page_0009.json"", ""data\\raw\\opentargets\\26.09\\CANCER-011_MONDO_0018177_associated_targets_page_0010.json"", ""data\\raw\\opentargets\\26.09\\CANCER-011_MONDO_0018177_associated_targets_page_0011.json"", ""data\\raw\\opentargets\\26.09\\CANCER-011_MONDO_0018177_associated_targets_page_0012.json"", ""data\\raw\\opentargets\\26.09\\CANCER-011_MONDO_0018177_associated_targets_page_0013.json"", ""data\\raw\\opentargets\\26.09\\CANCER-011_MONDO_0018177_associated_targets_page_0014.json"", ""data\\raw\\opentargets\\26.09\\CANCER-011_MONDO_0018177_associated_targets_page_0015.json"", ""data\\raw\\opentargets\\26.09\\CANCER-011_MONDO_0018177_associated_targets_page_0016.json"", ""data\\raw\\opentargets\\26.09\\CANCER-011_MONDO_0018177_associated_targets_page_0017.json"", ""data\\raw\\opentargets\\26.09\\CANCER-011_MONDO_0018177_associated_targets_page_0018.json"", ""data\\raw\\opentargets\\26.09\\CANCER-011_MONDO_0018177_associated_targets_page_0019.json"", ""data\\raw\\opentargets\\26.09\\CANCER-011_MONDO_0018177_associated_targets_page_0020.json"", ""data\\raw\\opentargets\\26.09\\CANCER-011_MONDO_0018177_associated_targets_page_0021.json"", ""data\\raw\\opentargets\\26.09\\CANCER-011_MONDO_0018177_associated_targets_page_0022.json""]"	5ebf2bc4f8d7f5fec3e71abb12cfaed76757137e61c90497221846c554f6b4b2
cancer_target_pair	EVID-0028	known_drug_score		Open Targets Platform	ENSG00000146648|MONDO_0018177	26.09	https://api.platform.opentargets.org/api/v4/graphql	2026-09-30T07:41:58.308760+00:00	Aggregated evidence	opentargets-v0.2.2	"[""data\\raw\\opentargets\\26.09\\CANCER-011_MONDO_0018177_associated_targets_page_0000.json"", ""data\\raw\\opentargets\\26.09\\CANCER-011_MONDO_0018177_associated_targets_page_0001.json"", ""data\\raw\\opentargets\\26.09\\CANCER-011_MONDO_0018177_associated_targets_page_0002.json"", ""data\\raw\\opentargets\\26.09\\CANCER-011_MONDO_0018177_associated_targets_page_0003.json"", ""data\\raw\\opentargets\\26.09\\CANCER-011_MONDO_0018177_associated_targets_page_0004.json"", ""data\\raw\\opentargets\\26.09\\CANCER-011_MONDO_0018177_associated_targets_page_0005.json"", ""data\\raw\\opentargets\\26.09\\CANCER-011_MONDO_0018177_associated_targets_page_0006.json"", ""data\\raw\\opentargets\\26.09\\CANCER-011_MONDO_0018177_associated_targets_page_0007.json"", ""data\\raw\\opentargets\\26.09\\CANCER-011_MONDO_0018177_associated_targets_page_0008.json"", ""data\\raw\\opentargets\\26.09\\CANCER-011_MONDO_0018177_associated_targets_page_0009.json"", ""data\\raw\\opentargets\\26.09\\CANCER-011_MONDO_0018177_associated_targets_page_0010.json"", ""data\\raw\\opentargets\\26.09\\CANCER-011_MONDO_0018177_associated_targets_page_0011.json"", ""data\\raw\\opentargets\\26.09\\CANCER-011_MONDO_0018177_associated_targets_page_0012.json"", ""data\\raw\\opentargets\\26.09\\CANCER-011_MONDO_0018177_associated_targets_page_0013.json"", ""data\\raw\\opentargets\\26.09\\CANCER-011_MONDO_0018177_associated_targets_page_0014.json"", ""data\\raw\\opentargets\\26.09\\CANCER-011_MONDO_0018177_associated_targets_page_0015.json"", ""data\\raw\\opentargets\\26.09\\CANCER-011_MONDO_0018177_associated_targets_page_0016.json"", ""data\\raw\\opentargets\\26.09\\CANCER-011_MONDO_0018177_associated_targets_page_0017.json"", ""data\\raw\\opentargets\\26.09\\CANCER-011_MONDO_0018177_associated_targets_page_0018.json"", ""data\\raw\\opentargets\\26.09\\CANCER-011_MONDO_0018177_associated_targets_page_0019.json"", ""data\\raw\\opentargets\\26.09\\CANCER-011_MONDO_0018177_associated_targets_page_0020.json"", ""data\\raw\\opentargets\\26.09\\CANCER-011_MONDO_0018177_associated_targets_page_0021.json"", ""data\\raw\\opentargets\\26.09\\CANCER-011_MONDO_0018177_associated_targets_page_0022.json""]"	5ebf2bc4f8d7f5fec3e71abb12cfaed76757137e61c90497221846c554f6b4b2
cancer_target_pair	EVID-0028	literature_score	0.9967110614944438	Open Targets Platform	ENSG00000146648|MONDO_0018177	26.09	https://api.platform.opentargets.org/api/v4/graphql	2026-09-30T07:41:58.308760+00:00	Aggregated evidence	opentargets-v0.2.2	"[""data\\raw\\opentargets\\26.09\\CANCER-011_MONDO_0018177_associated_targets_page_0000.json"", ""data\\raw\\opentargets\\26.09\\CANCER-011_MONDO_0018177_associated_targets_page_0001.json"", ""data\\raw\\opentargets\\26.09\\CANCER-011_MONDO_0018177_associated_targets_page_0002.json"", ""data\\raw\\opentargets\\26.09\\CANCER-011_MONDO_0018177_associated_targets_page_0003.json"", ""data\\raw\\opentargets\\26.09\\CANCER-011_MONDO_0018177_associated_targets_page_0004.json"", ""data\\raw\\opentargets\\26.09\\CANCER-011_MONDO_0018177_associated_targets_page_0005.json"", ""data\\raw\\opentargets\\26.09\\CANCER-011_MONDO_0018177_associated_targets_page_0006.json"", ""data\\raw\\opentargets\\26.09\\CANCER-011_MONDO_0018177_associated_targets_page_0007.json"", ""data\\raw\\opentargets\\26.09\\CANCER-011_MONDO_0018177_associated_targets_page_0008.json"", ""data\\raw\\opentargets\\26.09\\CANCER-011_MONDO_0018177_associated_targets_page_0009.json"", ""data\\raw\\opentargets\\26.09\\CANCER-011_MONDO_0018177_associated_targets_page_0010.json"", ""data\\raw\\opentargets\\26.09\\CANCER-011_MONDO_0018177_associated_targets_page_0011.json"", ""data\\raw\\opentargets\\26.09\\CANCER-011_MONDO_0018177_associated_targets_page_0012.json"", ""data\\raw\\opentargets\\26.09\\CANCER-011_MONDO_0018177_associated_targets_page_0013.json"", ""data\\raw\\opentargets\\26.09\\CANCER-011_MONDO_0018177_associated_targets_page_0014.json"", ""data\\raw\\opentargets\\26.09\\CANCER-011_MONDO_0018177_associated_targets_page_0015.json"", ""data\\raw\\opentargets\\26.09\\CANCER-011_MONDO_0018177_associated_targets_page_0016.json"", ""data\\raw\\opentargets\\26.09\\CANCER-011_MONDO_0018177_associated_targets_page_0017.json"", ""data\\raw\\opentargets\\26.09\\CANCER-011_MONDO_0018177_associated_targets_page_0018.json"", ""data\\raw\\opentargets\\26.09\\CANCER-011_MONDO_0018177_associated_targets_page_0019.json"", ""data\\raw\\opentargets\\26.09\\CANCER-011_MONDO_0018177_associated_targets_page_0020.json"", ""data\\raw\\opentargets\\26.09\\CANCER-011_MONDO_0018177_associated_targets_page_0021.json"", ""data\\raw\\opentargets\\26.09\\CANCER-011_MONDO_0018177_associated_targets_page_0022.json""]"	5ebf2bc4f8d7f5fec3e71abb12cfaed76757137e61c90497221846c554f6b4b2
cancer_target_pair	EVID-0028	tractability_json	"[{""label"": ""Approved Drug"", ""modality"": ""SM"", ""value"": true}, {""label"": ""Advanced Clinical"", ""modality"": ""SM"", ""value"": false}, {""label"": ""Phase 1 Clinical"", ""modality"": ""SM"", ""value"": false}, {""label"": ""Structure with Ligand"", ""modality"": ""SM"", ""value"": true}, {""label"": ""High-Quality Ligand"", ""modality"": ""SM"", ""value"": true}, {""label"": ""High-Quality Pocket"", ""modality"": ""SM"", ""value"": true}, {""label"": ""Med-Quality Pocket"", ""modality"": ""SM"", ""value"": false}, {""label"": ""Druggable Family"", ""modality"": ""SM"", ""value"": true}, {""label"": ""Approved Drug"", ""modality"": ""AB"", ""value"": true}, {""label"": ""Advanced Clinical"", ""modality"": ""AB"", ""value"": false}, {""label"": ""Phase 1 Clinical"", ""modality"": ""AB"", ""value"": false}, {""label"": ""UniProt loc high conf"", ""modality"": ""AB"", ""value"": true}, {""label"": ""GO CC high conf"", ""modality"": ""AB"", ""value"": true}, {""label"": ""UniProt loc med conf"", ""modality"": ""AB"", ""value"": true}, {""label"": ""UniProt SigP or TMHMM"", ""modality"": ""AB"", ""value"": true}, {""label"": ""GO CC med conf"", ""modality"": ""AB"", ""value"": false}, {""label"": ""Human Protein Atlas loc"", ""modality"": ""AB"", ""value"": true}, {""label"": ""Approved Drug"", ""modality"": ""PR"", ""value"": false}, {""label"": ""Advanced Clinical"", ""modality"": ""PR"", ""value"": false}, {""label"": ""Phase 1 Clinical"", ""modality"": ""PR"", ""value"": false}, {""label"": ""Literature"", ""modality"": ""PR"", ""value"": true}, {""label"": ""UniProt Ubiquitination"", ""modality"": ""PR"", ""value"": true}, {""label"": ""Database Ubiquitination"", ""modality"": ""PR"", ""value"": true}, {""label"": ""Half-life Data"", ""modality"": ""PR"", ""value"": true}, {""label"": ""Small Molecule Binder"", ""modality"": ""PR"", ""value"": true}, {""label"": ""Approved Drug"", ""modality"": ""OC"", ""value"": false}, {""label"": ""Advanced Clinical"", ""modality"": ""OC"", ""value"": true}, {""label"": ""Phase 1 Clinical"", ""modality"": ""OC"", ""value"": false}]"	Open Targets Platform	ENSG00000146648|MONDO_0018177	26.09	https://api.platform.opentargets.org/api/v4/graphql	2026-09-30T07:41:58.308760+00:00	Aggregated evidence	opentargets-v0.2.2	data\raw\opentargets\26.09\target_ENSG00000146648_tractability.json	5ebf2bc4f8d7f5fec3e71abb12cfaed76757137e61c90497221846c554f6b4b2
cancer_target_pair	EVID-0029	association_score	0.40691508857053565	Open Targets Platform	ENSG00000134853|MONDO_0018177	26.09	https://api.platform.opentargets.org/api/v4/graphql	2026-09-30T07:41:58.308760+00:00	Aggregated evidence	opentargets-v0.2.2	"[""data\\raw\\opentargets\\26.09\\CANCER-011_MONDO_0018177_associated_targets_page_0000.json"", ""data\\raw\\opentargets\\26.09\\CANCER-011_MONDO_0018177_associated_targets_page_0001.json"", ""data\\raw\\opentargets\\26.09\\CANCER-011_MONDO_0018177_associated_targets_page_0002.json"", ""data\\raw\\opentargets\\26.09\\CANCER-011_MONDO_0018177_associated_targets_page_0003.json"", ""data\\raw\\opentargets\\26.09\\CANCER-011_MONDO_0018177_associated_targets_page_0004.json"", ""data\\raw\\opentargets\\26.09\\CANCER-011_MONDO_0018177_associated_targets_page_0005.json"", ""data\\raw\\opentargets\\26.09\\CANCER-011_MONDO_0018177_associated_targets_page_0006.json"", ""data\\raw\\opentargets\\26.09\\CANCER-011_MONDO_0018177_associated_targets_page_0007.json"", ""data\\raw\\opentargets\\26.09\\CANCER-011_MONDO_0018177_associated_targets_page_0008.json"", ""data\\raw\\opentargets\\26.09\\CANCER-011_MONDO_0018177_associated_targets_page_0009.json"", ""data\\raw\\opentargets\\26.09\\CANCER-011_MONDO_0018177_associated_targets_page_0010.json"", ""data\\raw\\opentargets\\26.09\\CANCER-011_MONDO_0018177_associated_targets_page_0011.json"", ""data\\raw\\opentargets\\26.09\\CANCER-011_MONDO_0018177_associated_targets_page_0012.json"", ""data\\raw\\opentargets\\26.09\\CANCER-011_MONDO_0018177_associated_targets_page_0013.json"", ""data\\raw\\opentargets\\26.09\\CANCER-011_MONDO_0018177_associated_targets_page_0014.json"", ""data\\raw\\opentargets\\26.09\\CANCER-011_MONDO_0018177_associated_targets_page_0015.json"", ""data\\raw\\opentargets\\26.09\\CANCER-011_MONDO_0018177_associated_targets_page_0016.json"", ""data\\raw\\opentargets\\26.09\\CANCER-011_MONDO_0018177_associated_targets_page_0017.json"", ""data\\raw\\opentargets\\26.09\\CANCER-011_MONDO_0018177_associated_targets_page_0018.json"", ""data\\raw\\opentargets\\26.09\\CANCER-011_MONDO_0018177_associated_targets_page_0019.json"", ""data\\raw\\opentargets\\26.09\\CANCER-011_MONDO_0018177_associated_targets_page_0020.json"", ""data\\raw\\opentargets\\26.09\\CANCER-011_MONDO_0018177_associated_targets_page_0021.json"", ""data\\raw\\opentargets\\26.09\\CANCER-011_MONDO_0018177_associated_targets_page_0022.json""]"	45e19cc769a86e2626950ef7453e3281112c823d66452cff4064c975733a19a6
cancer_target_pair	EVID-0029	genetic_association_score		Open Targets Platform	ENSG00000134853|MONDO_0018177	26.09	https://api.platform.opentargets.org/api/v4/graphql	2026-09-30T07:41:58.308760+00:00	Aggregated evidence	opentargets-v0.2.2	"[""data\\raw\\opentargets\\26.09\\CANCER-011_MONDO_0018177_associated_targets_page_0000.json"", ""data\\raw\\opentargets\\26.09\\CANCER-011_MONDO_0018177_associated_targets_page_0001.json"", ""data\\raw\\opentargets\\26.09\\CANCER-011_MONDO_0018177_associated_targets_page_0002.json"", ""data\\raw\\opentargets\\26.09\\CANCER-011_MONDO_0018177_associated_targets_page_0003.json"", ""data\\raw\\opentargets\\26.09\\CANCER-011_MONDO_0018177_associated_targets_page_0004.json"", ""data\\raw\\opentargets\\26.09\\CANCER-011_MONDO_0018177_associated_targets_page_0005.json"", ""data\\raw\\opentargets\\26.09\\CANCER-011_MONDO_0018177_associated_targets_page_0006.json"", ""data\\raw\\opentargets\\26.09\\CANCER-011_MONDO_0018177_associated_targets_page_0007.json"", ""data\\raw\\opentargets\\26.09\\CANCER-011_MONDO_0018177_associated_targets_page_0008.json"", ""data\\raw\\opentargets\\26.09\\CANCER-011_MONDO_0018177_associated_targets_page_0009.json"", ""data\\raw\\opentargets\\26.09\\CANCER-011_MONDO_0018177_associated_targets_page_0010.json"", ""data\\raw\\opentargets\\26.09\\CANCER-011_MONDO_0018177_associated_targets_page_0011.json"", ""data\\raw\\opentargets\\26.09\\CANCER-011_MONDO_0018177_associated_targets_page_0012.json"", ""data\\raw\\opentargets\\26.09\\CANCER-011_MONDO_0018177_associated_targets_page_0013.json"", ""data\\raw\\opentargets\\26.09\\CANCER-011_MONDO_0018177_associated_targets_page_0014.json"", ""data\\raw\\opentargets\\26.09\\CANCER-011_MONDO_0018177_associated_targets_page_0015.json"", ""data\\raw\\opentargets\\26.09\\CANCER-011_MONDO_0018177_associated_targets_page_0016.json"", ""data\\raw\\opentargets\\26.09\\CANCER-011_MONDO_0018177_associated_targets_page_0017.json"", ""data\\raw\\opentargets\\26.09\\CANCER-011_MONDO_0018177_associated_targets_page_0018.json"", ""data\\raw\\opentargets\\26.09\\CANCER-011_MONDO_0018177_associated_targets_page_0019.json"", ""data\\raw\\opentargets\\26.09\\CANCER-011_MONDO_0018177_associated_targets_page_0020.json"", ""data\\raw\\opentargets\\26.09\\CANCER-011_MONDO_0018177_associated_targets_page_0021.json"", ""data\\raw\\opentargets\\26.09\\CANCER-011_MONDO_0018177_associated_targets_page_0022.json""]"	45e19cc769a86e2626950ef7453e3281112c823d66452cff4064c975733a19a6
cancer_target_pair	EVID-0029	somatic_mutation_score	0.3300142714091462	Open Targets Platform	ENSG00000134853|MONDO_0018177	26.09	https://api.platform.opentargets.org/api/v4/graphql	2026-09-30T07:41:58.308760+00:00	Aggregated evidence	opentargets-v0.2.2	"[""data\\raw\\opentargets\\26.09\\CANCER-011_MONDO_0018177_associated_targets_page_0000.json"", ""data\\raw\\opentargets\\26.09\\CANCER-011_MONDO_0018177_associated_targets_page_0001.json"", ""data\\raw\\opentargets\\26.09\\CANCER-011_MONDO_0018177_associated_targets_page_0002.json"", ""data\\raw\\opentargets\\26.09\\CANCER-011_MONDO_0018177_associated_targets_page_0003.json"", ""data\\raw\\opentargets\\26.09\\CANCER-011_MONDO_0018177_associated_targets_page_0004.json"", ""data\\raw\\opentargets\\26.09\\CANCER-011_MONDO_0018177_associated_targets_page_0005.json"", ""data\\raw\\opentargets\\26.09\\CANCER-011_MONDO_0018177_associated_targets_page_0006.json"", ""data\\raw\\opentargets\\26.09\\CANCER-011_MONDO_0018177_associated_targets_page_0007.json"", ""data\\raw\\opentargets\\26.09\\CANCER-011_MONDO_0018177_associated_targets_page_0008.json"", ""data\\raw\\opentargets\\26.09\\CANCER-011_MONDO_0018177_associated_targets_page_0009.json"", ""data\\raw\\opentargets\\26.09\\CANCER-011_MONDO_0018177_associated_targets_page_0010.json"", ""data\\raw\\opentargets\\26.09\\CANCER-011_MONDO_0018177_associated_targets_page_0011.json"", ""data\\raw\\opentargets\\26.09\\CANCER-011_MONDO_0018177_associated_targets_page_0012.json"", ""data\\raw\\opentargets\\26.09\\CANCER-011_MONDO_0018177_associated_targets_page_0013.json"", ""data\\raw\\opentargets\\26.09\\CANCER-011_MONDO_0018177_associated_targets_page_0014.json"", ""data\\raw\\opentargets\\26.09\\CANCER-011_MONDO_0018177_associated_targets_page_0015.json"", ""data\\raw\\opentargets\\26.09\\CANCER-011_MONDO_0018177_associated_targets_page_0016.json"", ""data\\raw\\opentargets\\26.09\\CANCER-011_MONDO_0018177_associated_targets_page_0017.json"", ""data\\raw\\opentargets\\26.09\\CANCER-011_MONDO_0018177_associated_targets_page_0018.json"", ""data\\raw\\opentargets\\26.09\\CANCER-011_MONDO_0018177_associated_targets_page_0019.json"", ""data\\raw\\opentargets\\26.09\\CANCER-011_MONDO_0018177_associated_targets_page_0020.json"", ""data\\raw\\opentargets\\26.09\\CANCER-011_MONDO_0018177_associated_targets_page_0021.json"", ""data\\raw\\opentargets\\26.09\\CANCER-011_MONDO_0018177_associated_targets_page_0022.json""]"	45e19cc769a86e2626950ef7453e3281112c823d66452cff4064c975733a19a6
cancer_target_pair	EVID-0029	known_drug_score		Open Targets Platform	ENSG00000134853|MONDO_0018177	26.09	https://api.platform.opentargets.org/api/v4/graphql	2026-09-30T07:41:58.308760+00:00	Aggregated evidence	opentargets-v0.2.2	"[""data\\raw\\opentargets\\26.09\\CANCER-011_MONDO_0018177_associated_targets_page_0000.json"", ""data\\raw\\opentargets\\26.09\\CANCER-011_MONDO_0018177_associated_targets_page_0001.json"", ""data\\raw\\opentargets\\26.09\\CANCER-011_MONDO_0018177_associated_targets_page_0002.json"", ""data\\raw\\opentargets\\26.09\\CANCER-011_MONDO_0018177_associated_targets_page_0003.json"", ""data\\raw\\opentargets\\26.09\\CANCER-011_MONDO_0018177_associated_targets_page_0004.json"", ""data\\raw\\opentargets\\26.09\\CANCER-011_MONDO_0018177_associated_targets_page_0005.json"", ""data\\raw\\opentargets\\26.09\\CANCER-011_MONDO_0018177_associated_targets_page_0006.json"", ""data\\raw\\opentargets\\26.09\\CANCER-011_MONDO_0018177_associated_targets_page_0007.json"", ""data\\raw\\opentargets\\26.09\\CANCER-011_MONDO_0018177_associated_targets_page_0008.json"", ""data\\raw\\opentargets\\26.09\\CANCER-011_MONDO_0018177_associated_targets_page_0009.json"", ""data\\raw\\opentargets\\26.09\\CANCER-011_MONDO_0018177_associated_targets_page_0010.json"", ""data\\raw\\opentargets\\26.09\\CANCER-011_MONDO_0018177_associated_targets_page_0011.json"", ""data\\raw\\opentargets\\26.09\\CANCER-011_MONDO_0018177_associated_targets_page_0012.json"", ""data\\raw\\opentargets\\26.09\\CANCER-011_MONDO_0018177_associated_targets_page_0013.json"", ""data\\raw\\opentargets\\26.09\\CANCER-011_MONDO_0018177_associated_targets_page_0014.json"", ""data\\raw\\opentargets\\26.09\\CANCER-011_MONDO_0018177_associated_targets_page_0015.json"", ""data\\raw\\opentargets\\26.09\\CANCER-011_MONDO_0018177_associated_targets_page_0016.json"", ""data\\raw\\opentargets\\26.09\\CANCER-011_MONDO_0018177_associated_targets_page_0017.json"", ""data\\raw\\opentargets\\26.09\\CANCER-011_MONDO_0018177_associated_targets_page_0018.json"", ""data\\raw\\opentargets\\26.09\\CANCER-011_MONDO_0018177_associated_targets_page_0019.json"", ""data\\raw\\opentargets\\26.09\\CANCER-011_MONDO_0018177_associated_targets_page_0020.json"", ""data\\raw\\opentargets\\26.09\\CANCER-011_MONDO_0018177_associated_targets_page_0021.json"", ""data\\raw\\opentargets\\26.09\\CANCER-011_MONDO_0018177_associated_targets_page_0022.json""]"	45e19cc769a86e2626950ef7453e3281112c823d66452cff4064c975733a19a6
cancer_target_pair	EVID-0029	literature_score	0.9729813970902823	Open Targets Platform	ENSG00000134853|MONDO_0018177	26.09	https://api.platform.opentargets.org/api/v4/graphql	2026-09-30T07:41:58.308760+00:00	Aggregated evidence	opentargets-v0.2.2	"[""data\\raw\\opentargets\\26.09\\CANCER-011_MONDO_0018177_associated_targets_page_0000.json"", ""data\\raw\\opentargets\\26.09\\CANCER-011_MONDO_0018177_associated_targets_page_0001.json"", ""data\\raw\\opentargets\\26.09\\CANCER-011_MONDO_0018177_associated_targets_page_0002.json"", ""data\\raw\\opentargets\\26.09\\CANCER-011_MONDO_0018177_associated_targets_page_0003.json"", ""data\\raw\\opentargets\\26.09\\CANCER-011_MONDO_0018177_associated_targets_page_0004.json"", ""data\\raw\\opentargets\\26.09\\CANCER-011_MONDO_0018177_associated_targets_page_0005.json"", ""data\\raw\\opentargets\\26.09\\CANCER-011_MONDO_0018177_associated_targets_page_0006.json"", ""data\\raw\\opentargets\\26.09\\CANCER-011_MONDO_0018177_associated_targets_page_0007.json"", ""data\\raw\\opentargets\\26.09\\CANCER-011_MONDO_0018177_associated_targets_page_0008.json"", ""data\\raw\\opentargets\\26.09\\CANCER-011_MONDO_0018177_associated_targets_page_0009.json"", ""data\\raw\\opentargets\\26.09\\CANCER-011_MONDO_0018177_associated_targets_page_0010.json"", ""data\\raw\\opentargets\\26.09\\CANCER-011_MONDO_0018177_associated_targets_page_0011.json"", ""data\\raw\\opentargets\\26.09\\CANCER-011_MONDO_0018177_associated_targets_page_0012.json"", ""data\\raw\\opentargets\\26.09\\CANCER-011_MONDO_0018177_associated_targets_page_0013.json"", ""data\\raw\\opentargets\\26.09\\CANCER-011_MONDO_0018177_associated_targets_page_0014.json"", ""data\\raw\\opentargets\\26.09\\CANCER-011_MONDO_0018177_associated_targets_page_0015.json"", ""data\\raw\\opentargets\\26.09\\CANCER-011_MONDO_0018177_associated_targets_page_0016.json"", ""data\\raw\\opentargets\\26.09\\CANCER-011_MONDO_0018177_associated_targets_page_0017.json"", ""data\\raw\\opentargets\\26.09\\CANCER-011_MONDO_0018177_associated_targets_page_0018.json"", ""data\\raw\\opentargets\\26.09\\CANCER-011_MONDO_0018177_associated_targets_page_0019.json"", ""data\\raw\\opentargets\\26.09\\CANCER-011_MONDO_0018177_associated_targets_page_0020.json"", ""data\\raw\\opentargets\\26.09\\CANCER-011_MONDO_0018177_associated_targets_page_0021.json"", ""data\\raw\\opentargets\\26.09\\CANCER-011_MONDO_0018177_associated_targets_page_0022.json""]"	45e19cc769a86e2626950ef7453e3281112c823d66452cff4064c975733a19a6
cancer_target_pair	EVID-0029	tractability_json	"[{""label"": ""Approved Drug"", ""modality"": ""SM"", ""value"": true}, {""label"": ""Advanced Clinical"", ""modality"": ""SM"", ""value"": false}, {""label"": ""Phase 1 Clinical"", ""modality"": ""SM"", ""value"": false}, {""label"": ""Structure with Ligand"", ""modality"": ""SM"", ""value"": true}, {""label"": ""High-Quality Ligand"", ""modality"": ""SM"", ""value"": true}, {""label"": ""High-Quality Pocket"", ""modality"": ""SM"", ""value"": false}, {""label"": ""Med-Quality Pocket"", ""modality"": ""SM"", ""value"": false}, {""label"": ""Druggable Family"", ""modality"": ""SM"", ""value"": true}, {""label"": ""Approved Drug"", ""modality"": ""AB"", ""value"": true}, {""label"": ""Advanced Clinical"", ""modality"": ""AB"", ""value"": false}, {""label"": ""Phase 1 Clinical"", ""modality"": ""AB"", ""value"": false}, {""label"": ""UniProt loc high conf"", ""modality"": ""AB"", ""value"": true}, {""label"": ""GO CC high conf"", ""modality"": ""AB"", ""value"": true}, {""label"": ""UniProt loc med conf"", ""modality"": ""AB"", ""value"": false}, {""label"": ""UniProt SigP or TMHMM"", ""modality"": ""AB"", ""value"": true}, {""label"": ""GO CC med conf"", ""modality"": ""AB"", ""value"": false}, {""label"": ""Human Protein Atlas loc"", ""modality"": ""AB"", ""value"": false}, {""label"": ""Approved Drug"", ""modality"": ""PR"", ""value"": false}, {""label"": ""Advanced Clinical"", ""modality"": ""PR"", ""value"": false}, {""label"": ""Phase 1 Clinical"", ""modality"": ""PR"", ""value"": false}, {""label"": ""Literature"", ""modality"": ""PR"", ""value"": false}, {""label"": ""UniProt Ubiquitination"", ""modality"": ""PR"", ""value"": true}, {""label"": ""Database Ubiquitination"", ""modality"": ""PR"", ""value"": true}, {""label"": ""Half-life Data"", ""modality"": ""PR"", ""value"": true}, {""label"": ""Small Molecule Binder"", ""modality"": ""PR"", ""value"": true}, {""label"": ""Approved Drug"", ""modality"": ""OC"", ""value"": true}, {""label"": ""Advanced Clinical"", ""modality"": ""OC"", ""value"": false}, {""label"": ""Phase 1 Clinical"", ""modality"": ""OC"", ""value"": false}]"	Open Targets Platform	ENSG00000134853|MONDO_0018177	26.09	https://api.platform.opentargets.org/api/v4/graphql	2026-09-30T07:41:58.308760+00:00	Aggregated evidence	opentargets-v0.2.2	data\raw\opentargets\26.09\target_ENSG00000134853_tractability.json	45e19cc769a86e2626950ef7453e3281112c823d66452cff4064c975733a19a6
cancer_target_pair	EVID-0030	association_score	0.1386099611463042	Open Targets Platform	ENSG00000135446|MONDO_0018177	26.09	https://api.platform.opentargets.org/api/v4/graphql	2026-09-30T07:41:58.308760+00:00	Aggregated evidence	opentargets-v0.2.2	"[""data\\raw\\opentargets\\26.09\\CANCER-011_MONDO_0018177_associated_targets_page_0000.json"", ""data\\raw\\opentargets\\26.09\\CANCER-011_MONDO_0018177_associated_targets_page_0001.json"", ""data\\raw\\opentargets\\26.09\\CANCER-011_MONDO_0018177_associated_targets_page_0002.json"", ""data\\raw\\opentargets\\26.09\\CANCER-011_MONDO_0018177_associated_targets_page_0003.json"", ""data\\raw\\opentargets\\26.09\\CANCER-011_MONDO_0018177_associated_targets_page_0004.json"", ""data\\raw\\opentargets\\26.09\\CANCER-011_MONDO_0018177_associated_targets_page_0005.json"", ""data\\raw\\opentargets\\26.09\\CANCER-011_MONDO_0018177_associated_targets_page_0006.json"", ""data\\raw\\opentargets\\26.09\\CANCER-011_MONDO_0018177_associated_targets_page_0007.json"", ""data\\raw\\opentargets\\26.09\\CANCER-011_MONDO_0018177_associated_targets_page_0008.json"", ""data\\raw\\opentargets\\26.09\\CANCER-011_MONDO_0018177_associated_targets_page_0009.json"", ""data\\raw\\opentargets\\26.09\\CANCER-011_MONDO_0018177_associated_targets_page_0010.json"", ""data\\raw\\opentargets\\26.09\\CANCER-011_MONDO_0018177_associated_targets_page_0011.json"", ""data\\raw\\opentargets\\26.09\\CANCER-011_MONDO_0018177_associated_targets_page_0012.json"", ""data\\raw\\opentargets\\26.09\\CANCER-011_MONDO_0018177_associated_targets_page_0013.json"", ""data\\raw\\opentargets\\26.09\\CANCER-011_MONDO_0018177_associated_targets_page_0014.json"", ""data\\raw\\opentargets\\26.09\\CANCER-011_MONDO_0018177_associated_targets_page_0015.json"", ""data\\raw\\opentargets\\26.09\\CANCER-011_MONDO_0018177_associated_targets_page_0016.json"", ""data\\raw\\opentargets\\26.09\\CANCER-011_MONDO_0018177_associated_targets_page_0017.json"", ""data\\raw\\opentargets\\26.09\\CANCER-011_MONDO_0018177_associated_targets_page_0018.json"", ""data\\raw\\opentargets\\26.09\\CANCER-011_MONDO_0018177_associated_targets_page_0019.json"", ""data\\raw\\opentargets\\26.09\\CANCER-011_MONDO_0018177_associated_targets_page_0020.json"", ""data\\raw\\opentargets\\26.09\\CANCER-011_MONDO_0018177_associated_targets_page_0021.json"", ""data\\raw\\opentargets\\26.09\\CANCER-011_MONDO_0018177_associated_targets_page_0022.json""]"	22ebfc8a8b94534019b265fa31539bf8c88981cb103986ac03139ba88b6185b5
cancer_target_pair	EVID-0030	genetic_association_score		Open Targets Platform	ENSG00000135446|MONDO_0018177	26.09	https://api.platform.opentargets.org/api/v4/graphql	2026-09-30T07:41:58.308760+00:00	Aggregated evidence	opentargets-v0.2.2	"[""data\\raw\\opentargets\\26.09\\CANCER-011_MONDO_0018177_associated_targets_page_0000.json"", ""data\\raw\\opentargets\\26.09\\CANCER-011_MONDO_0018177_associated_targets_page_0001.json"", ""data\\raw\\opentargets\\26.09\\CANCER-011_MONDO_0018177_associated_targets_page_0002.json"", ""data\\raw\\opentargets\\26.09\\CANCER-011_MONDO_0018177_associated_targets_page_0003.json"", ""data\\raw\\opentargets\\26.09\\CANCER-011_MONDO_0018177_associated_targets_page_0004.json"", ""data\\raw\\opentargets\\26.09\\CANCER-011_MONDO_0018177_associated_targets_page_0005.json"", ""data\\raw\\opentargets\\26.09\\CANCER-011_MONDO_0018177_associated_targets_page_0006.json"", ""data\\raw\\opentargets\\26.09\\CANCER-011_MONDO_0018177_associated_targets_page_0007.json"", ""data\\raw\\opentargets\\26.09\\CANCER-011_MONDO_0018177_associated_targets_page_0008.json"", ""data\\raw\\opentargets\\26.09\\CANCER-011_MONDO_0018177_associated_targets_page_0009.json"", ""data\\raw\\opentargets\\26.09\\CANCER-011_MONDO_0018177_associated_targets_page_0010.json"", ""data\\raw\\opentargets\\26.09\\CANCER-011_MONDO_0018177_associated_targets_page_0011.json"", ""data\\raw\\opentargets\\26.09\\CANCER-011_MONDO_0018177_associated_targets_page_0012.json"", ""data\\raw\\opentargets\\26.09\\CANCER-011_MONDO_0018177_associated_targets_page_0013.json"", ""data\\raw\\opentargets\\26.09\\CANCER-011_MONDO_0018177_associated_targets_page_0014.json"", ""data\\raw\\opentargets\\26.09\\CANCER-011_MONDO_0018177_associated_targets_page_0015.json"", ""data\\raw\\opentargets\\26.09\\CANCER-011_MONDO_0018177_associated_targets_page_0016.json"", ""data\\raw\\opentargets\\26.09\\CANCER-011_MONDO_0018177_associated_targets_page_0017.json"", ""data\\raw\\opentargets\\26.09\\CANCER-011_MONDO_0018177_associated_targets_page_0018.json"", ""data\\raw\\opentargets\\26.09\\CANCER-011_MONDO_0018177_associated_targets_page_0019.json"", ""data\\raw\\opentargets\\26.09\\CANCER-011_MONDO_0018177_associated_targets_page_0020.json"", ""data\\raw\\opentargets\\26.09\\CANCER-011_MONDO_0018177_associated_targets_page_0021.json"", ""data\\raw\\opentargets\\26.09\\CANCER-011_MONDO_0018177_associated_targets_page_0022.json""]"	22ebfc8a8b94534019b265fa31539bf8c88981cb103986ac03139ba88b6185b5
cancer_target_pair	EVID-0030	somatic_mutation_score		Open Targets Platform	ENSG00000135446|MONDO_0018177	26.09	https://api.platform.opentargets.org/api/v4/graphql	2026-09-30T07:41:58.308760+00:00	Aggregated evidence	opentargets-v0.2.2	"[""data\\raw\\opentargets\\26.09\\CANCER-011_MONDO_0018177_associated_targets_page_0000.json"", ""data\\raw\\opentargets\\26.09\\CANCER-011_MONDO_0018177_associated_targets_page_0001.json"", ""data\\raw\\opentargets\\26.09\\CANCER-011_MONDO_0018177_associated_targets_page_0002.json"", ""data\\raw\\opentargets\\26.09\\CANCER-011_MONDO_0018177_associated_targets_page_0003.json"", ""data\\raw\\opentargets\\26.09\\CANCER-011_MONDO_0018177_associated_targets_page_0004.json"", ""data\\raw\\opentargets\\26.09\\CANCER-011_MONDO_0018177_associated_targets_page_0005.json"", ""data\\raw\\opentargets\\26.09\\CANCER-011_MONDO_0018177_associated_targets_page_0006.json"", ""data\\raw\\opentargets\\26.09\\CANCER-011_MONDO_0018177_associated_targets_page_0007.json"", ""data\\raw\\opentargets\\26.09\\CANCER-011_MONDO_0018177_associated_targets_page_0008.json"", ""data\\raw\\opentargets\\26.09\\CANCER-011_MONDO_0018177_associated_targets_page_0009.json"", ""data\\raw\\opentargets\\26.09\\CANCER-011_MONDO_0018177_associated_targets_page_0010.json"", ""data\\raw\\opentargets\\26.09\\CANCER-011_MONDO_0018177_associated_targets_page_0011.json"", ""data\\raw\\opentargets\\26.09\\CANCER-011_MONDO_0018177_associated_targets_page_0012.json"", ""data\\raw\\opentargets\\26.09\\CANCER-011_MONDO_0018177_associated_targets_page_0013.json"", ""data\\raw\\opentargets\\26.09\\CANCER-011_MONDO_0018177_associated_targets_page_0014.json"", ""data\\raw\\opentargets\\26.09\\CANCER-011_MONDO_0018177_associated_targets_page_0015.json"", ""data\\raw\\opentargets\\26.09\\CANCER-011_MONDO_0018177_associated_targets_page_0016.json"", ""data\\raw\\opentargets\\26.09\\CANCER-011_MONDO_0018177_associated_targets_page_0017.json"", ""data\\raw\\opentargets\\26.09\\CANCER-011_MONDO_0018177_associated_targets_page_0018.json"", ""data\\raw\\opentargets\\26.09\\CANCER-011_MONDO_0018177_associated_targets_page_0019.json"", ""data\\raw\\opentargets\\26.09\\CANCER-011_MONDO_0018177_associated_targets_page_0020.json"", ""data\\raw\\opentargets\\26.09\\CANCER-011_MONDO_0018177_associated_targets_page_0021.json"", ""data\\raw\\opentargets\\26.09\\CANCER-011_MONDO_0018177_associated_targets_page_0022.json""]"	22ebfc8a8b94534019b265fa31539bf8c88981cb103986ac03139ba88b6185b5
cancer_target_pair	EVID-0030	known_drug_score		Open Targets Platform	ENSG00000135446|MONDO_0018177	26.09	https://api.platform.opentargets.org/api/v4/graphql	2026-09-30T07:41:58.308760+00:00	Aggregated evidence	opentargets-v0.2.2	"[""data\\raw\\opentargets\\26.09\\CANCER-011_MONDO_0018177_associated_targets_page_0000.json"", ""data\\raw\\opentargets\\26.09\\CANCER-011_MONDO_0018177_associated_targets_page_0001.json"", ""data\\raw\\opentargets\\26.09\\CANCER-011_MONDO_0018177_associated_targets_page_0002.json"", ""data\\raw\\opentargets\\26.09\\CANCER-011_MONDO_0018177_associated_targets_page_0003.json"", ""data\\raw\\opentargets\\26.09\\CANCER-011_MONDO_0018177_associated_targets_page_0004.json"", ""data\\raw\\opentargets\\26.09\\CANCER-011_MONDO_0018177_associated_targets_page_0005.json"", ""data\\raw\\opentargets\\26.09\\CANCER-011_MONDO_0018177_associated_targets_page_0006.json"", ""data\\raw\\opentargets\\26.09\\CANCER-011_MONDO_0018177_associated_targets_page_0007.json"", ""data\\raw\\opentargets\\26.09\\CANCER-011_MONDO_0018177_associated_targets_page_0008.json"", ""data\\raw\\opentargets\\26.09\\CANCER-011_MONDO_0018177_associated_targets_page_0009.json"", ""data\\raw\\opentargets\\26.09\\CANCER-011_MONDO_0018177_associated_targets_page_0010.json"", ""data\\raw\\opentargets\\26.09\\CANCER-011_MONDO_0018177_associated_targets_page_0011.json"", ""data\\raw\\opentargets\\26.09\\CANCER-011_MONDO_0018177_associated_targets_page_0012.json"", ""data\\raw\\opentargets\\26.09\\CANCER-011_MONDO_0018177_associated_targets_page_0013.json"", ""data\\raw\\opentargets\\26.09\\CANCER-011_MONDO_0018177_associated_targets_page_0014.json"", ""data\\raw\\opentargets\\26.09\\CANCER-011_MONDO_0018177_associated_targets_page_0015.json"", ""data\\raw\\opentargets\\26.09\\CANCER-011_MONDO_0018177_associated_targets_page_0016.json"", ""data\\raw\\opentargets\\26.09\\CANCER-011_MONDO_0018177_associated_targets_page_0017.json"", ""data\\raw\\opentargets\\26.09\\CANCER-011_MONDO_0018177_associated_targets_page_0018.json"", ""data\\raw\\opentargets\\26.09\\CANCER-011_MONDO_0018177_associated_targets_page_0019.json"", ""data\\raw\\opentargets\\26.09\\CANCER-011_MONDO_0018177_associated_targets_page_0020.json"", ""data\\raw\\opentargets\\26.09\\CANCER-011_MONDO_0018177_associated_targets_page_0021.json"", ""data\\raw\\opentargets\\26.09\\CANCER-011_MONDO_0018177_associated_targets_page_0022.json""]"	22ebfc8a8b94534019b265fa31539bf8c88981cb103986ac03139ba88b6185b5
cancer_target_pair	EVID-0030	literature_score	0.9160468440245231	Open Targets Platform	ENSG00000135446|MONDO_0018177	26.09	https://api.platform.opentargets.org/api/v4/graphql	2026-09-30T07:41:58.308760+00:00	Aggregated evidence	opentargets-v0.2.2	"[""data\\raw\\opentargets\\26.09\\CANCER-011_MONDO_0018177_associated_targets_page_0000.json"", ""data\\raw\\opentargets\\26.09\\CANCER-011_MONDO_0018177_associated_targets_page_0001.json"", ""data\\raw\\opentargets\\26.09\\CANCER-011_MONDO_0018177_associated_targets_page_0002.json"", ""data\\raw\\opentargets\\26.09\\CANCER-011_MONDO_0018177_associated_targets_page_0003.json"", ""data\\raw\\opentargets\\26.09\\CANCER-011_MONDO_0018177_associated_targets_page_0004.json"", ""data\\raw\\opentargets\\26.09\\CANCER-011_MONDO_0018177_associated_targets_page_0005.json"", ""data\\raw\\opentargets\\26.09\\CANCER-011_MONDO_0018177_associated_targets_page_0006.json"", ""data\\raw\\opentargets\\26.09\\CANCER-011_MONDO_0018177_associated_targets_page_0007.json"", ""data\\raw\\opentargets\\26.09\\CANCER-011_MONDO_0018177_associated_targets_page_0008.json"", ""data\\raw\\opentargets\\26.09\\CANCER-011_MONDO_0018177_associated_targets_page_0009.json"", ""data\\raw\\opentargets\\26.09\\CANCER-011_MONDO_0018177_associated_targets_page_0010.json"", ""data\\raw\\opentargets\\26.09\\CANCER-011_MONDO_0018177_associated_targets_page_0011.json"", ""data\\raw\\opentargets\\26.09\\CANCER-011_MONDO_0018177_associated_targets_page_0012.json"", ""data\\raw\\opentargets\\26.09\\CANCER-011_MONDO_0018177_associated_targets_page_0013.json"", ""data\\raw\\opentargets\\26.09\\CANCER-011_MONDO_0018177_associated_targets_page_0014.json"", ""data\\raw\\opentargets\\26.09\\CANCER-011_MONDO_0018177_associated_targets_page_0015.json"", ""data\\raw\\opentargets\\26.09\\CANCER-011_MONDO_0018177_associated_targets_page_0016.json"", ""data\\raw\\opentargets\\26.09\\CANCER-011_MONDO_0018177_associated_targets_page_0017.json"", ""data\\raw\\opentargets\\26.09\\CANCER-011_MONDO_0018177_associated_targets_page_0018.json"", ""data\\raw\\opentargets\\26.09\\CANCER-011_MONDO_0018177_associated_targets_page_0019.json"", ""data\\raw\\opentargets\\26.09\\CANCER-011_MONDO_0018177_associated_targets_page_0020.json"", ""data\\raw\\opentargets\\26.09\\CANCER-011_MONDO_0018177_associated_targets_page_0021.json"", ""data\\raw\\opentargets\\26.09\\CANCER-011_MONDO_0018177_associated_targets_page_0022.json""]"	22ebfc8a8b94534019b265fa31539bf8c88981cb103986ac03139ba88b6185b5
cancer_target_pair	EVID-0030	tractability_json	"[{""label"": ""Approved Drug"", ""modality"": ""SM"", ""value"": true}, {""label"": ""Advanced Clinical"", ""modality"": ""SM"", ""value"": false}, {""label"": ""Phase 1 Clinical"", ""modality"": ""SM"", ""value"": false}, {""label"": ""Structure with Ligand"", ""modality"": ""SM"", ""value"": true}, {""label"": ""High-Quality Ligand"", ""modality"": ""SM"", ""value"": true}, {""label"": ""High-Quality Pocket"", ""modality"": ""SM"", ""value"": true}, {""label"": ""Med-Quality Pocket"", ""modality"": ""SM"", ""value"": false}, {""label"": ""Druggable Family"", ""modality"": ""SM"", ""value"": true}, {""label"": ""Approved Drug"", ""modality"": ""AB"", ""value"": false}, {""label"": ""Advanced Clinical"", ""modality"": ""AB"", ""value"": false}, {""label"": ""Phase 1 Clinical"", ""modality"": ""AB"", ""value"": false}, {""label"": ""UniProt loc high conf"", ""modality"": ""AB"", ""value"": false}, {""label"": ""GO CC high conf"", ""modality"": ""AB"", ""value"": false}, {""label"": ""UniProt loc med conf"", ""modality"": ""AB"", ""value"": false}, {""label"": ""UniProt SigP or TMHMM"", ""modality"": ""AB"", ""value"": false}, {""label"": ""GO CC med conf"", ""modality"": ""AB"", ""value"": false}, {""label"": ""Human Protein Atlas loc"", ""modality"": ""AB"", ""value"": false}, {""label"": ""Approved Drug"", ""modality"": ""PR"", ""value"": false}, {""label"": ""Advanced Clinical"", ""modality"": ""PR"", ""value"": false}, {""label"": ""Phase 1 Clinical"", ""modality"": ""PR"", ""value"": false}, {""label"": ""Literature"", ""modality"": ""PR"", ""value"": true}, {""label"": ""UniProt Ubiquitination"", ""modality"": ""PR"", ""value"": false}, {""label"": ""Database Ubiquitination"", ""modality"": ""PR"", ""value"": true}, {""label"": ""Half-life Data"", ""modality"": ""PR"", ""value"": true}, {""label"": ""Small Molecule Binder"", ""modality"": ""PR"", ""value"": true}, {""label"": ""Approved Drug"", ""modality"": ""OC"", ""value"": false}, {""label"": ""Advanced Clinical"", ""modality"": ""OC"", ""value"": false}, {""label"": ""Phase 1 Clinical"", ""modality"": ""OC"", ""value"": false}]"	Open Targets Platform	ENSG00000135446|MONDO_0018177	26.09	https://api.platform.opentargets.org/api/v4/graphql	2026-09-30T07:41:58.308760+00:00	Aggregated evidence	opentargets-v0.2.2	data\raw\opentargets\26.09\target_ENSG00000135446_tractability.json	22ebfc8a8b94534019b265fa31539bf8c88981cb103986ac03139ba88b6185b5
cancer_target_pair	EVID-0031	association_score	0.2214998875671472	Open Targets Platform	ENSG00000135679|MONDO_0018177	26.09	https://api.platform.opentargets.org/api/v4/graphql	2026-09-30T07:41:58.308760+00:00	Aggregated evidence	opentargets-v0.2.2	"[""data\\raw\\opentargets\\26.09\\CANCER-011_MONDO_0018177_associated_targets_page_0000.json"", ""data\\raw\\opentargets\\26.09\\CANCER-011_MONDO_0018177_associated_targets_page_0001.json"", ""data\\raw\\opentargets\\26.09\\CANCER-011_MONDO_0018177_associated_targets_page_0002.json"", ""data\\raw\\opentargets\\26.09\\CANCER-011_MONDO_0018177_associated_targets_page_0003.json"", ""data\\raw\\opentargets\\26.09\\CANCER-011_MONDO_0018177_associated_targets_page_0004.json"", ""data\\raw\\opentargets\\26.09\\CANCER-011_MONDO_0018177_associated_targets_page_0005.json"", ""data\\raw\\opentargets\\26.09\\CANCER-011_MONDO_0018177_associated_targets_page_0006.json"", ""data\\raw\\opentargets\\26.09\\CANCER-011_MONDO_0018177_associated_targets_page_0007.json"", ""data\\raw\\opentargets\\26.09\\CANCER-011_MONDO_0018177_associated_targets_page_0008.json"", ""data\\raw\\opentargets\\26.09\\CANCER-011_MONDO_0018177_associated_targets_page_0009.json"", ""data\\raw\\opentargets\\26.09\\CANCER-011_MONDO_0018177_associated_targets_page_0010.json"", ""data\\raw\\opentargets\\26.09\\CANCER-011_MONDO_0018177_associated_targets_page_0011.json"", ""data\\raw\\opentargets\\26.09\\CANCER-011_MONDO_0018177_associated_targets_page_0012.json"", ""data\\raw\\opentargets\\26.09\\CANCER-011_MONDO_0018177_associated_targets_page_0013.json"", ""data\\raw\\opentargets\\26.09\\CANCER-011_MONDO_0018177_associated_targets_page_0014.json"", ""data\\raw\\opentargets\\26.09\\CANCER-011_MONDO_0018177_associated_targets_page_0015.json"", ""data\\raw\\opentargets\\26.09\\CANCER-011_MONDO_0018177_associated_targets_page_0016.json"", ""data\\raw\\opentargets\\26.09\\CANCER-011_MONDO_0018177_associated_targets_page_0017.json"", ""data\\raw\\opentargets\\26.09\\CANCER-011_MONDO_0018177_associated_targets_page_0018.json"", ""data\\raw\\opentargets\\26.09\\CANCER-011_MONDO_0018177_associated_targets_page_0019.json"", ""data\\raw\\opentargets\\26.09\\CANCER-011_MONDO_0018177_associated_targets_page_0020.json"", ""data\\raw\\opentargets\\26.09\\CANCER-011_MONDO_0018177_associated_targets_page_0021.json"", ""data\\raw\\opentargets\\26.09\\CANCER-011_MONDO_0018177_associated_targets_page_0022.json""]"	6820b3bc222c394b8badac3d62404c3a142bce6d23e5055e7905460d8133373f
cancer_target_pair	EVID-0031	genetic_association_score		Open Targets Platform	ENSG00000135679|MONDO_0018177	26.09	https://api.platform.opentargets.org/api/v4/graphql	2026-09-30T07:41:58.308760+00:00	Aggregated evidence	opentargets-v0.2.2	"[""data\\raw\\opentargets\\26.09\\CANCER-011_MONDO_0018177_associated_targets_page_0000.json"", ""data\\raw\\opentargets\\26.09\\CANCER-011_MONDO_0018177_associated_targets_page_0001.json"", ""data\\raw\\opentargets\\26.09\\CANCER-011_MONDO_0018177_associated_targets_page_0002.json"", ""data\\raw\\opentargets\\26.09\\CANCER-011_MONDO_0018177_associated_targets_page_0003.json"", ""data\\raw\\opentargets\\26.09\\CANCER-011_MONDO_0018177_associated_targets_page_0004.json"", ""data\\raw\\opentargets\\26.09\\CANCER-011_MONDO_0018177_associated_targets_page_0005.json"", ""data\\raw\\opentargets\\26.09\\CANCER-011_MONDO_0018177_associated_targets_page_0006.json"", ""data\\raw\\opentargets\\26.09\\CANCER-011_MONDO_0018177_associated_targets_page_0007.json"", ""data\\raw\\opentargets\\26.09\\CANCER-011_MONDO_0018177_associated_targets_page_0008.json"", ""data\\raw\\opentargets\\26.09\\CANCER-011_MONDO_0018177_associated_targets_page_0009.json"", ""data\\raw\\opentargets\\26.09\\CANCER-011_MONDO_0018177_associated_targets_page_0010.json"", ""data\\raw\\opentargets\\26.09\\CANCER-011_MONDO_0018177_associated_targets_page_0011.json"", ""data\\raw\\opentargets\\26.09\\CANCER-011_MONDO_0018177_associated_targets_page_0012.json"", ""data\\raw\\opentargets\\26.09\\CANCER-011_MONDO_0018177_associated_targets_page_0013.json"", ""data\\raw\\opentargets\\26.09\\CANCER-011_MONDO_0018177_associated_targets_page_0014.json"", ""data\\raw\\opentargets\\26.09\\CANCER-011_MONDO_0018177_associated_targets_page_0015.json"", ""data\\raw\\opentargets\\26.09\\CANCER-011_MONDO_0018177_associated_targets_page_0016.json"", ""data\\raw\\opentargets\\26.09\\CANCER-011_MONDO_0018177_associated_targets_page_0017.json"", ""data\\raw\\opentargets\\26.09\\CANCER-011_MONDO_0018177_associated_targets_page_0018.json"", ""data\\raw\\opentargets\\26.09\\CANCER-011_MONDO_0018177_associated_targets_page_0019.json"", ""data\\raw\\opentargets\\26.09\\CANCER-011_MONDO_0018177_associated_targets_page_0020.json"", ""data\\raw\\opentargets\\26.09\\CANCER-011_MONDO_0018177_associated_targets_page_0021.json"", ""data\\raw\\opentargets\\26.09\\CANCER-011_MONDO_0018177_associated_targets_page_0022.json""]"	6820b3bc222c394b8badac3d62404c3a142bce6d23e5055e7905460d8133373f
cancer_target_pair	EVID-0031	somatic_mutation_score		Open Targets Platform	ENSG00000135679|MONDO_0018177	26.09	https://api.platform.opentargets.org/api/v4/graphql	2026-09-30T07:41:58.308760+00:00	Aggregated evidence	opentargets-v0.2.2	"[""data\\raw\\opentargets\\26.09\\CANCER-011_MONDO_0018177_associated_targets_page_0000.json"", ""data\\raw\\opentargets\\26.09\\CANCER-011_MONDO_0018177_associated_targets_page_0001.json"", ""data\\raw\\opentargets\\26.09\\CANCER-011_MONDO_0018177_associated_targets_page_0002.json"", ""data\\raw\\opentargets\\26.09\\CANCER-011_MONDO_0018177_associated_targets_page_0003.json"", ""data\\raw\\opentargets\\26.09\\CANCER-011_MONDO_0018177_associated_targets_page_0004.json"", ""data\\raw\\opentargets\\26.09\\CANCER-011_MONDO_0018177_associated_targets_page_0005.json"", ""data\\raw\\opentargets\\26.09\\CANCER-011_MONDO_0018177_associated_targets_page_0006.json"", ""data\\raw\\opentargets\\26.09\\CANCER-011_MONDO_0018177_associated_targets_page_0007.json"", ""data\\raw\\opentargets\\26.09\\CANCER-011_MONDO_0018177_associated_targets_page_0008.json"", ""data\\raw\\opentargets\\26.09\\CANCER-011_MONDO_0018177_associated_targets_page_0009.json"", ""data\\raw\\opentargets\\26.09\\CANCER-011_MONDO_0018177_associated_targets_page_0010.json"", ""data\\raw\\opentargets\\26.09\\CANCER-011_MONDO_0018177_associated_targets_page_0011.json"", ""data\\raw\\opentargets\\26.09\\CANCER-011_MONDO_0018177_associated_targets_page_0012.json"", ""data\\raw\\opentargets\\26.09\\CANCER-011_MONDO_0018177_associated_targets_page_0013.json"", ""data\\raw\\opentargets\\26.09\\CANCER-011_MONDO_0018177_associated_targets_page_0014.json"", ""data\\raw\\opentargets\\26.09\\CANCER-011_MONDO_0018177_associated_targets_page_0015.json"", ""data\\raw\\opentargets\\26.09\\CANCER-011_MONDO_0018177_associated_targets_page_0016.json"", ""data\\raw\\opentargets\\26.09\\CANCER-011_MONDO_0018177_associated_targets_page_0017.json"", ""data\\raw\\opentargets\\26.09\\CANCER-011_MONDO_0018177_associated_targets_page_0018.json"", ""data\\raw\\opentargets\\26.09\\CANCER-011_MONDO_0018177_associated_targets_page_0019.json"", ""data\\raw\\opentargets\\26.09\\CANCER-011_MONDO_0018177_associated_targets_page_0020.json"", ""data\\raw\\opentargets\\26.09\\CANCER-011_MONDO_0018177_associated_targets_page_0021.json"", ""data\\raw\\opentargets\\26.09\\CANCER-011_MONDO_0018177_associated_targets_page_0022.json""]"	6820b3bc222c394b8badac3d62404c3a142bce6d23e5055e7905460d8133373f
cancer_target_pair	EVID-0031	known_drug_score		Open Targets Platform	ENSG00000135679|MONDO_0018177	26.09	https://api.platform.opentargets.org/api/v4/graphql	2026-09-30T07:41:58.308760+00:00	Aggregated evidence	opentargets-v0.2.2	"[""data\\raw\\opentargets\\26.09\\CANCER-011_MONDO_0018177_associated_targets_page_0000.json"", ""data\\raw\\opentargets\\26.09\\CANCER-011_MONDO_0018177_associated_targets_page_0001.json"", ""data\\raw\\opentargets\\26.09\\CANCER-011_MONDO_0018177_associated_targets_page_0002.json"", ""data\\raw\\opentargets\\26.09\\CANCER-011_MONDO_0018177_associated_targets_page_0003.json"", ""data\\raw\\opentargets\\26.09\\CANCER-011_MONDO_0018177_associated_targets_page_0004.json"", ""data\\raw\\opentargets\\26.09\\CANCER-011_MONDO_0018177_associated_targets_page_0005.json"", ""data\\raw\\opentargets\\26.09\\CANCER-011_MONDO_0018177_associated_targets_page_0006.json"", ""data\\raw\\opentargets\\26.09\\CANCER-011_MONDO_0018177_associated_targets_page_0007.json"", ""data\\raw\\opentargets\\26.09\\CANCER-011_MONDO_0018177_associated_targets_page_0008.json"", ""data\\raw\\opentargets\\26.09\\CANCER-011_MONDO_0018177_associated_targets_page_0009.json"", ""data\\raw\\opentargets\\26.09\\CANCER-011_MONDO_0018177_associated_targets_page_0010.json"", ""data\\raw\\opentargets\\26.09\\CANCER-011_MONDO_0018177_associated_targets_page_0011.json"", ""data\\raw\\opentargets\\26.09\\CANCER-011_MONDO_0018177_associated_targets_page_0012.json"", ""data\\raw\\opentargets\\26.09\\CANCER-011_MONDO_0018177_associated_targets_page_0013.json"", ""data\\raw\\opentargets\\26.09\\CANCER-011_MONDO_0018177_associated_targets_page_0014.json"", ""data\\raw\\opentargets\\26.09\\CANCER-011_MONDO_0018177_associated_targets_page_0015.json"", ""data\\raw\\opentargets\\26.09\\CANCER-011_MONDO_0018177_associated_targets_page_0016.json"", ""data\\raw\\opentargets\\26.09\\CANCER-011_MONDO_0018177_associated_targets_page_0017.json"", ""data\\raw\\opentargets\\26.09\\CANCER-011_MONDO_0018177_associated_targets_page_0018.json"", ""data\\raw\\opentargets\\26.09\\CANCER-011_MONDO_0018177_associated_targets_page_0019.json"", ""data\\raw\\opentargets\\26.09\\CANCER-011_MONDO_0018177_associated_targets_page_0020.json"", ""data\\raw\\opentargets\\26.09\\CANCER-011_MONDO_0018177_associated_targets_page_0021.json"", ""data\\raw\\opentargets\\26.09\\CANCER-011_MONDO_0018177_associated_targets_page_0022.json""]"	6820b3bc222c394b8badac3d62404c3a142bce6d23e5055e7905460d8133373f
cancer_target_pair	EVID-0031	literature_score	0.7019242018204334	Open Targets Platform	ENSG00000135679|MONDO_0018177	26.09	https://api.platform.opentargets.org/api/v4/graphql	2026-09-30T07:41:58.308760+00:00	Aggregated evidence	opentargets-v0.2.2	"[""data\\raw\\opentargets\\26.09\\CANCER-011_MONDO_0018177_associated_targets_page_0000.json"", ""data\\raw\\opentargets\\26.09\\CANCER-011_MONDO_0018177_associated_targets_page_0001.json"", ""data\\raw\\opentargets\\26.09\\CANCER-011_MONDO_0018177_associated_targets_page_0002.json"", ""data\\raw\\opentargets\\26.09\\CANCER-011_MONDO_0018177_associated_targets_page_0003.json"", ""data\\raw\\opentargets\\26.09\\CANCER-011_MONDO_0018177_associated_targets_page_0004.json"", ""data\\raw\\opentargets\\26.09\\CANCER-011_MONDO_0018177_associated_targets_page_0005.json"", ""data\\raw\\opentargets\\26.09\\CANCER-011_MONDO_0018177_associated_targets_page_0006.json"", ""data\\raw\\opentargets\\26.09\\CANCER-011_MONDO_0018177_associated_targets_page_0007.json"", ""data\\raw\\opentargets\\26.09\\CANCER-011_MONDO_0018177_associated_targets_page_0008.json"", ""data\\raw\\opentargets\\26.09\\CANCER-011_MONDO_0018177_associated_targets_page_0009.json"", ""data\\raw\\opentargets\\26.09\\CANCER-011_MONDO_0018177_associated_targets_page_0010.json"", ""data\\raw\\opentargets\\26.09\\CANCER-011_MONDO_0018177_associated_targets_page_0011.json"", ""data\\raw\\opentargets\\26.09\\CANCER-011_MONDO_0018177_associated_targets_page_0012.json"", ""data\\raw\\opentargets\\26.09\\CANCER-011_MONDO_0018177_associated_targets_page_0013.json"", ""data\\raw\\opentargets\\26.09\\CANCER-011_MONDO_0018177_associated_targets_page_0014.json"", ""data\\raw\\opentargets\\26.09\\CANCER-011_MONDO_0018177_associated_targets_page_0015.json"", ""data\\raw\\opentargets\\26.09\\CANCER-011_MONDO_0018177_associated_targets_page_0016.json"", ""data\\raw\\opentargets\\26.09\\CANCER-011_MONDO_0018177_associated_targets_page_0017.json"", ""data\\raw\\opentargets\\26.09\\CANCER-011_MONDO_0018177_associated_targets_page_0018.json"", ""data\\raw\\opentargets\\26.09\\CANCER-011_MONDO_0018177_associated_targets_page_0019.json"", ""data\\raw\\opentargets\\26.09\\CANCER-011_MONDO_0018177_associated_targets_page_0020.json"", ""data\\raw\\opentargets\\26.09\\CANCER-011_MONDO_0018177_associated_targets_page_0021.json"", ""data\\raw\\opentargets\\26.09\\CANCER-011_MONDO_0018177_associated_targets_page_0022.json""]"	6820b3bc222c394b8badac3d62404c3a142bce6d23e5055e7905460d8133373f
cancer_target_pair	EVID-0031	tractability_json	"[{""label"": ""Approved Drug"", ""modality"": ""SM"", ""value"": false}, {""label"": ""Advanced Clinical"", ""modality"": ""SM"", ""value"": true}, {""label"": ""Phase 1 Clinical"", ""modality"": ""SM"", ""value"": false}, {""label"": ""Structure with Ligand"", ""modality"": ""SM"", ""value"": true}, {""label"": ""High-Quality Ligand"", ""modality"": ""SM"", ""value"": true}, {""label"": ""High-Quality Pocket"", ""modality"": ""SM"", ""value"": true}, {""label"": ""Med-Quality Pocket"", ""modality"": ""SM"", ""value"": false}, {""label"": ""Druggable Family"", ""modality"": ""SM"", ""value"": true}, {""label"": ""Approved Drug"", ""modality"": ""AB"", ""value"": false}, {""label"": ""Advanced Clinical"", ""modality"": ""AB"", ""value"": false}, {""label"": ""Phase 1 Clinical"", ""modality"": ""AB"", ""value"": false}, {""label"": ""UniProt loc high conf"", ""modality"": ""AB"", ""value"": false}, {""label"": ""GO CC high conf"", ""modality"": ""AB"", ""value"": true}, {""label"": ""UniProt loc med conf"", ""modality"": ""AB"", ""value"": false}, {""label"": ""UniProt SigP or TMHMM"", ""modality"": ""AB"", ""value"": false}, {""label"": ""GO CC med conf"", ""modality"": ""AB"", ""value"": false}, {""label"": ""Human Protein Atlas loc"", ""modality"": ""AB"", ""value"": false}, {""label"": ""Approved Drug"", ""modality"": ""PR"", ""value"": false}, {""label"": ""Advanced Clinical"", ""modality"": ""PR"", ""value"": false}, {""label"": ""Phase 1 Clinical"", ""modality"": ""PR"", ""value"": false}, {""label"": ""Literature"", ""modality"": ""PR"", ""value"": true}, {""label"": ""UniProt Ubiquitination"", ""modality"": ""PR"", ""value"": true}, {""label"": ""Database Ubiquitination"", ""modality"": ""PR"", ""value"": true}, {""label"": ""Half-life Data"", ""modality"": ""PR"", ""value"": false}, {""label"": ""Small Molecule Binder"", ""modality"": ""PR"", ""value"": true}, {""label"": ""Approved Drug"", ""modality"": ""OC"", ""value"": false}, {""label"": ""Advanced Clinical"", ""modality"": ""OC"", ""value"": false}, {""label"": ""Phase 1 Clinical"", ""modality"": ""OC"", ""value"": false}]"	Open Targets Platform	ENSG00000135679|MONDO_0018177	26.09	https://api.platform.opentargets.org/api/v4/graphql	2026-09-30T07:41:58.308760+00:00	Aggregated evidence	opentargets-v0.2.2	data\raw\opentargets\26.09\target_ENSG00000135679_tractability.json	6820b3bc222c394b8badac3d62404c3a142bce6d23e5055e7905460d8133373f
cancer_target_pair	EVID-0032	association_score	0.21774027253543488	Open Targets Platform	ENSG00000105976|MONDO_0018177	26.09	https://api.platform.opentargets.org/api/v4/graphql	2026-09-30T07:41:58.308760+00:00	Aggregated evidence	opentargets-v0.2.2	"[""data\\raw\\opentargets\\26.09\\CANCER-011_MONDO_0018177_associated_targets_page_0000.json"", ""data\\raw\\opentargets\\26.09\\CANCER-011_MONDO_0018177_associated_targets_page_0001.json"", ""data\\raw\\opentargets\\26.09\\CANCER-011_MONDO_0018177_associated_targets_page_0002.json"", ""data\\raw\\opentargets\\26.09\\CANCER-011_MONDO_0018177_associated_targets_page_0003.json"", ""data\\raw\\opentargets\\26.09\\CANCER-011_MONDO_0018177_associated_targets_page_0004.json"", ""data\\raw\\opentargets\\26.09\\CANCER-011_MONDO_0018177_associated_targets_page_0005.json"", ""data\\raw\\opentargets\\26.09\\CANCER-011_MONDO_0018177_associated_targets_page_0006.json"", ""data\\raw\\opentargets\\26.09\\CANCER-011_MONDO_0018177_associated_targets_page_0007.json"", ""data\\raw\\opentargets\\26.09\\CANCER-011_MONDO_0018177_associated_targets_page_0008.json"", ""data\\raw\\opentargets\\26.09\\CANCER-011_MONDO_0018177_associated_targets_page_0009.json"", ""data\\raw\\opentargets\\26.09\\CANCER-011_MONDO_0018177_associated_targets_page_0010.json"", ""data\\raw\\opentargets\\26.09\\CANCER-011_MONDO_0018177_associated_targets_page_0011.json"", ""data\\raw\\opentargets\\26.09\\CANCER-011_MONDO_0018177_associated_targets_page_0012.json"", ""data\\raw\\opentargets\\26.09\\CANCER-011_MONDO_0018177_associated_targets_page_0013.json"", ""data\\raw\\opentargets\\26.09\\CANCER-011_MONDO_0018177_associated_targets_page_0014.json"", ""data\\raw\\opentargets\\26.09\\CANCER-011_MONDO_0018177_associated_targets_page_0015.json"", ""data\\raw\\opentargets\\26.09\\CANCER-011_MONDO_0018177_associated_targets_page_0016.json"", ""data\\raw\\opentargets\\26.09\\CANCER-011_MONDO_0018177_associated_targets_page_0017.json"", ""data\\raw\\opentargets\\26.09\\CANCER-011_MONDO_0018177_associated_targets_page_0018.json"", ""data\\raw\\opentargets\\26.09\\CANCER-011_MONDO_0018177_associated_targets_page_0019.json"", ""data\\raw\\opentargets\\26.09\\CANCER-011_MONDO_0018177_associated_targets_page_0020.json"", ""data\\raw\\opentargets\\26.09\\CANCER-011_MONDO_0018177_associated_targets_page_0021.json"", ""data\\raw\\opentargets\\26.09\\CANCER-011_MONDO_0018177_associated_targets_page_0022.json""]"	a516793afea38b5e5b18feea8cd1ae5df80ce3b994f29035bd33a5cd9b9941de
cancer_target_pair	EVID-0032	genetic_association_score		Open Targets Platform	ENSG00000105976|MONDO_0018177	26.09	https://api.platform.opentargets.org/api/v4/graphql	2026-09-30T07:41:58.308760+00:00	Aggregated evidence	opentargets-v0.2.2	"[""data\\raw\\opentargets\\26.09\\CANCER-011_MONDO_0018177_associated_targets_page_0000.json"", ""data\\raw\\opentargets\\26.09\\CANCER-011_MONDO_0018177_associated_targets_page_0001.json"", ""data\\raw\\opentargets\\26.09\\CANCER-011_MONDO_0018177_associated_targets_page_0002.json"", ""data\\raw\\opentargets\\26.09\\CANCER-011_MONDO_0018177_associated_targets_page_0003.json"", ""data\\raw\\opentargets\\26.09\\CANCER-011_MONDO_0018177_associated_targets_page_0004.json"", ""data\\raw\\opentargets\\26.09\\CANCER-011_MONDO_0018177_associated_targets_page_0005.json"", ""data\\raw\\opentargets\\26.09\\CANCER-011_MONDO_0018177_associated_targets_page_0006.json"", ""data\\raw\\opentargets\\26.09\\CANCER-011_MONDO_0018177_associated_targets_page_0007.json"", ""data\\raw\\opentargets\\26.09\\CANCER-011_MONDO_0018177_associated_targets_page_0008.json"", ""data\\raw\\opentargets\\26.09\\CANCER-011_MONDO_0018177_associated_targets_page_0009.json"", ""data\\raw\\opentargets\\26.09\\CANCER-011_MONDO_0018177_associated_targets_page_0010.json"", ""data\\raw\\opentargets\\26.09\\CANCER-011_MONDO_0018177_associated_targets_page_0011.json"", ""data\\raw\\opentargets\\26.09\\CANCER-011_MONDO_0018177_associated_targets_page_0012.json"", ""data\\raw\\opentargets\\26.09\\CANCER-011_MONDO_0018177_associated_targets_page_0013.json"", ""data\\raw\\opentargets\\26.09\\CANCER-011_MONDO_0018177_associated_targets_page_0014.json"", ""data\\raw\\opentargets\\26.09\\CANCER-011_MONDO_0018177_associated_targets_page_0015.json"", ""data\\raw\\opentargets\\26.09\\CANCER-011_MONDO_0018177_associated_targets_page_0016.json"", ""data\\raw\\opentargets\\26.09\\CANCER-011_MONDO_0018177_associated_targets_page_0017.json"", ""data\\raw\\opentargets\\26.09\\CANCER-011_MONDO_0018177_associated_targets_page_0018.json"", ""data\\raw\\opentargets\\26.09\\CANCER-011_MONDO_0018177_associated_targets_page_0019.json"", ""data\\raw\\opentargets\\26.09\\CANCER-011_MONDO_0018177_associated_targets_page_0020.json"", ""data\\raw\\opentargets\\26.09\\CANCER-011_MONDO_0018177_associated_targets_page_0021.json"", ""data\\raw\\opentargets\\26.09\\CANCER-011_MONDO_0018177_associated_targets_page_0022.json""]"	a516793afea38b5e5b18feea8cd1ae5df80ce3b994f29035bd33a5cd9b9941de
cancer_target_pair	EVID-0032	somatic_mutation_score		Open Targets Platform	ENSG00000105976|MONDO_0018177	26.09	https://api.platform.opentargets.org/api/v4/graphql	2026-09-30T07:41:58.308760+00:00	Aggregated evidence	opentargets-v0.2.2	"[""data\\raw\\opentargets\\26.09\\CANCER-011_MONDO_0018177_associated_targets_page_0000.json"", ""data\\raw\\opentargets\\26.09\\CANCER-011_MONDO_0018177_associated_targets_page_0001.json"", ""data\\raw\\opentargets\\26.09\\CANCER-011_MONDO_0018177_associated_targets_page_0002.json"", ""data\\raw\\opentargets\\26.09\\CANCER-011_MONDO_0018177_associated_targets_page_0003.json"", ""data\\raw\\opentargets\\26.09\\CANCER-011_MONDO_0018177_associated_targets_page_0004.json"", ""data\\raw\\opentargets\\26.09\\CANCER-011_MONDO_0018177_associated_targets_page_0005.json"", ""data\\raw\\opentargets\\26.09\\CANCER-011_MONDO_0018177_associated_targets_page_0006.json"", ""data\\raw\\opentargets\\26.09\\CANCER-011_MONDO_0018177_associated_targets_page_0007.json"", ""data\\raw\\opentargets\\26.09\\CANCER-011_MONDO_0018177_associated_targets_page_0008.json"", ""data\\raw\\opentargets\\26.09\\CANCER-011_MONDO_0018177_associated_targets_page_0009.json"", ""data\\raw\\opentargets\\26.09\\CANCER-011_MONDO_0018177_associated_targets_page_0010.json"", ""data\\raw\\opentargets\\26.09\\CANCER-011_MONDO_0018177_associated_targets_page_0011.json"", ""data\\raw\\opentargets\\26.09\\CANCER-011_MONDO_0018177_associated_targets_page_0012.json"", ""data\\raw\\opentargets\\26.09\\CANCER-011_MONDO_0018177_associated_targets_page_0013.json"", ""data\\raw\\opentargets\\26.09\\CANCER-011_MONDO_0018177_associated_targets_page_0014.json"", ""data\\raw\\opentargets\\26.09\\CANCER-011_MONDO_0018177_associated_targets_page_0015.json"", ""data\\raw\\opentargets\\26.09\\CANCER-011_MONDO_0018177_associated_targets_page_0016.json"", ""data\\raw\\opentargets\\26.09\\CANCER-011_MONDO_0018177_associated_targets_page_0017.json"", ""data\\raw\\opentargets\\26.09\\CANCER-011_MONDO_0018177_associated_targets_page_0018.json"", ""data\\raw\\opentargets\\26.09\\CANCER-011_MONDO_0018177_associated_targets_page_0019.json"", ""data\\raw\\opentargets\\26.09\\CANCER-011_MONDO_0018177_associated_targets_page_0020.json"", ""data\\raw\\opentargets\\26.09\\CANCER-011_MONDO_0018177_associated_targets_page_0021.json"", ""data\\raw\\opentargets\\26.09\\CANCER-011_MONDO_0018177_associated_targets_page_0022.json""]"	a516793afea38b5e5b18feea8cd1ae5df80ce3b994f29035bd33a5cd9b9941de
cancer_target_pair	EVID-0032	known_drug_score		Open Targets Platform	ENSG00000105976|MONDO_0018177	26.09	https://api.platform.opentargets.org/api/v4/graphql	2026-09-30T07:41:58.308760+00:00	Aggregated evidence	opentargets-v0.2.2	"[""data\\raw\\opentargets\\26.09\\CANCER-011_MONDO_0018177_associated_targets_page_0000.json"", ""data\\raw\\opentargets\\26.09\\CANCER-011_MONDO_0018177_associated_targets_page_0001.json"", ""data\\raw\\opentargets\\26.09\\CANCER-011_MONDO_0018177_associated_targets_page_0002.json"", ""data\\raw\\opentargets\\26.09\\CANCER-011_MONDO_0018177_associated_targets_page_0003.json"", ""data\\raw\\opentargets\\26.09\\CANCER-011_MONDO_0018177_associated_targets_page_0004.json"", ""data\\raw\\opentargets\\26.09\\CANCER-011_MONDO_0018177_associated_targets_page_0005.json"", ""data\\raw\\opentargets\\26.09\\CANCER-011_MONDO_0018177_associated_targets_page_0006.json"", ""data\\raw\\opentargets\\26.09\\CANCER-011_MONDO_0018177_associated_targets_page_0007.json"", ""data\\raw\\opentargets\\26.09\\CANCER-011_MONDO_0018177_associated_targets_page_0008.json"", ""data\\raw\\opentargets\\26.09\\CANCER-011_MONDO_0018177_associated_targets_page_0009.json"", ""data\\raw\\opentargets\\26.09\\CANCER-011_MONDO_0018177_associated_targets_page_0010.json"", ""data\\raw\\opentargets\\26.09\\CANCER-011_MONDO_0018177_associated_targets_page_0011.json"", ""data\\raw\\opentargets\\26.09\\CANCER-011_MONDO_0018177_associated_targets_page_0012.json"", ""data\\raw\\opentargets\\26.09\\CANCER-011_MONDO_0018177_associated_targets_page_0013.json"", ""data\\raw\\opentargets\\26.09\\CANCER-011_MONDO_0018177_associated_targets_page_0014.json"", ""data\\raw\\opentargets\\26.09\\CANCER-011_MONDO_0018177_associated_targets_page_0015.json"", ""data\\raw\\opentargets\\26.09\\CANCER-011_MONDO_0018177_associated_targets_page_0016.json"", ""data\\raw\\opentargets\\26.09\\CANCER-011_MONDO_0018177_associated_targets_page_0017.json"", ""data\\raw\\opentargets\\26.09\\CANCER-011_MONDO_0018177_associated_targets_page_0018.json"", ""data\\raw\\opentargets\\26.09\\CANCER-011_MONDO_0018177_associated_targets_page_0019.json"", ""data\\raw\\opentargets\\26.09\\CANCER-011_MONDO_0018177_associated_targets_page_0020.json"", ""data\\raw\\opentargets\\26.09\\CANCER-011_MONDO_0018177_associated_targets_page_0021.json"", ""data\\raw\\opentargets\\26.09\\CANCER-011_MONDO_0018177_associated_targets_page_0022.json""]"	a516793afea38b5e5b18feea8cd1ae5df80ce3b994f29035bd33a5cd9b9941de
cancer_target_pair	EVID-0032	literature_score	0.9726594949085594	Open Targets Platform	ENSG00000105976|MONDO_0018177	26.09	https://api.platform.opentargets.org/api/v4/graphql	2026-09-30T07:41:58.308760+00:00	Aggregated evidence	opentargets-v0.2.2	"[""data\\raw\\opentargets\\26.09\\CANCER-011_MONDO_0018177_associated_targets_page_0000.json"", ""data\\raw\\opentargets\\26.09\\CANCER-011_MONDO_0018177_associated_targets_page_0001.json"", ""data\\raw\\opentargets\\26.09\\CANCER-011_MONDO_0018177_associated_targets_page_0002.json"", ""data\\raw\\opentargets\\26.09\\CANCER-011_MONDO_0018177_associated_targets_page_0003.json"", ""data\\raw\\opentargets\\26.09\\CANCER-011_MONDO_0018177_associated_targets_page_0004.json"", ""data\\raw\\opentargets\\26.09\\CANCER-011_MONDO_0018177_associated_targets_page_0005.json"", ""data\\raw\\opentargets\\26.09\\CANCER-011_MONDO_0018177_associated_targets_page_0006.json"", ""data\\raw\\opentargets\\26.09\\CANCER-011_MONDO_0018177_associated_targets_page_0007.json"", ""data\\raw\\opentargets\\26.09\\CANCER-011_MONDO_0018177_associated_targets_page_0008.json"", ""data\\raw\\opentargets\\26.09\\CANCER-011_MONDO_0018177_associated_targets_page_0009.json"", ""data\\raw\\opentargets\\26.09\\CANCER-011_MONDO_0018177_associated_targets_page_0010.json"", ""data\\raw\\opentargets\\26.09\\CANCER-011_MONDO_0018177_associated_targets_page_0011.json"", ""data\\raw\\opentargets\\26.09\\CANCER-011_MONDO_0018177_associated_targets_page_0012.json"", ""data\\raw\\opentargets\\26.09\\CANCER-011_MONDO_0018177_associated_targets_page_0013.json"", ""data\\raw\\opentargets\\26.09\\CANCER-011_MONDO_0018177_associated_targets_page_0014.json"", ""data\\raw\\opentargets\\26.09\\CANCER-011_MONDO_0018177_associated_targets_page_0015.json"", ""data\\raw\\opentargets\\26.09\\CANCER-011_MONDO_0018177_associated_targets_page_0016.json"", ""data\\raw\\opentargets\\26.09\\CANCER-011_MONDO_0018177_associated_targets_page_0017.json"", ""data\\raw\\opentargets\\26.09\\CANCER-011_MONDO_0018177_associated_targets_page_0018.json"", ""data\\raw\\opentargets\\26.09\\CANCER-011_MONDO_0018177_associated_targets_page_0019.json"", ""data\\raw\\opentargets\\26.09\\CANCER-011_MONDO_0018177_associated_targets_page_0020.json"", ""data\\raw\\opentargets\\26.09\\CANCER-011_MONDO_0018177_associated_targets_page_0021.json"", ""data\\raw\\opentargets\\26.09\\CANCER-011_MONDO_0018177_associated_targets_page_0022.json""]"	a516793afea38b5e5b18feea8cd1ae5df80ce3b994f29035bd33a5cd9b9941de
cancer_target_pair	EVID-0032	tractability_json	"[{""label"": ""Approved Drug"", ""modality"": ""SM"", ""value"": true}, {""label"": ""Advanced Clinical"", ""modality"": ""SM"", ""value"": false}, {""label"": ""Phase 1 Clinical"", ""modality"": ""SM"", ""value"": false}, {""label"": ""Structure with Ligand"", ""modality"": ""SM"", ""value"": true}, {""label"": ""High-Quality Ligand"", ""modality"": ""SM"", ""value"": true}, {""label"": ""High-Quality Pocket"", ""modality"": ""SM"", ""value"": true}, {""label"": ""Med-Quality Pocket"", ""modality"": ""SM"", ""value"": false}, {""label"": ""Druggable Family"", ""modality"": ""SM"", ""value"": true}, {""label"": ""Approved Drug"", ""modality"": ""AB"", ""value"": true}, {""label"": ""Advanced Clinical"", ""modality"": ""AB"", ""value"": false}, {""label"": ""Phase 1 Clinical"", ""modality"": ""AB"", ""value"": false}, {""label"": ""UniProt loc high conf"", ""modality"": ""AB"", ""value"": false}, {""label"": ""GO CC high conf"", ""modality"": ""AB"", ""value"": true}, {""label"": ""UniProt loc med conf"", ""modality"": ""AB"", ""value"": true}, {""label"": ""UniProt SigP or TMHMM"", ""modality"": ""AB"", ""value"": true}, {""label"": ""GO CC med conf"", ""modality"": ""AB"", ""value"": false}, {""label"": ""Human Protein Atlas loc"", ""modality"": ""AB"", ""value"": true}, {""label"": ""Approved Drug"", ""modality"": ""PR"", ""value"": false}, {""label"": ""Advanced Clinical"", ""modality"": ""PR"", ""value"": false}, {""label"": ""Phase 1 Clinical"", ""modality"": ""PR"", ""value"": false}, {""label"": ""Literature"", ""modality"": ""PR"", ""value"": true}, {""label"": ""UniProt Ubiquitination"", ""modality"": ""PR"", ""value"": true}, {""label"": ""Database Ubiquitination"", ""modality"": ""PR"", ""value"": true}, {""label"": ""Half-life Data"", ""modality"": ""PR"", ""value"": true}, {""label"": ""Small Molecule Binder"", ""modality"": ""PR"", ""value"": true}, {""label"": ""Approved Drug"", ""modality"": ""OC"", ""value"": false}, {""label"": ""Advanced Clinical"", ""modality"": ""OC"", ""value"": true}, {""label"": ""Phase 1 Clinical"", ""modality"": ""OC"", ""value"": false}]"	Open Targets Platform	ENSG00000105976|MONDO_0018177	26.09	https://api.platform.opentargets.org/api/v4/graphql	2026-09-30T07:41:58.308760+00:00	Aggregated evidence	opentargets-v0.2.2	data\raw\opentargets\26.09\target_ENSG00000105976_tractability.json	a516793afea38b5e5b18feea8cd1ae5df80ce3b994f29035bd33a5cd9b9941de
cancer_target_pair	EVID-0033	association_score	0.5387720172837699	Open Targets Platform	ENSG00000121879|MONDO_0018177	26.09	https://api.platform.opentargets.org/api/v4/graphql	2026-09-30T07:41:58.308760+00:00	Aggregated evidence	opentargets-v0.2.2	"[""data\\raw\\opentargets\\26.09\\CANCER-011_MONDO_0018177_associated_targets_page_0000.json"", ""data\\raw\\opentargets\\26.09\\CANCER-011_MONDO_0018177_associated_targets_page_0001.json"", ""data\\raw\\opentargets\\26.09\\CANCER-011_MONDO_0018177_associated_targets_page_0002.json"", ""data\\raw\\opentargets\\26.09\\CANCER-011_MONDO_0018177_associated_targets_page_0003.json"", ""data\\raw\\opentargets\\26.09\\CANCER-011_MONDO_0018177_associated_targets_page_0004.json"", ""data\\raw\\opentargets\\26.09\\CANCER-011_MONDO_0018177_associated_targets_page_0005.json"", ""data\\raw\\opentargets\\26.09\\CANCER-011_MONDO_0018177_associated_targets_page_0006.json"", ""data\\raw\\opentargets\\26.09\\CANCER-011_MONDO_0018177_associated_targets_page_0007.json"", ""data\\raw\\opentargets\\26.09\\CANCER-011_MONDO_0018177_associated_targets_page_0008.json"", ""data\\raw\\opentargets\\26.09\\CANCER-011_MONDO_0018177_associated_targets_page_0009.json"", ""data\\raw\\opentargets\\26.09\\CANCER-011_MONDO_0018177_associated_targets_page_0010.json"", ""data\\raw\\opentargets\\26.09\\CANCER-011_MONDO_0018177_associated_targets_page_0011.json"", ""data\\raw\\opentargets\\26.09\\CANCER-011_MONDO_0018177_associated_targets_page_0012.json"", ""data\\raw\\opentargets\\26.09\\CANCER-011_MONDO_0018177_associated_targets_page_0013.json"", ""data\\raw\\opentargets\\26.09\\CANCER-011_MONDO_0018177_associated_targets_page_0014.json"", ""data\\raw\\opentargets\\26.09\\CANCER-011_MONDO_0018177_associated_targets_page_0015.json"", ""data\\raw\\opentargets\\26.09\\CANCER-011_MONDO_0018177_associated_targets_page_0016.json"", ""data\\raw\\opentargets\\26.09\\CANCER-011_MONDO_0018177_associated_targets_page_0017.json"", ""data\\raw\\opentargets\\26.09\\CANCER-011_MONDO_0018177_associated_targets_page_0018.json"", ""data\\raw\\opentargets\\26.09\\CANCER-011_MONDO_0018177_associated_targets_page_0019.json"", ""data\\raw\\opentargets\\26.09\\CANCER-011_MONDO_0018177_associated_targets_page_0020.json"", ""data\\raw\\opentargets\\26.09\\CANCER-011_MONDO_0018177_associated_targets_page_0021.json"", ""data\\raw\\opentargets\\26.09\\CANCER-011_MONDO_0018177_associated_targets_page_0022.json""]"	bf616c5a08595629c0a8b53b83aaf475576199fdd98659ade61ba50ecc455087
cancer_target_pair	EVID-0033	genetic_association_score		Open Targets Platform	ENSG00000121879|MONDO_0018177	26.09	https://api.platform.opentargets.org/api/v4/graphql	2026-09-30T07:41:58.308760+00:00	Aggregated evidence	opentargets-v0.2.2	"[""data\\raw\\opentargets\\26.09\\CANCER-011_MONDO_0018177_associated_targets_page_0000.json"", ""data\\raw\\opentargets\\26.09\\CANCER-011_MONDO_0018177_associated_targets_page_0001.json"", ""data\\raw\\opentargets\\26.09\\CANCER-011_MONDO_0018177_associated_targets_page_0002.json"", ""data\\raw\\opentargets\\26.09\\CANCER-011_MONDO_0018177_associated_targets_page_0003.json"", ""data\\raw\\opentargets\\26.09\\CANCER-011_MONDO_0018177_associated_targets_page_0004.json"", ""data\\raw\\opentargets\\26.09\\CANCER-011_MONDO_0018177_associated_targets_page_0005.json"", ""data\\raw\\opentargets\\26.09\\CANCER-011_MONDO_0018177_associated_targets_page_0006.json"", ""data\\raw\\opentargets\\26.09\\CANCER-011_MONDO_0018177_associated_targets_page_0007.json"", ""data\\raw\\opentargets\\26.09\\CANCER-011_MONDO_0018177_associated_targets_page_0008.json"", ""data\\raw\\opentargets\\26.09\\CANCER-011_MONDO_0018177_associated_targets_page_0009.json"", ""data\\raw\\opentargets\\26.09\\CANCER-011_MONDO_0018177_associated_targets_page_0010.json"", ""data\\raw\\opentargets\\26.09\\CANCER-011_MONDO_0018177_associated_targets_page_0011.json"", ""data\\raw\\opentargets\\26.09\\CANCER-011_MONDO_0018177_associated_targets_page_0012.json"", ""data\\raw\\opentargets\\26.09\\CANCER-011_MONDO_0018177_associated_targets_page_0013.json"", ""data\\raw\\opentargets\\26.09\\CANCER-011_MONDO_0018177_associated_targets_page_0014.json"", ""data\\raw\\opentargets\\26.09\\CANCER-011_MONDO_0018177_associated_targets_page_0015.json"", ""data\\raw\\opentargets\\26.09\\CANCER-011_MONDO_0018177_associated_targets_page_0016.json"", ""data\\raw\\opentargets\\26.09\\CANCER-011_MONDO_0018177_associated_targets_page_0017.json"", ""data\\raw\\opentargets\\26.09\\CANCER-011_MONDO_0018177_associated_targets_page_0018.json"", ""data\\raw\\opentargets\\26.09\\CANCER-011_MONDO_0018177_associated_targets_page_0019.json"", ""data\\raw\\opentargets\\26.09\\CANCER-011_MONDO_0018177_associated_targets_page_0020.json"", ""data\\raw\\opentargets\\26.09\\CANCER-011_MONDO_0018177_associated_targets_page_0021.json"", ""data\\raw\\opentargets\\26.09\\CANCER-011_MONDO_0018177_associated_targets_page_0022.json""]"	bf616c5a08595629c0a8b53b83aaf475576199fdd98659ade61ba50ecc455087
cancer_target_pair	EVID-0033	somatic_mutation_score	0.7723632812323831	Open Targets Platform	ENSG00000121879|MONDO_0018177	26.09	https://api.platform.opentargets.org/api/v4/graphql	2026-09-30T07:41:58.308760+00:00	Aggregated evidence	opentargets-v0.2.2	"[""data\\raw\\opentargets\\26.09\\CANCER-011_MONDO_0018177_associated_targets_page_0000.json"", ""data\\raw\\opentargets\\26.09\\CANCER-011_MONDO_0018177_associated_targets_page_0001.json"", ""data\\raw\\opentargets\\26.09\\CANCER-011_MONDO_0018177_associated_targets_page_0002.json"", ""data\\raw\\opentargets\\26.09\\CANCER-011_MONDO_0018177_associated_targets_page_0003.json"", ""data\\raw\\opentargets\\26.09\\CANCER-011_MONDO_0018177_associated_targets_page_0004.json"", ""data\\raw\\opentargets\\26.09\\CANCER-011_MONDO_0018177_associated_targets_page_0005.json"", ""data\\raw\\opentargets\\26.09\\CANCER-011_MONDO_0018177_associated_targets_page_0006.json"", ""data\\raw\\opentargets\\26.09\\CANCER-011_MONDO_0018177_associated_targets_page_0007.json"", ""data\\raw\\opentargets\\26.09\\CANCER-011_MONDO_0018177_associated_targets_page_0008.json"", ""data\\raw\\opentargets\\26.09\\CANCER-011_MONDO_0018177_associated_targets_page_0009.json"", ""data\\raw\\opentargets\\26.09\\CANCER-011_MONDO_0018177_associated_targets_page_0010.json"", ""data\\raw\\opentargets\\26.09\\CANCER-011_MONDO_0018177_associated_targets_page_0011.json"", ""data\\raw\\opentargets\\26.09\\CANCER-011_MONDO_0018177_associated_targets_page_0012.json"", ""data\\raw\\opentargets\\26.09\\CANCER-011_MONDO_0018177_associated_targets_page_0013.json"", ""data\\raw\\opentargets\\26.09\\CANCER-011_MONDO_0018177_associated_targets_page_0014.json"", ""data\\raw\\opentargets\\26.09\\CANCER-011_MONDO_0018177_associated_targets_page_0015.json"", ""data\\raw\\opentargets\\26.09\\CANCER-011_MONDO_0018177_associated_targets_page_0016.json"", ""data\\raw\\opentargets\\26.09\\CANCER-011_MONDO_0018177_associated_targets_page_0017.json"", ""data\\raw\\opentargets\\26.09\\CANCER-011_MONDO_0018177_associated_targets_page_0018.json"", ""data\\raw\\opentargets\\26.09\\CANCER-011_MONDO_0018177_associated_targets_page_0019.json"", ""data\\raw\\opentargets\\26.09\\CANCER-011_MONDO_0018177_associated_targets_page_0020.json"", ""data\\raw\\opentargets\\26.09\\CANCER-011_MONDO_0018177_associated_targets_page_0021.json"", ""data\\raw\\opentargets\\26.09\\CANCER-011_MONDO_0018177_associated_targets_page_0022.json""]"	bf616c5a08595629c0a8b53b83aaf475576199fdd98659ade61ba50ecc455087
cancer_target_pair	EVID-0033	known_drug_score		Open Targets Platform	ENSG00000121879|MONDO_0018177	26.09	https://api.platform.opentargets.org/api/v4/graphql	2026-09-30T07:41:58.308760+00:00	Aggregated evidence	opentargets-v0.2.2	"[""data\\raw\\opentargets\\26.09\\CANCER-011_MONDO_0018177_associated_targets_page_0000.json"", ""data\\raw\\opentargets\\26.09\\CANCER-011_MONDO_0018177_associated_targets_page_0001.json"", ""data\\raw\\opentargets\\26.09\\CANCER-011_MONDO_0018177_associated_targets_page_0002.json"", ""data\\raw\\opentargets\\26.09\\CANCER-011_MONDO_0018177_associated_targets_page_0003.json"", ""data\\raw\\opentargets\\26.09\\CANCER-011_MONDO_0018177_associated_targets_page_0004.json"", ""data\\raw\\opentargets\\26.09\\CANCER-011_MONDO_0018177_associated_targets_page_0005.json"", ""data\\raw\\opentargets\\26.09\\CANCER-011_MONDO_0018177_associated_targets_page_0006.json"", ""data\\raw\\opentargets\\26.09\\CANCER-011_MONDO_0018177_associated_targets_page_0007.json"", ""data\\raw\\opentargets\\26.09\\CANCER-011_MONDO_0018177_associated_targets_page_0008.json"", ""data\\raw\\opentargets\\26.09\\CANCER-011_MONDO_0018177_associated_targets_page_0009.json"", ""data\\raw\\opentargets\\26.09\\CANCER-011_MONDO_0018177_associated_targets_page_0010.json"", ""data\\raw\\opentargets\\26.09\\CANCER-011_MONDO_0018177_associated_targets_page_0011.json"", ""data\\raw\\opentargets\\26.09\\CANCER-011_MONDO_0018177_associated_targets_page_0012.json"", ""data\\raw\\opentargets\\26.09\\CANCER-011_MONDO_0018177_associated_targets_page_0013.json"", ""data\\raw\\opentargets\\26.09\\CANCER-011_MONDO_0018177_associated_targets_page_0014.json"", ""data\\raw\\opentargets\\26.09\\CANCER-011_MONDO_0018177_associated_targets_page_0015.json"", ""data\\raw\\opentargets\\26.09\\CANCER-011_MONDO_0018177_associated_targets_page_0016.json"", ""data\\raw\\opentargets\\26.09\\CANCER-011_MONDO_0018177_associated_targets_page_0017.json"", ""data\\raw\\opentargets\\26.09\\CANCER-011_MONDO_0018177_associated_targets_page_0018.json"", ""data\\raw\\opentargets\\26.09\\CANCER-011_MONDO_0018177_associated_targets_page_0019.json"", ""data\\raw\\opentargets\\26.09\\CANCER-011_MONDO_0018177_associated_targets_page_0020.json"", ""data\\raw\\opentargets\\26.09\\CANCER-011_MONDO_0018177_associated_targets_page_0021.json"", ""data\\raw\\opentargets\\26.09\\CANCER-011_MONDO_0018177_associated_targets_page_0022.json""]"	bf616c5a08595629c0a8b53b83aaf475576199fdd98659ade61ba50ecc455087
cancer_target_pair	EVID-0033	literature_score	0.966256908571805	Open Targets Platform	ENSG00000121879|MONDO_0018177	26.09	https://api.platform.opentargets.org/api/v4/graphql	2026-09-30T07:41:58.308760+00:00	Aggregated evidence	opentargets-v0.2.2	"[""data\\raw\\opentargets\\26.09\\CANCER-011_MONDO_0018177_associated_targets_page_0000.json"", ""data\\raw\\opentargets\\26.09\\CANCER-011_MONDO_0018177_associated_targets_page_0001.json"", ""data\\raw\\opentargets\\26.09\\CANCER-011_MONDO_0018177_associated_targets_page_0002.json"", ""data\\raw\\opentargets\\26.09\\CANCER-011_MONDO_0018177_associated_targets_page_0003.json"", ""data\\raw\\opentargets\\26.09\\CANCER-011_MONDO_0018177_associated_targets_page_0004.json"", ""data\\raw\\opentargets\\26.09\\CANCER-011_MONDO_0018177_associated_targets_page_0005.json"", ""data\\raw\\opentargets\\26.09\\CANCER-011_MONDO_0018177_associated_targets_page_0006.json"", ""data\\raw\\opentargets\\26.09\\CANCER-011_MONDO_0018177_associated_targets_page_0007.json"", ""data\\raw\\opentargets\\26.09\\CANCER-011_MONDO_0018177_associated_targets_page_0008.json"", ""data\\raw\\opentargets\\26.09\\CANCER-011_MONDO_0018177_associated_targets_page_0009.json"", ""data\\raw\\opentargets\\26.09\\CANCER-011_MONDO_0018177_associated_targets_page_0010.json"", ""data\\raw\\opentargets\\26.09\\CANCER-011_MONDO_0018177_associated_targets_page_0011.json"", ""data\\raw\\opentargets\\26.09\\CANCER-011_MONDO_0018177_associated_targets_page_0012.json"", ""data\\raw\\opentargets\\26.09\\CANCER-011_MONDO_0018177_associated_targets_page_0013.json"", ""data\\raw\\opentargets\\26.09\\CANCER-011_MONDO_0018177_associated_targets_page_0014.json"", ""data\\raw\\opentargets\\26.09\\CANCER-011_MONDO_0018177_associated_targets_page_0015.json"", ""data\\raw\\opentargets\\26.09\\CANCER-011_MONDO_0018177_associated_targets_page_0016.json"", ""data\\raw\\opentargets\\26.09\\CANCER-011_MONDO_0018177_associated_targets_page_0017.json"", ""data\\raw\\opentargets\\26.09\\CANCER-011_MONDO_0018177_associated_targets_page_0018.json"", ""data\\raw\\opentargets\\26.09\\CANCER-011_MONDO_0018177_associated_targets_page_0019.json"", ""data\\raw\\opentargets\\26.09\\CANCER-011_MONDO_0018177_associated_targets_page_0020.json"", ""data\\raw\\opentargets\\26.09\\CANCER-011_MONDO_0018177_associated_targets_page_0021.json"", ""data\\raw\\opentargets\\26.09\\CANCER-011_MONDO_0018177_associated_targets_page_0022.json""]"	bf616c5a08595629c0a8b53b83aaf475576199fdd98659ade61ba50ecc455087
cancer_target_pair	EVID-0033	tractability_json	"[{""label"": ""Approved Drug"", ""modality"": ""SM"", ""value"": true}, {""label"": ""Advanced Clinical"", ""modality"": ""SM"", ""value"": false}, {""label"": ""Phase 1 Clinical"", ""modality"": ""SM"", ""value"": false}, {""label"": ""Structure with Ligand"", ""modality"": ""SM"", ""value"": true}, {""label"": ""High-Quality Ligand"", ""modality"": ""SM"", ""value"": true}, {""label"": ""High-Quality Pocket"", ""modality"": ""SM"", ""value"": true}, {""label"": ""Med-Quality Pocket"", ""modality"": ""SM"", ""value"": false}, {""label"": ""Druggable Family"", ""modality"": ""SM"", ""value"": true}, {""label"": ""Approved Drug"", ""modality"": ""AB"", ""value"": false}, {""label"": ""Advanced Clinical"", ""modality"": ""AB"", ""value"": false}, {""label"": ""Phase 1 Clinical"", ""modality"": ""AB"", ""value"": false}, {""label"": ""UniProt loc high conf"", ""modality"": ""AB"", ""value"": false}, {""label"": ""GO CC high conf"", ""modality"": ""AB"", ""value"": false}, {""label"": ""UniProt loc med conf"", ""modality"": ""AB"", ""value"": false}, {""label"": ""UniProt SigP or TMHMM"", ""modality"": ""AB"", ""value"": false}, {""label"": ""GO CC med conf"", ""modality"": ""AB"", ""value"": true}, {""label"": ""Human Protein Atlas loc"", ""modality"": ""AB"", ""value"": false}, {""label"": ""Approved Drug"", ""modality"": ""PR"", ""value"": false}, {""label"": ""Advanced Clinical"", ""modality"": ""PR"", ""value"": false}, {""label"": ""Phase 1 Clinical"", ""modality"": ""PR"", ""value"": false}, {""label"": ""Literature"", ""modality"": ""PR"", ""value"": true}, {""label"": ""UniProt Ubiquitination"", ""modality"": ""PR"", ""value"": false}, {""label"": ""Database Ubiquitination"", ""modality"": ""PR"", ""value"": true}, {""label"": ""Half-life Data"", ""modality"": ""PR"", ""value"": true}, {""label"": ""Small Molecule Binder"", ""modality"": ""PR"", ""value"": true}, {""label"": ""Approved Drug"", ""modality"": ""OC"", ""value"": false}, {""label"": ""Advanced Clinical"", ""modality"": ""OC"", ""value"": false}, {""label"": ""Phase 1 Clinical"", ""modality"": ""OC"", ""value"": false}]"	Open Targets Platform	ENSG00000121879|MONDO_0018177	26.09	https://api.platform.opentargets.org/api/v4/graphql	2026-09-30T07:41:58.308760+00:00	Aggregated evidence	opentargets-v0.2.2	data\raw\opentargets\26.09\target_ENSG00000121879_tractability.json	bf616c5a08595629c0a8b53b83aaf475576199fdd98659ade61ba50ecc455087
cancer_target_pair	EVID-0034	association_score	0.14360608533457472	Open Targets Platform	ENSG00000198793|MONDO_0018177	26.09	https://api.platform.opentargets.org/api/v4/graphql	2026-09-30T07:41:58.308760+00:00	Aggregated evidence	opentargets-v0.2.2	"[""data\\raw\\opentargets\\26.09\\CANCER-011_MONDO_0018177_associated_targets_page_0000.json"", ""data\\raw\\opentargets\\26.09\\CANCER-011_MONDO_0018177_associated_targets_page_0001.json"", ""data\\raw\\opentargets\\26.09\\CANCER-011_MONDO_0018177_associated_targets_page_0002.json"", ""data\\raw\\opentargets\\26.09\\CANCER-011_MONDO_0018177_associated_targets_page_0003.json"", ""data\\raw\\opentargets\\26.09\\CANCER-011_MONDO_0018177_associated_targets_page_0004.json"", ""data\\raw\\opentargets\\26.09\\CANCER-011_MONDO_0018177_associated_targets_page_0005.json"", ""data\\raw\\opentargets\\26.09\\CANCER-011_MONDO_0018177_associated_targets_page_0006.json"", ""data\\raw\\opentargets\\26.09\\CANCER-011_MONDO_0018177_associated_targets_page_0007.json"", ""data\\raw\\opentargets\\26.09\\CANCER-011_MONDO_0018177_associated_targets_page_0008.json"", ""data\\raw\\opentargets\\26.09\\CANCER-011_MONDO_0018177_associated_targets_page_0009.json"", ""data\\raw\\opentargets\\26.09\\CANCER-011_MONDO_0018177_associated_targets_page_0010.json"", ""data\\raw\\opentargets\\26.09\\CANCER-011_MONDO_0018177_associated_targets_page_0011.json"", ""data\\raw\\opentargets\\26.09\\CANCER-011_MONDO_0018177_associated_targets_page_0012.json"", ""data\\raw\\opentargets\\26.09\\CANCER-011_MONDO_0018177_associated_targets_page_0013.json"", ""data\\raw\\opentargets\\26.09\\CANCER-011_MONDO_0018177_associated_targets_page_0014.json"", ""data\\raw\\opentargets\\26.09\\CANCER-011_MONDO_0018177_associated_targets_page_0015.json"", ""data\\raw\\opentargets\\26.09\\CANCER-011_MONDO_0018177_associated_targets_page_0016.json"", ""data\\raw\\opentargets\\26.09\\CANCER-011_MONDO_0018177_associated_targets_page_0017.json"", ""data\\raw\\opentargets\\26.09\\CANCER-011_MONDO_0018177_associated_targets_page_0018.json"", ""data\\raw\\opentargets\\26.09\\CANCER-011_MONDO_0018177_associated_targets_page_0019.json"", ""data\\raw\\opentargets\\26.09\\CANCER-011_MONDO_0018177_associated_targets_page_0020.json"", ""data\\raw\\opentargets\\26.09\\CANCER-011_MONDO_0018177_associated_targets_page_0021.json"", ""data\\raw\\opentargets\\26.09\\CANCER-011_MONDO_0018177_associated_targets_page_0022.json""]"	91146226dcc5dfa73b46c587f4cab2845f373bda7121a9f2248168bc773b5caa
cancer_target_pair	EVID-0034	genetic_association_score		Open Targets Platform	ENSG00000198793|MONDO_0018177	26.09	https://api.platform.opentargets.org/api/v4/graphql	2026-09-30T07:41:58.308760+00:00	Aggregated evidence	opentargets-v0.2.2	"[""data\\raw\\opentargets\\26.09\\CANCER-011_MONDO_0018177_associated_targets_page_0000.json"", ""data\\raw\\opentargets\\26.09\\CANCER-011_MONDO_0018177_associated_targets_page_0001.json"", ""data\\raw\\opentargets\\26.09\\CANCER-011_MONDO_0018177_associated_targets_page_0002.json"", ""data\\raw\\opentargets\\26.09\\CANCER-011_MONDO_0018177_associated_targets_page_0003.json"", ""data\\raw\\opentargets\\26.09\\CANCER-011_MONDO_0018177_associated_targets_page_0004.json"", ""data\\raw\\opentargets\\26.09\\CANCER-011_MONDO_0018177_associated_targets_page_0005.json"", ""data\\raw\\opentargets\\26.09\\CANCER-011_MONDO_0018177_associated_targets_page_0006.json"", ""data\\raw\\opentargets\\26.09\\CANCER-011_MONDO_0018177_associated_targets_page_0007.json"", ""data\\raw\\opentargets\\26.09\\CANCER-011_MONDO_0018177_associated_targets_page_0008.json"", ""data\\raw\\opentargets\\26.09\\CANCER-011_MONDO_0018177_associated_targets_page_0009.json"", ""data\\raw\\opentargets\\26.09\\CANCER-011_MONDO_0018177_associated_targets_page_0010.json"", ""data\\raw\\opentargets\\26.09\\CANCER-011_MONDO_0018177_associated_targets_page_0011.json"", ""data\\raw\\opentargets\\26.09\\CANCER-011_MONDO_0018177_associated_targets_page_0012.json"", ""data\\raw\\opentargets\\26.09\\CANCER-011_MONDO_0018177_associated_targets_page_0013.json"", ""data\\raw\\opentargets\\26.09\\CANCER-011_MONDO_0018177_associated_targets_page_0014.json"", ""data\\raw\\opentargets\\26.09\\CANCER-011_MONDO_0018177_associated_targets_page_0015.json"", ""data\\raw\\opentargets\\26.09\\CANCER-011_MONDO_0018177_associated_targets_page_0016.json"", ""data\\raw\\opentargets\\26.09\\CANCER-011_MONDO_0018177_associated_targets_page_0017.json"", ""data\\raw\\opentargets\\26.09\\CANCER-011_MONDO_0018177_associated_targets_page_0018.json"", ""data\\raw\\opentargets\\26.09\\CANCER-011_MONDO_0018177_associated_targets_page_0019.json"", ""data\\raw\\opentargets\\26.09\\CANCER-011_MONDO_0018177_associated_targets_page_0020.json"", ""data\\raw\\opentargets\\26.09\\CANCER-011_MONDO_0018177_associated_targets_page_0021.json"", ""data\\raw\\opentargets\\26.09\\CANCER-011_MONDO_0018177_associated_targets_page_0022.json""]"	91146226dcc5dfa73b46c587f4cab2845f373bda7121a9f2248168bc773b5caa
cancer_target_pair	EVID-0034	somatic_mutation_score		Open Targets Platform	ENSG00000198793|MONDO_0018177	26.09	https://api.platform.opentargets.org/api/v4/graphql	2026-09-30T07:41:58.308760+00:00	Aggregated evidence	opentargets-v0.2.2	"[""data\\raw\\opentargets\\26.09\\CANCER-011_MONDO_0018177_associated_targets_page_0000.json"", ""data\\raw\\opentargets\\26.09\\CANCER-011_MONDO_0018177_associated_targets_page_0001.json"", ""data\\raw\\opentargets\\26.09\\CANCER-011_MONDO_0018177_associated_targets_page_0002.json"", ""data\\raw\\opentargets\\26.09\\CANCER-011_MONDO_0018177_associated_targets_page_0003.json"", ""data\\raw\\opentargets\\26.09\\CANCER-011_MONDO_0018177_associated_targets_page_0004.json"", ""data\\raw\\opentargets\\26.09\\CANCER-011_MONDO_0018177_associated_targets_page_0005.json"", ""data\\raw\\opentargets\\26.09\\CANCER-011_MONDO_0018177_associated_targets_page_0006.json"", ""data\\raw\\opentargets\\26.09\\CANCER-011_MONDO_0018177_associated_targets_page_0007.json"", ""data\\raw\\opentargets\\26.09\\CANCER-011_MONDO_0018177_associated_targets_page_0008.json"", ""data\\raw\\opentargets\\26.09\\CANCER-011_MONDO_0018177_associated_targets_page_0009.json"", ""data\\raw\\opentargets\\26.09\\CANCER-011_MONDO_0018177_associated_targets_page_0010.json"", ""data\\raw\\opentargets\\26.09\\CANCER-011_MONDO_0018177_associated_targets_page_0011.json"", ""data\\raw\\opentargets\\26.09\\CANCER-011_MONDO_0018177_associated_targets_page_0012.json"", ""data\\raw\\opentargets\\26.09\\CANCER-011_MONDO_0018177_associated_targets_page_0013.json"", ""data\\raw\\opentargets\\26.09\\CANCER-011_MONDO_0018177_associated_targets_page_0014.json"", ""data\\raw\\opentargets\\26.09\\CANCER-011_MONDO_0018177_associated_targets_page_0015.json"", ""data\\raw\\opentargets\\26.09\\CANCER-011_MONDO_0018177_associated_targets_page_0016.json"", ""data\\raw\\opentargets\\26.09\\CANCER-011_MONDO_0018177_associated_targets_page_0017.json"", ""data\\raw\\opentargets\\26.09\\CANCER-011_MONDO_0018177_associated_targets_page_0018.json"", ""data\\raw\\opentargets\\26.09\\CANCER-011_MONDO_0018177_associated_targets_page_0019.json"", ""data\\raw\\opentargets\\26.09\\CANCER-011_MONDO_0018177_associated_targets_page_0020.json"", ""data\\raw\\opentargets\\26.09\\CANCER-011_MONDO_0018177_associated_targets_page_0021.json"", ""data\\raw\\opentargets\\26.09\\CANCER-011_MONDO_0018177_associated_targets_page_0022.json""]"	91146226dcc5dfa73b46c587f4cab2845f373bda7121a9f2248168bc773b5caa
cancer_target_pair	EVID-0034	known_drug_score		Open Targets Platform	ENSG00000198793|MONDO_0018177	26.09	https://api.platform.opentargets.org/api/v4/graphql	2026-09-30T07:41:58.308760+00:00	Aggregated evidence	opentargets-v0.2.2	"[""data\\raw\\opentargets\\26.09\\CANCER-011_MONDO_0018177_associated_targets_page_0000.json"", ""data\\raw\\opentargets\\26.09\\CANCER-011_MONDO_0018177_associated_targets_page_0001.json"", ""data\\raw\\opentargets\\26.09\\CANCER-011_MONDO_0018177_associated_targets_page_0002.json"", ""data\\raw\\opentargets\\26.09\\CANCER-011_MONDO_0018177_associated_targets_page_0003.json"", ""data\\raw\\opentargets\\26.09\\CANCER-011_MONDO_0018177_associated_targets_page_0004.json"", ""data\\raw\\opentargets\\26.09\\CANCER-011_MONDO_0018177_associated_targets_page_0005.json"", ""data\\raw\\opentargets\\26.09\\CANCER-011_MONDO_0018177_associated_targets_page_0006.json"", ""data\\raw\\opentargets\\26.09\\CANCER-011_MONDO_0018177_associated_targets_page_0007.json"", ""data\\raw\\opentargets\\26.09\\CANCER-011_MONDO_0018177_associated_targets_page_0008.json"", ""data\\raw\\opentargets\\26.09\\CANCER-011_MONDO_0018177_associated_targets_page_0009.json"", ""data\\raw\\opentargets\\26.09\\CANCER-011_MONDO_0018177_associated_targets_page_0010.json"", ""data\\raw\\opentargets\\26.09\\CANCER-011_MONDO_0018177_associated_targets_page_0011.json"", ""data\\raw\\opentargets\\26.09\\CANCER-011_MONDO_0018177_associated_targets_page_0012.json"", ""data\\raw\\opentargets\\26.09\\CANCER-011_MONDO_0018177_associated_targets_page_0013.json"", ""data\\raw\\opentargets\\26.09\\CANCER-011_MONDO_0018177_associated_targets_page_0014.json"", ""data\\raw\\opentargets\\26.09\\CANCER-011_MONDO_0018177_associated_targets_page_0015.json"", ""data\\raw\\opentargets\\26.09\\CANCER-011_MONDO_0018177_associated_targets_page_0016.json"", ""data\\raw\\opentargets\\26.09\\CANCER-011_MONDO_0018177_associated_targets_page_0017.json"", ""data\\raw\\opentargets\\26.09\\CANCER-011_MONDO_0018177_associated_targets_page_0018.json"", ""data\\raw\\opentargets\\26.09\\CANCER-011_MONDO_0018177_associated_targets_page_0019.json"", ""data\\raw\\opentargets\\26.09\\CANCER-011_MONDO_0018177_associated_targets_page_0020.json"", ""data\\raw\\opentargets\\26.09\\CANCER-011_MONDO_0018177_associated_targets_page_0021.json"", ""data\\raw\\opentargets\\26.09\\CANCER-011_MONDO_0018177_associated_targets_page_0022.json""]"	91146226dcc5dfa73b46c587f4cab2845f373bda7121a9f2248168bc773b5caa
cancer_target_pair	EVID-0034	literature_score	0.9641256592074235	Open Targets Platform	ENSG00000198793|MONDO_0018177	26.09	https://api.platform.opentargets.org/api/v4/graphql	2026-09-30T07:41:58.308760+00:00	Aggregated evidence	opentargets-v0.2.2	"[""data\\raw\\opentargets\\26.09\\CANCER-011_MONDO_0018177_associated_targets_page_0000.json"", ""data\\raw\\opentargets\\26.09\\CANCER-011_MONDO_0018177_associated_targets_page_0001.json"", ""data\\raw\\opentargets\\26.09\\CANCER-011_MONDO_0018177_associated_targets_page_0002.json"", ""data\\raw\\opentargets\\26.09\\CANCER-011_MONDO_0018177_associated_targets_page_0003.json"", ""data\\raw\\opentargets\\26.09\\CANCER-011_MONDO_0018177_associated_targets_page_0004.json"", ""data\\raw\\opentargets\\26.09\\CANCER-011_MONDO_0018177_associated_targets_page_0005.json"", ""data\\raw\\opentargets\\26.09\\CANCER-011_MONDO_0018177_associated_targets_page_0006.json"", ""data\\raw\\opentargets\\26.09\\CANCER-011_MONDO_0018177_associated_targets_page_0007.json"", ""data\\raw\\opentargets\\26.09\\CANCER-011_MONDO_0018177_associated_targets_page_0008.json"", ""data\\raw\\opentargets\\26.09\\CANCER-011_MONDO_0018177_associated_targets_page_0009.json"", ""data\\raw\\opentargets\\26.09\\CANCER-011_MONDO_0018177_associated_targets_page_0010.json"", ""data\\raw\\opentargets\\26.09\\CANCER-011_MONDO_0018177_associated_targets_page_0011.json"", ""data\\raw\\opentargets\\26.09\\CANCER-011_MONDO_0018177_associated_targets_page_0012.json"", ""data\\raw\\opentargets\\26.09\\CANCER-011_MONDO_0018177_associated_targets_page_0013.json"", ""data\\raw\\opentargets\\26.09\\CANCER-011_MONDO_0018177_associated_targets_page_0014.json"", ""data\\raw\\opentargets\\26.09\\CANCER-011_MONDO_0018177_associated_targets_page_0015.json"", ""data\\raw\\opentargets\\26.09\\CANCER-011_MONDO_0018177_associated_targets_page_0016.json"", ""data\\raw\\opentargets\\26.09\\CANCER-011_MONDO_0018177_associated_targets_page_0017.json"", ""data\\raw\\opentargets\\26.09\\CANCER-011_MONDO_0018177_associated_targets_page_0018.json"", ""data\\raw\\opentargets\\26.09\\CANCER-011_MONDO_0018177_associated_targets_page_0019.json"", ""data\\raw\\opentargets\\26.09\\CANCER-011_MONDO_0018177_associated_targets_page_0020.json"", ""data\\raw\\opentargets\\26.09\\CANCER-011_MONDO_0018177_associated_targets_page_0021.json"", ""data\\raw\\opentargets\\26.09\\CANCER-011_MONDO_0018177_associated_targets_page_0022.json""]"	91146226dcc5dfa73b46c587f4cab2845f373bda7121a9f2248168bc773b5caa
cancer_target_pair	EVID-0034	tractability_json	"[{""label"": ""Approved Drug"", ""modality"": ""SM"", ""value"": true}, {""label"": ""Advanced Clinical"", ""modality"": ""SM"", ""value"": false}, {""label"": ""Phase 1 Clinical"", ""modality"": ""SM"", ""value"": false}, {""label"": ""Structure with Ligand"", ""modality"": ""SM"", ""value"": true}, {""label"": ""High-Quality Ligand"", ""modality"": ""SM"", ""value"": true}, {""label"": ""High-Quality Pocket"", ""modality"": ""SM"", ""value"": false}, {""label"": ""Med-Quality Pocket"", ""modality"": ""SM"", ""value"": false}, {""label"": ""Druggable Family"", ""modality"": ""SM"", ""value"": true}, {""label"": ""Approved Drug"", ""modality"": ""AB"", ""value"": false}, {""label"": ""Advanced Clinical"", ""modality"": ""AB"", ""value"": false}, {""label"": ""Phase 1 Clinical"", ""modality"": ""AB"", ""value"": false}, {""label"": ""UniProt loc high conf"", ""modality"": ""AB"", ""value"": true}, {""label"": ""GO CC high conf"", ""modality"": ""AB"", ""value"": true}, {""label"": ""UniProt loc med conf"", ""modality"": ""AB"", ""value"": false}, {""label"": ""UniProt SigP or TMHMM"", ""modality"": ""AB"", ""value"": false}, {""label"": ""GO CC med conf"", ""modality"": ""AB"", ""value"": false}, {""label"": ""Human Protein Atlas loc"", ""modality"": ""AB"", ""value"": false}, {""label"": ""Approved Drug"", ""modality"": ""PR"", ""value"": false}, {""label"": ""Advanced Clinical"", ""modality"": ""PR"", ""value"": false}, {""label"": ""Phase 1 Clinical"", ""modality"": ""PR"", ""value"": false}, {""label"": ""Literature"", ""modality"": ""PR"", ""value"": false}, {""label"": ""UniProt Ubiquitination"", ""modality"": ""PR"", ""value"": true}, {""label"": ""Database Ubiquitination"", ""modality"": ""PR"", ""value"": true}, {""label"": ""Half-life Data"", ""modality"": ""PR"", ""value"": true}, {""label"": ""Small Molecule Binder"", ""modality"": ""PR"", ""value"": true}, {""label"": ""Approved Drug"", ""modality"": ""OC"", ""value"": false}, {""label"": ""Advanced Clinical"", ""modality"": ""OC"", ""value"": false}, {""label"": ""Phase 1 Clinical"", ""modality"": ""OC"", ""value"": false}]"	Open Targets Platform	ENSG00000198793|MONDO_0018177	26.09	https://api.platform.opentargets.org/api/v4/graphql	2026-09-30T07:41:58.308760+00:00	Aggregated evidence	opentargets-v0.2.2	data\raw\opentargets\26.09\target_ENSG00000198793_tractability.json	91146226dcc5dfa73b46c587f4cab2845f373bda7121a9f2248168bc773b5caa
cancer_target_pair	EVID-0035	association_score	0.11493770361481047	Open Targets Platform	ENSG00000166483|MONDO_0018177	26.09	https://api.platform.opentargets.org/api/v4/graphql	2026-09-30T07:41:58.308760+00:00	Aggregated evidence	opentargets-v0.2.2	"[""data\\raw\\opentargets\\26.09\\CANCER-011_MONDO_0018177_associated_targets_page_0000.json"", ""data\\raw\\opentargets\\26.09\\CANCER-011_MONDO_0018177_associated_targets_page_0001.json"", ""data\\raw\\opentargets\\26.09\\CANCER-011_MONDO_0018177_associated_targets_page_0002.json"", ""data\\raw\\opentargets\\26.09\\CANCER-011_MONDO_0018177_associated_targets_page_0003.json"", ""data\\raw\\opentargets\\26.09\\CANCER-011_MONDO_0018177_associated_targets_page_0004.json"", ""data\\raw\\opentargets\\26.09\\CANCER-011_MONDO_0018177_associated_targets_page_0005.json"", ""data\\raw\\opentargets\\26.09\\CANCER-011_MONDO_0018177_associated_targets_page_0006.json"", ""data\\raw\\opentargets\\26.09\\CANCER-011_MONDO_0018177_associated_targets_page_0007.json"", ""data\\raw\\opentargets\\26.09\\CANCER-011_MONDO_0018177_associated_targets_page_0008.json"", ""data\\raw\\opentargets\\26.09\\CANCER-011_MONDO_0018177_associated_targets_page_0009.json"", ""data\\raw\\opentargets\\26.09\\CANCER-011_MONDO_0018177_associated_targets_page_0010.json"", ""data\\raw\\opentargets\\26.09\\CANCER-011_MONDO_0018177_associated_targets_page_0011.json"", ""data\\raw\\opentargets\\26.09\\CANCER-011_MONDO_0018177_associated_targets_page_0012.json"", ""data\\raw\\opentargets\\26.09\\CANCER-011_MONDO_0018177_associated_targets_page_0013.json"", ""data\\raw\\opentargets\\26.09\\CANCER-011_MONDO_0018177_associated_targets_page_0014.json"", ""data\\raw\\opentargets\\26.09\\CANCER-011_MONDO_0018177_associated_targets_page_0015.json"", ""data\\raw\\opentargets\\26.09\\CANCER-011_MONDO_0018177_associated_targets_page_0016.json"", ""data\\raw\\opentargets\\26.09\\CANCER-011_MONDO_0018177_associated_targets_page_0017.json"", ""data\\raw\\opentargets\\26.09\\CANCER-011_MONDO_0018177_associated_targets_page_0018.json"", ""data\\raw\\opentargets\\26.09\\CANCER-011_MONDO_0018177_associated_targets_page_0019.json"", ""data\\raw\\opentargets\\26.09\\CANCER-011_MONDO_0018177_associated_targets_page_0020.json"", ""data\\raw\\opentargets\\26.09\\CANCER-011_MONDO_0018177_associated_targets_page_0021.json"", ""data\\raw\\opentargets\\26.09\\CANCER-011_MONDO_0018177_associated_targets_page_0022.json""]"	4174b90e961700d5eddbd426e1ef88ec91b6fb1e9862783aa3559d7082844aa4
cancer_target_pair	EVID-0035	genetic_association_score		Open Targets Platform	ENSG00000166483|MONDO_0018177	26.09	https://api.platform.opentargets.org/api/v4/graphql	2026-09-30T07:41:58.308760+00:00	Aggregated evidence	opentargets-v0.2.2	"[""data\\raw\\opentargets\\26.09\\CANCER-011_MONDO_0018177_associated_targets_page_0000.json"", ""data\\raw\\opentargets\\26.09\\CANCER-011_MONDO_0018177_associated_targets_page_0001.json"", ""data\\raw\\opentargets\\26.09\\CANCER-011_MONDO_0018177_associated_targets_page_0002.json"", ""data\\raw\\opentargets\\26.09\\CANCER-011_MONDO_0018177_associated_targets_page_0003.json"", ""data\\raw\\opentargets\\26.09\\CANCER-011_MONDO_0018177_associated_targets_page_0004.json"", ""data\\raw\\opentargets\\26.09\\CANCER-011_MONDO_0018177_associated_targets_page_0005.json"", ""data\\raw\\opentargets\\26.09\\CANCER-011_MONDO_0018177_associated_targets_page_0006.json"", ""data\\raw\\opentargets\\26.09\\CANCER-011_MONDO_0018177_associated_targets_page_0007.json"", ""data\\raw\\opentargets\\26.09\\CANCER-011_MONDO_0018177_associated_targets_page_0008.json"", ""data\\raw\\opentargets\\26.09\\CANCER-011_MONDO_0018177_associated_targets_page_0009.json"", ""data\\raw\\opentargets\\26.09\\CANCER-011_MONDO_0018177_associated_targets_page_0010.json"", ""data\\raw\\opentargets\\26.09\\CANCER-011_MONDO_0018177_associated_targets_page_0011.json"", ""data\\raw\\opentargets\\26.09\\CANCER-011_MONDO_0018177_associated_targets_page_0012.json"", ""data\\raw\\opentargets\\26.09\\CANCER-011_MONDO_0018177_associated_targets_page_0013.json"", ""data\\raw\\opentargets\\26.09\\CANCER-011_MONDO_0018177_associated_targets_page_0014.json"", ""data\\raw\\opentargets\\26.09\\CANCER-011_MONDO_0018177_associated_targets_page_0015.json"", ""data\\raw\\opentargets\\26.09\\CANCER-011_MONDO_0018177_associated_targets_page_0016.json"", ""data\\raw\\opentargets\\26.09\\CANCER-011_MONDO_0018177_associated_targets_page_0017.json"", ""data\\raw\\opentargets\\26.09\\CANCER-011_MONDO_0018177_associated_targets_page_0018.json"", ""data\\raw\\opentargets\\26.09\\CANCER-011_MONDO_0018177_associated_targets_page_0019.json"", ""data\\raw\\opentargets\\26.09\\CANCER-011_MONDO_0018177_associated_targets_page_0020.json"", ""data\\raw\\opentargets\\26.09\\CANCER-011_MONDO_0018177_associated_targets_page_0021.json"", ""data\\raw\\opentargets\\26.09\\CANCER-011_MONDO_0018177_associated_targets_page_0022.json""]"	4174b90e961700d5eddbd426e1ef88ec91b6fb1e9862783aa3559d7082844aa4
cancer_target_pair	EVID-0035	somatic_mutation_score		Open Targets Platform	ENSG00000166483|MONDO_0018177	26.09	https://api.platform.opentargets.org/api/v4/graphql	2026-09-30T07:41:58.308760+00:00	Aggregated evidence	opentargets-v0.2.2	"[""data\\raw\\opentargets\\26.09\\CANCER-011_MONDO_0018177_associated_targets_page_0000.json"", ""data\\raw\\opentargets\\26.09\\CANCER-011_MONDO_0018177_associated_targets_page_0001.json"", ""data\\raw\\opentargets\\26.09\\CANCER-011_MONDO_0018177_associated_targets_page_0002.json"", ""data\\raw\\opentargets\\26.09\\CANCER-011_MONDO_0018177_associated_targets_page_0003.json"", ""data\\raw\\opentargets\\26.09\\CANCER-011_MONDO_0018177_associated_targets_page_0004.json"", ""data\\raw\\opentargets\\26.09\\CANCER-011_MONDO_0018177_associated_targets_page_0005.json"", ""data\\raw\\opentargets\\26.09\\CANCER-011_MONDO_0018177_associated_targets_page_0006.json"", ""data\\raw\\opentargets\\26.09\\CANCER-011_MONDO_0018177_associated_targets_page_0007.json"", ""data\\raw\\opentargets\\26.09\\CANCER-011_MONDO_0018177_associated_targets_page_0008.json"", ""data\\raw\\opentargets\\26.09\\CANCER-011_MONDO_0018177_associated_targets_page_0009.json"", ""data\\raw\\opentargets\\26.09\\CANCER-011_MONDO_0018177_associated_targets_page_0010.json"", ""data\\raw\\opentargets\\26.09\\CANCER-011_MONDO_0018177_associated_targets_page_0011.json"", ""data\\raw\\opentargets\\26.09\\CANCER-011_MONDO_0018177_associated_targets_page_0012.json"", ""data\\raw\\opentargets\\26.09\\CANCER-011_MONDO_0018177_associated_targets_page_0013.json"", ""data\\raw\\opentargets\\26.09\\CANCER-011_MONDO_0018177_associated_targets_page_0014.json"", ""data\\raw\\opentargets\\26.09\\CANCER-011_MONDO_0018177_associated_targets_page_0015.json"", ""data\\raw\\opentargets\\26.09\\CANCER-011_MONDO_0018177_associated_targets_page_0016.json"", ""data\\raw\\opentargets\\26.09\\CANCER-011_MONDO_0018177_associated_targets_page_0017.json"", ""data\\raw\\opentargets\\26.09\\CANCER-011_MONDO_0018177_associated_targets_page_0018.json"", ""data\\raw\\opentargets\\26.09\\CANCER-011_MONDO_0018177_associated_targets_page_0019.json"", ""data\\raw\\opentargets\\26.09\\CANCER-011_MONDO_0018177_associated_targets_page_0020.json"", ""data\\raw\\opentargets\\26.09\\CANCER-011_MONDO_0018177_associated_targets_page_0021.json"", ""data\\raw\\opentargets\\26.09\\CANCER-011_MONDO_0018177_associated_targets_page_0022.json""]"	4174b90e961700d5eddbd426e1ef88ec91b6fb1e9862783aa3559d7082844aa4
cancer_target_pair	EVID-0035	known_drug_score		Open Targets Platform	ENSG00000166483|MONDO_0018177	26.09	https://api.platform.opentargets.org/api/v4/graphql	2026-09-30T07:41:58.308760+00:00	Aggregated evidence	opentargets-v0.2.2	"[""data\\raw\\opentargets\\26.09\\CANCER-011_MONDO_0018177_associated_targets_page_0000.json"", ""data\\raw\\opentargets\\26.09\\CANCER-011_MONDO_0018177_associated_targets_page_0001.json"", ""data\\raw\\opentargets\\26.09\\CANCER-011_MONDO_0018177_associated_targets_page_0002.json"", ""data\\raw\\opentargets\\26.09\\CANCER-011_MONDO_0018177_associated_targets_page_0003.json"", ""data\\raw\\opentargets\\26.09\\CANCER-011_MONDO_0018177_associated_targets_page_0004.json"", ""data\\raw\\opentargets\\26.09\\CANCER-011_MONDO_0018177_associated_targets_page_0005.json"", ""data\\raw\\opentargets\\26.09\\CANCER-011_MONDO_0018177_associated_targets_page_0006.json"", ""data\\raw\\opentargets\\26.09\\CANCER-011_MONDO_0018177_associated_targets_page_0007.json"", ""data\\raw\\opentargets\\26.09\\CANCER-011_MONDO_0018177_associated_targets_page_0008.json"", ""data\\raw\\opentargets\\26.09\\CANCER-011_MONDO_0018177_associated_targets_page_0009.json"", ""data\\raw\\opentargets\\26.09\\CANCER-011_MONDO_0018177_associated_targets_page_0010.json"", ""data\\raw\\opentargets\\26.09\\CANCER-011_MONDO_0018177_associated_targets_page_0011.json"", ""data\\raw\\opentargets\\26.09\\CANCER-011_MONDO_0018177_associated_targets_page_0012.json"", ""data\\raw\\opentargets\\26.09\\CANCER-011_MONDO_0018177_associated_targets_page_0013.json"", ""data\\raw\\opentargets\\26.09\\CANCER-011_MONDO_0018177_associated_targets_page_0014.json"", ""data\\raw\\opentargets\\26.09\\CANCER-011_MONDO_0018177_associated_targets_page_0015.json"", ""data\\raw\\opentargets\\26.09\\CANCER-011_MONDO_0018177_associated_targets_page_0016.json"", ""data\\raw\\opentargets\\26.09\\CANCER-011_MONDO_0018177_associated_targets_page_0017.json"", ""data\\raw\\opentargets\\26.09\\CANCER-011_MONDO_0018177_associated_targets_page_0018.json"", ""data\\raw\\opentargets\\26.09\\CANCER-011_MONDO_0018177_associated_targets_page_0019.json"", ""data\\raw\\opentargets\\26.09\\CANCER-011_MONDO_0018177_associated_targets_page_0020.json"", ""data\\raw\\opentargets\\26.09\\CANCER-011_MONDO_0018177_associated_targets_page_0021.json"", ""data\\raw\\opentargets\\26.09\\CANCER-011_MONDO_0018177_associated_targets_page_0022.json""]"	4174b90e961700d5eddbd426e1ef88ec91b6fb1e9862783aa3559d7082844aa4
cancer_target_pair	EVID-0035	literature_score	0.8387025634003785	Open Targets Platform	ENSG00000166483|MONDO_0018177	26.09	https://api.platform.opentargets.org/api/v4/graphql	2026-09-30T07:41:58.308760+00:00	Aggregated evidence	opentargets-v0.2.2	"[""data\\raw\\opentargets\\26.09\\CANCER-011_MONDO_0018177_associated_targets_page_0000.json"", ""data\\raw\\opentargets\\26.09\\CANCER-011_MONDO_0018177_associated_targets_page_0001.json"", ""data\\raw\\opentargets\\26.09\\CANCER-011_MONDO_0018177_associated_targets_page_0002.json"", ""data\\raw\\opentargets\\26.09\\CANCER-011_MONDO_0018177_associated_targets_page_0003.json"", ""data\\raw\\opentargets\\26.09\\CANCER-011_MONDO_0018177_associated_targets_page_0004.json"", ""data\\raw\\opentargets\\26.09\\CANCER-011_MONDO_0018177_associated_targets_page_0005.json"", ""data\\raw\\opentargets\\26.09\\CANCER-011_MONDO_0018177_associated_targets_page_0006.json"", ""data\\raw\\opentargets\\26.09\\CANCER-011_MONDO_0018177_associated_targets_page_0007.json"", ""data\\raw\\opentargets\\26.09\\CANCER-011_MONDO_0018177_associated_targets_page_0008.json"", ""data\\raw\\opentargets\\26.09\\CANCER-011_MONDO_0018177_associated_targets_page_0009.json"", ""data\\raw\\opentargets\\26.09\\CANCER-011_MONDO_0018177_associated_targets_page_0010.json"", ""data\\raw\\opentargets\\26.09\\CANCER-011_MONDO_0018177_associated_targets_page_0011.json"", ""data\\raw\\opentargets\\26.09\\CANCER-011_MONDO_0018177_associated_targets_page_0012.json"", ""data\\raw\\opentargets\\26.09\\CANCER-011_MONDO_0018177_associated_targets_page_0013.json"", ""data\\raw\\opentargets\\26.09\\CANCER-011_MONDO_0018177_associated_targets_page_0014.json"", ""data\\raw\\opentargets\\26.09\\CANCER-011_MONDO_0018177_associated_targets_page_0015.json"", ""data\\raw\\opentargets\\26.09\\CANCER-011_MONDO_0018177_associated_targets_page_0016.json"", ""data\\raw\\opentargets\\26.09\\CANCER-011_MONDO_0018177_associated_targets_page_0017.json"", ""data\\raw\\opentargets\\26.09\\CANCER-011_MONDO_0018177_associated_targets_page_0018.json"", ""data\\raw\\opentargets\\26.09\\CANCER-011_MONDO_0018177_associated_targets_page_0019.json"", ""data\\raw\\opentargets\\26.09\\CANCER-011_MONDO_0018177_associated_targets_page_0020.json"", ""data\\raw\\opentargets\\26.09\\CANCER-011_MONDO_0018177_associated_targets_page_0021.json"", ""data\\raw\\opentargets\\26.09\\CANCER-011_MONDO_0018177_associated_targets_page_0022.json""]"	4174b90e961700d5eddbd426e1ef88ec91b6fb1e9862783aa3559d7082844aa4
cancer_target_pair	EVID-0035	tractability_json	"[{""label"": ""Approved Drug"", ""modality"": ""SM"", ""value"": false}, {""label"": ""Advanced Clinical"", ""modality"": ""SM"", ""value"": true}, {""label"": ""Phase 1 Clinical"", ""modality"": ""SM"", ""value"": false}, {""label"": ""Structure with Ligand"", ""modality"": ""SM"", ""value"": true}, {""label"": ""High-Quality Ligand"", ""modality"": ""SM"", ""value"": true}, {""label"": ""High-Quality Pocket"", ""modality"": ""SM"", ""value"": true}, {""label"": ""Med-Quality Pocket"", ""modality"": ""SM"", ""value"": false}, {""label"": ""Druggable Family"", ""modality"": ""SM"", ""value"": true}, {""label"": ""Approved Drug"", ""modality"": ""AB"", ""value"": false}, {""label"": ""Advanced Clinical"", ""modality"": ""AB"", ""value"": false}, {""label"": ""Phase 1 Clinical"", ""modality"": ""AB"", ""value"": false}, {""label"": ""UniProt loc high conf"", ""modality"": ""AB"", ""value"": false}, {""label"": ""GO CC high conf"", ""modality"": ""AB"", ""value"": false}, {""label"": ""UniProt loc med conf"", ""modality"": ""AB"", ""value"": false}, {""label"": ""UniProt SigP or TMHMM"", ""modality"": ""AB"", ""value"": false}, {""label"": ""GO CC med conf"", ""modality"": ""AB"", ""value"": false}, {""label"": ""Human Protein Atlas loc"", ""modality"": ""AB"", ""value"": false}, {""label"": ""Approved Drug"", ""modality"": ""PR"", ""value"": false}, {""label"": ""Advanced Clinical"", ""modality"": ""PR"", ""value"": false}, {""label"": ""Phase 1 Clinical"", ""modality"": ""PR"", ""value"": false}, {""label"": ""Literature"", ""modality"": ""PR"", ""value"": true}, {""label"": ""UniProt Ubiquitination"", ""modality"": ""PR"", ""value"": true}, {""label"": ""Database Ubiquitination"", ""modality"": ""PR"", ""value"": true}, {""label"": ""Half-life Data"", ""modality"": ""PR"", ""value"": false}, {""label"": ""Small Molecule Binder"", ""modality"": ""PR"", ""value"": true}, {""label"": ""Approved Drug"", ""modality"": ""OC"", ""value"": false}, {""label"": ""Advanced Clinical"", ""modality"": ""OC"", ""value"": false}, {""label"": ""Phase 1 Clinical"", ""modality"": ""OC"", ""value"": false}]"	Open Targets Platform	ENSG00000166483|MONDO_0018177	26.09	https://api.platform.opentargets.org/api/v4/graphql	2026-09-30T07:41:58.308760+00:00	Aggregated evidence	opentargets-v0.2.2	data\raw\opentargets\26.09\target_ENSG00000166483_tractability.json	4174b90e961700d5eddbd426e1ef88ec91b6fb1e9862783aa3559d7082844aa4
cancer_target_pair	EVID-0036	association_score	0.13869902367841072	Open Targets Platform	ENSG00000068078|MONDO_0018177	26.09	https://api.platform.opentargets.org/api/v4/graphql	2026-09-30T07:41:58.308760+00:00	Aggregated evidence	opentargets-v0.2.2	"[""data\\raw\\opentargets\\26.09\\CANCER-011_MONDO_0018177_associated_targets_page_0000.json"", ""data\\raw\\opentargets\\26.09\\CANCER-011_MONDO_0018177_associated_targets_page_0001.json"", ""data\\raw\\opentargets\\26.09\\CANCER-011_MONDO_0018177_associated_targets_page_0002.json"", ""data\\raw\\opentargets\\26.09\\CANCER-011_MONDO_0018177_associated_targets_page_0003.json"", ""data\\raw\\opentargets\\26.09\\CANCER-011_MONDO_0018177_associated_targets_page_0004.json"", ""data\\raw\\opentargets\\26.09\\CANCER-011_MONDO_0018177_associated_targets_page_0005.json"", ""data\\raw\\opentargets\\26.09\\CANCER-011_MONDO_0018177_associated_targets_page_0006.json"", ""data\\raw\\opentargets\\26.09\\CANCER-011_MONDO_0018177_associated_targets_page_0007.json"", ""data\\raw\\opentargets\\26.09\\CANCER-011_MONDO_0018177_associated_targets_page_0008.json"", ""data\\raw\\opentargets\\26.09\\CANCER-011_MONDO_0018177_associated_targets_page_0009.json"", ""data\\raw\\opentargets\\26.09\\CANCER-011_MONDO_0018177_associated_targets_page_0010.json"", ""data\\raw\\opentargets\\26.09\\CANCER-011_MONDO_0018177_associated_targets_page_0011.json"", ""data\\raw\\opentargets\\26.09\\CANCER-011_MONDO_0018177_associated_targets_page_0012.json"", ""data\\raw\\opentargets\\26.09\\CANCER-011_MONDO_0018177_associated_targets_page_0013.json"", ""data\\raw\\opentargets\\26.09\\CANCER-011_MONDO_0018177_associated_targets_page_0014.json"", ""data\\raw\\opentargets\\26.09\\CANCER-011_MONDO_0018177_associated_targets_page_0015.json"", ""data\\raw\\opentargets\\26.09\\CANCER-011_MONDO_0018177_associated_targets_page_0016.json"", ""data\\raw\\opentargets\\26.09\\CANCER-011_MONDO_0018177_associated_targets_page_0017.json"", ""data\\raw\\opentargets\\26.09\\CANCER-011_MONDO_0018177_associated_targets_page_0018.json"", ""data\\raw\\opentargets\\26.09\\CANCER-011_MONDO_0018177_associated_targets_page_0019.json"", ""data\\raw\\opentargets\\26.09\\CANCER-011_MONDO_0018177_associated_targets_page_0020.json"", ""data\\raw\\opentargets\\26.09\\CANCER-011_MONDO_0018177_associated_targets_page_0021.json"", ""data\\raw\\opentargets\\26.09\\CANCER-011_MONDO_0018177_associated_targets_page_0022.json""]"	97adf516942885ff8581ecd7991b9734db437b76d08afbd3302fa721b507046f
cancer_target_pair	EVID-0036	genetic_association_score		Open Targets Platform	ENSG00000068078|MONDO_0018177	26.09	https://api.platform.opentargets.org/api/v4/graphql	2026-09-30T07:41:58.308760+00:00	Aggregated evidence	opentargets-v0.2.2	"[""data\\raw\\opentargets\\26.09\\CANCER-011_MONDO_0018177_associated_targets_page_0000.json"", ""data\\raw\\opentargets\\26.09\\CANCER-011_MONDO_0018177_associated_targets_page_0001.json"", ""data\\raw\\opentargets\\26.09\\CANCER-011_MONDO_0018177_associated_targets_page_0002.json"", ""data\\raw\\opentargets\\26.09\\CANCER-011_MONDO_0018177_associated_targets_page_0003.json"", ""data\\raw\\opentargets\\26.09\\CANCER-011_MONDO_0018177_associated_targets_page_0004.json"", ""data\\raw\\opentargets\\26.09\\CANCER-011_MONDO_0018177_associated_targets_page_0005.json"", ""data\\raw\\opentargets\\26.09\\CANCER-011_MONDO_0018177_associated_targets_page_0006.json"", ""data\\raw\\opentargets\\26.09\\CANCER-011_MONDO_0018177_associated_targets_page_0007.json"", ""data\\raw\\opentargets\\26.09\\CANCER-011_MONDO_0018177_associated_targets_page_0008.json"", ""data\\raw\\opentargets\\26.09\\CANCER-011_MONDO_0018177_associated_targets_page_0009.json"", ""data\\raw\\opentargets\\26.09\\CANCER-011_MONDO_0018177_associated_targets_page_0010.json"", ""data\\raw\\opentargets\\26.09\\CANCER-011_MONDO_0018177_associated_targets_page_0011.json"", ""data\\raw\\opentargets\\26.09\\CANCER-011_MONDO_0018177_associated_targets_page_0012.json"", ""data\\raw\\opentargets\\26.09\\CANCER-011_MONDO_0018177_associated_targets_page_0013.json"", ""data\\raw\\opentargets\\26.09\\CANCER-011_MONDO_0018177_associated_targets_page_0014.json"", ""data\\raw\\opentargets\\26.09\\CANCER-011_MONDO_0018177_associated_targets_page_0015.json"", ""data\\raw\\opentargets\\26.09\\CANCER-011_MONDO_0018177_associated_targets_page_0016.json"", ""data\\raw\\opentargets\\26.09\\CANCER-011_MONDO_0018177_associated_targets_page_0017.json"", ""data\\raw\\opentargets\\26.09\\CANCER-011_MONDO_0018177_associated_targets_page_0018.json"", ""data\\raw\\opentargets\\26.09\\CANCER-011_MONDO_0018177_associated_targets_page_0019.json"", ""data\\raw\\opentargets\\26.09\\CANCER-011_MONDO_0018177_associated_targets_page_0020.json"", ""data\\raw\\opentargets\\26.09\\CANCER-011_MONDO_0018177_associated_targets_page_0021.json"", ""data\\raw\\opentargets\\26.09\\CANCER-011_MONDO_0018177_associated_targets_page_0022.json""]"	97adf516942885ff8581ecd7991b9734db437b76d08afbd3302fa721b507046f
cancer_target_pair	EVID-0036	somatic_mutation_score		Open Targets Platform	ENSG00000068078|MONDO_0018177	26.09	https://api.platform.opentargets.org/api/v4/graphql	2026-09-30T07:41:58.308760+00:00	Aggregated evidence	opentargets-v0.2.2	"[""data\\raw\\opentargets\\26.09\\CANCER-011_MONDO_0018177_associated_targets_page_0000.json"", ""data\\raw\\opentargets\\26.09\\CANCER-011_MONDO_0018177_associated_targets_page_0001.json"", ""data\\raw\\opentargets\\26.09\\CANCER-011_MONDO_0018177_associated_targets_page_0002.json"", ""data\\raw\\opentargets\\26.09\\CANCER-011_MONDO_0018177_associated_targets_page_0003.json"", ""data\\raw\\opentargets\\26.09\\CANCER-011_MONDO_0018177_associated_targets_page_0004.json"", ""data\\raw\\opentargets\\26.09\\CANCER-011_MONDO_0018177_associated_targets_page_0005.json"", ""data\\raw\\opentargets\\26.09\\CANCER-011_MONDO_0018177_associated_targets_page_0006.json"", ""data\\raw\\opentargets\\26.09\\CANCER-011_MONDO_0018177_associated_targets_page_0007.json"", ""data\\raw\\opentargets\\26.09\\CANCER-011_MONDO_0018177_associated_targets_page_0008.json"", ""data\\raw\\opentargets\\26.09\\CANCER-011_MONDO_0018177_associated_targets_page_0009.json"", ""data\\raw\\opentargets\\26.09\\CANCER-011_MONDO_0018177_associated_targets_page_0010.json"", ""data\\raw\\opentargets\\26.09\\CANCER-011_MONDO_0018177_associated_targets_page_0011.json"", ""data\\raw\\opentargets\\26.09\\CANCER-011_MONDO_0018177_associated_targets_page_0012.json"", ""data\\raw\\opentargets\\26.09\\CANCER-011_MONDO_0018177_associated_targets_page_0013.json"", ""data\\raw\\opentargets\\26.09\\CANCER-011_MONDO_0018177_associated_targets_page_0014.json"", ""data\\raw\\opentargets\\26.09\\CANCER-011_MONDO_0018177_associated_targets_page_0015.json"", ""data\\raw\\opentargets\\26.09\\CANCER-011_MONDO_0018177_associated_targets_page_0016.json"", ""data\\raw\\opentargets\\26.09\\CANCER-011_MONDO_0018177_associated_targets_page_0017.json"", ""data\\raw\\opentargets\\26.09\\CANCER-011_MONDO_0018177_associated_targets_page_0018.json"", ""data\\raw\\opentargets\\26.09\\CANCER-011_MONDO_0018177_associated_targets_page_0019.json"", ""data\\raw\\opentargets\\26.09\\CANCER-011_MONDO_0018177_associated_targets_page_0020.json"", ""data\\raw\\opentargets\\26.09\\CANCER-011_MONDO_0018177_associated_targets_page_0021.json"", ""data\\raw\\opentargets\\26.09\\CANCER-011_MONDO_0018177_associated_targets_page_0022.json""]"	97adf516942885ff8581ecd7991b9734db437b76d08afbd3302fa721b507046f
cancer_target_pair	EVID-0036	known_drug_score		Open Targets Platform	ENSG00000068078|MONDO_0018177	26.09	https://api.platform.opentargets.org/api/v4/graphql	2026-09-30T07:41:58.308760+00:00	Aggregated evidence	opentargets-v0.2.2	"[""data\\raw\\opentargets\\26.09\\CANCER-011_MONDO_0018177_associated_targets_page_0000.json"", ""data\\raw\\opentargets\\26.09\\CANCER-011_MONDO_0018177_associated_targets_page_0001.json"", ""data\\raw\\opentargets\\26.09\\CANCER-011_MONDO_0018177_associated_targets_page_0002.json"", ""data\\raw\\opentargets\\26.09\\CANCER-011_MONDO_0018177_associated_targets_page_0003.json"", ""data\\raw\\opentargets\\26.09\\CANCER-011_MONDO_0018177_associated_targets_page_0004.json"", ""data\\raw\\opentargets\\26.09\\CANCER-011_MONDO_0018177_associated_targets_page_0005.json"", ""data\\raw\\opentargets\\26.09\\CANCER-011_MONDO_0018177_associated_targets_page_0006.json"", ""data\\raw\\opentargets\\26.09\\CANCER-011_MONDO_0018177_associated_targets_page_0007.json"", ""data\\raw\\opentargets\\26.09\\CANCER-011_MONDO_0018177_associated_targets_page_0008.json"", ""data\\raw\\opentargets\\26.09\\CANCER-011_MONDO_0018177_associated_targets_page_0009.json"", ""data\\raw\\opentargets\\26.09\\CANCER-011_MONDO_0018177_associated_targets_page_0010.json"", ""data\\raw\\opentargets\\26.09\\CANCER-011_MONDO_0018177_associated_targets_page_0011.json"", ""data\\raw\\opentargets\\26.09\\CANCER-011_MONDO_0018177_associated_targets_page_0012.json"", ""data\\raw\\opentargets\\26.09\\CANCER-011_MONDO_0018177_associated_targets_page_0013.json"", ""data\\raw\\opentargets\\26.09\\CANCER-011_MONDO_0018177_associated_targets_page_0014.json"", ""data\\raw\\opentargets\\26.09\\CANCER-011_MONDO_0018177_associated_targets_page_0015.json"", ""data\\raw\\opentargets\\26.09\\CANCER-011_MONDO_0018177_associated_targets_page_0016.json"", ""data\\raw\\opentargets\\26.09\\CANCER-011_MONDO_0018177_associated_targets_page_0017.json"", ""data\\raw\\opentargets\\26.09\\CANCER-011_MONDO_0018177_associated_targets_page_0018.json"", ""data\\raw\\opentargets\\26.09\\CANCER-011_MONDO_0018177_associated_targets_page_0019.json"", ""data\\raw\\opentargets\\26.09\\CANCER-011_MONDO_0018177_associated_targets_page_0020.json"", ""data\\raw\\opentargets\\26.09\\CANCER-011_MONDO_0018177_associated_targets_page_0021.json"", ""data\\raw\\opentargets\\26.09\\CANCER-011_MONDO_0018177_associated_targets_page_0022.json""]"	97adf516942885ff8581ecd7991b9734db437b76d08afbd3302fa721b507046f
cancer_target_pair	EVID-0036	literature_score	0.7994951893038836	Open Targets Platform	ENSG00000068078|MONDO_0018177	26.09	https://api.platform.opentargets.org/api/v4/graphql	2026-09-30T07:41:58.308760+00:00	Aggregated evidence	opentargets-v0.2.2	"[""data\\raw\\opentargets\\26.09\\CANCER-011_MONDO_0018177_associated_targets_page_0000.json"", ""data\\raw\\opentargets\\26.09\\CANCER-011_MONDO_0018177_associated_targets_page_0001.json"", ""data\\raw\\opentargets\\26.09\\CANCER-011_MONDO_0018177_associated_targets_page_0002.json"", ""data\\raw\\opentargets\\26.09\\CANCER-011_MONDO_0018177_associated_targets_page_0003.json"", ""data\\raw\\opentargets\\26.09\\CANCER-011_MONDO_0018177_associated_targets_page_0004.json"", ""data\\raw\\opentargets\\26.09\\CANCER-011_MONDO_0018177_associated_targets_page_0005.json"", ""data\\raw\\opentargets\\26.09\\CANCER-011_MONDO_0018177_associated_targets_page_0006.json"", ""data\\raw\\opentargets\\26.09\\CANCER-011_MONDO_0018177_associated_targets_page_0007.json"", ""data\\raw\\opentargets\\26.09\\CANCER-011_MONDO_0018177_associated_targets_page_0008.json"", ""data\\raw\\opentargets\\26.09\\CANCER-011_MONDO_0018177_associated_targets_page_0009.json"", ""data\\raw\\opentargets\\26.09\\CANCER-011_MONDO_0018177_associated_targets_page_0010.json"", ""data\\raw\\opentargets\\26.09\\CANCER-011_MONDO_0018177_associated_targets_page_0011.json"", ""data\\raw\\opentargets\\26.09\\CANCER-011_MONDO_0018177_associated_targets_page_0012.json"", ""data\\raw\\opentargets\\26.09\\CANCER-011_MONDO_0018177_associated_targets_page_0013.json"", ""data\\raw\\opentargets\\26.09\\CANCER-011_MONDO_0018177_associated_targets_page_0014.json"", ""data\\raw\\opentargets\\26.09\\CANCER-011_MONDO_0018177_associated_targets_page_0015.json"", ""data\\raw\\opentargets\\26.09\\CANCER-011_MONDO_0018177_associated_targets_page_0016.json"", ""data\\raw\\opentargets\\26.09\\CANCER-011_MONDO_0018177_associated_targets_page_0017.json"", ""data\\raw\\opentargets\\26.09\\CANCER-011_MONDO_0018177_associated_targets_page_0018.json"", ""data\\raw\\opentargets\\26.09\\CANCER-011_MONDO_0018177_associated_targets_page_0019.json"", ""data\\raw\\opentargets\\26.09\\CANCER-011_MONDO_0018177_associated_targets_page_0020.json"", ""data\\raw\\opentargets\\26.09\\CANCER-011_MONDO_0018177_associated_targets_page_0021.json"", ""data\\raw\\opentargets\\26.09\\CANCER-011_MONDO_0018177_associated_targets_page_0022.json""]"	97adf516942885ff8581ecd7991b9734db437b76d08afbd3302fa721b507046f
cancer_target_pair	EVID-0036	tractability_json	"[{""label"": ""Approved Drug"", ""modality"": ""SM"", ""value"": true}, {""label"": ""Advanced Clinical"", ""modality"": ""SM"", ""value"": false}, {""label"": ""Phase 1 Clinical"", ""modality"": ""SM"", ""value"": false}, {""label"": ""Structure with Ligand"", ""modality"": ""SM"", ""value"": true}, {""label"": ""High-Quality Ligand"", ""modality"": ""SM"", ""value"": true}, {""label"": ""High-Quality Pocket"", ""modality"": ""SM"", ""value"": false}, {""label"": ""Med-Quality Pocket"", ""modality"": ""SM"", ""value"": false}, {""label"": ""Druggable Family"", ""modality"": ""SM"", ""value"": true}, {""label"": ""Approved Drug"", ""modality"": ""AB"", ""value"": false}, {""label"": ""Advanced Clinical"", ""modality"": ""AB"", ""value"": false}, {""label"": ""Phase 1 Clinical"", ""modality"": ""AB"", ""value"": true}, {""label"": ""UniProt loc high conf"", ""modality"": ""AB"", ""value"": false}, {""label"": ""GO CC high conf"", ""modality"": ""AB"", ""value"": true}, {""label"": ""UniProt loc med conf"", ""modality"": ""AB"", ""value"": true}, {""label"": ""UniProt SigP or TMHMM"", ""modality"": ""AB"", ""value"": true}, {""label"": ""GO CC med conf"", ""modality"": ""AB"", ""value"": false}, {""label"": ""Human Protein Atlas loc"", ""modality"": ""AB"", ""value"": false}, {""label"": ""Approved Drug"", ""modality"": ""PR"", ""value"": false}, {""label"": ""Advanced Clinical"", ""modality"": ""PR"", ""value"": false}, {""label"": ""Phase 1 Clinical"", ""modality"": ""PR"", ""value"": false}, {""label"": ""Literature"", ""modality"": ""PR"", ""value"": false}, {""label"": ""UniProt Ubiquitination"", ""modality"": ""PR"", ""value"": true}, {""label"": ""Database Ubiquitination"", ""modality"": ""PR"", ""value"": true}, {""label"": ""Half-life Data"", ""modality"": ""PR"", ""value"": false}, {""label"": ""Small Molecule Binder"", ""modality"": ""PR"", ""value"": true}, {""label"": ""Approved Drug"", ""modality"": ""OC"", ""value"": false}, {""label"": ""Advanced Clinical"", ""modality"": ""OC"", ""value"": true}, {""label"": ""Phase 1 Clinical"", ""modality"": ""OC"", ""value"": false}]"	Open Targets Platform	ENSG00000068078|MONDO_0018177	26.09	https://api.platform.opentargets.org/api/v4/graphql	2026-09-30T07:41:58.308760+00:00	Aggregated evidence	opentargets-v0.2.2	data\raw\opentargets\26.09\target_ENSG00000068078_tractability.json	97adf516942885ff8581ecd7991b9734db437b76d08afbd3302fa721b507046f
cancer_target_pair	EVID-0037	association_score	0.6434226381892949	Open Targets Platform	ENSG00000179295|MONDO_0018874	26.09	https://api.platform.opentargets.org/api/v4/graphql	2026-09-30T07:41:58.308760+00:00	Aggregated evidence	opentargets-v0.2.2	"[""data\\raw\\opentargets\\26.09\\CANCER-013_MONDO_0018874_associated_targets_page_0000.json"", ""data\\raw\\opentargets\\26.09\\CANCER-013_MONDO_0018874_associated_targets_page_0001.json"", ""data\\raw\\opentargets\\26.09\\CANCER-013_MONDO_0018874_associated_targets_page_0002.json"", ""data\\raw\\opentargets\\26.09\\CANCER-013_MONDO_0018874_associated_targets_page_0003.json"", ""data\\raw\\opentargets\\26.09\\CANCER-013_MONDO_0018874_associated_targets_page_0004.json"", ""data\\raw\\opentargets\\26.09\\CANCER-013_MONDO_0018874_associated_targets_page_0005.json"", ""data\\raw\\opentargets\\26.09\\CANCER-013_MONDO_0018874_associated_targets_page_0006.json"", ""data\\raw\\opentargets\\26.09\\CANCER-013_MONDO_0018874_associated_targets_page_0007.json"", ""data\\raw\\opentargets\\26.09\\CANCER-013_MONDO_0018874_associated_targets_page_0008.json"", ""data\\raw\\opentargets\\26.09\\CANCER-013_MONDO_0018874_associated_targets_page_0009.json"", ""data\\raw\\opentargets\\26.09\\CANCER-013_MONDO_0018874_associated_targets_page_0010.json"", ""data\\raw\\opentargets\\26.09\\CANCER-013_MONDO_0018874_associated_targets_page_0011.json"", ""data\\raw\\opentargets\\26.09\\CANCER-013_MONDO_0018874_associated_targets_page_0012.json"", ""data\\raw\\opentargets\\26.09\\CANCER-013_MONDO_0018874_associated_targets_page_0013.json"", ""data\\raw\\opentargets\\26.09\\CANCER-013_MONDO_0018874_associated_targets_page_0014.json"", ""data\\raw\\opentargets\\26.09\\CANCER-013_MONDO_0018874_associated_targets_page_0015.json"", ""data\\raw\\opentargets\\26.09\\CANCER-013_MONDO_0018874_associated_targets_page_0016.json"", ""data\\raw\\opentargets\\26.09\\CANCER-013_MONDO_0018874_associated_targets_page_0017.json"", ""data\\raw\\opentargets\\26.09\\CANCER-013_MONDO_0018874_associated_targets_page_0018.json"", ""data\\raw\\opentargets\\26.09\\CANCER-013_MONDO_0018874_associated_targets_page_0019.json"", ""data\\raw\\opentargets\\26.09\\CANCER-013_MONDO_0018874_associated_targets_page_0020.json"", ""data\\raw\\opentargets\\26.09\\CANCER-013_MONDO_0018874_associated_targets_page_0021.json"", ""data\\raw\\opentargets\\26.09\\CANCER-013_MONDO_0018874_associated_targets_page_0022.json"", ""data\\raw\\opentargets\\26.09\\CANCER-013_MONDO_0018874_associated_targets_page_0023.json"", ""data\\raw\\opentargets\\26.09\\CANCER-013_MONDO_0018874_associated_targets_page_0024.json"", ""data\\raw\\opentargets\\26.09\\CANCER-013_MONDO_0018874_associated_targets_page_0025.json""]"	7713af5ce9bd02ffe595dd4bffd9f0c7e6c448e1afae7f89e3ca9a5b930000cd
cancer_target_pair	EVID-0037	genetic_association_score	0.0	Open Targets Platform	ENSG00000179295|MONDO_0018874	26.09	https://api.platform.opentargets.org/api/v4/graphql	2026-09-30T07:41:58.308760+00:00	Aggregated evidence	opentargets-v0.2.2	"[""data\\raw\\opentargets\\26.09\\CANCER-013_MONDO_0018874_associated_targets_page_0000.json"", ""data\\raw\\opentargets\\26.09\\CANCER-013_MONDO_0018874_associated_targets_page_0001.json"", ""data\\raw\\opentargets\\26.09\\CANCER-013_MONDO_0018874_associated_targets_page_0002.json"", ""data\\raw\\opentargets\\26.09\\CANCER-013_MONDO_0018874_associated_targets_page_0003.json"", ""data\\raw\\opentargets\\26.09\\CANCER-013_MONDO_0018874_associated_targets_page_0004.json"", ""data\\raw\\opentargets\\26.09\\CANCER-013_MONDO_0018874_associated_targets_page_0005.json"", ""data\\raw\\opentargets\\26.09\\CANCER-013_MONDO_0018874_associated_targets_page_0006.json"", ""data\\raw\\opentargets\\26.09\\CANCER-013_MONDO_0018874_associated_targets_page_0007.json"", ""data\\raw\\opentargets\\26.09\\CANCER-013_MONDO_0018874_associated_targets_page_0008.json"", ""data\\raw\\opentargets\\26.09\\CANCER-013_MONDO_0018874_associated_targets_page_0009.json"", ""data\\raw\\opentargets\\26.09\\CANCER-013_MONDO_0018874_associated_targets_page_0010.json"", ""data\\raw\\opentargets\\26.09\\CANCER-013_MONDO_0018874_associated_targets_page_0011.json"", ""data\\raw\\opentargets\\26.09\\CANCER-013_MONDO_0018874_associated_targets_page_0012.json"", ""data\\raw\\opentargets\\26.09\\CANCER-013_MONDO_0018874_associated_targets_page_0013.json"", ""data\\raw\\opentargets\\26.09\\CANCER-013_MONDO_0018874_associated_targets_page_0014.json"", ""data\\raw\\opentargets\\26.09\\CANCER-013_MONDO_0018874_associated_targets_page_0015.json"", ""data\\raw\\opentargets\\26.09\\CANCER-013_MONDO_0018874_associated_targets_page_0016.json"", ""data\\raw\\opentargets\\26.09\\CANCER-013_MONDO_0018874_associated_targets_page_0017.json"", ""data\\raw\\opentargets\\26.09\\CANCER-013_MONDO_0018874_associated_targets_page_0018.json"", ""data\\raw\\opentargets\\26.09\\CANCER-013_MONDO_0018874_associated_targets_page_0019.json"", ""data\\raw\\opentargets\\26.09\\CANCER-013_MONDO_0018874_associated_targets_page_0020.json"", ""data\\raw\\opentargets\\26.09\\CANCER-013_MONDO_0018874_associated_targets_page_0021.json"", ""data\\raw\\opentargets\\26.09\\CANCER-013_MONDO_0018874_associated_targets_page_0022.json"", ""data\\raw\\opentargets\\26.09\\CANCER-013_MONDO_0018874_associated_targets_page_0023.json"", ""data\\raw\\opentargets\\26.09\\CANCER-013_MONDO_0018874_associated_targets_page_0024.json"", ""data\\raw\\opentargets\\26.09\\CANCER-013_MONDO_0018874_associated_targets_page_0025.json""]"	7713af5ce9bd02ffe595dd4bffd9f0c7e6c448e1afae7f89e3ca9a5b930000cd
cancer_target_pair	EVID-0037	somatic_mutation_score	0.8033119865992363	Open Targets Platform	ENSG00000179295|MONDO_0018874	26.09	https://api.platform.opentargets.org/api/v4/graphql	2026-09-30T07:41:58.308760+00:00	Aggregated evidence	opentargets-v0.2.2	"[""data\\raw\\opentargets\\26.09\\CANCER-013_MONDO_0018874_associated_targets_page_0000.json"", ""data\\raw\\opentargets\\26.09\\CANCER-013_MONDO_0018874_associated_targets_page_0001.json"", ""data\\raw\\opentargets\\26.09\\CANCER-013_MONDO_0018874_associated_targets_page_0002.json"", ""data\\raw\\opentargets\\26.09\\CANCER-013_MONDO_0018874_associated_targets_page_0003.json"", ""data\\raw\\opentargets\\26.09\\CANCER-013_MONDO_0018874_associated_targets_page_0004.json"", ""data\\raw\\opentargets\\26.09\\CANCER-013_MONDO_0018874_associated_targets_page_0005.json"", ""data\\raw\\opentargets\\26.09\\CANCER-013_MONDO_0018874_associated_targets_page_0006.json"", ""data\\raw\\opentargets\\26.09\\CANCER-013_MONDO_0018874_associated_targets_page_0007.json"", ""data\\raw\\opentargets\\26.09\\CANCER-013_MONDO_0018874_associated_targets_page_0008.json"", ""data\\raw\\opentargets\\26.09\\CANCER-013_MONDO_0018874_associated_targets_page_0009.json"", ""data\\raw\\opentargets\\26.09\\CANCER-013_MONDO_0018874_associated_targets_page_0010.json"", ""data\\raw\\opentargets\\26.09\\CANCER-013_MONDO_0018874_associated_targets_page_0011.json"", ""data\\raw\\opentargets\\26.09\\CANCER-013_MONDO_0018874_associated_targets_page_0012.json"", ""data\\raw\\opentargets\\26.09\\CANCER-013_MONDO_0018874_associated_targets_page_0013.json"", ""data\\raw\\opentargets\\26.09\\CANCER-013_MONDO_0018874_associated_targets_page_0014.json"", ""data\\raw\\opentargets\\26.09\\CANCER-013_MONDO_0018874_associated_targets_page_0015.json"", ""data\\raw\\opentargets\\26.09\\CANCER-013_MONDO_0018874_associated_targets_page_0016.json"", ""data\\raw\\opentargets\\26.09\\CANCER-013_MONDO_0018874_associated_targets_page_0017.json"", ""data\\raw\\opentargets\\26.09\\CANCER-013_MONDO_0018874_associated_targets_page_0018.json"", ""data\\raw\\opentargets\\26.09\\CANCER-013_MONDO_0018874_associated_targets_page_0019.json"", ""data\\raw\\opentargets\\26.09\\CANCER-013_MONDO_0018874_associated_targets_page_0020.json"", ""data\\raw\\opentargets\\26.09\\CANCER-013_MONDO_0018874_associated_targets_page_0021.json"", ""data\\raw\\opentargets\\26.09\\CANCER-013_MONDO_0018874_associated_targets_page_0022.json"", ""data\\raw\\opentargets\\26.09\\CANCER-013_MONDO_0018874_associated_targets_page_0023.json"", ""data\\raw\\opentargets\\26.09\\CANCER-013_MONDO_0018874_associated_targets_page_0024.json"", ""data\\raw\\opentargets\\26.09\\CANCER-013_MONDO_0018874_associated_targets_page_0025.json""]"	7713af5ce9bd02ffe595dd4bffd9f0c7e6c448e1afae7f89e3ca9a5b930000cd
cancer_target_pair	EVID-0037	known_drug_score		Open Targets Platform	ENSG00000179295|MONDO_0018874	26.09	https://api.platform.opentargets.org/api/v4/graphql	2026-09-30T07:41:58.308760+00:00	Aggregated evidence	opentargets-v0.2.2	"[""data\\raw\\opentargets\\26.09\\CANCER-013_MONDO_0018874_associated_targets_page_0000.json"", ""data\\raw\\opentargets\\26.09\\CANCER-013_MONDO_0018874_associated_targets_page_0001.json"", ""data\\raw\\opentargets\\26.09\\CANCER-013_MONDO_0018874_associated_targets_page_0002.json"", ""data\\raw\\opentargets\\26.09\\CANCER-013_MONDO_0018874_associated_targets_page_0003.json"", ""data\\raw\\opentargets\\26.09\\CANCER-013_MONDO_0018874_associated_targets_page_0004.json"", ""data\\raw\\opentargets\\26.09\\CANCER-013_MONDO_0018874_associated_targets_page_0005.json"", ""data\\raw\\opentargets\\26.09\\CANCER-013_MONDO_0018874_associated_targets_page_0006.json"", ""data\\raw\\opentargets\\26.09\\CANCER-013_MONDO_0018874_associated_targets_page_0007.json"", ""data\\raw\\opentargets\\26.09\\CANCER-013_MONDO_0018874_associated_targets_page_0008.json"", ""data\\raw\\opentargets\\26.09\\CANCER-013_MONDO_0018874_associated_targets_page_0009.json"", ""data\\raw\\opentargets\\26.09\\CANCER-013_MONDO_0018874_associated_targets_page_0010.json"", ""data\\raw\\opentargets\\26.09\\CANCER-013_MONDO_0018874_associated_targets_page_0011.json"", ""data\\raw\\opentargets\\26.09\\CANCER-013_MONDO_0018874_associated_targets_page_0012.json"", ""data\\raw\\opentargets\\26.09\\CANCER-013_MONDO_0018874_associated_targets_page_0013.json"", ""data\\raw\\opentargets\\26.09\\CANCER-013_MONDO_0018874_associated_targets_page_0014.json"", ""data\\raw\\opentargets\\26.09\\CANCER-013_MONDO_0018874_associated_targets_page_0015.json"", ""data\\raw\\opentargets\\26.09\\CANCER-013_MONDO_0018874_associated_targets_page_0016.json"", ""data\\raw\\opentargets\\26.09\\CANCER-013_MONDO_0018874_associated_targets_page_0017.json"", ""data\\raw\\opentargets\\26.09\\CANCER-013_MONDO_0018874_associated_targets_page_0018.json"", ""data\\raw\\opentargets\\26.09\\CANCER-013_MONDO_0018874_associated_targets_page_0019.json"", ""data\\raw\\opentargets\\26.09\\CANCER-013_MONDO_0018874_associated_targets_page_0020.json"", ""data\\raw\\opentargets\\26.09\\CANCER-013_MONDO_0018874_associated_targets_page_0021.json"", ""data\\raw\\opentargets\\26.09\\CANCER-013_MONDO_0018874_associated_targets_page_0022.json"", ""data\\raw\\opentargets\\26.09\\CANCER-013_MONDO_0018874_associated_targets_page_0023.json"", ""data\\raw\\opentargets\\26.09\\CANCER-013_MONDO_0018874_associated_targets_page_0024.json"", ""data\\raw\\opentargets\\26.09\\CANCER-013_MONDO_0018874_associated_targets_page_0025.json""]"	7713af5ce9bd02ffe595dd4bffd9f0c7e6c448e1afae7f89e3ca9a5b930000cd
cancer_target_pair	EVID-0037	literature_score	0.947672116778848	Open Targets Platform	ENSG00000179295|MONDO_0018874	26.09	https://api.platform.opentargets.org/api/v4/graphql	2026-09-30T07:41:58.308760+00:00	Aggregated evidence	opentargets-v0.2.2	"[""data\\raw\\opentargets\\26.09\\CANCER-013_MONDO_0018874_associated_targets_page_0000.json"", ""data\\raw\\opentargets\\26.09\\CANCER-013_MONDO_0018874_associated_targets_page_0001.json"", ""data\\raw\\opentargets\\26.09\\CANCER-013_MONDO_0018874_associated_targets_page_0002.json"", ""data\\raw\\opentargets\\26.09\\CANCER-013_MONDO_0018874_associated_targets_page_0003.json"", ""data\\raw\\opentargets\\26.09\\CANCER-013_MONDO_0018874_associated_targets_page_0004.json"", ""data\\raw\\opentargets\\26.09\\CANCER-013_MONDO_0018874_associated_targets_page_0005.json"", ""data\\raw\\opentargets\\26.09\\CANCER-013_MONDO_0018874_associated_targets_page_0006.json"", ""data\\raw\\opentargets\\26.09\\CANCER-013_MONDO_0018874_associated_targets_page_0007.json"", ""data\\raw\\opentargets\\26.09\\CANCER-013_MONDO_0018874_associated_targets_page_0008.json"", ""data\\raw\\opentargets\\26.09\\CANCER-013_MONDO_0018874_associated_targets_page_0009.json"", ""data\\raw\\opentargets\\26.09\\CANCER-013_MONDO_0018874_associated_targets_page_0010.json"", ""data\\raw\\opentargets\\26.09\\CANCER-013_MONDO_0018874_associated_targets_page_0011.json"", ""data\\raw\\opentargets\\26.09\\CANCER-013_MONDO_0018874_associated_targets_page_0012.json"", ""data\\raw\\opentargets\\26.09\\CANCER-013_MONDO_0018874_associated_targets_page_0013.json"", ""data\\raw\\opentargets\\26.09\\CANCER-013_MONDO_0018874_associated_targets_page_0014.json"", ""data\\raw\\opentargets\\26.09\\CANCER-013_MONDO_0018874_associated_targets_page_0015.json"", ""data\\raw\\opentargets\\26.09\\CANCER-013_MONDO_0018874_associated_targets_page_0016.json"", ""data\\raw\\opentargets\\26.09\\CANCER-013_MONDO_0018874_associated_targets_page_0017.json"", ""data\\raw\\opentargets\\26.09\\CANCER-013_MONDO_0018874_associated_targets_page_0018.json"", ""data\\raw\\opentargets\\26.09\\CANCER-013_MONDO_0018874_associated_targets_page_0019.json"", ""data\\raw\\opentargets\\26.09\\CANCER-013_MONDO_0018874_associated_targets_page_0020.json"", ""data\\raw\\opentargets\\26.09\\CANCER-013_MONDO_0018874_associated_targets_page_0021.json"", ""data\\raw\\opentargets\\26.09\\CANCER-013_MONDO_0018874_associated_targets_page_0022.json"", ""data\\raw\\opentargets\\26.09\\CANCER-013_MONDO_0018874_associated_targets_page_0023.json"", ""data\\raw\\opentargets\\26.09\\CANCER-013_MONDO_0018874_associated_targets_page_0024.json"", ""data\\raw\\opentargets\\26.09\\CANCER-013_MONDO_0018874_associated_targets_page_0025.json""]"	7713af5ce9bd02ffe595dd4bffd9f0c7e6c448e1afae7f89e3ca9a5b930000cd
cancer_target_pair	EVID-0037	tractability_json	"[{""label"": ""Approved Drug"", ""modality"": ""SM"", ""value"": false}, {""label"": ""Advanced Clinical"", ""modality"": ""SM"", ""value"": true}, {""label"": ""Phase 1 Clinical"", ""modality"": ""SM"", ""value"": false}, {""label"": ""Structure with Ligand"", ""modality"": ""SM"", ""value"": true}, {""label"": ""High-Quality Ligand"", ""modality"": ""SM"", ""value"": true}, {""label"": ""High-Quality Pocket"", ""modality"": ""SM"", ""value"": false}, {""label"": ""Med-Quality Pocket"", ""modality"": ""SM"", ""value"": false}, {""label"": ""Druggable Family"", ""modality"": ""SM"", ""value"": true}, {""label"": ""Approved Drug"", ""modality"": ""AB"", ""value"": false}, {""label"": ""Advanced Clinical"", ""modality"": ""AB"", ""value"": false}, {""label"": ""Phase 1 Clinical"", ""modality"": ""AB"", ""value"": false}, {""label"": ""UniProt loc high conf"", ""modality"": ""AB"", ""value"": false}, {""label"": ""GO CC high conf"", ""modality"": ""AB"", ""value"": false}, {""label"": ""UniProt loc med conf"", ""modality"": ""AB"", ""value"": false}, {""label"": ""UniProt SigP or TMHMM"", ""modality"": ""AB"", ""value"": false}, {""label"": ""GO CC med conf"", ""modality"": ""AB"", ""value"": false}, {""label"": ""Human Protein Atlas loc"", ""modality"": ""AB"", ""value"": false}, {""label"": ""Approved Drug"", ""modality"": ""PR"", ""value"": false}, {""label"": ""Advanced Clinical"", ""modality"": ""PR"", ""value"": false}, {""label"": ""Phase 1 Clinical"", ""modality"": ""PR"", ""value"": false}, {""label"": ""Literature"", ""modality"": ""PR"", ""value"": true}, {""label"": ""UniProt Ubiquitination"", ""modality"": ""PR"", ""value"": false}, {""label"": ""Database Ubiquitination"", ""modality"": ""PR"", ""value"": true}, {""label"": ""Half-life Data"", ""modality"": ""PR"", ""value"": true}, {""label"": ""Small Molecule Binder"", ""modality"": ""PR"", ""value"": true}, {""label"": ""Approved Drug"", ""modality"": ""OC"", ""value"": false}, {""label"": ""Advanced Clinical"", ""modality"": ""OC"", ""value"": false}, {""label"": ""Phase 1 Clinical"", ""modality"": ""OC"", ""value"": false}]"	Open Targets Platform	ENSG00000179295|MONDO_0018874	26.09	https://api.platform.opentargets.org/api/v4/graphql	2026-09-30T07:41:58.308760+00:00	Aggregated evidence	opentargets-v0.2.2	data\raw\opentargets\26.09\target_ENSG00000179295_tractability.json	7713af5ce9bd02ffe595dd4bffd9f0c7e6c448e1afae7f89e3ca9a5b930000cd
cancer_target_pair	EVID-0038	association_score	0.6991031883507953	Open Targets Platform	ENSG00000213281|MONDO_0018874	26.09	https://api.platform.opentargets.org/api/v4/graphql	2026-09-30T07:41:58.308760+00:00	Aggregated evidence	opentargets-v0.2.2	"[""data\\raw\\opentargets\\26.09\\CANCER-013_MONDO_0018874_associated_targets_page_0000.json"", ""data\\raw\\opentargets\\26.09\\CANCER-013_MONDO_0018874_associated_targets_page_0001.json"", ""data\\raw\\opentargets\\26.09\\CANCER-013_MONDO_0018874_associated_targets_page_0002.json"", ""data\\raw\\opentargets\\26.09\\CANCER-013_MONDO_0018874_associated_targets_page_0003.json"", ""data\\raw\\opentargets\\26.09\\CANCER-013_MONDO_0018874_associated_targets_page_0004.json"", ""data\\raw\\opentargets\\26.09\\CANCER-013_MONDO_0018874_associated_targets_page_0005.json"", ""data\\raw\\opentargets\\26.09\\CANCER-013_MONDO_0018874_associated_targets_page_0006.json"", ""data\\raw\\opentargets\\26.09\\CANCER-013_MONDO_0018874_associated_targets_page_0007.json"", ""data\\raw\\opentargets\\26.09\\CANCER-013_MONDO_0018874_associated_targets_page_0008.json"", ""data\\raw\\opentargets\\26.09\\CANCER-013_MONDO_0018874_associated_targets_page_0009.json"", ""data\\raw\\opentargets\\26.09\\CANCER-013_MONDO_0018874_associated_targets_page_0010.json"", ""data\\raw\\opentargets\\26.09\\CANCER-013_MONDO_0018874_associated_targets_page_0011.json"", ""data\\raw\\opentargets\\26.09\\CANCER-013_MONDO_0018874_associated_targets_page_0012.json"", ""data\\raw\\opentargets\\26.09\\CANCER-013_MONDO_0018874_associated_targets_page_0013.json"", ""data\\raw\\opentargets\\26.09\\CANCER-013_MONDO_0018874_associated_targets_page_0014.json"", ""data\\raw\\opentargets\\26.09\\CANCER-013_MONDO_0018874_associated_targets_page_0015.json"", ""data\\raw\\opentargets\\26.09\\CANCER-013_MONDO_0018874_associated_targets_page_0016.json"", ""data\\raw\\opentargets\\26.09\\CANCER-013_MONDO_0018874_associated_targets_page_0017.json"", ""data\\raw\\opentargets\\26.09\\CANCER-013_MONDO_0018874_associated_targets_page_0018.json"", ""data\\raw\\opentargets\\26.09\\CANCER-013_MONDO_0018874_associated_targets_page_0019.json"", ""data\\raw\\opentargets\\26.09\\CANCER-013_MONDO_0018874_associated_targets_page_0020.json"", ""data\\raw\\opentargets\\26.09\\CANCER-013_MONDO_0018874_associated_targets_page_0021.json"", ""data\\raw\\opentargets\\26.09\\CANCER-013_MONDO_0018874_associated_targets_page_0022.json"", ""data\\raw\\opentargets\\26.09\\CANCER-013_MONDO_0018874_associated_targets_page_0023.json"", ""data\\raw\\opentargets\\26.09\\CANCER-013_MONDO_0018874_associated_targets_page_0024.json"", ""data\\raw\\opentargets\\26.09\\CANCER-013_MONDO_0018874_associated_targets_page_0025.json""]"	9e32e307fbdc2f49633de8c5b584542394fb5df3e0adb7eeb09b3bc9fcb02ead
cancer_target_pair	EVID-0038	genetic_association_score	0.0	Open Targets Platform	ENSG00000213281|MONDO_0018874	26.09	https://api.platform.opentargets.org/api/v4/graphql	2026-09-30T07:41:58.308760+00:00	Aggregated evidence	opentargets-v0.2.2	"[""data\\raw\\opentargets\\26.09\\CANCER-013_MONDO_0018874_associated_targets_page_0000.json"", ""data\\raw\\opentargets\\26.09\\CANCER-013_MONDO_0018874_associated_targets_page_0001.json"", ""data\\raw\\opentargets\\26.09\\CANCER-013_MONDO_0018874_associated_targets_page_0002.json"", ""data\\raw\\opentargets\\26.09\\CANCER-013_MONDO_0018874_associated_targets_page_0003.json"", ""data\\raw\\opentargets\\26.09\\CANCER-013_MONDO_0018874_associated_targets_page_0004.json"", ""data\\raw\\opentargets\\26.09\\CANCER-013_MONDO_0018874_associated_targets_page_0005.json"", ""data\\raw\\opentargets\\26.09\\CANCER-013_MONDO_0018874_associated_targets_page_0006.json"", ""data\\raw\\opentargets\\26.09\\CANCER-013_MONDO_0018874_associated_targets_page_0007.json"", ""data\\raw\\opentargets\\26.09\\CANCER-013_MONDO_0018874_associated_targets_page_0008.json"", ""data\\raw\\opentargets\\26.09\\CANCER-013_MONDO_0018874_associated_targets_page_0009.json"", ""data\\raw\\opentargets\\26.09\\CANCER-013_MONDO_0018874_associated_targets_page_0010.json"", ""data\\raw\\opentargets\\26.09\\CANCER-013_MONDO_0018874_associated_targets_page_0011.json"", ""data\\raw\\opentargets\\26.09\\CANCER-013_MONDO_0018874_associated_targets_page_0012.json"", ""data\\raw\\opentargets\\26.09\\CANCER-013_MONDO_0018874_associated_targets_page_0013.json"", ""data\\raw\\opentargets\\26.09\\CANCER-013_MONDO_0018874_associated_targets_page_0014.json"", ""data\\raw\\opentargets\\26.09\\CANCER-013_MONDO_0018874_associated_targets_page_0015.json"", ""data\\raw\\opentargets\\26.09\\CANCER-013_MONDO_0018874_associated_targets_page_0016.json"", ""data\\raw\\opentargets\\26.09\\CANCER-013_MONDO_0018874_associated_targets_page_0017.json"", ""data\\raw\\opentargets\\26.09\\CANCER-013_MONDO_0018874_associated_targets_page_0018.json"", ""data\\raw\\opentargets\\26.09\\CANCER-013_MONDO_0018874_associated_targets_page_0019.json"", ""data\\raw\\opentargets\\26.09\\CANCER-013_MONDO_0018874_associated_targets_page_0020.json"", ""data\\raw\\opentargets\\26.09\\CANCER-013_MONDO_0018874_associated_targets_page_0021.json"", ""data\\raw\\opentargets\\26.09\\CANCER-013_MONDO_0018874_associated_targets_page_0022.json"", ""data\\raw\\opentargets\\26.09\\CANCER-013_MONDO_0018874_associated_targets_page_0023.json"", ""data\\raw\\opentargets\\26.09\\CANCER-013_MONDO_0018874_associated_targets_page_0024.json"", ""data\\raw\\opentargets\\26.09\\CANCER-013_MONDO_0018874_associated_targets_page_0025.json""]"	9e32e307fbdc2f49633de8c5b584542394fb5df3e0adb7eeb09b3bc9fcb02ead
cancer_target_pair	EVID-0038	somatic_mutation_score	0.8100631133054279	Open Targets Platform	ENSG00000213281|MONDO_0018874	26.09	https://api.platform.opentargets.org/api/v4/graphql	2026-09-30T07:41:58.308760+00:00	Aggregated evidence	opentargets-v0.2.2	"[""data\\raw\\opentargets\\26.09\\CANCER-013_MONDO_0018874_associated_targets_page_0000.json"", ""data\\raw\\opentargets\\26.09\\CANCER-013_MONDO_0018874_associated_targets_page_0001.json"", ""data\\raw\\opentargets\\26.09\\CANCER-013_MONDO_0018874_associated_targets_page_0002.json"", ""data\\raw\\opentargets\\26.09\\CANCER-013_MONDO_0018874_associated_targets_page_0003.json"", ""data\\raw\\opentargets\\26.09\\CANCER-013_MONDO_0018874_associated_targets_page_0004.json"", ""data\\raw\\opentargets\\26.09\\CANCER-013_MONDO_0018874_associated_targets_page_0005.json"", ""data\\raw\\opentargets\\26.09\\CANCER-013_MONDO_0018874_associated_targets_page_0006.json"", ""data\\raw\\opentargets\\26.09\\CANCER-013_MONDO_0018874_associated_targets_page_0007.json"", ""data\\raw\\opentargets\\26.09\\CANCER-013_MONDO_0018874_associated_targets_page_0008.json"", ""data\\raw\\opentargets\\26.09\\CANCER-013_MONDO_0018874_associated_targets_page_0009.json"", ""data\\raw\\opentargets\\26.09\\CANCER-013_MONDO_0018874_associated_targets_page_0010.json"", ""data\\raw\\opentargets\\26.09\\CANCER-013_MONDO_0018874_associated_targets_page_0011.json"", ""data\\raw\\opentargets\\26.09\\CANCER-013_MONDO_0018874_associated_targets_page_0012.json"", ""data\\raw\\opentargets\\26.09\\CANCER-013_MONDO_0018874_associated_targets_page_0013.json"", ""data\\raw\\opentargets\\26.09\\CANCER-013_MONDO_0018874_associated_targets_page_0014.json"", ""data\\raw\\opentargets\\26.09\\CANCER-013_MONDO_0018874_associated_targets_page_0015.json"", ""data\\raw\\opentargets\\26.09\\CANCER-013_MONDO_0018874_associated_targets_page_0016.json"", ""data\\raw\\opentargets\\26.09\\CANCER-013_MONDO_0018874_associated_targets_page_0017.json"", ""data\\raw\\opentargets\\26.09\\CANCER-013_MONDO_0018874_associated_targets_page_0018.json"", ""data\\raw\\opentargets\\26.09\\CANCER-013_MONDO_0018874_associated_targets_page_0019.json"", ""data\\raw\\opentargets\\26.09\\CANCER-013_MONDO_0018874_associated_targets_page_0020.json"", ""data\\raw\\opentargets\\26.09\\CANCER-013_MONDO_0018874_associated_targets_page_0021.json"", ""data\\raw\\opentargets\\26.09\\CANCER-013_MONDO_0018874_associated_targets_page_0022.json"", ""data\\raw\\opentargets\\26.09\\CANCER-013_MONDO_0018874_associated_targets_page_0023.json"", ""data\\raw\\opentargets\\26.09\\CANCER-013_MONDO_0018874_associated_targets_page_0024.json"", ""data\\raw\\opentargets\\26.09\\CANCER-013_MONDO_0018874_associated_targets_page_0025.json""]"	9e32e307fbdc2f49633de8c5b584542394fb5df3e0adb7eeb09b3bc9fcb02ead
cancer_target_pair	EVID-0038	known_drug_score		Open Targets Platform	ENSG00000213281|MONDO_0018874	26.09	https://api.platform.opentargets.org/api/v4/graphql	2026-09-30T07:41:58.308760+00:00	Aggregated evidence	opentargets-v0.2.2	"[""data\\raw\\opentargets\\26.09\\CANCER-013_MONDO_0018874_associated_targets_page_0000.json"", ""data\\raw\\opentargets\\26.09\\CANCER-013_MONDO_0018874_associated_targets_page_0001.json"", ""data\\raw\\opentargets\\26.09\\CANCER-013_MONDO_0018874_associated_targets_page_0002.json"", ""data\\raw\\opentargets\\26.09\\CANCER-013_MONDO_0018874_associated_targets_page_0003.json"", ""data\\raw\\opentargets\\26.09\\CANCER-013_MONDO_0018874_associated_targets_page_0004.json"", ""data\\raw\\opentargets\\26.09\\CANCER-013_MONDO_0018874_associated_targets_page_0005.json"", ""data\\raw\\opentargets\\26.09\\CANCER-013_MONDO_0018874_associated_targets_page_0006.json"", ""data\\raw\\opentargets\\26.09\\CANCER-013_MONDO_0018874_associated_targets_page_0007.json"", ""data\\raw\\opentargets\\26.09\\CANCER-013_MONDO_0018874_associated_targets_page_0008.json"", ""data\\raw\\opentargets\\26.09\\CANCER-013_MONDO_0018874_associated_targets_page_0009.json"", ""data\\raw\\opentargets\\26.09\\CANCER-013_MONDO_0018874_associated_targets_page_0010.json"", ""data\\raw\\opentargets\\26.09\\CANCER-013_MONDO_0018874_associated_targets_page_0011.json"", ""data\\raw\\opentargets\\26.09\\CANCER-013_MONDO_0018874_associated_targets_page_0012.json"", ""data\\raw\\opentargets\\26.09\\CANCER-013_MONDO_0018874_associated_targets_page_0013.json"", ""data\\raw\\opentargets\\26.09\\CANCER-013_MONDO_0018874_associated_targets_page_0014.json"", ""data\\raw\\opentargets\\26.09\\CANCER-013_MONDO_0018874_associated_targets_page_0015.json"", ""data\\raw\\opentargets\\26.09\\CANCER-013_MONDO_0018874_associated_targets_page_0016.json"", ""data\\raw\\opentargets\\26.09\\CANCER-013_MONDO_0018874_associated_targets_page_0017.json"", ""data\\raw\\opentargets\\26.09\\CANCER-013_MONDO_0018874_associated_targets_page_0018.json"", ""data\\raw\\opentargets\\26.09\\CANCER-013_MONDO_0018874_associated_targets_page_0019.json"", ""data\\raw\\opentargets\\26.09\\CANCER-013_MONDO_0018874_associated_targets_page_0020.json"", ""data\\raw\\opentargets\\26.09\\CANCER-013_MONDO_0018874_associated_targets_page_0021.json"", ""data\\raw\\opentargets\\26.09\\CANCER-013_MONDO_0018874_associated_targets_page_0022.json"", ""data\\raw\\opentargets\\26.09\\CANCER-013_MONDO_0018874_associated_targets_page_0023.json"", ""data\\raw\\opentargets\\26.09\\CANCER-013_MONDO_0018874_associated_targets_page_0024.json"", ""data\\raw\\opentargets\\26.09\\CANCER-013_MONDO_0018874_associated_targets_page_0025.json""]"	9e32e307fbdc2f49633de8c5b584542394fb5df3e0adb7eeb09b3bc9fcb02ead
cancer_target_pair	EVID-0038	literature_score	0.8147939671954918	Open Targets Platform	ENSG00000213281|MONDO_0018874	26.09	https://api.platform.opentargets.org/api/v4/graphql	2026-09-30T07:41:58.308760+00:00	Aggregated evidence	opentargets-v0.2.2	"[""data\\raw\\opentargets\\26.09\\CANCER-013_MONDO_0018874_associated_targets_page_0000.json"", ""data\\raw\\opentargets\\26.09\\CANCER-013_MONDO_0018874_associated_targets_page_0001.json"", ""data\\raw\\opentargets\\26.09\\CANCER-013_MONDO_0018874_associated_targets_page_0002.json"", ""data\\raw\\opentargets\\26.09\\CANCER-013_MONDO_0018874_associated_targets_page_0003.json"", ""data\\raw\\opentargets\\26.09\\CANCER-013_MONDO_0018874_associated_targets_page_0004.json"", ""data\\raw\\opentargets\\26.09\\CANCER-013_MONDO_0018874_associated_targets_page_0005.json"", ""data\\raw\\opentargets\\26.09\\CANCER-013_MONDO_0018874_associated_targets_page_0006.json"", ""data\\raw\\opentargets\\26.09\\CANCER-013_MONDO_0018874_associated_targets_page_0007.json"", ""data\\raw\\opentargets\\26.09\\CANCER-013_MONDO_0018874_associated_targets_page_0008.json"", ""data\\raw\\opentargets\\26.09\\CANCER-013_MONDO_0018874_associated_targets_page_0009.json"", ""data\\raw\\opentargets\\26.09\\CANCER-013_MONDO_0018874_associated_targets_page_0010.json"", ""data\\raw\\opentargets\\26.09\\CANCER-013_MONDO_0018874_associated_targets_page_0011.json"", ""data\\raw\\opentargets\\26.09\\CANCER-013_MONDO_0018874_associated_targets_page_0012.json"", ""data\\raw\\opentargets\\26.09\\CANCER-013_MONDO_0018874_associated_targets_page_0013.json"", ""data\\raw\\opentargets\\26.09\\CANCER-013_MONDO_0018874_associated_targets_page_0014.json"", ""data\\raw\\opentargets\\26.09\\CANCER-013_MONDO_0018874_associated_targets_page_0015.json"", ""data\\raw\\opentargets\\26.09\\CANCER-013_MONDO_0018874_associated_targets_page_0016.json"", ""data\\raw\\opentargets\\26.09\\CANCER-013_MONDO_0018874_associated_targets_page_0017.json"", ""data\\raw\\opentargets\\26.09\\CANCER-013_MONDO_0018874_associated_targets_page_0018.json"", ""data\\raw\\opentargets\\26.09\\CANCER-013_MONDO_0018874_associated_targets_page_0019.json"", ""data\\raw\\opentargets\\26.09\\CANCER-013_MONDO_0018874_associated_targets_page_0020.json"", ""data\\raw\\opentargets\\26.09\\CANCER-013_MONDO_0018874_associated_targets_page_0021.json"", ""data\\raw\\opentargets\\26.09\\CANCER-013_MONDO_0018874_associated_targets_page_0022.json"", ""data\\raw\\opentargets\\26.09\\CANCER-013_MONDO_0018874_associated_targets_page_0023.json"", ""data\\raw\\opentargets\\26.09\\CANCER-013_MONDO_0018874_associated_targets_page_0024.json"", ""data\\raw\\opentargets\\26.09\\CANCER-013_MONDO_0018874_associated_targets_page_0025.json""]"	9e32e307fbdc2f49633de8c5b584542394fb5df3e0adb7eeb09b3bc9fcb02ead
cancer_target_pair	EVID-0038	tractability_json	"[{""label"": ""Approved Drug"", ""modality"": ""SM"", ""value"": false}, {""label"": ""Advanced Clinical"", ""modality"": ""SM"", ""value"": true}, {""label"": ""Phase 1 Clinical"", ""modality"": ""SM"", ""value"": false}, {""label"": ""Structure with Ligand"", ""modality"": ""SM"", ""value"": true}, {""label"": ""High-Quality Ligand"", ""modality"": ""SM"", ""value"": true}, {""label"": ""High-Quality Pocket"", ""modality"": ""SM"", ""value"": false}, {""label"": ""Med-Quality Pocket"", ""modality"": ""SM"", ""value"": false}, {""label"": ""Druggable Family"", ""modality"": ""SM"", ""value"": false}, {""label"": ""Approved Drug"", ""modality"": ""AB"", ""value"": false}, {""label"": ""Advanced Clinical"", ""modality"": ""AB"", ""value"": false}, {""label"": ""Phase 1 Clinical"", ""modality"": ""AB"", ""value"": false}, {""label"": ""UniProt loc high conf"", ""modality"": ""AB"", ""value"": true}, {""label"": ""GO CC high conf"", ""modality"": ""AB"", ""value"": true}, {""label"": ""UniProt loc med conf"", ""modality"": ""AB"", ""value"": false}, {""label"": ""UniProt SigP or TMHMM"", ""modality"": ""AB"", ""value"": false}, {""label"": ""GO CC med conf"", ""modality"": ""AB"", ""value"": false}, {""label"": ""Human Protein Atlas loc"", ""modality"": ""AB"", ""value"": false}, {""label"": ""Approved Drug"", ""modality"": ""PR"", ""value"": false}, {""label"": ""Advanced Clinical"", ""modality"": ""PR"", ""value"": false}, {""label"": ""Phase 1 Clinical"", ""modality"": ""PR"", ""value"": false}, {""label"": ""Literature"", ""modality"": ""PR"", ""value"": false}, {""label"": ""UniProt Ubiquitination"", ""modality"": ""PR"", ""value"": true}, {""label"": ""Database Ubiquitination"", ""modality"": ""PR"", ""value"": true}, {""label"": ""Half-life Data"", ""modality"": ""PR"", ""value"": true}, {""label"": ""Small Molecule Binder"", ""modality"": ""PR"", ""value"": true}, {""label"": ""Approved Drug"", ""modality"": ""OC"", ""value"": false}, {""label"": ""Advanced Clinical"", ""modality"": ""OC"", ""value"": false}, {""label"": ""Phase 1 Clinical"", ""modality"": ""OC"", ""value"": false}]"	Open Targets Platform	ENSG00000213281|MONDO_0018874	26.09	https://api.platform.opentargets.org/api/v4/graphql	2026-09-30T07:41:58.308760+00:00	Aggregated evidence	opentargets-v0.2.2	data\raw\opentargets\26.09\target_ENSG00000213281_tractability.json	9e32e307fbdc2f49633de8c5b584542394fb5df3e0adb7eeb09b3bc9fcb02ead
cancer_target_pair	EVID-0039	association_score	0.23120454417181016	Open Targets Platform	ENSG00000178999|MONDO_0018874	26.09	https://api.platform.opentargets.org/api/v4/graphql	2026-09-30T07:41:58.308760+00:00	Aggregated evidence	opentargets-v0.2.2	"[""data\\raw\\opentargets\\26.09\\CANCER-013_MONDO_0018874_associated_targets_page_0000.json"", ""data\\raw\\opentargets\\26.09\\CANCER-013_MONDO_0018874_associated_targets_page_0001.json"", ""data\\raw\\opentargets\\26.09\\CANCER-013_MONDO_0018874_associated_targets_page_0002.json"", ""data\\raw\\opentargets\\26.09\\CANCER-013_MONDO_0018874_associated_targets_page_0003.json"", ""data\\raw\\opentargets\\26.09\\CANCER-013_MONDO_0018874_associated_targets_page_0004.json"", ""data\\raw\\opentargets\\26.09\\CANCER-013_MONDO_0018874_associated_targets_page_0005.json"", ""data\\raw\\opentargets\\26.09\\CANCER-013_MONDO_0018874_associated_targets_page_0006.json"", ""data\\raw\\opentargets\\26.09\\CANCER-013_MONDO_0018874_associated_targets_page_0007.json"", ""data\\raw\\opentargets\\26.09\\CANCER-013_MONDO_0018874_associated_targets_page_0008.json"", ""data\\raw\\opentargets\\26.09\\CANCER-013_MONDO_0018874_associated_targets_page_0009.json"", ""data\\raw\\opentargets\\26.09\\CANCER-013_MONDO_0018874_associated_targets_page_0010.json"", ""data\\raw\\opentargets\\26.09\\CANCER-013_MONDO_0018874_associated_targets_page_0011.json"", ""data\\raw\\opentargets\\26.09\\CANCER-013_MONDO_0018874_associated_targets_page_0012.json"", ""data\\raw\\opentargets\\26.09\\CANCER-013_MONDO_0018874_associated_targets_page_0013.json"", ""data\\raw\\opentargets\\26.09\\CANCER-013_MONDO_0018874_associated_targets_page_0014.json"", ""data\\raw\\opentargets\\26.09\\CANCER-013_MONDO_0018874_associated_targets_page_0015.json"", ""data\\raw\\opentargets\\26.09\\CANCER-013_MONDO_0018874_associated_targets_page_0016.json"", ""data\\raw\\opentargets\\26.09\\CANCER-013_MONDO_0018874_associated_targets_page_0017.json"", ""data\\raw\\opentargets\\26.09\\CANCER-013_MONDO_0018874_associated_targets_page_0018.json"", ""data\\raw\\opentargets\\26.09\\CANCER-013_MONDO_0018874_associated_targets_page_0019.json"", ""data\\raw\\opentargets\\26.09\\CANCER-013_MONDO_0018874_associated_targets_page_0020.json"", ""data\\raw\\opentargets\\26.09\\CANCER-013_MONDO_0018874_associated_targets_page_0021.json"", ""data\\raw\\opentargets\\26.09\\CANCER-013_MONDO_0018874_associated_targets_page_0022.json"", ""data\\raw\\opentargets\\26.09\\CANCER-013_MONDO_0018874_associated_targets_page_0023.json"", ""data\\raw\\opentargets\\26.09\\CANCER-013_MONDO_0018874_associated_targets_page_0024.json"", ""data\\raw\\opentargets\\26.09\\CANCER-013_MONDO_0018874_associated_targets_page_0025.json""]"	1c7db56d83932da3518c168c1a1bd1f1fadef63eff02941cb5d6ebb9d587d84e
cancer_target_pair	EVID-0039	genetic_association_score	0.0	Open Targets Platform	ENSG00000178999|MONDO_0018874	26.09	https://api.platform.opentargets.org/api/v4/graphql	2026-09-30T07:41:58.308760+00:00	Aggregated evidence	opentargets-v0.2.2	"[""data\\raw\\opentargets\\26.09\\CANCER-013_MONDO_0018874_associated_targets_page_0000.json"", ""data\\raw\\opentargets\\26.09\\CANCER-013_MONDO_0018874_associated_targets_page_0001.json"", ""data\\raw\\opentargets\\26.09\\CANCER-013_MONDO_0018874_associated_targets_page_0002.json"", ""data\\raw\\opentargets\\26.09\\CANCER-013_MONDO_0018874_associated_targets_page_0003.json"", ""data\\raw\\opentargets\\26.09\\CANCER-013_MONDO_0018874_associated_targets_page_0004.json"", ""data\\raw\\opentargets\\26.09\\CANCER-013_MONDO_0018874_associated_targets_page_0005.json"", ""data\\raw\\opentargets\\26.09\\CANCER-013_MONDO_0018874_associated_targets_page_0006.json"", ""data\\raw\\opentargets\\26.09\\CANCER-013_MONDO_0018874_associated_targets_page_0007.json"", ""data\\raw\\opentargets\\26.09\\CANCER-013_MONDO_0018874_associated_targets_page_0008.json"", ""data\\raw\\opentargets\\26.09\\CANCER-013_MONDO_0018874_associated_targets_page_0009.json"", ""data\\raw\\opentargets\\26.09\\CANCER-013_MONDO_0018874_associated_targets_page_0010.json"", ""data\\raw\\opentargets\\26.09\\CANCER-013_MONDO_0018874_associated_targets_page_0011.json"", ""data\\raw\\opentargets\\26.09\\CANCER-013_MONDO_0018874_associated_targets_page_0012.json"", ""data\\raw\\opentargets\\26.09\\CANCER-013_MONDO_0018874_associated_targets_page_0013.json"", ""data\\raw\\opentargets\\26.09\\CANCER-013_MONDO_0018874_associated_targets_page_0014.json"", ""data\\raw\\opentargets\\26.09\\CANCER-013_MONDO_0018874_associated_targets_page_0015.json"", ""data\\raw\\opentargets\\26.09\\CANCER-013_MONDO_0018874_associated_targets_page_0016.json"", ""data\\raw\\opentargets\\26.09\\CANCER-013_MONDO_0018874_associated_targets_page_0017.json"", ""data\\raw\\opentargets\\26.09\\CANCER-013_MONDO_0018874_associated_targets_page_0018.json"", ""data\\raw\\opentargets\\26.09\\CANCER-013_MONDO_0018874_associated_targets_page_0019.json"", ""data\\raw\\opentargets\\26.09\\CANCER-013_MONDO_0018874_associated_targets_page_0020.json"", ""data\\raw\\opentargets\\26.09\\CANCER-013_MONDO_0018874_associated_targets_page_0021.json"", ""data\\raw\\opentargets\\26.09\\CANCER-013_MONDO_0018874_associated_targets_page_0022.json"", ""data\\raw\\opentargets\\26.09\\CANCER-013_MONDO_0018874_associated_targets_page_0023.json"", ""data\\raw\\opentargets\\26.09\\CANCER-013_MONDO_0018874_associated_targets_page_0024.json"", ""data\\raw\\opentargets\\26.09\\CANCER-013_MONDO_0018874_associated_targets_page_0025.json""]"	1c7db56d83932da3518c168c1a1bd1f1fadef63eff02941cb5d6ebb9d587d84e
cancer_target_pair	EVID-0039	somatic_mutation_score		Open Targets Platform	ENSG00000178999|MONDO_0018874	26.09	https://api.platform.opentargets.org/api/v4/graphql	2026-09-30T07:41:58.308760+00:00	Aggregated evidence	opentargets-v0.2.2	"[""data\\raw\\opentargets\\26.09\\CANCER-013_MONDO_0018874_associated_targets_page_0000.json"", ""data\\raw\\opentargets\\26.09\\CANCER-013_MONDO_0018874_associated_targets_page_0001.json"", ""data\\raw\\opentargets\\26.09\\CANCER-013_MONDO_0018874_associated_targets_page_0002.json"", ""data\\raw\\opentargets\\26.09\\CANCER-013_MONDO_0018874_associated_targets_page_0003.json"", ""data\\raw\\opentargets\\26.09\\CANCER-013_MONDO_0018874_associated_targets_page_0004.json"", ""data\\raw\\opentargets\\26.09\\CANCER-013_MONDO_0018874_associated_targets_page_0005.json"", ""data\\raw\\opentargets\\26.09\\CANCER-013_MONDO_0018874_associated_targets_page_0006.json"", ""data\\raw\\opentargets\\26.09\\CANCER-013_MONDO_0018874_associated_targets_page_0007.json"", ""data\\raw\\opentargets\\26.09\\CANCER-013_MONDO_0018874_associated_targets_page_0008.json"", ""data\\raw\\opentargets\\26.09\\CANCER-013_MONDO_0018874_associated_targets_page_0009.json"", ""data\\raw\\opentargets\\26.09\\CANCER-013_MONDO_0018874_associated_targets_page_0010.json"", ""data\\raw\\opentargets\\26.09\\CANCER-013_MONDO_0018874_associated_targets_page_0011.json"", ""data\\raw\\opentargets\\26.09\\CANCER-013_MONDO_0018874_associated_targets_page_0012.json"", ""data\\raw\\opentargets\\26.09\\CANCER-013_MONDO_0018874_associated_targets_page_0013.json"", ""data\\raw\\opentargets\\26.09\\CANCER-013_MONDO_0018874_associated_targets_page_0014.json"", ""data\\raw\\opentargets\\26.09\\CANCER-013_MONDO_0018874_associated_targets_page_0015.json"", ""data\\raw\\opentargets\\26.09\\CANCER-013_MONDO_0018874_associated_targets_page_0016.json"", ""data\\raw\\opentargets\\26.09\\CANCER-013_MONDO_0018874_associated_targets_page_0017.json"", ""data\\raw\\opentargets\\26.09\\CANCER-013_MONDO_0018874_associated_targets_page_0018.json"", ""data\\raw\\opentargets\\26.09\\CANCER-013_MONDO_0018874_associated_targets_page_0019.json"", ""data\\raw\\opentargets\\26.09\\CANCER-013_MONDO_0018874_associated_targets_page_0020.json"", ""data\\raw\\opentargets\\26.09\\CANCER-013_MONDO_0018874_associated_targets_page_0021.json"", ""data\\raw\\opentargets\\26.09\\CANCER-013_MONDO_0018874_associated_targets_page_0022.json"", ""data\\raw\\opentargets\\26.09\\CANCER-013_MONDO_0018874_associated_targets_page_0023.json"", ""data\\raw\\opentargets\\26.09\\CANCER-013_MONDO_0018874_associated_targets_page_0024.json"", ""data\\raw\\opentargets\\26.09\\CANCER-013_MONDO_0018874_associated_targets_page_0025.json""]"	1c7db56d83932da3518c168c1a1bd1f1fadef63eff02941cb5d6ebb9d587d84e
cancer_target_pair	EVID-0039	known_drug_score		Open Targets Platform	ENSG00000178999|MONDO_0018874	26.09	https://api.platform.opentargets.org/api/v4/graphql	2026-09-30T07:41:58.308760+00:00	Aggregated evidence	opentargets-v0.2.2	"[""data\\raw\\opentargets\\26.09\\CANCER-013_MONDO_0018874_associated_targets_page_0000.json"", ""data\\raw\\opentargets\\26.09\\CANCER-013_MONDO_0018874_associated_targets_page_0001.json"", ""data\\raw\\opentargets\\26.09\\CANCER-013_MONDO_0018874_associated_targets_page_0002.json"", ""data\\raw\\opentargets\\26.09\\CANCER-013_MONDO_0018874_associated_targets_page_0003.json"", ""data\\raw\\opentargets\\26.09\\CANCER-013_MONDO_0018874_associated_targets_page_0004.json"", ""data\\raw\\opentargets\\26.09\\CANCER-013_MONDO_0018874_associated_targets_page_0005.json"", ""data\\raw\\opentargets\\26.09\\CANCER-013_MONDO_0018874_associated_targets_page_0006.json"", ""data\\raw\\opentargets\\26.09\\CANCER-013_MONDO_0018874_associated_targets_page_0007.json"", ""data\\raw\\opentargets\\26.09\\CANCER-013_MONDO_0018874_associated_targets_page_0008.json"", ""data\\raw\\opentargets\\26.09\\CANCER-013_MONDO_0018874_associated_targets_page_0009.json"", ""data\\raw\\opentargets\\26.09\\CANCER-013_MONDO_0018874_associated_targets_page_0010.json"", ""data\\raw\\opentargets\\26.09\\CANCER-013_MONDO_0018874_associated_targets_page_0011.json"", ""data\\raw\\opentargets\\26.09\\CANCER-013_MONDO_0018874_associated_targets_page_0012.json"", ""data\\raw\\opentargets\\26.09\\CANCER-013_MONDO_0018874_associated_targets_page_0013.json"", ""data\\raw\\opentargets\\26.09\\CANCER-013_MONDO_0018874_associated_targets_page_0014.json"", ""data\\raw\\opentargets\\26.09\\CANCER-013_MONDO_0018874_associated_targets_page_0015.json"", ""data\\raw\\opentargets\\26.09\\CANCER-013_MONDO_0018874_associated_targets_page_0016.json"", ""data\\raw\\opentargets\\26.09\\CANCER-013_MONDO_0018874_associated_targets_page_0017.json"", ""data\\raw\\opentargets\\26.09\\CANCER-013_MONDO_0018874_associated_targets_page_0018.json"", ""data\\raw\\opentargets\\26.09\\CANCER-013_MONDO_0018874_associated_targets_page_0019.json"", ""data\\raw\\opentargets\\26.09\\CANCER-013_MONDO_0018874_associated_targets_page_0020.json"", ""data\\raw\\opentargets\\26.09\\CANCER-013_MONDO_0018874_associated_targets_page_0021.json"", ""data\\raw\\opentargets\\26.09\\CANCER-013_MONDO_0018874_associated_targets_page_0022.json"", ""data\\raw\\opentargets\\26.09\\CANCER-013_MONDO_0018874_associated_targets_page_0023.json"", ""data\\raw\\opentargets\\26.09\\CANCER-013_MONDO_0018874_associated_targets_page_0024.json"", ""data\\raw\\opentargets\\26.09\\CANCER-013_MONDO_0018874_associated_targets_page_0025.json""]"	1c7db56d83932da3518c168c1a1bd1f1fadef63eff02941cb5d6ebb9d587d84e
cancer_target_pair	EVID-0039	literature_score	0.7262101699927018	Open Targets Platform	ENSG00000178999|MONDO_0018874	26.09	https://api.platform.opentargets.org/api/v4/graphql	2026-09-30T07:41:58.308760+00:00	Aggregated evidence	opentargets-v0.2.2	"[""data\\raw\\opentargets\\26.09\\CANCER-013_MONDO_0018874_associated_targets_page_0000.json"", ""data\\raw\\opentargets\\26.09\\CANCER-013_MONDO_0018874_associated_targets_page_0001.json"", ""data\\raw\\opentargets\\26.09\\CANCER-013_MONDO_0018874_associated_targets_page_0002.json"", ""data\\raw\\opentargets\\26.09\\CANCER-013_MONDO_0018874_associated_targets_page_0003.json"", ""data\\raw\\opentargets\\26.09\\CANCER-013_MONDO_0018874_associated_targets_page_0004.json"", ""data\\raw\\opentargets\\26.09\\CANCER-013_MONDO_0018874_associated_targets_page_0005.json"", ""data\\raw\\opentargets\\26.09\\CANCER-013_MONDO_0018874_associated_targets_page_0006.json"", ""data\\raw\\opentargets\\26.09\\CANCER-013_MONDO_0018874_associated_targets_page_0007.json"", ""data\\raw\\opentargets\\26.09\\CANCER-013_MONDO_0018874_associated_targets_page_0008.json"", ""data\\raw\\opentargets\\26.09\\CANCER-013_MONDO_0018874_associated_targets_page_0009.json"", ""data\\raw\\opentargets\\26.09\\CANCER-013_MONDO_0018874_associated_targets_page_0010.json"", ""data\\raw\\opentargets\\26.09\\CANCER-013_MONDO_0018874_associated_targets_page_0011.json"", ""data\\raw\\opentargets\\26.09\\CANCER-013_MONDO_0018874_associated_targets_page_0012.json"", ""data\\raw\\opentargets\\26.09\\CANCER-013_MONDO_0018874_associated_targets_page_0013.json"", ""data\\raw\\opentargets\\26.09\\CANCER-013_MONDO_0018874_associated_targets_page_0014.json"", ""data\\raw\\opentargets\\26.09\\CANCER-013_MONDO_0018874_associated_targets_page_0015.json"", ""data\\raw\\opentargets\\26.09\\CANCER-013_MONDO_0018874_associated_targets_page_0016.json"", ""data\\raw\\opentargets\\26.09\\CANCER-013_MONDO_0018874_associated_targets_page_0017.json"", ""data\\raw\\opentargets\\26.09\\CANCER-013_MONDO_0018874_associated_targets_page_0018.json"", ""data\\raw\\opentargets\\26.09\\CANCER-013_MONDO_0018874_associated_targets_page_0019.json"", ""data\\raw\\opentargets\\26.09\\CANCER-013_MONDO_0018874_associated_targets_page_0020.json"", ""data\\raw\\opentargets\\26.09\\CANCER-013_MONDO_0018874_associated_targets_page_0021.json"", ""data\\raw\\opentargets\\26.09\\CANCER-013_MONDO_0018874_associated_targets_page_0022.json"", ""data\\raw\\opentargets\\26.09\\CANCER-013_MONDO_0018874_associated_targets_page_0023.json"", ""data\\raw\\opentargets\\26.09\\CANCER-013_MONDO_0018874_associated_targets_page_0024.json"", ""data\\raw\\opentargets\\26.09\\CANCER-013_MONDO_0018874_associated_targets_page_0025.json""]"	1c7db56d83932da3518c168c1a1bd1f1fadef63eff02941cb5d6ebb9d587d84e
cancer_target_pair	EVID-0039	tractability_json	"[{""label"": ""Approved Drug"", ""modality"": ""SM"", ""value"": false}, {""label"": ""Advanced Clinical"", ""modality"": ""SM"", ""value"": true}, {""label"": ""Phase 1 Clinical"", ""modality"": ""SM"", ""value"": false}, {""label"": ""Structure with Ligand"", ""modality"": ""SM"", ""value"": true}, {""label"": ""High-Quality Ligand"", ""modality"": ""SM"", ""value"": true}, {""label"": ""High-Quality Pocket"", ""modality"": ""SM"", ""value"": false}, {""label"": ""Med-Quality Pocket"", ""modality"": ""SM"", ""value"": false}, {""label"": ""Druggable Family"", ""modality"": ""SM"", ""value"": true}, {""label"": ""Approved Drug"", ""modality"": ""AB"", ""value"": false}, {""label"": ""Advanced Clinical"", ""modality"": ""AB"", ""value"": false}, {""label"": ""Phase 1 Clinical"", ""modality"": ""AB"", ""value"": false}, {""label"": ""UniProt loc high conf"", ""modality"": ""AB"", ""value"": false}, {""label"": ""GO CC high conf"", ""modality"": ""AB"", ""value"": false}, {""label"": ""UniProt loc med conf"", ""modality"": ""AB"", ""value"": false}, {""label"": ""UniProt SigP or TMHMM"", ""modality"": ""AB"", ""value"": false}, {""label"": ""GO CC med conf"", ""modality"": ""AB"", ""value"": false}, {""label"": ""Human Protein Atlas loc"", ""modality"": ""AB"", ""value"": false}, {""label"": ""Approved Drug"", ""modality"": ""PR"", ""value"": false}, {""label"": ""Advanced Clinical"", ""modality"": ""PR"", ""value"": false}, {""label"": ""Phase 1 Clinical"", ""modality"": ""PR"", ""value"": false}, {""label"": ""Literature"", ""modality"": ""PR"", ""value"": true}, {""label"": ""UniProt Ubiquitination"", ""modality"": ""PR"", ""value"": true}, {""label"": ""Database Ubiquitination"", ""modality"": ""PR"", ""value"": true}, {""label"": ""Half-life Data"", ""modality"": ""PR"", ""value"": false}, {""label"": ""Small Molecule Binder"", ""modality"": ""PR"", ""value"": true}, {""label"": ""Approved Drug"", ""modality"": ""OC"", ""value"": false}, {""label"": ""Advanced Clinical"", ""modality"": ""OC"", ""value"": false}, {""label"": ""Phase 1 Clinical"", ""modality"": ""OC"", ""value"": false}]"	Open Targets Platform	ENSG00000178999|MONDO_0018874	26.09	https://api.platform.opentargets.org/api/v4/graphql	2026-09-30T07:41:58.308760+00:00	Aggregated evidence	opentargets-v0.2.2	data\raw\opentargets\26.09\target_ENSG00000178999_tractability.json	1c7db56d83932da3518c168c1a1bd1f1fadef63eff02941cb5d6ebb9d587d84e
cancer_target_pair	EVID-0040	association_score	0.5964695887346021	Open Targets Platform	ENSG00000167601|MONDO_0018874	26.09	https://api.platform.opentargets.org/api/v4/graphql	2026-09-30T07:41:58.308760+00:00	Aggregated evidence	opentargets-v0.2.2	"[""data\\raw\\opentargets\\26.09\\CANCER-013_MONDO_0018874_associated_targets_page_0000.json"", ""data\\raw\\opentargets\\26.09\\CANCER-013_MONDO_0018874_associated_targets_page_0001.json"", ""data\\raw\\opentargets\\26.09\\CANCER-013_MONDO_0018874_associated_targets_page_0002.json"", ""data\\raw\\opentargets\\26.09\\CANCER-013_MONDO_0018874_associated_targets_page_0003.json"", ""data\\raw\\opentargets\\26.09\\CANCER-013_MONDO_0018874_associated_targets_page_0004.json"", ""data\\raw\\opentargets\\26.09\\CANCER-013_MONDO_0018874_associated_targets_page_0005.json"", ""data\\raw\\opentargets\\26.09\\CANCER-013_MONDO_0018874_associated_targets_page_0006.json"", ""data\\raw\\opentargets\\26.09\\CANCER-013_MONDO_0018874_associated_targets_page_0007.json"", ""data\\raw\\opentargets\\26.09\\CANCER-013_MONDO_0018874_associated_targets_page_0008.json"", ""data\\raw\\opentargets\\26.09\\CANCER-013_MONDO_0018874_associated_targets_page_0009.json"", ""data\\raw\\opentargets\\26.09\\CANCER-013_MONDO_0018874_associated_targets_page_0010.json"", ""data\\raw\\opentargets\\26.09\\CANCER-013_MONDO_0018874_associated_targets_page_0011.json"", ""data\\raw\\opentargets\\26.09\\CANCER-013_MONDO_0018874_associated_targets_page_0012.json"", ""data\\raw\\opentargets\\26.09\\CANCER-013_MONDO_0018874_associated_targets_page_0013.json"", ""data\\raw\\opentargets\\26.09\\CANCER-013_MONDO_0018874_associated_targets_page_0014.json"", ""data\\raw\\opentargets\\26.09\\CANCER-013_MONDO_0018874_associated_targets_page_0015.json"", ""data\\raw\\opentargets\\26.09\\CANCER-013_MONDO_0018874_associated_targets_page_0016.json"", ""data\\raw\\opentargets\\26.09\\CANCER-013_MONDO_0018874_associated_targets_page_0017.json"", ""data\\raw\\opentargets\\26.09\\CANCER-013_MONDO_0018874_associated_targets_page_0018.json"", ""data\\raw\\opentargets\\26.09\\CANCER-013_MONDO_0018874_associated_targets_page_0019.json"", ""data\\raw\\opentargets\\26.09\\CANCER-013_MONDO_0018874_associated_targets_page_0020.json"", ""data\\raw\\opentargets\\26.09\\CANCER-013_MONDO_0018874_associated_targets_page_0021.json"", ""data\\raw\\opentargets\\26.09\\CANCER-013_MONDO_0018874_associated_targets_page_0022.json"", ""data\\raw\\opentargets\\26.09\\CANCER-013_MONDO_0018874_associated_targets_page_0023.json"", ""data\\raw\\opentargets\\26.09\\CANCER-013_MONDO_0018874_associated_targets_page_0024.json"", ""data\\raw\\opentargets\\26.09\\CANCER-013_MONDO_0018874_associated_targets_page_0025.json""]"	8e79f6d768c2ab2e5abf74d370ee986d6fd7242f9870ccb274e90961bc11ed19
cancer_target_pair	EVID-0040	genetic_association_score		Open Targets Platform	ENSG00000167601|MONDO_0018874	26.09	https://api.platform.opentargets.org/api/v4/graphql	2026-09-30T07:41:58.308760+00:00	Aggregated evidence	opentargets-v0.2.2	"[""data\\raw\\opentargets\\26.09\\CANCER-013_MONDO_0018874_associated_targets_page_0000.json"", ""data\\raw\\opentargets\\26.09\\CANCER-013_MONDO_0018874_associated_targets_page_0001.json"", ""data\\raw\\opentargets\\26.09\\CANCER-013_MONDO_0018874_associated_targets_page_0002.json"", ""data\\raw\\opentargets\\26.09\\CANCER-013_MONDO_0018874_associated_targets_page_0003.json"", ""data\\raw\\opentargets\\26.09\\CANCER-013_MONDO_0018874_associated_targets_page_0004.json"", ""data\\raw\\opentargets\\26.09\\CANCER-013_MONDO_0018874_associated_targets_page_0005.json"", ""data\\raw\\opentargets\\26.09\\CANCER-013_MONDO_0018874_associated_targets_page_0006.json"", ""data\\raw\\opentargets\\26.09\\CANCER-013_MONDO_0018874_associated_targets_page_0007.json"", ""data\\raw\\opentargets\\26.09\\CANCER-013_MONDO_0018874_associated_targets_page_0008.json"", ""data\\raw\\opentargets\\26.09\\CANCER-013_MONDO_0018874_associated_targets_page_0009.json"", ""data\\raw\\opentargets\\26.09\\CANCER-013_MONDO_0018874_associated_targets_page_0010.json"", ""data\\raw\\opentargets\\26.09\\CANCER-013_MONDO_0018874_associated_targets_page_0011.json"", ""data\\raw\\opentargets\\26.09\\CANCER-013_MONDO_0018874_associated_targets_page_0012.json"", ""data\\raw\\opentargets\\26.09\\CANCER-013_MONDO_0018874_associated_targets_page_0013.json"", ""data\\raw\\opentargets\\26.09\\CANCER-013_MONDO_0018874_associated_targets_page_0014.json"", ""data\\raw\\opentargets\\26.09\\CANCER-013_MONDO_0018874_associated_targets_page_0015.json"", ""data\\raw\\opentargets\\26.09\\CANCER-013_MONDO_0018874_associated_targets_page_0016.json"", ""data\\raw\\opentargets\\26.09\\CANCER-013_MONDO_0018874_associated_targets_page_0017.json"", ""data\\raw\\opentargets\\26.09\\CANCER-013_MONDO_0018874_associated_targets_page_0018.json"", ""data\\raw\\opentargets\\26.09\\CANCER-013_MONDO_0018874_associated_targets_page_0019.json"", ""data\\raw\\opentargets\\26.09\\CANCER-013_MONDO_0018874_associated_targets_page_0020.json"", ""data\\raw\\opentargets\\26.09\\CANCER-013_MONDO_0018874_associated_targets_page_0021.json"", ""data\\raw\\opentargets\\26.09\\CANCER-013_MONDO_0018874_associated_targets_page_0022.json"", ""data\\raw\\opentargets\\26.09\\CANCER-013_MONDO_0018874_associated_targets_page_0023.json"", ""data\\raw\\opentargets\\26.09\\CANCER-013_MONDO_0018874_associated_targets_page_0024.json"", ""data\\raw\\opentargets\\26.09\\CANCER-013_MONDO_0018874_associated_targets_page_0025.json""]"	8e79f6d768c2ab2e5abf74d370ee986d6fd7242f9870ccb274e90961bc11ed19
cancer_target_pair	EVID-0040	somatic_mutation_score		Open Targets Platform	ENSG00000167601|MONDO_0018874	26.09	https://api.platform.opentargets.org/api/v4/graphql	2026-09-30T07:41:58.308760+00:00	Aggregated evidence	opentargets-v0.2.2	"[""data\\raw\\opentargets\\26.09\\CANCER-013_MONDO_0018874_associated_targets_page_0000.json"", ""data\\raw\\opentargets\\26.09\\CANCER-013_MONDO_0018874_associated_targets_page_0001.json"", ""data\\raw\\opentargets\\26.09\\CANCER-013_MONDO_0018874_associated_targets_page_0002.json"", ""data\\raw\\opentargets\\26.09\\CANCER-013_MONDO_0018874_associated_targets_page_0003.json"", ""data\\raw\\opentargets\\26.09\\CANCER-013_MONDO_0018874_associated_targets_page_0004.json"", ""data\\raw\\opentargets\\26.09\\CANCER-013_MONDO_0018874_associated_targets_page_0005.json"", ""data\\raw\\opentargets\\26.09\\CANCER-013_MONDO_0018874_associated_targets_page_0006.json"", ""data\\raw\\opentargets\\26.09\\CANCER-013_MONDO_0018874_associated_targets_page_0007.json"", ""data\\raw\\opentargets\\26.09\\CANCER-013_MONDO_0018874_associated_targets_page_0008.json"", ""data\\raw\\opentargets\\26.09\\CANCER-013_MONDO_0018874_associated_targets_page_0009.json"", ""data\\raw\\opentargets\\26.09\\CANCER-013_MONDO_0018874_associated_targets_page_0010.json"", ""data\\raw\\opentargets\\26.09\\CANCER-013_MONDO_0018874_associated_targets_page_0011.json"", ""data\\raw\\opentargets\\26.09\\CANCER-013_MONDO_0018874_associated_targets_page_0012.json"", ""data\\raw\\opentargets\\26.09\\CANCER-013_MONDO_0018874_associated_targets_page_0013.json"", ""data\\raw\\opentargets\\26.09\\CANCER-013_MONDO_0018874_associated_targets_page_0014.json"", ""data\\raw\\opentargets\\26.09\\CANCER-013_MONDO_0018874_associated_targets_page_0015.json"", ""data\\raw\\opentargets\\26.09\\CANCER-013_MONDO_0018874_associated_targets_page_0016.json"", ""data\\raw\\opentargets\\26.09\\CANCER-013_MONDO_0018874_associated_targets_page_0017.json"", ""data\\raw\\opentargets\\26.09\\CANCER-013_MONDO_0018874_associated_targets_page_0018.json"", ""data\\raw\\opentargets\\26.09\\CANCER-013_MONDO_0018874_associated_targets_page_0019.json"", ""data\\raw\\opentargets\\26.09\\CANCER-013_MONDO_0018874_associated_targets_page_0020.json"", ""data\\raw\\opentargets\\26.09\\CANCER-013_MONDO_0018874_associated_targets_page_0021.json"", ""data\\raw\\opentargets\\26.09\\CANCER-013_MONDO_0018874_associated_targets_page_0022.json"", ""data\\raw\\opentargets\\26.09\\CANCER-013_MONDO_0018874_associated_targets_page_0023.json"", ""data\\raw\\opentargets\\26.09\\CANCER-013_MONDO_0018874_associated_targets_page_0024.json"", ""data\\raw\\opentargets\\26.09\\CANCER-013_MONDO_0018874_associated_targets_page_0025.json""]"	8e79f6d768c2ab2e5abf74d370ee986d6fd7242f9870ccb274e90961bc11ed19
cancer_target_pair	EVID-0040	known_drug_score		Open Targets Platform	ENSG00000167601|MONDO_0018874	26.09	https://api.platform.opentargets.org/api/v4/graphql	2026-09-30T07:41:58.308760+00:00	Aggregated evidence	opentargets-v0.2.2	"[""data\\raw\\opentargets\\26.09\\CANCER-013_MONDO_0018874_associated_targets_page_0000.json"", ""data\\raw\\opentargets\\26.09\\CANCER-013_MONDO_0018874_associated_targets_page_0001.json"", ""data\\raw\\opentargets\\26.09\\CANCER-013_MONDO_0018874_associated_targets_page_0002.json"", ""data\\raw\\opentargets\\26.09\\CANCER-013_MONDO_0018874_associated_targets_page_0003.json"", ""data\\raw\\opentargets\\26.09\\CANCER-013_MONDO_0018874_associated_targets_page_0004.json"", ""data\\raw\\opentargets\\26.09\\CANCER-013_MONDO_0018874_associated_targets_page_0005.json"", ""data\\raw\\opentargets\\26.09\\CANCER-013_MONDO_0018874_associated_targets_page_0006.json"", ""data\\raw\\opentargets\\26.09\\CANCER-013_MONDO_0018874_associated_targets_page_0007.json"", ""data\\raw\\opentargets\\26.09\\CANCER-013_MONDO_0018874_associated_targets_page_0008.json"", ""data\\raw\\opentargets\\26.09\\CANCER-013_MONDO_0018874_associated_targets_page_0009.json"", ""data\\raw\\opentargets\\26.09\\CANCER-013_MONDO_0018874_associated_targets_page_0010.json"", ""data\\raw\\opentargets\\26.09\\CANCER-013_MONDO_0018874_associated_targets_page_0011.json"", ""data\\raw\\opentargets\\26.09\\CANCER-013_MONDO_0018874_associated_targets_page_0012.json"", ""data\\raw\\opentargets\\26.09\\CANCER-013_MONDO_0018874_associated_targets_page_0013.json"", ""data\\raw\\opentargets\\26.09\\CANCER-013_MONDO_0018874_associated_targets_page_0014.json"", ""data\\raw\\opentargets\\26.09\\CANCER-013_MONDO_0018874_associated_targets_page_0015.json"", ""data\\raw\\opentargets\\26.09\\CANCER-013_MONDO_0018874_associated_targets_page_0016.json"", ""data\\raw\\opentargets\\26.09\\CANCER-013_MONDO_0018874_associated_targets_page_0017.json"", ""data\\raw\\opentargets\\26.09\\CANCER-013_MONDO_0018874_associated_targets_page_0018.json"", ""data\\raw\\opentargets\\26.09\\CANCER-013_MONDO_0018874_associated_targets_page_0019.json"", ""data\\raw\\opentargets\\26.09\\CANCER-013_MONDO_0018874_associated_targets_page_0020.json"", ""data\\raw\\opentargets\\26.09\\CANCER-013_MONDO_0018874_associated_targets_page_0021.json"", ""data\\raw\\opentargets\\26.09\\CANCER-013_MONDO_0018874_associated_targets_page_0022.json"", ""data\\raw\\opentargets\\26.09\\CANCER-013_MONDO_0018874_associated_targets_page_0023.json"", ""data\\raw\\opentargets\\26.09\\CANCER-013_MONDO_0018874_associated_targets_page_0024.json"", ""data\\raw\\opentargets\\26.09\\CANCER-013_MONDO_0018874_associated_targets_page_0025.json""]"	8e79f6d768c2ab2e5abf74d370ee986d6fd7242f9870ccb274e90961bc11ed19
cancer_target_pair	EVID-0040	literature_score	0.9533637386499598	Open Targets Platform	ENSG00000167601|MONDO_0018874	26.09	https://api.platform.opentargets.org/api/v4/graphql	2026-09-30T07:41:58.308760+00:00	Aggregated evidence	opentargets-v0.2.2	"[""data\\raw\\opentargets\\26.09\\CANCER-013_MONDO_0018874_associated_targets_page_0000.json"", ""data\\raw\\opentargets\\26.09\\CANCER-013_MONDO_0018874_associated_targets_page_0001.json"", ""data\\raw\\opentargets\\26.09\\CANCER-013_MONDO_0018874_associated_targets_page_0002.json"", ""data\\raw\\opentargets\\26.09\\CANCER-013_MONDO_0018874_associated_targets_page_0003.json"", ""data\\raw\\opentargets\\26.09\\CANCER-013_MONDO_0018874_associated_targets_page_0004.json"", ""data\\raw\\opentargets\\26.09\\CANCER-013_MONDO_0018874_associated_targets_page_0005.json"", ""data\\raw\\opentargets\\26.09\\CANCER-013_MONDO_0018874_associated_targets_page_0006.json"", ""data\\raw\\opentargets\\26.09\\CANCER-013_MONDO_0018874_associated_targets_page_0007.json"", ""data\\raw\\opentargets\\26.09\\CANCER-013_MONDO_0018874_associated_targets_page_0008.json"", ""data\\raw\\opentargets\\26.09\\CANCER-013_MONDO_0018874_associated_targets_page_0009.json"", ""data\\raw\\opentargets\\26.09\\CANCER-013_MONDO_0018874_associated_targets_page_0010.json"", ""data\\raw\\opentargets\\26.09\\CANCER-013_MONDO_0018874_associated_targets_page_0011.json"", ""data\\raw\\opentargets\\26.09\\CANCER-013_MONDO_0018874_associated_targets_page_0012.json"", ""data\\raw\\opentargets\\26.09\\CANCER-013_MONDO_0018874_associated_targets_page_0013.json"", ""data\\raw\\opentargets\\26.09\\CANCER-013_MONDO_0018874_associated_targets_page_0014.json"", ""data\\raw\\opentargets\\26.09\\CANCER-013_MONDO_0018874_associated_targets_page_0015.json"", ""data\\raw\\opentargets\\26.09\\CANCER-013_MONDO_0018874_associated_targets_page_0016.json"", ""data\\raw\\opentargets\\26.09\\CANCER-013_MONDO_0018874_associated_targets_page_0017.json"", ""data\\raw\\opentargets\\26.09\\CANCER-013_MONDO_0018874_associated_targets_page_0018.json"", ""data\\raw\\opentargets\\26.09\\CANCER-013_MONDO_0018874_associated_targets_page_0019.json"", ""data\\raw\\opentargets\\26.09\\CANCER-013_MONDO_0018874_associated_targets_page_0020.json"", ""data\\raw\\opentargets\\26.09\\CANCER-013_MONDO_0018874_associated_targets_page_0021.json"", ""data\\raw\\opentargets\\26.09\\CANCER-013_MONDO_0018874_associated_targets_page_0022.json"", ""data\\raw\\opentargets\\26.09\\CANCER-013_MONDO_0018874_associated_targets_page_0023.json"", ""data\\raw\\opentargets\\26.09\\CANCER-013_MONDO_0018874_associated_targets_page_0024.json"", ""data\\raw\\opentargets\\26.09\\CANCER-013_MONDO_0018874_associated_targets_page_0025.json""]"	8e79f6d768c2ab2e5abf74d370ee986d6fd7242f9870ccb274e90961bc11ed19
cancer_target_pair	EVID-0040	tractability_json	"[{""label"": ""Approved Drug"", ""modality"": ""SM"", ""value"": true}, {""label"": ""Advanced Clinical"", ""modality"": ""SM"", ""value"": false}, {""label"": ""Phase 1 Clinical"", ""modality"": ""SM"", ""value"": false}, {""label"": ""Structure with Ligand"", ""modality"": ""SM"", ""value"": true}, {""label"": ""High-Quality Ligand"", ""modality"": ""SM"", ""value"": true}, {""label"": ""High-Quality Pocket"", ""modality"": ""SM"", ""value"": false}, {""label"": ""Med-Quality Pocket"", ""modality"": ""SM"", ""value"": false}, {""label"": ""Druggable Family"", ""modality"": ""SM"", ""value"": true}, {""label"": ""Approved Drug"", ""modality"": ""AB"", ""value"": false}, {""label"": ""Advanced Clinical"", ""modality"": ""AB"", ""value"": false}, {""label"": ""Phase 1 Clinical"", ""modality"": ""AB"", ""value"": false}, {""label"": ""UniProt loc high conf"", ""modality"": ""AB"", ""value"": true}, {""label"": ""GO CC high conf"", ""modality"": ""AB"", ""value"": true}, {""label"": ""UniProt loc med conf"", ""modality"": ""AB"", ""value"": false}, {""label"": ""UniProt SigP or TMHMM"", ""modality"": ""AB"", ""value"": true}, {""label"": ""GO CC med conf"", ""modality"": ""AB"", ""value"": false}, {""label"": ""Human Protein Atlas loc"", ""modality"": ""AB"", ""value"": true}, {""label"": ""Approved Drug"", ""modality"": ""PR"", ""value"": false}, {""label"": ""Advanced Clinical"", ""modality"": ""PR"", ""value"": false}, {""label"": ""Phase 1 Clinical"", ""modality"": ""PR"", ""value"": false}, {""label"": ""Literature"", ""modality"": ""PR"", ""value"": false}, {""label"": ""UniProt Ubiquitination"", ""modality"": ""PR"", ""value"": true}, {""label"": ""Database Ubiquitination"", ""modality"": ""PR"", ""value"": true}, {""label"": ""Half-life Data"", ""modality"": ""PR"", ""value"": false}, {""label"": ""Small Molecule Binder"", ""modality"": ""PR"", ""value"": true}, {""label"": ""Approved Drug"", ""modality"": ""OC"", ""value"": false}, {""label"": ""Advanced Clinical"", ""modality"": ""OC"", ""value"": true}, {""label"": ""Phase 1 Clinical"", ""modality"": ""OC"", ""value"": false}]"	Open Targets Platform	ENSG00000167601|MONDO_0018874	26.09	https://api.platform.opentargets.org/api/v4/graphql	2026-09-30T07:41:58.308760+00:00	Aggregated evidence	opentargets-v0.2.2	data\raw\opentargets\26.09\target_ENSG00000167601_tractability.json	8e79f6d768c2ab2e5abf74d370ee986d6fd7242f9870ccb274e90961bc11ed19
cancer_target_pair	EVID-0041	association_score	0.5140055068569326	Open Targets Platform	ENSG00000171791|MONDO_0018874	26.09	https://api.platform.opentargets.org/api/v4/graphql	2026-09-30T07:41:58.308760+00:00	Aggregated evidence	opentargets-v0.2.2	"[""data\\raw\\opentargets\\26.09\\CANCER-013_MONDO_0018874_associated_targets_page_0000.json"", ""data\\raw\\opentargets\\26.09\\CANCER-013_MONDO_0018874_associated_targets_page_0001.json"", ""data\\raw\\opentargets\\26.09\\CANCER-013_MONDO_0018874_associated_targets_page_0002.json"", ""data\\raw\\opentargets\\26.09\\CANCER-013_MONDO_0018874_associated_targets_page_0003.json"", ""data\\raw\\opentargets\\26.09\\CANCER-013_MONDO_0018874_associated_targets_page_0004.json"", ""data\\raw\\opentargets\\26.09\\CANCER-013_MONDO_0018874_associated_targets_page_0005.json"", ""data\\raw\\opentargets\\26.09\\CANCER-013_MONDO_0018874_associated_targets_page_0006.json"", ""data\\raw\\opentargets\\26.09\\CANCER-013_MONDO_0018874_associated_targets_page_0007.json"", ""data\\raw\\opentargets\\26.09\\CANCER-013_MONDO_0018874_associated_targets_page_0008.json"", ""data\\raw\\opentargets\\26.09\\CANCER-013_MONDO_0018874_associated_targets_page_0009.json"", ""data\\raw\\opentargets\\26.09\\CANCER-013_MONDO_0018874_associated_targets_page_0010.json"", ""data\\raw\\opentargets\\26.09\\CANCER-013_MONDO_0018874_associated_targets_page_0011.json"", ""data\\raw\\opentargets\\26.09\\CANCER-013_MONDO_0018874_associated_targets_page_0012.json"", ""data\\raw\\opentargets\\26.09\\CANCER-013_MONDO_0018874_associated_targets_page_0013.json"", ""data\\raw\\opentargets\\26.09\\CANCER-013_MONDO_0018874_associated_targets_page_0014.json"", ""data\\raw\\opentargets\\26.09\\CANCER-013_MONDO_0018874_associated_targets_page_0015.json"", ""data\\raw\\opentargets\\26.09\\CANCER-013_MONDO_0018874_associated_targets_page_0016.json"", ""data\\raw\\opentargets\\26.09\\CANCER-013_MONDO_0018874_associated_targets_page_0017.json"", ""data\\raw\\opentargets\\26.09\\CANCER-013_MONDO_0018874_associated_targets_page_0018.json"", ""data\\raw\\opentargets\\26.09\\CANCER-013_MONDO_0018874_associated_targets_page_0019.json"", ""data\\raw\\opentargets\\26.09\\CANCER-013_MONDO_0018874_associated_targets_page_0020.json"", ""data\\raw\\opentargets\\26.09\\CANCER-013_MONDO_0018874_associated_targets_page_0021.json"", ""data\\raw\\opentargets\\26.09\\CANCER-013_MONDO_0018874_associated_targets_page_0022.json"", ""data\\raw\\opentargets\\26.09\\CANCER-013_MONDO_0018874_associated_targets_page_0023.json"", ""data\\raw\\opentargets\\26.09\\CANCER-013_MONDO_0018874_associated_targets_page_0024.json"", ""data\\raw\\opentargets\\26.09\\CANCER-013_MONDO_0018874_associated_targets_page_0025.json""]"	57f05ef26c8422c936d578af1c6b50df1be62aaef5df7739fa3dfd85418b00e6
cancer_target_pair	EVID-0041	genetic_association_score	0.0	Open Targets Platform	ENSG00000171791|MONDO_0018874	26.09	https://api.platform.opentargets.org/api/v4/graphql	2026-09-30T07:41:58.308760+00:00	Aggregated evidence	opentargets-v0.2.2	"[""data\\raw\\opentargets\\26.09\\CANCER-013_MONDO_0018874_associated_targets_page_0000.json"", ""data\\raw\\opentargets\\26.09\\CANCER-013_MONDO_0018874_associated_targets_page_0001.json"", ""data\\raw\\opentargets\\26.09\\CANCER-013_MONDO_0018874_associated_targets_page_0002.json"", ""data\\raw\\opentargets\\26.09\\CANCER-013_MONDO_0018874_associated_targets_page_0003.json"", ""data\\raw\\opentargets\\26.09\\CANCER-013_MONDO_0018874_associated_targets_page_0004.json"", ""data\\raw\\opentargets\\26.09\\CANCER-013_MONDO_0018874_associated_targets_page_0005.json"", ""data\\raw\\opentargets\\26.09\\CANCER-013_MONDO_0018874_associated_targets_page_0006.json"", ""data\\raw\\opentargets\\26.09\\CANCER-013_MONDO_0018874_associated_targets_page_0007.json"", ""data\\raw\\opentargets\\26.09\\CANCER-013_MONDO_0018874_associated_targets_page_0008.json"", ""data\\raw\\opentargets\\26.09\\CANCER-013_MONDO_0018874_associated_targets_page_0009.json"", ""data\\raw\\opentargets\\26.09\\CANCER-013_MONDO_0018874_associated_targets_page_0010.json"", ""data\\raw\\opentargets\\26.09\\CANCER-013_MONDO_0018874_associated_targets_page_0011.json"", ""data\\raw\\opentargets\\26.09\\CANCER-013_MONDO_0018874_associated_targets_page_0012.json"", ""data\\raw\\opentargets\\26.09\\CANCER-013_MONDO_0018874_associated_targets_page_0013.json"", ""data\\raw\\opentargets\\26.09\\CANCER-013_MONDO_0018874_associated_targets_page_0014.json"", ""data\\raw\\opentargets\\26.09\\CANCER-013_MONDO_0018874_associated_targets_page_0015.json"", ""data\\raw\\opentargets\\26.09\\CANCER-013_MONDO_0018874_associated_targets_page_0016.json"", ""data\\raw\\opentargets\\26.09\\CANCER-013_MONDO_0018874_associated_targets_page_0017.json"", ""data\\raw\\opentargets\\26.09\\CANCER-013_MONDO_0018874_associated_targets_page_0018.json"", ""data\\raw\\opentargets\\26.09\\CANCER-013_MONDO_0018874_associated_targets_page_0019.json"", ""data\\raw\\opentargets\\26.09\\CANCER-013_MONDO_0018874_associated_targets_page_0020.json"", ""data\\raw\\opentargets\\26.09\\CANCER-013_MONDO_0018874_associated_targets_page_0021.json"", ""data\\raw\\opentargets\\26.09\\CANCER-013_MONDO_0018874_associated_targets_page_0022.json"", ""data\\raw\\opentargets\\26.09\\CANCER-013_MONDO_0018874_associated_targets_page_0023.json"", ""data\\raw\\opentargets\\26.09\\CANCER-013_MONDO_0018874_associated_targets_page_0024.json"", ""data\\raw\\opentargets\\26.09\\CANCER-013_MONDO_0018874_associated_targets_page_0025.json""]"	57f05ef26c8422c936d578af1c6b50df1be62aaef5df7739fa3dfd85418b00e6
cancer_target_pair	EVID-0041	somatic_mutation_score	0.4559480982087158	Open Targets Platform	ENSG00000171791|MONDO_0018874	26.09	https://api.platform.opentargets.org/api/v4/graphql	2026-09-30T07:41:58.308760+00:00	Aggregated evidence	opentargets-v0.2.2	"[""data\\raw\\opentargets\\26.09\\CANCER-013_MONDO_0018874_associated_targets_page_0000.json"", ""data\\raw\\opentargets\\26.09\\CANCER-013_MONDO_0018874_associated_targets_page_0001.json"", ""data\\raw\\opentargets\\26.09\\CANCER-013_MONDO_0018874_associated_targets_page_0002.json"", ""data\\raw\\opentargets\\26.09\\CANCER-013_MONDO_0018874_associated_targets_page_0003.json"", ""data\\raw\\opentargets\\26.09\\CANCER-013_MONDO_0018874_associated_targets_page_0004.json"", ""data\\raw\\opentargets\\26.09\\CANCER-013_MONDO_0018874_associated_targets_page_0005.json"", ""data\\raw\\opentargets\\26.09\\CANCER-013_MONDO_0018874_associated_targets_page_0006.json"", ""data\\raw\\opentargets\\26.09\\CANCER-013_MONDO_0018874_associated_targets_page_0007.json"", ""data\\raw\\opentargets\\26.09\\CANCER-013_MONDO_0018874_associated_targets_page_0008.json"", ""data\\raw\\opentargets\\26.09\\CANCER-013_MONDO_0018874_associated_targets_page_0009.json"", ""data\\raw\\opentargets\\26.09\\CANCER-013_MONDO_0018874_associated_targets_page_0010.json"", ""data\\raw\\opentargets\\26.09\\CANCER-013_MONDO_0018874_associated_targets_page_0011.json"", ""data\\raw\\opentargets\\26.09\\CANCER-013_MONDO_0018874_associated_targets_page_0012.json"", ""data\\raw\\opentargets\\26.09\\CANCER-013_MONDO_0018874_associated_targets_page_0013.json"", ""data\\raw\\opentargets\\26.09\\CANCER-013_MONDO_0018874_associated_targets_page_0014.json"", ""data\\raw\\opentargets\\26.09\\CANCER-013_MONDO_0018874_associated_targets_page_0015.json"", ""data\\raw\\opentargets\\26.09\\CANCER-013_MONDO_0018874_associated_targets_page_0016.json"", ""data\\raw\\opentargets\\26.09\\CANCER-013_MONDO_0018874_associated_targets_page_0017.json"", ""data\\raw\\opentargets\\26.09\\CANCER-013_MONDO_0018874_associated_targets_page_0018.json"", ""data\\raw\\opentargets\\26.09\\CANCER-013_MONDO_0018874_associated_targets_page_0019.json"", ""data\\raw\\opentargets\\26.09\\CANCER-013_MONDO_0018874_associated_targets_page_0020.json"", ""data\\raw\\opentargets\\26.09\\CANCER-013_MONDO_0018874_associated_targets_page_0021.json"", ""data\\raw\\opentargets\\26.09\\CANCER-013_MONDO_0018874_associated_targets_page_0022.json"", ""data\\raw\\opentargets\\26.09\\CANCER-013_MONDO_0018874_associated_targets_page_0023.json"", ""data\\raw\\opentargets\\26.09\\CANCER-013_MONDO_0018874_associated_targets_page_0024.json"", ""data\\raw\\opentargets\\26.09\\CANCER-013_MONDO_0018874_associated_targets_page_0025.json""]"	57f05ef26c8422c936d578af1c6b50df1be62aaef5df7739fa3dfd85418b00e6
cancer_target_pair	EVID-0041	known_drug_score		Open Targets Platform	ENSG00000171791|MONDO_0018874	26.09	https://api.platform.opentargets.org/api/v4/graphql	2026-09-30T07:41:58.308760+00:00	Aggregated evidence	opentargets-v0.2.2	"[""data\\raw\\opentargets\\26.09\\CANCER-013_MONDO_0018874_associated_targets_page_0000.json"", ""data\\raw\\opentargets\\26.09\\CANCER-013_MONDO_0018874_associated_targets_page_0001.json"", ""data\\raw\\opentargets\\26.09\\CANCER-013_MONDO_0018874_associated_targets_page_0002.json"", ""data\\raw\\opentargets\\26.09\\CANCER-013_MONDO_0018874_associated_targets_page_0003.json"", ""data\\raw\\opentargets\\26.09\\CANCER-013_MONDO_0018874_associated_targets_page_0004.json"", ""data\\raw\\opentargets\\26.09\\CANCER-013_MONDO_0018874_associated_targets_page_0005.json"", ""data\\raw\\opentargets\\26.09\\CANCER-013_MONDO_0018874_associated_targets_page_0006.json"", ""data\\raw\\opentargets\\26.09\\CANCER-013_MONDO_0018874_associated_targets_page_0007.json"", ""data\\raw\\opentargets\\26.09\\CANCER-013_MONDO_0018874_associated_targets_page_0008.json"", ""data\\raw\\opentargets\\26.09\\CANCER-013_MONDO_0018874_associated_targets_page_0009.json"", ""data\\raw\\opentargets\\26.09\\CANCER-013_MONDO_0018874_associated_targets_page_0010.json"", ""data\\raw\\opentargets\\26.09\\CANCER-013_MONDO_0018874_associated_targets_page_0011.json"", ""data\\raw\\opentargets\\26.09\\CANCER-013_MONDO_0018874_associated_targets_page_0012.json"", ""data\\raw\\opentargets\\26.09\\CANCER-013_MONDO_0018874_associated_targets_page_0013.json"", ""data\\raw\\opentargets\\26.09\\CANCER-013_MONDO_0018874_associated_targets_page_0014.json"", ""data\\raw\\opentargets\\26.09\\CANCER-013_MONDO_0018874_associated_targets_page_0015.json"", ""data\\raw\\opentargets\\26.09\\CANCER-013_MONDO_0018874_associated_targets_page_0016.json"", ""data\\raw\\opentargets\\26.09\\CANCER-013_MONDO_0018874_associated_targets_page_0017.json"", ""data\\raw\\opentargets\\26.09\\CANCER-013_MONDO_0018874_associated_targets_page_0018.json"", ""data\\raw\\opentargets\\26.09\\CANCER-013_MONDO_0018874_associated_targets_page_0019.json"", ""data\\raw\\opentargets\\26.09\\CANCER-013_MONDO_0018874_associated_targets_page_0020.json"", ""data\\raw\\opentargets\\26.09\\CANCER-013_MONDO_0018874_associated_targets_page_0021.json"", ""data\\raw\\opentargets\\26.09\\CANCER-013_MONDO_0018874_associated_targets_page_0022.json"", ""data\\raw\\opentargets\\26.09\\CANCER-013_MONDO_0018874_associated_targets_page_0023.json"", ""data\\raw\\opentargets\\26.09\\CANCER-013_MONDO_0018874_associated_targets_page_0024.json"", ""data\\raw\\opentargets\\26.09\\CANCER-013_MONDO_0018874_associated_targets_page_0025.json""]"	57f05ef26c8422c936d578af1c6b50df1be62aaef5df7739fa3dfd85418b00e6
cancer_target_pair	EVID-0041	literature_score	0.9803091399082612	Open Targets Platform	ENSG00000171791|MONDO_0018874	26.09	https://api.platform.opentargets.org/api/v4/graphql	2026-09-30T07:41:58.308760+00:00	Aggregated evidence	opentargets-v0.2.2	"[""data\\raw\\opentargets\\26.09\\CANCER-013_MONDO_0018874_associated_targets_page_0000.json"", ""data\\raw\\opentargets\\26.09\\CANCER-013_MONDO_0018874_associated_targets_page_0001.json"", ""data\\raw\\opentargets\\26.09\\CANCER-013_MONDO_0018874_associated_targets_page_0002.json"", ""data\\raw\\opentargets\\26.09\\CANCER-013_MONDO_0018874_associated_targets_page_0003.json"", ""data\\raw\\opentargets\\26.09\\CANCER-013_MONDO_0018874_associated_targets_page_0004.json"", ""data\\raw\\opentargets\\26.09\\CANCER-013_MONDO_0018874_associated_targets_page_0005.json"", ""data\\raw\\opentargets\\26.09\\CANCER-013_MONDO_0018874_associated_targets_page_0006.json"", ""data\\raw\\opentargets\\26.09\\CANCER-013_MONDO_0018874_associated_targets_page_0007.json"", ""data\\raw\\opentargets\\26.09\\CANCER-013_MONDO_0018874_associated_targets_page_0008.json"", ""data\\raw\\opentargets\\26.09\\CANCER-013_MONDO_0018874_associated_targets_page_0009.json"", ""data\\raw\\opentargets\\26.09\\CANCER-013_MONDO_0018874_associated_targets_page_0010.json"", ""data\\raw\\opentargets\\26.09\\CANCER-013_MONDO_0018874_associated_targets_page_0011.json"", ""data\\raw\\opentargets\\26.09\\CANCER-013_MONDO_0018874_associated_targets_page_0012.json"", ""data\\raw\\opentargets\\26.09\\CANCER-013_MONDO_0018874_associated_targets_page_0013.json"", ""data\\raw\\opentargets\\26.09\\CANCER-013_MONDO_0018874_associated_targets_page_0014.json"", ""data\\raw\\opentargets\\26.09\\CANCER-013_MONDO_0018874_associated_targets_page_0015.json"", ""data\\raw\\opentargets\\26.09\\CANCER-013_MONDO_0018874_associated_targets_page_0016.json"", ""data\\raw\\opentargets\\26.09\\CANCER-013_MONDO_0018874_associated_targets_page_0017.json"", ""data\\raw\\opentargets\\26.09\\CANCER-013_MONDO_0018874_associated_targets_page_0018.json"", ""data\\raw\\opentargets\\26.09\\CANCER-013_MONDO_0018874_associated_targets_page_0019.json"", ""data\\raw\\opentargets\\26.09\\CANCER-013_MONDO_0018874_associated_targets_page_0020.json"", ""data\\raw\\opentargets\\26.09\\CANCER-013_MONDO_0018874_associated_targets_page_0021.json"", ""data\\raw\\opentargets\\26.09\\CANCER-013_MONDO_0018874_associated_targets_page_0022.json"", ""data\\raw\\opentargets\\26.09\\CANCER-013_MONDO_0018874_associated_targets_page_0023.json"", ""data\\raw\\opentargets\\26.09\\CANCER-013_MONDO_0018874_associated_targets_page_0024.json"", ""data\\raw\\opentargets\\26.09\\CANCER-013_MONDO_0018874_associated_targets_page_0025.json""]"	57f05ef26c8422c936d578af1c6b50df1be62aaef5df7739fa3dfd85418b00e6
cancer_target_pair	EVID-0041	tractability_json	"[{""label"": ""Approved Drug"", ""modality"": ""SM"", ""value"": true}, {""label"": ""Advanced Clinical"", ""modality"": ""SM"", ""value"": false}, {""label"": ""Phase 1 Clinical"", ""modality"": ""SM"", ""value"": false}, {""label"": ""Structure with Ligand"", ""modality"": ""SM"", ""value"": true}, {""label"": ""High-Quality Ligand"", ""modality"": ""SM"", ""value"": true}, {""label"": ""High-Quality Pocket"", ""modality"": ""SM"", ""value"": false}, {""label"": ""Med-Quality Pocket"", ""modality"": ""SM"", ""value"": false}, {""label"": ""Druggable Family"", ""modality"": ""SM"", ""value"": true}, {""label"": ""Approved Drug"", ""modality"": ""AB"", ""value"": false}, {""label"": ""Advanced Clinical"", ""modality"": ""AB"", ""value"": false}, {""label"": ""Phase 1 Clinical"", ""modality"": ""AB"", ""value"": false}, {""label"": ""UniProt loc high conf"", ""modality"": ""AB"", ""value"": false}, {""label"": ""GO CC high conf"", ""modality"": ""AB"", ""value"": false}, {""label"": ""UniProt loc med conf"", ""modality"": ""AB"", ""value"": false}, {""label"": ""UniProt SigP or TMHMM"", ""modality"": ""AB"", ""value"": true}, {""label"": ""GO CC med conf"", ""modality"": ""AB"", ""value"": false}, {""label"": ""Human Protein Atlas loc"", ""modality"": ""AB"", ""value"": false}, {""label"": ""Approved Drug"", ""modality"": ""PR"", ""value"": false}, {""label"": ""Advanced Clinical"", ""modality"": ""PR"", ""value"": false}, {""label"": ""Phase 1 Clinical"", ""modality"": ""PR"", ""value"": false}, {""label"": ""Literature"", ""modality"": ""PR"", ""value"": true}, {""label"": ""UniProt Ubiquitination"", ""modality"": ""PR"", ""value"": true}, {""label"": ""Database Ubiquitination"", ""modality"": ""PR"", ""value"": true}, {""label"": ""Half-life Data"", ""modality"": ""PR"", ""value"": true}, {""label"": ""Small Molecule Binder"", ""modality"": ""PR"", ""value"": true}, {""label"": ""Approved Drug"", ""modality"": ""OC"", ""value"": false}, {""label"": ""Advanced Clinical"", ""modality"": ""OC"", ""value"": true}, {""label"": ""Phase 1 Clinical"", ""modality"": ""OC"", ""value"": false}]"	Open Targets Platform	ENSG00000171791|MONDO_0018874	26.09	https://api.platform.opentargets.org/api/v4/graphql	2026-09-30T07:41:58.308760+00:00	Aggregated evidence	opentargets-v0.2.2	data\raw\opentargets\26.09\target_ENSG00000171791_tractability.json	57f05ef26c8422c936d578af1c6b50df1be62aaef5df7739fa3dfd85418b00e6
cancer_target_pair	EVID-0042	association_score	0.13765441134843126	Open Targets Platform	ENSG00000143384|MONDO_0018874	26.09	https://api.platform.opentargets.org/api/v4/graphql	2026-09-30T07:41:58.308760+00:00	Aggregated evidence	opentargets-v0.2.2	"[""data\\raw\\opentargets\\26.09\\CANCER-013_MONDO_0018874_associated_targets_page_0000.json"", ""data\\raw\\opentargets\\26.09\\CANCER-013_MONDO_0018874_associated_targets_page_0001.json"", ""data\\raw\\opentargets\\26.09\\CANCER-013_MONDO_0018874_associated_targets_page_0002.json"", ""data\\raw\\opentargets\\26.09\\CANCER-013_MONDO_0018874_associated_targets_page_0003.json"", ""data\\raw\\opentargets\\26.09\\CANCER-013_MONDO_0018874_associated_targets_page_0004.json"", ""data\\raw\\opentargets\\26.09\\CANCER-013_MONDO_0018874_associated_targets_page_0005.json"", ""data\\raw\\opentargets\\26.09\\CANCER-013_MONDO_0018874_associated_targets_page_0006.json"", ""data\\raw\\opentargets\\26.09\\CANCER-013_MONDO_0018874_associated_targets_page_0007.json"", ""data\\raw\\opentargets\\26.09\\CANCER-013_MONDO_0018874_associated_targets_page_0008.json"", ""data\\raw\\opentargets\\26.09\\CANCER-013_MONDO_0018874_associated_targets_page_0009.json"", ""data\\raw\\opentargets\\26.09\\CANCER-013_MONDO_0018874_associated_targets_page_0010.json"", ""data\\raw\\opentargets\\26.09\\CANCER-013_MONDO_0018874_associated_targets_page_0011.json"", ""data\\raw\\opentargets\\26.09\\CANCER-013_MONDO_0018874_associated_targets_page_0012.json"", ""data\\raw\\opentargets\\26.09\\CANCER-013_MONDO_0018874_associated_targets_page_0013.json"", ""data\\raw\\opentargets\\26.09\\CANCER-013_MONDO_0018874_associated_targets_page_0014.json"", ""data\\raw\\opentargets\\26.09\\CANCER-013_MONDO_0018874_associated_targets_page_0015.json"", ""data\\raw\\opentargets\\26.09\\CANCER-013_MONDO_0018874_associated_targets_page_0016.json"", ""data\\raw\\opentargets\\26.09\\CANCER-013_MONDO_0018874_associated_targets_page_0017.json"", ""data\\raw\\opentargets\\26.09\\CANCER-013_MONDO_0018874_associated_targets_page_0018.json"", ""data\\raw\\opentargets\\26.09\\CANCER-013_MONDO_0018874_associated_targets_page_0019.json"", ""data\\raw\\opentargets\\26.09\\CANCER-013_MONDO_0018874_associated_targets_page_0020.json"", ""data\\raw\\opentargets\\26.09\\CANCER-013_MONDO_0018874_associated_targets_page_0021.json"", ""data\\raw\\opentargets\\26.09\\CANCER-013_MONDO_0018874_associated_targets_page_0022.json"", ""data\\raw\\opentargets\\26.09\\CANCER-013_MONDO_0018874_associated_targets_page_0023.json"", ""data\\raw\\opentargets\\26.09\\CANCER-013_MONDO_0018874_associated_targets_page_0024.json"", ""data\\raw\\opentargets\\26.09\\CANCER-013_MONDO_0018874_associated_targets_page_0025.json""]"	a36d4fca3b5b0a3af891117bf199009986f415d853a202a425464370cf7aa7e6
cancer_target_pair	EVID-0042	genetic_association_score		Open Targets Platform	ENSG00000143384|MONDO_0018874	26.09	https://api.platform.opentargets.org/api/v4/graphql	2026-09-30T07:41:58.308760+00:00	Aggregated evidence	opentargets-v0.2.2	"[""data\\raw\\opentargets\\26.09\\CANCER-013_MONDO_0018874_associated_targets_page_0000.json"", ""data\\raw\\opentargets\\26.09\\CANCER-013_MONDO_0018874_associated_targets_page_0001.json"", ""data\\raw\\opentargets\\26.09\\CANCER-013_MONDO_0018874_associated_targets_page_0002.json"", ""data\\raw\\opentargets\\26.09\\CANCER-013_MONDO_0018874_associated_targets_page_0003.json"", ""data\\raw\\opentargets\\26.09\\CANCER-013_MONDO_0018874_associated_targets_page_0004.json"", ""data\\raw\\opentargets\\26.09\\CANCER-013_MONDO_0018874_associated_targets_page_0005.json"", ""data\\raw\\opentargets\\26.09\\CANCER-013_MONDO_0018874_associated_targets_page_0006.json"", ""data\\raw\\opentargets\\26.09\\CANCER-013_MONDO_0018874_associated_targets_page_0007.json"", ""data\\raw\\opentargets\\26.09\\CANCER-013_MONDO_0018874_associated_targets_page_0008.json"", ""data\\raw\\opentargets\\26.09\\CANCER-013_MONDO_0018874_associated_targets_page_0009.json"", ""data\\raw\\opentargets\\26.09\\CANCER-013_MONDO_0018874_associated_targets_page_0010.json"", ""data\\raw\\opentargets\\26.09\\CANCER-013_MONDO_0018874_associated_targets_page_0011.json"", ""data\\raw\\opentargets\\26.09\\CANCER-013_MONDO_0018874_associated_targets_page_0012.json"", ""data\\raw\\opentargets\\26.09\\CANCER-013_MONDO_0018874_associated_targets_page_0013.json"", ""data\\raw\\opentargets\\26.09\\CANCER-013_MONDO_0018874_associated_targets_page_0014.json"", ""data\\raw\\opentargets\\26.09\\CANCER-013_MONDO_0018874_associated_targets_page_0015.json"", ""data\\raw\\opentargets\\26.09\\CANCER-013_MONDO_0018874_associated_targets_page_0016.json"", ""data\\raw\\opentargets\\26.09\\CANCER-013_MONDO_0018874_associated_targets_page_0017.json"", ""data\\raw\\opentargets\\26.09\\CANCER-013_MONDO_0018874_associated_targets_page_0018.json"", ""data\\raw\\opentargets\\26.09\\CANCER-013_MONDO_0018874_associated_targets_page_0019.json"", ""data\\raw\\opentargets\\26.09\\CANCER-013_MONDO_0018874_associated_targets_page_0020.json"", ""data\\raw\\opentargets\\26.09\\CANCER-013_MONDO_0018874_associated_targets_page_0021.json"", ""data\\raw\\opentargets\\26.09\\CANCER-013_MONDO_0018874_associated_targets_page_0022.json"", ""data\\raw\\opentargets\\26.09\\CANCER-013_MONDO_0018874_associated_targets_page_0023.json"", ""data\\raw\\opentargets\\26.09\\CANCER-013_MONDO_0018874_associated_targets_page_0024.json"", ""data\\raw\\opentargets\\26.09\\CANCER-013_MONDO_0018874_associated_targets_page_0025.json""]"	a36d4fca3b5b0a3af891117bf199009986f415d853a202a425464370cf7aa7e6
cancer_target_pair	EVID-0042	somatic_mutation_score		Open Targets Platform	ENSG00000143384|MONDO_0018874	26.09	https://api.platform.opentargets.org/api/v4/graphql	2026-09-30T07:41:58.308760+00:00	Aggregated evidence	opentargets-v0.2.2	"[""data\\raw\\opentargets\\26.09\\CANCER-013_MONDO_0018874_associated_targets_page_0000.json"", ""data\\raw\\opentargets\\26.09\\CANCER-013_MONDO_0018874_associated_targets_page_0001.json"", ""data\\raw\\opentargets\\26.09\\CANCER-013_MONDO_0018874_associated_targets_page_0002.json"", ""data\\raw\\opentargets\\26.09\\CANCER-013_MONDO_0018874_associated_targets_page_0003.json"", ""data\\raw\\opentargets\\26.09\\CANCER-013_MONDO_0018874_associated_targets_page_0004.json"", ""data\\raw\\opentargets\\26.09\\CANCER-013_MONDO_0018874_associated_targets_page_0005.json"", ""data\\raw\\opentargets\\26.09\\CANCER-013_MONDO_0018874_associated_targets_page_0006.json"", ""data\\raw\\opentargets\\26.09\\CANCER-013_MONDO_0018874_associated_targets_page_0007.json"", ""data\\raw\\opentargets\\26.09\\CANCER-013_MONDO_0018874_associated_targets_page_0008.json"", ""data\\raw\\opentargets\\26.09\\CANCER-013_MONDO_0018874_associated_targets_page_0009.json"", ""data\\raw\\opentargets\\26.09\\CANCER-013_MONDO_0018874_associated_targets_page_0010.json"", ""data\\raw\\opentargets\\26.09\\CANCER-013_MONDO_0018874_associated_targets_page_0011.json"", ""data\\raw\\opentargets\\26.09\\CANCER-013_MONDO_0018874_associated_targets_page_0012.json"", ""data\\raw\\opentargets\\26.09\\CANCER-013_MONDO_0018874_associated_targets_page_0013.json"", ""data\\raw\\opentargets\\26.09\\CANCER-013_MONDO_0018874_associated_targets_page_0014.json"", ""data\\raw\\opentargets\\26.09\\CANCER-013_MONDO_0018874_associated_targets_page_0015.json"", ""data\\raw\\opentargets\\26.09\\CANCER-013_MONDO_0018874_associated_targets_page_0016.json"", ""data\\raw\\opentargets\\26.09\\CANCER-013_MONDO_0018874_associated_targets_page_0017.json"", ""data\\raw\\opentargets\\26.09\\CANCER-013_MONDO_0018874_associated_targets_page_0018.json"", ""data\\raw\\opentargets\\26.09\\CANCER-013_MONDO_0018874_associated_targets_page_0019.json"", ""data\\raw\\opentargets\\26.09\\CANCER-013_MONDO_0018874_associated_targets_page_0020.json"", ""data\\raw\\opentargets\\26.09\\CANCER-013_MONDO_0018874_associated_targets_page_0021.json"", ""data\\raw\\opentargets\\26.09\\CANCER-013_MONDO_0018874_associated_targets_page_0022.json"", ""data\\raw\\opentargets\\26.09\\CANCER-013_MONDO_0018874_associated_targets_page_0023.json"", ""data\\raw\\opentargets\\26.09\\CANCER-013_MONDO_0018874_associated_targets_page_0024.json"", ""data\\raw\\opentargets\\26.09\\CANCER-013_MONDO_0018874_associated_targets_page_0025.json""]"	a36d4fca3b5b0a3af891117bf199009986f415d853a202a425464370cf7aa7e6
cancer_target_pair	EVID-0042	known_drug_score		Open Targets Platform	ENSG00000143384|MONDO_0018874	26.09	https://api.platform.opentargets.org/api/v4/graphql	2026-09-30T07:41:58.308760+00:00	Aggregated evidence	opentargets-v0.2.2	"[""data\\raw\\opentargets\\26.09\\CANCER-013_MONDO_0018874_associated_targets_page_0000.json"", ""data\\raw\\opentargets\\26.09\\CANCER-013_MONDO_0018874_associated_targets_page_0001.json"", ""data\\raw\\opentargets\\26.09\\CANCER-013_MONDO_0018874_associated_targets_page_0002.json"", ""data\\raw\\opentargets\\26.09\\CANCER-013_MONDO_0018874_associated_targets_page_0003.json"", ""data\\raw\\opentargets\\26.09\\CANCER-013_MONDO_0018874_associated_targets_page_0004.json"", ""data\\raw\\opentargets\\26.09\\CANCER-013_MONDO_0018874_associated_targets_page_0005.json"", ""data\\raw\\opentargets\\26.09\\CANCER-013_MONDO_0018874_associated_targets_page_0006.json"", ""data\\raw\\opentargets\\26.09\\CANCER-013_MONDO_0018874_associated_targets_page_0007.json"", ""data\\raw\\opentargets\\26.09\\CANCER-013_MONDO_0018874_associated_targets_page_0008.json"", ""data\\raw\\opentargets\\26.09\\CANCER-013_MONDO_0018874_associated_targets_page_0009.json"", ""data\\raw\\opentargets\\26.09\\CANCER-013_MONDO_0018874_associated_targets_page_0010.json"", ""data\\raw\\opentargets\\26.09\\CANCER-013_MONDO_0018874_associated_targets_page_0011.json"", ""data\\raw\\opentargets\\26.09\\CANCER-013_MONDO_0018874_associated_targets_page_0012.json"", ""data\\raw\\opentargets\\26.09\\CANCER-013_MONDO_0018874_associated_targets_page_0013.json"", ""data\\raw\\opentargets\\26.09\\CANCER-013_MONDO_0018874_associated_targets_page_0014.json"", ""data\\raw\\opentargets\\26.09\\CANCER-013_MONDO_0018874_associated_targets_page_0015.json"", ""data\\raw\\opentargets\\26.09\\CANCER-013_MONDO_0018874_associated_targets_page_0016.json"", ""data\\raw\\opentargets\\26.09\\CANCER-013_MONDO_0018874_associated_targets_page_0017.json"", ""data\\raw\\opentargets\\26.09\\CANCER-013_MONDO_0018874_associated_targets_page_0018.json"", ""data\\raw\\opentargets\\26.09\\CANCER-013_MONDO_0018874_associated_targets_page_0019.json"", ""data\\raw\\opentargets\\26.09\\CANCER-013_MONDO_0018874_associated_targets_page_0020.json"", ""data\\raw\\opentargets\\26.09\\CANCER-013_MONDO_0018874_associated_targets_page_0021.json"", ""data\\raw\\opentargets\\26.09\\CANCER-013_MONDO_0018874_associated_targets_page_0022.json"", ""data\\raw\\opentargets\\26.09\\CANCER-013_MONDO_0018874_associated_targets_page_0023.json"", ""data\\raw\\opentargets\\26.09\\CANCER-013_MONDO_0018874_associated_targets_page_0024.json"", ""data\\raw\\opentargets\\26.09\\CANCER-013_MONDO_0018874_associated_targets_page_0025.json""]"	a36d4fca3b5b0a3af891117bf199009986f415d853a202a425464370cf7aa7e6
cancer_target_pair	EVID-0042	literature_score	0.9611747338804572	Open Targets Platform	ENSG00000143384|MONDO_0018874	26.09	https://api.platform.opentargets.org/api/v4/graphql	2026-09-30T07:41:58.308760+00:00	Aggregated evidence	opentargets-v0.2.2	"[""data\\raw\\opentargets\\26.09\\CANCER-013_MONDO_0018874_associated_targets_page_0000.json"", ""data\\raw\\opentargets\\26.09\\CANCER-013_MONDO_0018874_associated_targets_page_0001.json"", ""data\\raw\\opentargets\\26.09\\CANCER-013_MONDO_0018874_associated_targets_page_0002.json"", ""data\\raw\\opentargets\\26.09\\CANCER-013_MONDO_0018874_associated_targets_page_0003.json"", ""data\\raw\\opentargets\\26.09\\CANCER-013_MONDO_0018874_associated_targets_page_0004.json"", ""data\\raw\\opentargets\\26.09\\CANCER-013_MONDO_0018874_associated_targets_page_0005.json"", ""data\\raw\\opentargets\\26.09\\CANCER-013_MONDO_0018874_associated_targets_page_0006.json"", ""data\\raw\\opentargets\\26.09\\CANCER-013_MONDO_0018874_associated_targets_page_0007.json"", ""data\\raw\\opentargets\\26.09\\CANCER-013_MONDO_0018874_associated_targets_page_0008.json"", ""data\\raw\\opentargets\\26.09\\CANCER-013_MONDO_0018874_associated_targets_page_0009.json"", ""data\\raw\\opentargets\\26.09\\CANCER-013_MONDO_0018874_associated_targets_page_0010.json"", ""data\\raw\\opentargets\\26.09\\CANCER-013_MONDO_0018874_associated_targets_page_0011.json"", ""data\\raw\\opentargets\\26.09\\CANCER-013_MONDO_0018874_associated_targets_page_0012.json"", ""data\\raw\\opentargets\\26.09\\CANCER-013_MONDO_0018874_associated_targets_page_0013.json"", ""data\\raw\\opentargets\\26.09\\CANCER-013_MONDO_0018874_associated_targets_page_0014.json"", ""data\\raw\\opentargets\\26.09\\CANCER-013_MONDO_0018874_associated_targets_page_0015.json"", ""data\\raw\\opentargets\\26.09\\CANCER-013_MONDO_0018874_associated_targets_page_0016.json"", ""data\\raw\\opentargets\\26.09\\CANCER-013_MONDO_0018874_associated_targets_page_0017.json"", ""data\\raw\\opentargets\\26.09\\CANCER-013_MONDO_0018874_associated_targets_page_0018.json"", ""data\\raw\\opentargets\\26.09\\CANCER-013_MONDO_0018874_associated_targets_page_0019.json"", ""data\\raw\\opentargets\\26.09\\CANCER-013_MONDO_0018874_associated_targets_page_0020.json"", ""data\\raw\\opentargets\\26.09\\CANCER-013_MONDO_0018874_associated_targets_page_0021.json"", ""data\\raw\\opentargets\\26.09\\CANCER-013_MONDO_0018874_associated_targets_page_0022.json"", ""data\\raw\\opentargets\\26.09\\CANCER-013_MONDO_0018874_associated_targets_page_0023.json"", ""data\\raw\\opentargets\\26.09\\CANCER-013_MONDO_0018874_associated_targets_page_0024.json"", ""data\\raw\\opentargets\\26.09\\CANCER-013_MONDO_0018874_associated_targets_page_0025.json""]"	a36d4fca3b5b0a3af891117bf199009986f415d853a202a425464370cf7aa7e6
cancer_target_pair	EVID-0042	tractability_json	"[{""label"": ""Approved Drug"", ""modality"": ""SM"", ""value"": false}, {""label"": ""Advanced Clinical"", ""modality"": ""SM"", ""value"": true}, {""label"": ""Phase 1 Clinical"", ""modality"": ""SM"", ""value"": false}, {""label"": ""Structure with Ligand"", ""modality"": ""SM"", ""value"": true}, {""label"": ""High-Quality Ligand"", ""modality"": ""SM"", ""value"": true}, {""label"": ""High-Quality Pocket"", ""modality"": ""SM"", ""value"": false}, {""label"": ""Med-Quality Pocket"", ""modality"": ""SM"", ""value"": true}, {""label"": ""Druggable Family"", ""modality"": ""SM"", ""value"": true}, {""label"": ""Approved Drug"", ""modality"": ""AB"", ""value"": false}, {""label"": ""Advanced Clinical"", ""modality"": ""AB"", ""value"": false}, {""label"": ""Phase 1 Clinical"", ""modality"": ""AB"", ""value"": false}, {""label"": ""UniProt loc high conf"", ""modality"": ""AB"", ""value"": false}, {""label"": ""GO CC high conf"", ""modality"": ""AB"", ""value"": false}, {""label"": ""UniProt loc med conf"", ""modality"": ""AB"", ""value"": false}, {""label"": ""UniProt SigP or TMHMM"", ""modality"": ""AB"", ""value"": true}, {""label"": ""GO CC med conf"", ""modality"": ""AB"", ""value"": false}, {""label"": ""Human Protein Atlas loc"", ""modality"": ""AB"", ""value"": false}, {""label"": ""Approved Drug"", ""modality"": ""PR"", ""value"": false}, {""label"": ""Advanced Clinical"", ""modality"": ""PR"", ""value"": false}, {""label"": ""Phase 1 Clinical"", ""modality"": ""PR"", ""value"": false}, {""label"": ""Literature"", ""modality"": ""PR"", ""value"": true}, {""label"": ""UniProt Ubiquitination"", ""modality"": ""PR"", ""value"": true}, {""label"": ""Database Ubiquitination"", ""modality"": ""PR"", ""value"": true}, {""label"": ""Half-life Data"", ""modality"": ""PR"", ""value"": true}, {""label"": ""Small Molecule Binder"", ""modality"": ""PR"", ""value"": true}, {""label"": ""Approved Drug"", ""modality"": ""OC"", ""value"": false}, {""label"": ""Advanced Clinical"", ""modality"": ""OC"", ""value"": false}, {""label"": ""Phase 1 Clinical"", ""modality"": ""OC"", ""value"": false}]"	Open Targets Platform	ENSG00000143384|MONDO_0018874	26.09	https://api.platform.opentargets.org/api/v4/graphql	2026-09-30T07:41:58.308760+00:00	Aggregated evidence	opentargets-v0.2.2	data\raw\opentargets\26.09\target_ENSG00000143384_tractability.json	a36d4fca3b5b0a3af891117bf199009986f415d853a202a425464370cf7aa7e6
cancer_target_pair	EVID-0043	association_score	0.30937193310693223	Open Targets Platform	ENSG00000137193|MONDO_0018874	26.09	https://api.platform.opentargets.org/api/v4/graphql	2026-09-30T07:41:58.308760+00:00	Aggregated evidence	opentargets-v0.2.2	"[""data\\raw\\opentargets\\26.09\\CANCER-013_MONDO_0018874_associated_targets_page_0000.json"", ""data\\raw\\opentargets\\26.09\\CANCER-013_MONDO_0018874_associated_targets_page_0001.json"", ""data\\raw\\opentargets\\26.09\\CANCER-013_MONDO_0018874_associated_targets_page_0002.json"", ""data\\raw\\opentargets\\26.09\\CANCER-013_MONDO_0018874_associated_targets_page_0003.json"", ""data\\raw\\opentargets\\26.09\\CANCER-013_MONDO_0018874_associated_targets_page_0004.json"", ""data\\raw\\opentargets\\26.09\\CANCER-013_MONDO_0018874_associated_targets_page_0005.json"", ""data\\raw\\opentargets\\26.09\\CANCER-013_MONDO_0018874_associated_targets_page_0006.json"", ""data\\raw\\opentargets\\26.09\\CANCER-013_MONDO_0018874_associated_targets_page_0007.json"", ""data\\raw\\opentargets\\26.09\\CANCER-013_MONDO_0018874_associated_targets_page_0008.json"", ""data\\raw\\opentargets\\26.09\\CANCER-013_MONDO_0018874_associated_targets_page_0009.json"", ""data\\raw\\opentargets\\26.09\\CANCER-013_MONDO_0018874_associated_targets_page_0010.json"", ""data\\raw\\opentargets\\26.09\\CANCER-013_MONDO_0018874_associated_targets_page_0011.json"", ""data\\raw\\opentargets\\26.09\\CANCER-013_MONDO_0018874_associated_targets_page_0012.json"", ""data\\raw\\opentargets\\26.09\\CANCER-013_MONDO_0018874_associated_targets_page_0013.json"", ""data\\raw\\opentargets\\26.09\\CANCER-013_MONDO_0018874_associated_targets_page_0014.json"", ""data\\raw\\opentargets\\26.09\\CANCER-013_MONDO_0018874_associated_targets_page_0015.json"", ""data\\raw\\opentargets\\26.09\\CANCER-013_MONDO_0018874_associated_targets_page_0016.json"", ""data\\raw\\opentargets\\26.09\\CANCER-013_MONDO_0018874_associated_targets_page_0017.json"", ""data\\raw\\opentargets\\26.09\\CANCER-013_MONDO_0018874_associated_targets_page_0018.json"", ""data\\raw\\opentargets\\26.09\\CANCER-013_MONDO_0018874_associated_targets_page_0019.json"", ""data\\raw\\opentargets\\26.09\\CANCER-013_MONDO_0018874_associated_targets_page_0020.json"", ""data\\raw\\opentargets\\26.09\\CANCER-013_MONDO_0018874_associated_targets_page_0021.json"", ""data\\raw\\opentargets\\26.09\\CANCER-013_MONDO_0018874_associated_targets_page_0022.json"", ""data\\raw\\opentargets\\26.09\\CANCER-013_MONDO_0018874_associated_targets_page_0023.json"", ""data\\raw\\opentargets\\26.09\\CANCER-013_MONDO_0018874_associated_targets_page_0024.json"", ""data\\raw\\opentargets\\26.09\\CANCER-013_MONDO_0018874_associated_targets_page_0025.json""]"	869c23ae820d6ab43fca2d10def364dccc4cb984fb4716e45fe8c2dcb24bc4b4
cancer_target_pair	EVID-0043	genetic_association_score	0.0	Open Targets Platform	ENSG00000137193|MONDO_0018874	26.09	https://api.platform.opentargets.org/api/v4/graphql	2026-09-30T07:41:58.308760+00:00	Aggregated evidence	opentargets-v0.2.2	"[""data\\raw\\opentargets\\26.09\\CANCER-013_MONDO_0018874_associated_targets_page_0000.json"", ""data\\raw\\opentargets\\26.09\\CANCER-013_MONDO_0018874_associated_targets_page_0001.json"", ""data\\raw\\opentargets\\26.09\\CANCER-013_MONDO_0018874_associated_targets_page_0002.json"", ""data\\raw\\opentargets\\26.09\\CANCER-013_MONDO_0018874_associated_targets_page_0003.json"", ""data\\raw\\opentargets\\26.09\\CANCER-013_MONDO_0018874_associated_targets_page_0004.json"", ""data\\raw\\opentargets\\26.09\\CANCER-013_MONDO_0018874_associated_targets_page_0005.json"", ""data\\raw\\opentargets\\26.09\\CANCER-013_MONDO_0018874_associated_targets_page_0006.json"", ""data\\raw\\opentargets\\26.09\\CANCER-013_MONDO_0018874_associated_targets_page_0007.json"", ""data\\raw\\opentargets\\26.09\\CANCER-013_MONDO_0018874_associated_targets_page_0008.json"", ""data\\raw\\opentargets\\26.09\\CANCER-013_MONDO_0018874_associated_targets_page_0009.json"", ""data\\raw\\opentargets\\26.09\\CANCER-013_MONDO_0018874_associated_targets_page_0010.json"", ""data\\raw\\opentargets\\26.09\\CANCER-013_MONDO_0018874_associated_targets_page_0011.json"", ""data\\raw\\opentargets\\26.09\\CANCER-013_MONDO_0018874_associated_targets_page_0012.json"", ""data\\raw\\opentargets\\26.09\\CANCER-013_MONDO_0018874_associated_targets_page_0013.json"", ""data\\raw\\opentargets\\26.09\\CANCER-013_MONDO_0018874_associated_targets_page_0014.json"", ""data\\raw\\opentargets\\26.09\\CANCER-013_MONDO_0018874_associated_targets_page_0015.json"", ""data\\raw\\opentargets\\26.09\\CANCER-013_MONDO_0018874_associated_targets_page_0016.json"", ""data\\raw\\opentargets\\26.09\\CANCER-013_MONDO_0018874_associated_targets_page_0017.json"", ""data\\raw\\opentargets\\26.09\\CANCER-013_MONDO_0018874_associated_targets_page_0018.json"", ""data\\raw\\opentargets\\26.09\\CANCER-013_MONDO_0018874_associated_targets_page_0019.json"", ""data\\raw\\opentargets\\26.09\\CANCER-013_MONDO_0018874_associated_targets_page_0020.json"", ""data\\raw\\opentargets\\26.09\\CANCER-013_MONDO_0018874_associated_targets_page_0021.json"", ""data\\raw\\opentargets\\26.09\\CANCER-013_MONDO_0018874_associated_targets_page_0022.json"", ""data\\raw\\opentargets\\26.09\\CANCER-013_MONDO_0018874_associated_targets_page_0023.json"", ""data\\raw\\opentargets\\26.09\\CANCER-013_MONDO_0018874_associated_targets_page_0024.json"", ""data\\raw\\opentargets\\26.09\\CANCER-013_MONDO_0018874_associated_targets_page_0025.json""]"	869c23ae820d6ab43fca2d10def364dccc4cb984fb4716e45fe8c2dcb24bc4b4
cancer_target_pair	EVID-0043	somatic_mutation_score	0.4559480982087158	Open Targets Platform	ENSG00000137193|MONDO_0018874	26.09	https://api.platform.opentargets.org/api/v4/graphql	2026-09-30T07:41:58.308760+00:00	Aggregated evidence	opentargets-v0.2.2	"[""data\\raw\\opentargets\\26.09\\CANCER-013_MONDO_0018874_associated_targets_page_0000.json"", ""data\\raw\\opentargets\\26.09\\CANCER-013_MONDO_0018874_associated_targets_page_0001.json"", ""data\\raw\\opentargets\\26.09\\CANCER-013_MONDO_0018874_associated_targets_page_0002.json"", ""data\\raw\\opentargets\\26.09\\CANCER-013_MONDO_0018874_associated_targets_page_0003.json"", ""data\\raw\\opentargets\\26.09\\CANCER-013_MONDO_0018874_associated_targets_page_0004.json"", ""data\\raw\\opentargets\\26.09\\CANCER-013_MONDO_0018874_associated_targets_page_0005.json"", ""data\\raw\\opentargets\\26.09\\CANCER-013_MONDO_0018874_associated_targets_page_0006.json"", ""data\\raw\\opentargets\\26.09\\CANCER-013_MONDO_0018874_associated_targets_page_0007.json"", ""data\\raw\\opentargets\\26.09\\CANCER-013_MONDO_0018874_associated_targets_page_0008.json"", ""data\\raw\\opentargets\\26.09\\CANCER-013_MONDO_0018874_associated_targets_page_0009.json"", ""data\\raw\\opentargets\\26.09\\CANCER-013_MONDO_0018874_associated_targets_page_0010.json"", ""data\\raw\\opentargets\\26.09\\CANCER-013_MONDO_0018874_associated_targets_page_0011.json"", ""data\\raw\\opentargets\\26.09\\CANCER-013_MONDO_0018874_associated_targets_page_0012.json"", ""data\\raw\\opentargets\\26.09\\CANCER-013_MONDO_0018874_associated_targets_page_0013.json"", ""data\\raw\\opentargets\\26.09\\CANCER-013_MONDO_0018874_associated_targets_page_0014.json"", ""data\\raw\\opentargets\\26.09\\CANCER-013_MONDO_0018874_associated_targets_page_0015.json"", ""data\\raw\\opentargets\\26.09\\CANCER-013_MONDO_0018874_associated_targets_page_0016.json"", ""data\\raw\\opentargets\\26.09\\CANCER-013_MONDO_0018874_associated_targets_page_0017.json"", ""data\\raw\\opentargets\\26.09\\CANCER-013_MONDO_0018874_associated_targets_page_0018.json"", ""data\\raw\\opentargets\\26.09\\CANCER-013_MONDO_0018874_associated_targets_page_0019.json"", ""data\\raw\\opentargets\\26.09\\CANCER-013_MONDO_0018874_associated_targets_page_0020.json"", ""data\\raw\\opentargets\\26.09\\CANCER-013_MONDO_0018874_associated_targets_page_0021.json"", ""data\\raw\\opentargets\\26.09\\CANCER-013_MONDO_0018874_associated_targets_page_0022.json"", ""data\\raw\\opentargets\\26.09\\CANCER-013_MONDO_0018874_associated_targets_page_0023.json"", ""data\\raw\\opentargets\\26.09\\CANCER-013_MONDO_0018874_associated_targets_page_0024.json"", ""data\\raw\\opentargets\\26.09\\CANCER-013_MONDO_0018874_associated_targets_page_0025.json""]"	869c23ae820d6ab43fca2d10def364dccc4cb984fb4716e45fe8c2dcb24bc4b4
cancer_target_pair	EVID-0043	known_drug_score		Open Targets Platform	ENSG00000137193|MONDO_0018874	26.09	https://api.platform.opentargets.org/api/v4/graphql	2026-09-30T07:41:58.308760+00:00	Aggregated evidence	opentargets-v0.2.2	"[""data\\raw\\opentargets\\26.09\\CANCER-013_MONDO_0018874_associated_targets_page_0000.json"", ""data\\raw\\opentargets\\26.09\\CANCER-013_MONDO_0018874_associated_targets_page_0001.json"", ""data\\raw\\opentargets\\26.09\\CANCER-013_MONDO_0018874_associated_targets_page_0002.json"", ""data\\raw\\opentargets\\26.09\\CANCER-013_MONDO_0018874_associated_targets_page_0003.json"", ""data\\raw\\opentargets\\26.09\\CANCER-013_MONDO_0018874_associated_targets_page_0004.json"", ""data\\raw\\opentargets\\26.09\\CANCER-013_MONDO_0018874_associated_targets_page_0005.json"", ""data\\raw\\opentargets\\26.09\\CANCER-013_MONDO_0018874_associated_targets_page_0006.json"", ""data\\raw\\opentargets\\26.09\\CANCER-013_MONDO_0018874_associated_targets_page_0007.json"", ""data\\raw\\opentargets\\26.09\\CANCER-013_MONDO_0018874_associated_targets_page_0008.json"", ""data\\raw\\opentargets\\26.09\\CANCER-013_MONDO_0018874_associated_targets_page_0009.json"", ""data\\raw\\opentargets\\26.09\\CANCER-013_MONDO_0018874_associated_targets_page_0010.json"", ""data\\raw\\opentargets\\26.09\\CANCER-013_MONDO_0018874_associated_targets_page_0011.json"", ""data\\raw\\opentargets\\26.09\\CANCER-013_MONDO_0018874_associated_targets_page_0012.json"", ""data\\raw\\opentargets\\26.09\\CANCER-013_MONDO_0018874_associated_targets_page_0013.json"", ""data\\raw\\opentargets\\26.09\\CANCER-013_MONDO_0018874_associated_targets_page_0014.json"", ""data\\raw\\opentargets\\26.09\\CANCER-013_MONDO_0018874_associated_targets_page_0015.json"", ""data\\raw\\opentargets\\26.09\\CANCER-013_MONDO_0018874_associated_targets_page_0016.json"", ""data\\raw\\opentargets\\26.09\\CANCER-013_MONDO_0018874_associated_targets_page_0017.json"", ""data\\raw\\opentargets\\26.09\\CANCER-013_MONDO_0018874_associated_targets_page_0018.json"", ""data\\raw\\opentargets\\26.09\\CANCER-013_MONDO_0018874_associated_targets_page_0019.json"", ""data\\raw\\opentargets\\26.09\\CANCER-013_MONDO_0018874_associated_targets_page_0020.json"", ""data\\raw\\opentargets\\26.09\\CANCER-013_MONDO_0018874_associated_targets_page_0021.json"", ""data\\raw\\opentargets\\26.09\\CANCER-013_MONDO_0018874_associated_targets_page_0022.json"", ""data\\raw\\opentargets\\26.09\\CANCER-013_MONDO_0018874_associated_targets_page_0023.json"", ""data\\raw\\opentargets\\26.09\\CANCER-013_MONDO_0018874_associated_targets_page_0024.json"", ""data\\raw\\opentargets\\26.09\\CANCER-013_MONDO_0018874_associated_targets_page_0025.json""]"	869c23ae820d6ab43fca2d10def364dccc4cb984fb4716e45fe8c2dcb24bc4b4
cancer_target_pair	EVID-0043	literature_score	0.8900351376309743	Open Targets Platform	ENSG00000137193|MONDO_0018874	26.09	https://api.platform.opentargets.org/api/v4/graphql	2026-09-30T07:41:58.308760+00:00	Aggregated evidence	opentargets-v0.2.2	"[""data\\raw\\opentargets\\26.09\\CANCER-013_MONDO_0018874_associated_targets_page_0000.json"", ""data\\raw\\opentargets\\26.09\\CANCER-013_MONDO_0018874_associated_targets_page_0001.json"", ""data\\raw\\opentargets\\26.09\\CANCER-013_MONDO_0018874_associated_targets_page_0002.json"", ""data\\raw\\opentargets\\26.09\\CANCER-013_MONDO_0018874_associated_targets_page_0003.json"", ""data\\raw\\opentargets\\26.09\\CANCER-013_MONDO_0018874_associated_targets_page_0004.json"", ""data\\raw\\opentargets\\26.09\\CANCER-013_MONDO_0018874_associated_targets_page_0005.json"", ""data\\raw\\opentargets\\26.09\\CANCER-013_MONDO_0018874_associated_targets_page_0006.json"", ""data\\raw\\opentargets\\26.09\\CANCER-013_MONDO_0018874_associated_targets_page_0007.json"", ""data\\raw\\opentargets\\26.09\\CANCER-013_MONDO_0018874_associated_targets_page_0008.json"", ""data\\raw\\opentargets\\26.09\\CANCER-013_MONDO_0018874_associated_targets_page_0009.json"", ""data\\raw\\opentargets\\26.09\\CANCER-013_MONDO_0018874_associated_targets_page_0010.json"", ""data\\raw\\opentargets\\26.09\\CANCER-013_MONDO_0018874_associated_targets_page_0011.json"", ""data\\raw\\opentargets\\26.09\\CANCER-013_MONDO_0018874_associated_targets_page_0012.json"", ""data\\raw\\opentargets\\26.09\\CANCER-013_MONDO_0018874_associated_targets_page_0013.json"", ""data\\raw\\opentargets\\26.09\\CANCER-013_MONDO_0018874_associated_targets_page_0014.json"", ""data\\raw\\opentargets\\26.09\\CANCER-013_MONDO_0018874_associated_targets_page_0015.json"", ""data\\raw\\opentargets\\26.09\\CANCER-013_MONDO_0018874_associated_targets_page_0016.json"", ""data\\raw\\opentargets\\26.09\\CANCER-013_MONDO_0018874_associated_targets_page_0017.json"", ""data\\raw\\opentargets\\26.09\\CANCER-013_MONDO_0018874_associated_targets_page_0018.json"", ""data\\raw\\opentargets\\26.09\\CANCER-013_MONDO_0018874_associated_targets_page_0019.json"", ""data\\raw\\opentargets\\26.09\\CANCER-013_MONDO_0018874_associated_targets_page_0020.json"", ""data\\raw\\opentargets\\26.09\\CANCER-013_MONDO_0018874_associated_targets_page_0021.json"", ""data\\raw\\opentargets\\26.09\\CANCER-013_MONDO_0018874_associated_targets_page_0022.json"", ""data\\raw\\opentargets\\26.09\\CANCER-013_MONDO_0018874_associated_targets_page_0023.json"", ""data\\raw\\opentargets\\26.09\\CANCER-013_MONDO_0018874_associated_targets_page_0024.json"", ""data\\raw\\opentargets\\26.09\\CANCER-013_MONDO_0018874_associated_targets_page_0025.json""]"	869c23ae820d6ab43fca2d10def364dccc4cb984fb4716e45fe8c2dcb24bc4b4
cancer_target_pair	EVID-0043	tractability_json	"[{""label"": ""Approved Drug"", ""modality"": ""SM"", ""value"": false}, {""label"": ""Advanced Clinical"", ""modality"": ""SM"", ""value"": false}, {""label"": ""Phase 1 Clinical"", ""modality"": ""SM"", ""value"": true}, {""label"": ""Structure with Ligand"", ""modality"": ""SM"", ""value"": true}, {""label"": ""High-Quality Ligand"", ""modality"": ""SM"", ""value"": true}, {""label"": ""High-Quality Pocket"", ""modality"": ""SM"", ""value"": true}, {""label"": ""Med-Quality Pocket"", ""modality"": ""SM"", ""value"": false}, {""label"": ""Druggable Family"", ""modality"": ""SM"", ""value"": true}, {""label"": ""Approved Drug"", ""modality"": ""AB"", ""value"": false}, {""label"": ""Advanced Clinical"", ""modality"": ""AB"", ""value"": false}, {""label"": ""Phase 1 Clinical"", ""modality"": ""AB"", ""value"": false}, {""label"": ""UniProt loc high conf"", ""modality"": ""AB"", ""value"": false}, {""label"": ""GO CC high conf"", ""modality"": ""AB"", ""value"": true}, {""label"": ""UniProt loc med conf"", ""modality"": ""AB"", ""value"": true}, {""label"": ""UniProt SigP or TMHMM"", ""modality"": ""AB"", ""value"": false}, {""label"": ""GO CC med conf"", ""modality"": ""AB"", ""value"": false}, {""label"": ""Human Protein Atlas loc"", ""modality"": ""AB"", ""value"": false}, {""label"": ""Approved Drug"", ""modality"": ""PR"", ""value"": false}, {""label"": ""Advanced Clinical"", ""modality"": ""PR"", ""value"": false}, {""label"": ""Phase 1 Clinical"", ""modality"": ""PR"", ""value"": false}, {""label"": ""Literature"", ""modality"": ""PR"", ""value"": false}, {""label"": ""UniProt Ubiquitination"", ""modality"": ""PR"", ""value"": true}, {""label"": ""Database Ubiquitination"", ""modality"": ""PR"", ""value"": true}, {""label"": ""Half-life Data"", ""modality"": ""PR"", ""value"": false}, {""label"": ""Small Molecule Binder"", ""modality"": ""PR"", ""value"": true}, {""label"": ""Approved Drug"", ""modality"": ""OC"", ""value"": false}, {""label"": ""Advanced Clinical"", ""modality"": ""OC"", ""value"": false}, {""label"": ""Phase 1 Clinical"", ""modality"": ""OC"", ""value"": false}]"	Open Targets Platform	ENSG00000137193|MONDO_0018874	26.09	https://api.platform.opentargets.org/api/v4/graphql	2026-09-30T07:41:58.308760+00:00	Aggregated evidence	opentargets-v0.2.2	data\raw\opentargets\26.09\target_ENSG00000137193_tractability.json	869c23ae820d6ab43fca2d10def364dccc4cb984fb4716e45fe8c2dcb24bc4b4
CancerTargetEvidence	CANCER-001|TGT-KRAS	median_gene_effect	-1.7228161254617356	DepMap CRISPR Gene Effect	EVID-0001	26Q1	https://depmap.org/portal/data_page/	2026-10-02T19:49:12.583344+00:00	Observed	depmap-m3-v0.2	data\raw\depmap\26Q1\CRISPRGeneEffect.csv	e610a4cefb13a82b5b256b47eb08b63ff14843f8dbd0fb164bc0a32688e5b89e
CancerTargetEvidence	CANCER-001|TGT-KRAS	dependency_fraction	1.0	DepMap CRISPR Gene Dependency	EVID-0001	26Q1	https://depmap.org/portal/data_page/	2026-10-02T19:49:12.583344+00:00	Observed	depmap-m3-v0.2	data\raw\depmap\26Q1\CRISPRGeneDependency.csv	5de498b8fba15897f4f4d6a93681c25d5d41fdbc29f82a5968abb113cc553308
CancerTargetEvidence	CANCER-001|TGT-KRAS	median_dependency_probability	0.9993817711374998	DepMap CRISPR Gene Dependency	EVID-0001	26Q1	https://depmap.org/portal/data_page/	2026-10-02T19:49:12.583344+00:00	Observed	depmap-m3-v0.2	data\raw\depmap\26Q1\CRISPRGeneDependency.csv	5de498b8fba15897f4f4d6a93681c25d5d41fdbc29f82a5968abb113cc553308
CancerTargetEvidence	CANCER-001|TGT-KRAS	context_models_n	9	DepMap Model + Omics	EVID-0001	26Q1	https://depmap.org/portal/data_page/	2026-10-02T19:49:12.583344+00:00	Derived	depmap-m3-v0.2	data\raw\depmap\26Q1\Model.csv	ea4e0b2a3bc806f81df62689a5ae75f1a100135727a3d7b8a4c7ccc8815183f8
CancerTargetEvidence	CANCER-001|TGT-KRAS	delta_gene_effect	-1.007543302132957	MCL DepMap analysis	EVID-0001	26Q1	https://depmap.org/portal/data_page/	2026-10-02T19:49:12.583344+00:00	Derived	depmap-m3-v0.2	data\raw\depmap\26Q1\CRISPRGeneEffect.csv	e610a4cefb13a82b5b256b47eb08b63ff14843f8dbd0fb164bc0a32688e5b89e
CancerTargetEvidence	CANCER-001|TGT-KRAS	cliffs_delta	-0.5505050505050505	MCL DepMap analysis	EVID-0001	26Q1	https://depmap.org/portal/data_page/	2026-10-02T19:49:12.583344+00:00	Derived	depmap-m3-v0.2	data\raw\depmap\26Q1\CRISPRGeneEffect.csv	e610a4cefb13a82b5b256b47eb08b63ff14843f8dbd0fb164bc0a32688e5b89e
CancerTargetEvidence	CANCER-001|TGT-KRAS	p_value	0.010162424356170591	MCL DepMap analysis	EVID-0001	26Q1	https://depmap.org/portal/data_page/	2026-10-02T19:49:12.583344+00:00	Derived	depmap-m3-v0.2	data\raw\depmap\26Q1\CRISPRGeneEffect.csv	e610a4cefb13a82b5b256b47eb08b63ff14843f8dbd0fb164bc0a32688e5b89e
CancerTargetEvidence	CANCER-001|TGT-KRAS	q_value	0.050812121780852954	MCL DepMap analysis	EVID-0001	26Q1	https://depmap.org/portal/data_page/	2026-10-02T19:49:12.583344+00:00	Derived	depmap-m3-v0.2	data\raw\depmap\26Q1\CRISPRGeneEffect.csv	e610a4cefb13a82b5b256b47eb08b63ff14843f8dbd0fb164bc0a32688e5b89e
CancerTargetEvidence	CANCER-001|TGT-KRAS	broad_dependency_fraction	0.5761589403973509	DepMap CRISPR Gene Dependency	EVID-0001	26Q1	https://depmap.org/portal/data_page/	2026-10-02T19:49:12.583344+00:00	Derived	depmap-m3-v0.2	data\raw\depmap\26Q1\CRISPRGeneDependency.csv	5de498b8fba15897f4f4d6a93681c25d5d41fdbc29f82a5968abb113cc553308
CancerTargetEvidence	CANCER-004|TGT-KRAS	median_gene_effect	-2.625605025715158	DepMap CRISPR Gene Effect	EVID-0004	26Q1	https://depmap.org/portal/data_page/	2026-10-02T19:49:12.583344+00:00	Observed	depmap-m3-v0.2	data\raw\depmap\26Q1\CRISPRGeneEffect.csv	e610a4cefb13a82b5b256b47eb08b63ff14843f8dbd0fb164bc0a32688e5b89e
CancerTargetEvidence	CANCER-004|TGT-KRAS	dependency_fraction	1.0	DepMap CRISPR Gene Dependency	EVID-0004	26Q1	https://depmap.org/portal/data_page/	2026-10-02T19:49:12.583344+00:00	Observed	depmap-m3-v0.2	data\raw\depmap\26Q1\CRISPRGeneDependency.csv	5de498b8fba15897f4f4d6a93681c25d5d41fdbc29f82a5968abb113cc553308
CancerTargetEvidence	CANCER-004|TGT-KRAS	median_dependency_probability	1.0	DepMap CRISPR Gene Dependency	EVID-0004	26Q1	https://depmap.org/portal/data_page/	2026-10-02T19:49:12.583344+00:00	Observed	depmap-m3-v0.2	data\raw\depmap\26Q1\CRISPRGeneDependency.csv	5de498b8fba15897f4f4d6a93681c25d5d41fdbc29f82a5968abb113cc553308
CancerTargetEvidence	CANCER-004|TGT-KRAS	context_models_n	22	DepMap Model + Omics	EVID-0004	26Q1	https://depmap.org/portal/data_page/	2026-10-02T19:49:12.583344+00:00	Derived	depmap-m3-v0.2	data\raw\depmap\26Q1\Model.csv	ea4e0b2a3bc806f81df62689a5ae75f1a100135727a3d7b8a4c7ccc8815183f8
CancerTargetEvidence	CANCER-004|TGT-KRAS	delta_gene_effect	-0.6049405300680637	MCL DepMap analysis	EVID-0004	26Q1	https://depmap.org/portal/data_page/	2026-10-02T19:49:12.583344+00:00	Derived	depmap-m3-v0.2	data\raw\depmap\26Q1\CRISPRGeneEffect.csv	e610a4cefb13a82b5b256b47eb08b63ff14843f8dbd0fb164bc0a32688e5b89e
CancerTargetEvidence	CANCER-004|TGT-KRAS	cliffs_delta	-0.5009746588693957	MCL DepMap analysis	EVID-0004	26Q1	https://depmap.org/portal/data_page/	2026-10-02T19:49:12.583344+00:00	Derived	depmap-m3-v0.2	data\raw\depmap\26Q1\CRISPRGeneEffect.csv	e610a4cefb13a82b5b256b47eb08b63ff14843f8dbd0fb164bc0a32688e5b89e
CancerTargetEvidence	CANCER-004|TGT-KRAS	p_value	0.004295950012326057	MCL DepMap analysis	EVID-0004	26Q1	https://depmap.org/portal/data_page/	2026-10-02T19:49:12.583344+00:00	Derived	depmap-m3-v0.2	data\raw\depmap\26Q1\CRISPRGeneEffect.csv	e610a4cefb13a82b5b256b47eb08b63ff14843f8dbd0fb164bc0a32688e5b89e
CancerTargetEvidence	CANCER-004|TGT-KRAS	q_value	0.050812121780852954	MCL DepMap analysis	EVID-0004	26Q1	https://depmap.org/portal/data_page/	2026-10-02T19:49:12.583344+00:00	Derived	depmap-m3-v0.2	data\raw\depmap\26Q1\CRISPRGeneEffect.csv	e610a4cefb13a82b5b256b47eb08b63ff14843f8dbd0fb164bc0a32688e5b89e
CancerTargetEvidence	CANCER-004|TGT-KRAS	broad_dependency_fraction	0.5761589403973509	DepMap CRISPR Gene Dependency	EVID-0004	26Q1	https://depmap.org/portal/data_page/	2026-10-02T19:49:12.583344+00:00	Derived	depmap-m3-v0.2	data\raw\depmap\26Q1\CRISPRGeneDependency.csv	5de498b8fba15897f4f4d6a93681c25d5d41fdbc29f82a5968abb113cc553308
CancerTargetEvidence	CANCER-013|TGT-FLT3	median_gene_effect	-1.5089892013523076	DepMap CRISPR Gene Effect	EVID-0009	26Q1	https://depmap.org/portal/data_page/	2026-10-02T19:49:12.583344+00:00	Observed	depmap-m3-v0.2	data\raw\depmap\26Q1\CRISPRGeneEffect.csv	e610a4cefb13a82b5b256b47eb08b63ff14843f8dbd0fb164bc0a32688e5b89e
CancerTargetEvidence	CANCER-013|TGT-FLT3	dependency_fraction	1.0	DepMap CRISPR Gene Dependency	EVID-0009	26Q1	https://depmap.org/portal/data_page/	2026-10-02T19:49:12.583344+00:00	Observed	depmap-m3-v0.2	data\raw\depmap\26Q1\CRISPRGeneDependency.csv	5de498b8fba15897f4f4d6a93681c25d5d41fdbc29f82a5968abb113cc553308
CancerTargetEvidence	CANCER-013|TGT-FLT3	median_dependency_probability	0.9998256652359936	DepMap CRISPR Gene Dependency	EVID-0009	26Q1	https://depmap.org/portal/data_page/	2026-10-02T19:49:12.583344+00:00	Observed	depmap-m3-v0.2	data\raw\depmap\26Q1\CRISPRGeneDependency.csv	5de498b8fba15897f4f4d6a93681c25d5d41fdbc29f82a5968abb113cc553308
CancerTargetEvidence	CANCER-013|TGT-FLT3	context_models_n	4	DepMap Model + Omics	EVID-0009	26Q1	https://depmap.org/portal/data_page/	2026-10-02T19:49:12.583344+00:00	Derived	depmap-m3-v0.2	data\raw\depmap\26Q1\Model.csv	ea4e0b2a3bc806f81df62689a5ae75f1a100135727a3d7b8a4c7ccc8815183f8
CancerTargetEvidence	CANCER-013|TGT-FLT3	delta_gene_effect	-1.408699331257913	MCL DepMap analysis	EVID-0009	26Q1	https://depmap.org/portal/data_page/	2026-10-02T19:49:12.583344+00:00	Derived	depmap-m3-v0.2	data\raw\depmap\26Q1\CRISPRGeneEffect.csv	e610a4cefb13a82b5b256b47eb08b63ff14843f8dbd0fb164bc0a32688e5b89e
CancerTargetEvidence	CANCER-013|TGT-FLT3	cliffs_delta	-1.0	MCL DepMap analysis	EVID-0009	26Q1	https://depmap.org/portal/data_page/	2026-10-02T19:49:12.583344+00:00	Derived	depmap-m3-v0.2	data\raw\depmap\26Q1\CRISPRGeneEffect.csv	e610a4cefb13a82b5b256b47eb08b63ff14843f8dbd0fb164bc0a32688e5b89e
CancerTargetEvidence	CANCER-013|TGT-FLT3	p_value	0.001129305477131564	MCL DepMap analysis	EVID-0009	26Q1	https://depmap.org/portal/data_page/	2026-10-02T19:49:12.583344+00:00	Derived	depmap-m3-v0.2	data\raw\depmap\26Q1\CRISPRGeneEffect.csv	e610a4cefb13a82b5b256b47eb08b63ff14843f8dbd0fb164bc0a32688e5b89e
CancerTargetEvidence	CANCER-013|TGT-FLT3	q_value	0.0282326369282891	MCL DepMap analysis	EVID-0009	26Q1	https://depmap.org/portal/data_page/	2026-10-02T19:49:12.583344+00:00	Derived	depmap-m3-v0.2	data\raw\depmap\26Q1\CRISPRGeneEffect.csv	e610a4cefb13a82b5b256b47eb08b63ff14843f8dbd0fb164bc0a32688e5b89e
CancerTargetEvidence	CANCER-013|TGT-FLT3	broad_dependency_fraction	0.01076158940397351	DepMap CRISPR Gene Dependency	EVID-0009	26Q1	https://depmap.org/portal/data_page/	2026-10-02T19:49:12.583344+00:00	Derived	depmap-m3-v0.2	data\raw\depmap\26Q1\CRISPRGeneDependency.csv	5de498b8fba15897f4f4d6a93681c25d5d41fdbc29f82a5968abb113cc553308
CancerTargetEvidence	CANCER-001|TGT-PTPN11	median_gene_effect	-0.6085698266314777	DepMap CRISPR Gene Effect	EVID-0013	26Q1	https://depmap.org/portal/data_page/	2026-10-02T19:49:12.583344+00:00	Observed	depmap-m3-v0.2	data\raw\depmap\26Q1\CRISPRGeneEffect.csv	e610a4cefb13a82b5b256b47eb08b63ff14843f8dbd0fb164bc0a32688e5b89e
CancerTargetEvidence	CANCER-001|TGT-PTPN11	dependency_fraction	0.7777777777777778	DepMap CRISPR Gene Dependency	EVID-0013	26Q1	https://depmap.org/portal/data_page/	2026-10-02T19:49:12.583344+00:00	Observed	depmap-m3-v0.2	data\raw\depmap\26Q1\CRISPRGeneDependency.csv	5de498b8fba15897f4f4d6a93681c25d5d41fdbc29f82a5968abb113cc553308
CancerTargetEvidence	CANCER-001|TGT-PTPN11	median_dependency_probability	0.6690111267635022	DepMap CRISPR Gene Dependency	EVID-0013	26Q1	https://depmap.org/portal/data_page/	2026-10-02T19:49:12.583344+00:00	Observed	depmap-m3-v0.2	data\raw\depmap\26Q1\CRISPRGeneDependency.csv	5de498b8fba15897f4f4d6a93681c25d5d41fdbc29f82a5968abb113cc553308
CancerTargetEvidence	CANCER-001|TGT-PTPN11	context_models_n	9	DepMap Model + Omics	EVID-0013	26Q1	https://depmap.org/portal/data_page/	2026-10-02T19:49:12.583344+00:00	Derived	depmap-m3-v0.2	data\raw\depmap\26Q1\Model.csv	ea4e0b2a3bc806f81df62689a5ae75f1a100135727a3d7b8a4c7ccc8815183f8
CancerTargetEvidence	CANCER-001|TGT-PTPN11	delta_gene_effect	0.17859828887866736	MCL DepMap analysis	EVID-0013	26Q1	https://depmap.org/portal/data_page/	2026-10-02T19:49:12.583344+00:00	Derived	depmap-m3-v0.2	data\raw\depmap\26Q1\CRISPRGeneEffect.csv	e610a4cefb13a82b5b256b47eb08b63ff14843f8dbd0fb164bc0a32688e5b89e
CancerTargetEvidence	CANCER-001|TGT-PTPN11	cliffs_delta	0.29292929292929293	MCL DepMap analysis	EVID-0013	26Q1	https://depmap.org/portal/data_page/	2026-10-02T19:49:12.583344+00:00	Derived	depmap-m3-v0.2	data\raw\depmap\26Q1\CRISPRGeneEffect.csv	e610a4cefb13a82b5b256b47eb08b63ff14843f8dbd0fb164bc0a32688e5b89e
CancerTargetEvidence	CANCER-001|TGT-PTPN11	p_value	0.173161378143721	MCL DepMap analysis	EVID-0013	26Q1	https://depmap.org/portal/data_page/	2026-10-02T19:49:12.583344+00:00	Derived	depmap-m3-v0.2	data\raw\depmap\26Q1\CRISPRGeneEffect.csv	e610a4cefb13a82b5b256b47eb08b63ff14843f8dbd0fb164bc0a32688e5b89e
CancerTargetEvidence	CANCER-001|TGT-PTPN11	q_value	0.4810038281770028	MCL DepMap analysis	EVID-0013	26Q1	https://depmap.org/portal/data_page/	2026-10-02T19:49:12.583344+00:00	Derived	depmap-m3-v0.2	data\raw\depmap\26Q1\CRISPRGeneEffect.csv	e610a4cefb13a82b5b256b47eb08b63ff14843f8dbd0fb164bc0a32688e5b89e
CancerTargetEvidence	CANCER-001|TGT-PTPN11	broad_dependency_fraction	0.7044701986754967	DepMap CRISPR Gene Dependency	EVID-0013	26Q1	https://depmap.org/portal/data_page/	2026-10-02T19:49:12.583344+00:00	Derived	depmap-m3-v0.2	data\raw\depmap\26Q1\CRISPRGeneDependency.csv	5de498b8fba15897f4f4d6a93681c25d5d41fdbc29f82a5968abb113cc553308
CancerTargetEvidence	CANCER-001|TGT-SOS1	median_gene_effect	-0.0762692572418572	DepMap CRISPR Gene Effect	EVID-0014	26Q1	https://depmap.org/portal/data_page/	2026-10-02T19:49:12.583344+00:00	Observed	depmap-m3-v0.2	data\raw\depmap\26Q1\CRISPRGeneEffect.csv	e610a4cefb13a82b5b256b47eb08b63ff14843f8dbd0fb164bc0a32688e5b89e
CancerTargetEvidence	CANCER-001|TGT-SOS1	dependency_fraction	0.0	DepMap CRISPR Gene Dependency	EVID-0014	26Q1	https://depmap.org/portal/data_page/	2026-10-02T19:49:12.583344+00:00	Observed	depmap-m3-v0.2	data\raw\depmap\26Q1\CRISPRGeneDependency.csv	5de498b8fba15897f4f4d6a93681c25d5d41fdbc29f82a5968abb113cc553308
CancerTargetEvidence	CANCER-001|TGT-SOS1	median_dependency_probability	0.0388641656034314	DepMap CRISPR Gene Dependency	EVID-0014	26Q1	https://depmap.org/portal/data_page/	2026-10-02T19:49:12.583344+00:00	Observed	depmap-m3-v0.2	data\raw\depmap\26Q1\CRISPRGeneDependency.csv	5de498b8fba15897f4f4d6a93681c25d5d41fdbc29f82a5968abb113cc553308
CancerTargetEvidence	CANCER-001|TGT-SOS1	context_models_n	9	DepMap Model + Omics	EVID-0014	26Q1	https://depmap.org/portal/data_page/	2026-10-02T19:49:12.583344+00:00	Derived	depmap-m3-v0.2	data\raw\depmap\26Q1\Model.csv	ea4e0b2a3bc806f81df62689a5ae75f1a100135727a3d7b8a4c7ccc8815183f8
CancerTargetEvidence	CANCER-001|TGT-SOS1	delta_gene_effect	0.1947235263222455	MCL DepMap analysis	EVID-0014	26Q1	https://depmap.org/portal/data_page/	2026-10-02T19:49:12.583344+00:00	Derived	depmap-m3-v0.2	data\raw\depmap\26Q1\CRISPRGeneEffect.csv	e610a4cefb13a82b5b256b47eb08b63ff14843f8dbd0fb164bc0a32688e5b89e
CancerTargetEvidence	CANCER-001|TGT-SOS1	cliffs_delta	0.5606060606060606	MCL DepMap analysis	EVID-0014	26Q1	https://depmap.org/portal/data_page/	2026-10-02T19:49:12.583344+00:00	Derived	depmap-m3-v0.2	data\raw\depmap\26Q1\CRISPRGeneEffect.csv	e610a4cefb13a82b5b256b47eb08b63ff14843f8dbd0fb164bc0a32688e5b89e
CancerTargetEvidence	CANCER-001|TGT-SOS1	p_value	0.00885424903574364	MCL DepMap analysis	EVID-0014	26Q1	https://depmap.org/portal/data_page/	2026-10-02T19:49:12.583344+00:00	Derived	depmap-m3-v0.2	data\raw\depmap\26Q1\CRISPRGeneEffect.csv	e610a4cefb13a82b5b256b47eb08b63ff14843f8dbd0fb164bc0a32688e5b89e
CancerTargetEvidence	CANCER-001|TGT-SOS1	q_value	0.050812121780852954	MCL DepMap analysis	EVID-0014	26Q1	https://depmap.org/portal/data_page/	2026-10-02T19:49:12.583344+00:00	Derived	depmap-m3-v0.2	data\raw\depmap\26Q1\CRISPRGeneEffect.csv	e610a4cefb13a82b5b256b47eb08b63ff14843f8dbd0fb164bc0a32688e5b89e
CancerTargetEvidence	CANCER-001|TGT-SOS1	broad_dependency_fraction	0.1837748344370861	DepMap CRISPR Gene Dependency	EVID-0014	26Q1	https://depmap.org/portal/data_page/	2026-10-02T19:49:12.583344+00:00	Derived	depmap-m3-v0.2	data\raw\depmap\26Q1\CRISPRGeneDependency.csv	5de498b8fba15897f4f4d6a93681c25d5d41fdbc29f82a5968abb113cc553308
CancerTargetEvidence	CANCER-001|TGT-GRB2	median_gene_effect	-0.7843523921140622	DepMap CRISPR Gene Effect	EVID-0015	26Q1	https://depmap.org/portal/data_page/	2026-10-02T19:49:12.583344+00:00	Observed	depmap-m3-v0.2	data\raw\depmap\26Q1\CRISPRGeneEffect.csv	e610a4cefb13a82b5b256b47eb08b63ff14843f8dbd0fb164bc0a32688e5b89e
CancerTargetEvidence	CANCER-001|TGT-GRB2	dependency_fraction	0.7777777777777778	DepMap CRISPR Gene Dependency	EVID-0015	26Q1	https://depmap.org/portal/data_page/	2026-10-02T19:49:12.583344+00:00	Observed	depmap-m3-v0.2	data\raw\depmap\26Q1\CRISPRGeneDependency.csv	5de498b8fba15897f4f4d6a93681c25d5d41fdbc29f82a5968abb113cc553308
CancerTargetEvidence	CANCER-001|TGT-GRB2	median_dependency_probability	0.8730200559051822	DepMap CRISPR Gene Dependency	EVID-0015	26Q1	https://depmap.org/portal/data_page/	2026-10-02T19:49:12.583344+00:00	Observed	depmap-m3-v0.2	data\raw\depmap\26Q1\CRISPRGeneDependency.csv	5de498b8fba15897f4f4d6a93681c25d5d41fdbc29f82a5968abb113cc553308
CancerTargetEvidence	CANCER-001|TGT-GRB2	context_models_n	9	DepMap Model + Omics	EVID-0015	26Q1	https://depmap.org/portal/data_page/	2026-10-02T19:49:12.583344+00:00	Derived	depmap-m3-v0.2	data\raw\depmap\26Q1\Model.csv	ea4e0b2a3bc806f81df62689a5ae75f1a100135727a3d7b8a4c7ccc8815183f8
CancerTargetEvidence	CANCER-001|TGT-GRB2	delta_gene_effect	0.32560743131974335	MCL DepMap analysis	EVID-0015	26Q1	https://depmap.org/portal/data_page/	2026-10-02T19:49:12.583344+00:00	Derived	depmap-m3-v0.2	data\raw\depmap\26Q1\CRISPRGeneEffect.csv	e610a4cefb13a82b5b256b47eb08b63ff14843f8dbd0fb164bc0a32688e5b89e
CancerTargetEvidence	CANCER-001|TGT-GRB2	cliffs_delta	0.3787878787878788	MCL DepMap analysis	EVID-0015	26Q1	https://depmap.org/portal/data_page/	2026-10-02T19:49:12.583344+00:00	Derived	depmap-m3-v0.2	data\raw\depmap\26Q1\CRISPRGeneEffect.csv	e610a4cefb13a82b5b256b47eb08b63ff14843f8dbd0fb164bc0a32688e5b89e
CancerTargetEvidence	CANCER-001|TGT-GRB2	p_value	0.07759265173621739	MCL DepMap analysis	EVID-0015	26Q1	https://depmap.org/portal/data_page/	2026-10-02T19:49:12.583344+00:00	Derived	depmap-m3-v0.2	data\raw\depmap\26Q1\CRISPRGeneEffect.csv	e610a4cefb13a82b5b256b47eb08b63ff14843f8dbd0fb164bc0a32688e5b89e
CancerTargetEvidence	CANCER-001|TGT-GRB2	q_value	0.2771166133436335	MCL DepMap analysis	EVID-0015	26Q1	https://depmap.org/portal/data_page/	2026-10-02T19:49:12.583344+00:00	Derived	depmap-m3-v0.2	data\raw\depmap\26Q1\CRISPRGeneEffect.csv	e610a4cefb13a82b5b256b47eb08b63ff14843f8dbd0fb164bc0a32688e5b89e
CancerTargetEvidence	CANCER-001|TGT-GRB2	broad_dependency_fraction	0.7475165562913907	DepMap CRISPR Gene Dependency	EVID-0015	26Q1	https://depmap.org/portal/data_page/	2026-10-02T19:49:12.583344+00:00	Derived	depmap-m3-v0.2	data\raw\depmap\26Q1\CRISPRGeneDependency.csv	5de498b8fba15897f4f4d6a93681c25d5d41fdbc29f82a5968abb113cc553308
CancerTargetEvidence	CANCER-001|TGT-MET	median_gene_effect	0.0123990305563227	DepMap CRISPR Gene Effect	EVID-0016	26Q1	https://depmap.org/portal/data_page/	2026-10-02T19:49:12.583344+00:00	Observed	depmap-m3-v0.2	data\raw\depmap\26Q1\CRISPRGeneEffect.csv	e610a4cefb13a82b5b256b47eb08b63ff14843f8dbd0fb164bc0a32688e5b89e
CancerTargetEvidence	CANCER-001|TGT-MET	dependency_fraction	0.0	DepMap CRISPR Gene Dependency	EVID-0016	26Q1	https://depmap.org/portal/data_page/	2026-10-02T19:49:12.583344+00:00	Observed	depmap-m3-v0.2	data\raw\depmap\26Q1\CRISPRGeneDependency.csv	5de498b8fba15897f4f4d6a93681c25d5d41fdbc29f82a5968abb113cc553308
CancerTargetEvidence	CANCER-001|TGT-MET	median_dependency_probability	0.0196242252261008	DepMap CRISPR Gene Dependency	EVID-0016	26Q1	https://depmap.org/portal/data_page/	2026-10-02T19:49:12.583344+00:00	Observed	depmap-m3-v0.2	data\raw\depmap\26Q1\CRISPRGeneDependency.csv	5de498b8fba15897f4f4d6a93681c25d5d41fdbc29f82a5968abb113cc553308
CancerTargetEvidence	CANCER-001|TGT-MET	context_models_n	9	DepMap Model + Omics	EVID-0016	26Q1	https://depmap.org/portal/data_page/	2026-10-02T19:49:12.583344+00:00	Derived	depmap-m3-v0.2	data\raw\depmap\26Q1\Model.csv	ea4e0b2a3bc806f81df62689a5ae75f1a100135727a3d7b8a4c7ccc8815183f8
CancerTargetEvidence	CANCER-001|TGT-MET	delta_gene_effect	0.0266030137413205	MCL DepMap analysis	EVID-0016	26Q1	https://depmap.org/portal/data_page/	2026-10-02T19:49:12.583344+00:00	Derived	depmap-m3-v0.2	data\raw\depmap\26Q1\CRISPRGeneEffect.csv	e610a4cefb13a82b5b256b47eb08b63ff14843f8dbd0fb164bc0a32688e5b89e
CancerTargetEvidence	CANCER-001|TGT-MET	cliffs_delta	0.3434343434343434	MCL DepMap analysis	EVID-0016	26Q1	https://depmap.org/portal/data_page/	2026-10-02T19:49:12.583344+00:00	Derived	depmap-m3-v0.2	data\raw\depmap\26Q1\CRISPRGeneEffect.csv	e610a4cefb13a82b5b256b47eb08b63ff14843f8dbd0fb164bc0a32688e5b89e
CancerTargetEvidence	CANCER-001|TGT-MET	p_value	0.10981940881523722	MCL DepMap analysis	EVID-0016	26Q1	https://depmap.org/portal/data_page/	2026-10-02T19:49:12.583344+00:00	Derived	depmap-m3-v0.2	data\raw\depmap\26Q1\CRISPRGeneEffect.csv	e610a4cefb13a82b5b256b47eb08b63ff14843f8dbd0fb164bc0a32688e5b89e
CancerTargetEvidence	CANCER-001|TGT-MET	q_value	0.3431856525476163	MCL DepMap analysis	EVID-0016	26Q1	https://depmap.org/portal/data_page/	2026-10-02T19:49:12.583344+00:00	Derived	depmap-m3-v0.2	data\raw\depmap\26Q1\CRISPRGeneEffect.csv	e610a4cefb13a82b5b256b47eb08b63ff14843f8dbd0fb164bc0a32688e5b89e
CancerTargetEvidence	CANCER-001|TGT-MET	broad_dependency_fraction	0.027317880794701987	DepMap CRISPR Gene Dependency	EVID-0016	26Q1	https://depmap.org/portal/data_page/	2026-10-02T19:49:12.583344+00:00	Derived	depmap-m3-v0.2	data\raw\depmap\26Q1\CRISPRGeneDependency.csv	5de498b8fba15897f4f4d6a93681c25d5d41fdbc29f82a5968abb113cc553308
CancerTargetEvidence	CANCER-001|TGT-BRAF	median_gene_effect	-0.0262625620524134	DepMap CRISPR Gene Effect	EVID-0017	26Q1	https://depmap.org/portal/data_page/	2026-10-02T19:49:12.583344+00:00	Observed	depmap-m3-v0.2	data\raw\depmap\26Q1\CRISPRGeneEffect.csv	e610a4cefb13a82b5b256b47eb08b63ff14843f8dbd0fb164bc0a32688e5b89e
CancerTargetEvidence	CANCER-001|TGT-BRAF	dependency_fraction	0.0	DepMap CRISPR Gene Dependency	EVID-0017	26Q1	https://depmap.org/portal/data_page/	2026-10-02T19:49:12.583344+00:00	Observed	depmap-m3-v0.2	data\raw\depmap\26Q1\CRISPRGeneDependency.csv	5de498b8fba15897f4f4d6a93681c25d5d41fdbc29f82a5968abb113cc553308
CancerTargetEvidence	CANCER-001|TGT-BRAF	median_dependency_probability	0.0240096355191732	DepMap CRISPR Gene Dependency	EVID-0017	26Q1	https://depmap.org/portal/data_page/	2026-10-02T19:49:12.583344+00:00	Observed	depmap-m3-v0.2	data\raw\depmap\26Q1\CRISPRGeneDependency.csv	5de498b8fba15897f4f4d6a93681c25d5d41fdbc29f82a5968abb113cc553308
CancerTargetEvidence	CANCER-001|TGT-BRAF	context_models_n	9	DepMap Model + Omics	EVID-0017	26Q1	https://depmap.org/portal/data_page/	2026-10-02T19:49:12.583344+00:00	Derived	depmap-m3-v0.2	data\raw\depmap\26Q1\Model.csv	ea4e0b2a3bc806f81df62689a5ae75f1a100135727a3d7b8a4c7ccc8815183f8
CancerTargetEvidence	CANCER-001|TGT-BRAF	delta_gene_effect	0.013310940944311605	MCL DepMap analysis	EVID-0017	26Q1	https://depmap.org/portal/data_page/	2026-10-02T19:49:12.583344+00:00	Derived	depmap-m3-v0.2	data\raw\depmap\26Q1\CRISPRGeneEffect.csv	e610a4cefb13a82b5b256b47eb08b63ff14843f8dbd0fb164bc0a32688e5b89e
CancerTargetEvidence	CANCER-001|TGT-BRAF	cliffs_delta	0.22727272727272727	MCL DepMap analysis	EVID-0017	26Q1	https://depmap.org/portal/data_page/	2026-10-02T19:49:12.583344+00:00	Derived	depmap-m3-v0.2	data\raw\depmap\26Q1\CRISPRGeneEffect.csv	e610a4cefb13a82b5b256b47eb08b63ff14843f8dbd0fb164bc0a32688e5b89e
CancerTargetEvidence	CANCER-001|TGT-BRAF	p_value	0.29181008303411016	MCL DepMap analysis	EVID-0017	26Q1	https://depmap.org/portal/data_page/	2026-10-02T19:49:12.583344+00:00	Derived	depmap-m3-v0.2	data\raw\depmap\26Q1\CRISPRGeneEffect.csv	e610a4cefb13a82b5b256b47eb08b63ff14843f8dbd0fb164bc0a32688e5b89e
CancerTargetEvidence	CANCER-001|TGT-BRAF	q_value	0.7295252075852754	MCL DepMap analysis	EVID-0017	26Q1	https://depmap.org/portal/data_page/	2026-10-02T19:49:12.583344+00:00	Derived	depmap-m3-v0.2	data\raw\depmap\26Q1\CRISPRGeneEffect.csv	e610a4cefb13a82b5b256b47eb08b63ff14843f8dbd0fb164bc0a32688e5b89e
CancerTargetEvidence	CANCER-001|TGT-BRAF	broad_dependency_fraction	0.09519867549668874	DepMap CRISPR Gene Dependency	EVID-0017	26Q1	https://depmap.org/portal/data_page/	2026-10-02T19:49:12.583344+00:00	Derived	depmap-m3-v0.2	data\raw\depmap\26Q1\CRISPRGeneDependency.csv	5de498b8fba15897f4f4d6a93681c25d5d41fdbc29f82a5968abb113cc553308
CancerTargetEvidence	CANCER-001|TGT-MAP2K1	median_gene_effect	-0.1272577942223448	DepMap CRISPR Gene Effect	EVID-0018	26Q1	https://depmap.org/portal/data_page/	2026-10-02T19:49:12.583344+00:00	Observed	depmap-m3-v0.2	data\raw\depmap\26Q1\CRISPRGeneEffect.csv	e610a4cefb13a82b5b256b47eb08b63ff14843f8dbd0fb164bc0a32688e5b89e
CancerTargetEvidence	CANCER-001|TGT-MAP2K1	dependency_fraction	0.0	DepMap CRISPR Gene Dependency	EVID-0018	26Q1	https://depmap.org/portal/data_page/	2026-10-02T19:49:12.583344+00:00	Observed	depmap-m3-v0.2	data\raw\depmap\26Q1\CRISPRGeneDependency.csv	5de498b8fba15897f4f4d6a93681c25d5d41fdbc29f82a5968abb113cc553308
CancerTargetEvidence	CANCER-001|TGT-MAP2K1	median_dependency_probability	0.0725053571389732	DepMap CRISPR Gene Dependency	EVID-0018	26Q1	https://depmap.org/portal/data_page/	2026-10-02T19:49:12.583344+00:00	Observed	depmap-m3-v0.2	data\raw\depmap\26Q1\CRISPRGeneDependency.csv	5de498b8fba15897f4f4d6a93681c25d5d41fdbc29f82a5968abb113cc553308
CancerTargetEvidence	CANCER-001|TGT-MAP2K1	context_models_n	9	DepMap Model + Omics	EVID-0018	26Q1	https://depmap.org/portal/data_page/	2026-10-02T19:49:12.583344+00:00	Derived	depmap-m3-v0.2	data\raw\depmap\26Q1\Model.csv	ea4e0b2a3bc806f81df62689a5ae75f1a100135727a3d7b8a4c7ccc8815183f8
CancerTargetEvidence	CANCER-001|TGT-MAP2K1	delta_gene_effect	0.014706882602064819	MCL DepMap analysis	EVID-0018	26Q1	https://depmap.org/portal/data_page/	2026-10-02T19:49:12.583344+00:00	Derived	depmap-m3-v0.2	data\raw\depmap\26Q1\CRISPRGeneEffect.csv	e610a4cefb13a82b5b256b47eb08b63ff14843f8dbd0fb164bc0a32688e5b89e
CancerTargetEvidence	CANCER-001|TGT-MAP2K1	cliffs_delta	0.06565656565656566	MCL DepMap analysis	EVID-0018	26Q1	https://depmap.org/portal/data_page/	2026-10-02T19:49:12.583344+00:00	Derived	depmap-m3-v0.2	data\raw\depmap\26Q1\CRISPRGeneEffect.csv	e610a4cefb13a82b5b256b47eb08b63ff14843f8dbd0fb164bc0a32688e5b89e
CancerTargetEvidence	CANCER-001|TGT-MAP2K1	p_value	0.7671444690634368	MCL DepMap analysis	EVID-0018	26Q1	https://depmap.org/portal/data_page/	2026-10-02T19:49:12.583344+00:00	Derived	depmap-m3-v0.2	data\raw\depmap\26Q1\CRISPRGeneEffect.csv	e610a4cefb13a82b5b256b47eb08b63ff14843f8dbd0fb164bc0a32688e5b89e
CancerTargetEvidence	CANCER-001|TGT-MAP2K1	q_value	0.8583513704839004	MCL DepMap analysis	EVID-0018	26Q1	https://depmap.org/portal/data_page/	2026-10-02T19:49:12.583344+00:00	Derived	depmap-m3-v0.2	data\raw\depmap\26Q1\CRISPRGeneEffect.csv	e610a4cefb13a82b5b256b47eb08b63ff14843f8dbd0fb164bc0a32688e5b89e
CancerTargetEvidence	CANCER-001|TGT-MAP2K1	broad_dependency_fraction	0.05380794701986755	DepMap CRISPR Gene Dependency	EVID-0018	26Q1	https://depmap.org/portal/data_page/	2026-10-02T19:49:12.583344+00:00	Derived	depmap-m3-v0.2	data\raw\depmap\26Q1\CRISPRGeneDependency.csv	5de498b8fba15897f4f4d6a93681c25d5d41fdbc29f82a5968abb113cc553308
CancerTargetEvidence	CANCER-001|TGT-RAF1	median_gene_effect	-0.0067279509349256	DepMap CRISPR Gene Effect	EVID-0019	26Q1	https://depmap.org/portal/data_page/	2026-10-02T19:49:12.583344+00:00	Observed	depmap-m3-v0.2	data\raw\depmap\26Q1\CRISPRGeneEffect.csv	e610a4cefb13a82b5b256b47eb08b63ff14843f8dbd0fb164bc0a32688e5b89e
CancerTargetEvidence	CANCER-001|TGT-RAF1	dependency_fraction	0.1111111111111111	DepMap CRISPR Gene Dependency	EVID-0019	26Q1	https://depmap.org/portal/data_page/	2026-10-02T19:49:12.583344+00:00	Observed	depmap-m3-v0.2	data\raw\depmap\26Q1\CRISPRGeneDependency.csv	5de498b8fba15897f4f4d6a93681c25d5d41fdbc29f82a5968abb113cc553308
CancerTargetEvidence	CANCER-001|TGT-RAF1	median_dependency_probability	0.0194935163756132	DepMap CRISPR Gene Dependency	EVID-0019	26Q1	https://depmap.org/portal/data_page/	2026-10-02T19:49:12.583344+00:00	Observed	depmap-m3-v0.2	data\raw\depmap\26Q1\CRISPRGeneDependency.csv	5de498b8fba15897f4f4d6a93681c25d5d41fdbc29f82a5968abb113cc553308
CancerTargetEvidence	CANCER-001|TGT-RAF1	context_models_n	9	DepMap Model + Omics	EVID-0019	26Q1	https://depmap.org/portal/data_page/	2026-10-02T19:49:12.583344+00:00	Derived	depmap-m3-v0.2	data\raw\depmap\26Q1\Model.csv	ea4e0b2a3bc806f81df62689a5ae75f1a100135727a3d7b8a4c7ccc8815183f8
CancerTargetEvidence	CANCER-001|TGT-RAF1	delta_gene_effect	0.045084029883135	MCL DepMap analysis	EVID-0019	26Q1	https://depmap.org/portal/data_page/	2026-10-02T19:49:12.583344+00:00	Derived	depmap-m3-v0.2	data\raw\depmap\26Q1\CRISPRGeneEffect.csv	e610a4cefb13a82b5b256b47eb08b63ff14843f8dbd0fb164bc0a32688e5b89e
CancerTargetEvidence	CANCER-001|TGT-RAF1	cliffs_delta	0.13636363636363635	MCL DepMap analysis	EVID-0019	26Q1	https://depmap.org/portal/data_page/	2026-10-02T19:49:12.583344+00:00	Derived	depmap-m3-v0.2	data\raw\depmap\26Q1\CRISPRGeneEffect.csv	e610a4cefb13a82b5b256b47eb08b63ff14843f8dbd0fb164bc0a32688e5b89e
CancerTargetEvidence	CANCER-001|TGT-RAF1	p_value	0.5301627033047033	MCL DepMap analysis	EVID-0019	26Q1	https://depmap.org/portal/data_page/	2026-10-02T19:49:12.583344+00:00	Derived	depmap-m3-v0.2	data\raw\depmap\26Q1\CRISPRGeneEffect.csv	e610a4cefb13a82b5b256b47eb08b63ff14843f8dbd0fb164bc0a32688e5b89e
CancerTargetEvidence	CANCER-001|TGT-RAF1	q_value	0.7796510342716224	MCL DepMap analysis	EVID-0019	26Q1	https://depmap.org/portal/data_page/	2026-10-02T19:49:12.583344+00:00	Derived	depmap-m3-v0.2	data\raw\depmap\26Q1\CRISPRGeneEffect.csv	e610a4cefb13a82b5b256b47eb08b63ff14843f8dbd0fb164bc0a32688e5b89e
CancerTargetEvidence	CANCER-001|TGT-RAF1	broad_dependency_fraction	0.10844370860927152	DepMap CRISPR Gene Dependency	EVID-0019	26Q1	https://depmap.org/portal/data_page/	2026-10-02T19:49:12.583344+00:00	Derived	depmap-m3-v0.2	data\raw\depmap\26Q1\CRISPRGeneDependency.csv	5de498b8fba15897f4f4d6a93681c25d5d41fdbc29f82a5968abb113cc553308
CancerTargetEvidence	CANCER-004|TGT-PTPN11	median_gene_effect	-0.4996931276214892	DepMap CRISPR Gene Effect	EVID-0020	26Q1	https://depmap.org/portal/data_page/	2026-10-02T19:49:12.583344+00:00	Observed	depmap-m3-v0.2	data\raw\depmap\26Q1\CRISPRGeneEffect.csv	e610a4cefb13a82b5b256b47eb08b63ff14843f8dbd0fb164bc0a32688e5b89e
CancerTargetEvidence	CANCER-004|TGT-PTPN11	dependency_fraction	0.5789473684210527	DepMap CRISPR Gene Dependency	EVID-0020	26Q1	https://depmap.org/portal/data_page/	2026-10-02T19:49:12.583344+00:00	Observed	depmap-m3-v0.2	data\raw\depmap\26Q1\CRISPRGeneDependency.csv	5de498b8fba15897f4f4d6a93681c25d5d41fdbc29f82a5968abb113cc553308
CancerTargetEvidence	CANCER-004|TGT-PTPN11	median_dependency_probability	0.5470797880856538	DepMap CRISPR Gene Dependency	EVID-0020	26Q1	https://depmap.org/portal/data_page/	2026-10-02T19:49:12.583344+00:00	Observed	depmap-m3-v0.2	data\raw\depmap\26Q1\CRISPRGeneDependency.csv	5de498b8fba15897f4f4d6a93681c25d5d41fdbc29f82a5968abb113cc553308
CancerTargetEvidence	CANCER-004|TGT-PTPN11	context_models_n	22	DepMap Model + Omics	EVID-0020	26Q1	https://depmap.org/portal/data_page/	2026-10-02T19:49:12.583344+00:00	Derived	depmap-m3-v0.2	data\raw\depmap\26Q1\Model.csv	ea4e0b2a3bc806f81df62689a5ae75f1a100135727a3d7b8a4c7ccc8815183f8
CancerTargetEvidence	CANCER-004|TGT-PTPN11	delta_gene_effect	-0.056519476063811636	MCL DepMap analysis	EVID-0020	26Q1	https://depmap.org/portal/data_page/	2026-10-02T19:49:12.583344+00:00	Derived	depmap-m3-v0.2	data\raw\depmap\26Q1\CRISPRGeneEffect.csv	e610a4cefb13a82b5b256b47eb08b63ff14843f8dbd0fb164bc0a32688e5b89e
CancerTargetEvidence	CANCER-004|TGT-PTPN11	cliffs_delta	0.037037037037037035	MCL DepMap analysis	EVID-0020	26Q1	https://depmap.org/portal/data_page/	2026-10-02T19:49:12.583344+00:00	Derived	depmap-m3-v0.2	data\raw\depmap\26Q1\CRISPRGeneEffect.csv	e610a4cefb13a82b5b256b47eb08b63ff14843f8dbd0fb164bc0a32688e5b89e
CancerTargetEvidence	CANCER-004|TGT-PTPN11	p_value	0.8408687689086103	MCL DepMap analysis	EVID-0020	26Q1	https://depmap.org/portal/data_page/	2026-10-02T19:49:12.583344+00:00	Derived	depmap-m3-v0.2	data\raw\depmap\26Q1\CRISPRGeneEffect.csv	e610a4cefb13a82b5b256b47eb08b63ff14843f8dbd0fb164bc0a32688e5b89e
CancerTargetEvidence	CANCER-004|TGT-PTPN11	q_value	0.8583513704839004	MCL DepMap analysis	EVID-0020	26Q1	https://depmap.org/portal/data_page/	2026-10-02T19:49:12.583344+00:00	Derived	depmap-m3-v0.2	data\raw\depmap\26Q1\CRISPRGeneEffect.csv	e610a4cefb13a82b5b256b47eb08b63ff14843f8dbd0fb164bc0a32688e5b89e
CancerTargetEvidence	CANCER-004|TGT-PTPN11	broad_dependency_fraction	0.7044701986754967	DepMap CRISPR Gene Dependency	EVID-0020	26Q1	https://depmap.org/portal/data_page/	2026-10-02T19:49:12.583344+00:00	Derived	depmap-m3-v0.2	data\raw\depmap\26Q1\CRISPRGeneDependency.csv	5de498b8fba15897f4f4d6a93681c25d5d41fdbc29f82a5968abb113cc553308
CancerTargetEvidence	CANCER-004|TGT-SOS1	median_gene_effect	-0.1300414163665877	DepMap CRISPR Gene Effect	EVID-0021	26Q1	https://depmap.org/portal/data_page/	2026-10-02T19:49:12.583344+00:00	Observed	depmap-m3-v0.2	data\raw\depmap\26Q1\CRISPRGeneEffect.csv	e610a4cefb13a82b5b256b47eb08b63ff14843f8dbd0fb164bc0a32688e5b89e
CancerTargetEvidence	CANCER-004|TGT-SOS1	dependency_fraction	0.10526315789473684	DepMap CRISPR Gene Dependency	EVID-0021	26Q1	https://depmap.org/portal/data_page/	2026-10-02T19:49:12.583344+00:00	Observed	depmap-m3-v0.2	data\raw\depmap\26Q1\CRISPRGeneDependency.csv	5de498b8fba15897f4f4d6a93681c25d5d41fdbc29f82a5968abb113cc553308
CancerTargetEvidence	CANCER-004|TGT-SOS1	median_dependency_probability	0.0939711755826826	DepMap CRISPR Gene Dependency	EVID-0021	26Q1	https://depmap.org/portal/data_page/	2026-10-02T19:49:12.583344+00:00	Observed	depmap-m3-v0.2	data\raw\depmap\26Q1\CRISPRGeneDependency.csv	5de498b8fba15897f4f4d6a93681c25d5d41fdbc29f82a5968abb113cc553308
CancerTargetEvidence	CANCER-004|TGT-SOS1	context_models_n	22	DepMap Model + Omics	EVID-0021	26Q1	https://depmap.org/portal/data_page/	2026-10-02T19:49:12.583344+00:00	Derived	depmap-m3-v0.2	data\raw\depmap\26Q1\Model.csv	ea4e0b2a3bc806f81df62689a5ae75f1a100135727a3d7b8a4c7ccc8815183f8
CancerTargetEvidence	CANCER-004|TGT-SOS1	delta_gene_effect	-0.002744824902029097	MCL DepMap analysis	EVID-0021	26Q1	https://depmap.org/portal/data_page/	2026-10-02T19:49:12.583344+00:00	Derived	depmap-m3-v0.2	data\raw\depmap\26Q1\CRISPRGeneEffect.csv	e610a4cefb13a82b5b256b47eb08b63ff14843f8dbd0fb164bc0a32688e5b89e
CancerTargetEvidence	CANCER-004|TGT-SOS1	cliffs_delta	-0.04873294346978557	MCL DepMap analysis	EVID-0021	26Q1	https://depmap.org/portal/data_page/	2026-10-02T19:49:12.583344+00:00	Derived	depmap-m3-v0.2	data\raw\depmap\26Q1\CRISPRGeneEffect.csv	e610a4cefb13a82b5b256b47eb08b63ff14843f8dbd0fb164bc0a32688e5b89e
CancerTargetEvidence	CANCER-004|TGT-SOS1	p_value	0.7889227114949541	MCL DepMap analysis	EVID-0021	26Q1	https://depmap.org/portal/data_page/	2026-10-02T19:49:12.583344+00:00	Derived	depmap-m3-v0.2	data\raw\depmap\26Q1\CRISPRGeneEffect.csv	e610a4cefb13a82b5b256b47eb08b63ff14843f8dbd0fb164bc0a32688e5b89e
CancerTargetEvidence	CANCER-004|TGT-SOS1	q_value	0.8583513704839004	MCL DepMap analysis	EVID-0021	26Q1	https://depmap.org/portal/data_page/	2026-10-02T19:49:12.583344+00:00	Derived	depmap-m3-v0.2	data\raw\depmap\26Q1\CRISPRGeneEffect.csv	e610a4cefb13a82b5b256b47eb08b63ff14843f8dbd0fb164bc0a32688e5b89e
CancerTargetEvidence	CANCER-004|TGT-SOS1	broad_dependency_fraction	0.1837748344370861	DepMap CRISPR Gene Dependency	EVID-0021	26Q1	https://depmap.org/portal/data_page/	2026-10-02T19:49:12.583344+00:00	Derived	depmap-m3-v0.2	data\raw\depmap\26Q1\CRISPRGeneDependency.csv	5de498b8fba15897f4f4d6a93681c25d5d41fdbc29f82a5968abb113cc553308
CancerTargetEvidence	CANCER-004|TGT-EGFR	median_gene_effect	-0.2978749759774681	DepMap CRISPR Gene Effect	EVID-0022	26Q1	https://depmap.org/portal/data_page/	2026-10-02T19:49:12.583344+00:00	Observed	depmap-m3-v0.2	data\raw\depmap\26Q1\CRISPRGeneEffect.csv	e610a4cefb13a82b5b256b47eb08b63ff14843f8dbd0fb164bc0a32688e5b89e
CancerTargetEvidence	CANCER-004|TGT-EGFR	dependency_fraction	0.3684210526315789	DepMap CRISPR Gene Dependency	EVID-0022	26Q1	https://depmap.org/portal/data_page/	2026-10-02T19:49:12.583344+00:00	Observed	depmap-m3-v0.2	data\raw\depmap\26Q1\CRISPRGeneDependency.csv	5de498b8fba15897f4f4d6a93681c25d5d41fdbc29f82a5968abb113cc553308
CancerTargetEvidence	CANCER-004|TGT-EGFR	median_dependency_probability	0.2087697916942485	DepMap CRISPR Gene Dependency	EVID-0022	26Q1	https://depmap.org/portal/data_page/	2026-10-02T19:49:12.583344+00:00	Observed	depmap-m3-v0.2	data\raw\depmap\26Q1\CRISPRGeneDependency.csv	5de498b8fba15897f4f4d6a93681c25d5d41fdbc29f82a5968abb113cc553308
CancerTargetEvidence	CANCER-004|TGT-EGFR	context_models_n	22	DepMap Model + Omics	EVID-0022	26Q1	https://depmap.org/portal/data_page/	2026-10-02T19:49:12.583344+00:00	Derived	depmap-m3-v0.2	data\raw\depmap\26Q1\Model.csv	ea4e0b2a3bc806f81df62689a5ae75f1a100135727a3d7b8a4c7ccc8815183f8
CancerTargetEvidence	CANCER-004|TGT-EGFR	delta_gene_effect	-0.0560141864997242	MCL DepMap analysis	EVID-0022	26Q1	https://depmap.org/portal/data_page/	2026-10-02T19:49:12.583344+00:00	Derived	depmap-m3-v0.2	data\raw\depmap\26Q1\CRISPRGeneEffect.csv	e610a4cefb13a82b5b256b47eb08b63ff14843f8dbd0fb164bc0a32688e5b89e
CancerTargetEvidence	CANCER-004|TGT-EGFR	cliffs_delta	0.04483430799220273	MCL DepMap analysis	EVID-0022	26Q1	https://depmap.org/portal/data_page/	2026-10-02T19:49:12.583344+00:00	Derived	depmap-m3-v0.2	data\raw\depmap\26Q1\CRISPRGeneEffect.csv	e610a4cefb13a82b5b256b47eb08b63ff14843f8dbd0fb164bc0a32688e5b89e
CancerTargetEvidence	CANCER-004|TGT-EGFR	p_value	0.8061462310467044	MCL DepMap analysis	EVID-0022	26Q1	https://depmap.org/portal/data_page/	2026-10-02T19:49:12.583344+00:00	Derived	depmap-m3-v0.2	data\raw\depmap\26Q1\CRISPRGeneEffect.csv	e610a4cefb13a82b5b256b47eb08b63ff14843f8dbd0fb164bc0a32688e5b89e
CancerTargetEvidence	CANCER-004|TGT-EGFR	q_value	0.8583513704839004	MCL DepMap analysis	EVID-0022	26Q1	https://depmap.org/portal/data_page/	2026-10-02T19:49:12.583344+00:00	Derived	depmap-m3-v0.2	data\raw\depmap\26Q1\CRISPRGeneEffect.csv	e610a4cefb13a82b5b256b47eb08b63ff14843f8dbd0fb164bc0a32688e5b89e
CancerTargetEvidence	CANCER-004|TGT-EGFR	broad_dependency_fraction	0.18956953642384106	DepMap CRISPR Gene Dependency	EVID-0022	26Q1	https://depmap.org/portal/data_page/	2026-10-02T19:49:12.583344+00:00	Derived	depmap-m3-v0.2	data\raw\depmap\26Q1\CRISPRGeneDependency.csv	5de498b8fba15897f4f4d6a93681c25d5d41fdbc29f82a5968abb113cc553308
CancerTargetEvidence	CANCER-004|TGT-MAP2K1	median_gene_effect	-0.1509745985084591	DepMap CRISPR Gene Effect	EVID-0023	26Q1	https://depmap.org/portal/data_page/	2026-10-02T19:49:12.583344+00:00	Observed	depmap-m3-v0.2	data\raw\depmap\26Q1\CRISPRGeneEffect.csv	e610a4cefb13a82b5b256b47eb08b63ff14843f8dbd0fb164bc0a32688e5b89e
CancerTargetEvidence	CANCER-004|TGT-MAP2K1	dependency_fraction	0.0	DepMap CRISPR Gene Dependency	EVID-0023	26Q1	https://depmap.org/portal/data_page/	2026-10-02T19:49:12.583344+00:00	Observed	depmap-m3-v0.2	data\raw\depmap\26Q1\CRISPRGeneDependency.csv	5de498b8fba15897f4f4d6a93681c25d5d41fdbc29f82a5968abb113cc553308
CancerTargetEvidence	CANCER-004|TGT-MAP2K1	median_dependency_probability	0.1011001183232455	DepMap CRISPR Gene Dependency	EVID-0023	26Q1	https://depmap.org/portal/data_page/	2026-10-02T19:49:12.583344+00:00	Observed	depmap-m3-v0.2	data\raw\depmap\26Q1\CRISPRGeneDependency.csv	5de498b8fba15897f4f4d6a93681c25d5d41fdbc29f82a5968abb113cc553308
CancerTargetEvidence	CANCER-004|TGT-MAP2K1	context_models_n	22	DepMap Model + Omics	EVID-0023	26Q1	https://depmap.org/portal/data_page/	2026-10-02T19:49:12.583344+00:00	Derived	depmap-m3-v0.2	data\raw\depmap\26Q1\Model.csv	ea4e0b2a3bc806f81df62689a5ae75f1a100135727a3d7b8a4c7ccc8815183f8
CancerTargetEvidence	CANCER-004|TGT-MAP2K1	delta_gene_effect	0.06877442252398722	MCL DepMap analysis	EVID-0023	26Q1	https://depmap.org/portal/data_page/	2026-10-02T19:49:12.583344+00:00	Derived	depmap-m3-v0.2	data\raw\depmap\26Q1\CRISPRGeneEffect.csv	e610a4cefb13a82b5b256b47eb08b63ff14843f8dbd0fb164bc0a32688e5b89e
CancerTargetEvidence	CANCER-004|TGT-MAP2K1	cliffs_delta	0.13840155945419103	MCL DepMap analysis	EVID-0023	26Q1	https://depmap.org/portal/data_page/	2026-10-02T19:49:12.583344+00:00	Derived	depmap-m3-v0.2	data\raw\depmap\26Q1\CRISPRGeneEffect.csv	e610a4cefb13a82b5b256b47eb08b63ff14843f8dbd0fb164bc0a32688e5b89e
CancerTargetEvidence	CANCER-004|TGT-MAP2K1	p_value	0.43490823499778675	MCL DepMap analysis	EVID-0023	26Q1	https://depmap.org/portal/data_page/	2026-10-02T19:49:12.583344+00:00	Derived	depmap-m3-v0.2	data\raw\depmap\26Q1\CRISPRGeneEffect.csv	e610a4cefb13a82b5b256b47eb08b63ff14843f8dbd0fb164bc0a32688e5b89e
CancerTargetEvidence	CANCER-004|TGT-MAP2K1	q_value	0.7622811970638057	MCL DepMap analysis	EVID-0023	26Q1	https://depmap.org/portal/data_page/	2026-10-02T19:49:12.583344+00:00	Derived	depmap-m3-v0.2	data\raw\depmap\26Q1\CRISPRGeneEffect.csv	e610a4cefb13a82b5b256b47eb08b63ff14843f8dbd0fb164bc0a32688e5b89e
CancerTargetEvidence	CANCER-004|TGT-MAP2K1	broad_dependency_fraction	0.05380794701986755	DepMap CRISPR Gene Dependency	EVID-0023	26Q1	https://depmap.org/portal/data_page/	2026-10-02T19:49:12.583344+00:00	Derived	depmap-m3-v0.2	data\raw\depmap\26Q1\CRISPRGeneDependency.csv	5de498b8fba15897f4f4d6a93681c25d5d41fdbc29f82a5968abb113cc553308
CancerTargetEvidence	CANCER-004|TGT-ULK1	median_gene_effect	0.0383045020871365	DepMap CRISPR Gene Effect	EVID-0024	26Q1	https://depmap.org/portal/data_page/	2026-10-02T19:49:12.583344+00:00	Observed	depmap-m3-v0.2	data\raw\depmap\26Q1\CRISPRGeneEffect.csv	e610a4cefb13a82b5b256b47eb08b63ff14843f8dbd0fb164bc0a32688e5b89e
CancerTargetEvidence	CANCER-004|TGT-ULK1	dependency_fraction	0.0	DepMap CRISPR Gene Dependency	EVID-0024	26Q1	https://depmap.org/portal/data_page/	2026-10-02T19:49:12.583344+00:00	Observed	depmap-m3-v0.2	data\raw\depmap\26Q1\CRISPRGeneDependency.csv	5de498b8fba15897f4f4d6a93681c25d5d41fdbc29f82a5968abb113cc553308
CancerTargetEvidence	CANCER-004|TGT-ULK1	median_dependency_probability	0.016314667554649	DepMap CRISPR Gene Dependency	EVID-0024	26Q1	https://depmap.org/portal/data_page/	2026-10-02T19:49:12.583344+00:00	Observed	depmap-m3-v0.2	data\raw\depmap\26Q1\CRISPRGeneDependency.csv	5de498b8fba15897f4f4d6a93681c25d5d41fdbc29f82a5968abb113cc553308
CancerTargetEvidence	CANCER-004|TGT-ULK1	context_models_n	22	DepMap Model + Omics	EVID-0024	26Q1	https://depmap.org/portal/data_page/	2026-10-02T19:49:12.583344+00:00	Derived	depmap-m3-v0.2	data\raw\depmap\26Q1\Model.csv	ea4e0b2a3bc806f81df62689a5ae75f1a100135727a3d7b8a4c7ccc8815183f8
CancerTargetEvidence	CANCER-004|TGT-ULK1	delta_gene_effect	0.1234854906625396	MCL DepMap analysis	EVID-0024	26Q1	https://depmap.org/portal/data_page/	2026-10-02T19:49:12.583344+00:00	Derived	depmap-m3-v0.2	data\raw\depmap\26Q1\CRISPRGeneEffect.csv	e610a4cefb13a82b5b256b47eb08b63ff14843f8dbd0fb164bc0a32688e5b89e
CancerTargetEvidence	CANCER-004|TGT-ULK1	cliffs_delta	0.4775828460038986	MCL DepMap analysis	EVID-0024	26Q1	https://depmap.org/portal/data_page/	2026-10-02T19:49:12.583344+00:00	Derived	depmap-m3-v0.2	data\raw\depmap\26Q1\CRISPRGeneEffect.csv	e610a4cefb13a82b5b256b47eb08b63ff14843f8dbd0fb164bc0a32688e5b89e
CancerTargetEvidence	CANCER-004|TGT-ULK1	p_value	0.006494388378746335	MCL DepMap analysis	EVID-0024	26Q1	https://depmap.org/portal/data_page/	2026-10-02T19:49:12.583344+00:00	Derived	depmap-m3-v0.2	data\raw\depmap\26Q1\CRISPRGeneEffect.csv	e610a4cefb13a82b5b256b47eb08b63ff14843f8dbd0fb164bc0a32688e5b89e
CancerTargetEvidence	CANCER-004|TGT-ULK1	q_value	0.050812121780852954	MCL DepMap analysis	EVID-0024	26Q1	https://depmap.org/portal/data_page/	2026-10-02T19:49:12.583344+00:00	Derived	depmap-m3-v0.2	data\raw\depmap\26Q1\CRISPRGeneEffect.csv	e610a4cefb13a82b5b256b47eb08b63ff14843f8dbd0fb164bc0a32688e5b89e
CancerTargetEvidence	CANCER-004|TGT-ULK1	broad_dependency_fraction	0.004966887417218543	DepMap CRISPR Gene Dependency	EVID-0024	26Q1	https://depmap.org/portal/data_page/	2026-10-02T19:49:12.583344+00:00	Derived	depmap-m3-v0.2	data\raw\depmap\26Q1\CRISPRGeneDependency.csv	5de498b8fba15897f4f4d6a93681c25d5d41fdbc29f82a5968abb113cc553308
CancerTargetEvidence	CANCER-004|TGT-PIK3CA	median_gene_effect	-0.5681083302513694	DepMap CRISPR Gene Effect	EVID-0025	26Q1	https://depmap.org/portal/data_page/	2026-10-02T19:49:12.583344+00:00	Observed	depmap-m3-v0.2	data\raw\depmap\26Q1\CRISPRGeneEffect.csv	e610a4cefb13a82b5b256b47eb08b63ff14843f8dbd0fb164bc0a32688e5b89e
CancerTargetEvidence	CANCER-004|TGT-PIK3CA	dependency_fraction	0.631578947368421	DepMap CRISPR Gene Dependency	EVID-0025	26Q1	https://depmap.org/portal/data_page/	2026-10-02T19:49:12.583344+00:00	Observed	depmap-m3-v0.2	data\raw\depmap\26Q1\CRISPRGeneDependency.csv	5de498b8fba15897f4f4d6a93681c25d5d41fdbc29f82a5968abb113cc553308
CancerTargetEvidence	CANCER-004|TGT-PIK3CA	median_dependency_probability	0.5718794275994081	DepMap CRISPR Gene Dependency	EVID-0025	26Q1	https://depmap.org/portal/data_page/	2026-10-02T19:49:12.583344+00:00	Observed	depmap-m3-v0.2	data\raw\depmap\26Q1\CRISPRGeneDependency.csv	5de498b8fba15897f4f4d6a93681c25d5d41fdbc29f82a5968abb113cc553308
CancerTargetEvidence	CANCER-004|TGT-PIK3CA	context_models_n	22	DepMap Model + Omics	EVID-0025	26Q1	https://depmap.org/portal/data_page/	2026-10-02T19:49:12.583344+00:00	Derived	depmap-m3-v0.2	data\raw\depmap\26Q1\Model.csv	ea4e0b2a3bc806f81df62689a5ae75f1a100135727a3d7b8a4c7ccc8815183f8
CancerTargetEvidence	CANCER-004|TGT-PIK3CA	delta_gene_effect	-0.03430945239623706	MCL DepMap analysis	EVID-0025	26Q1	https://depmap.org/portal/data_page/	2026-10-02T19:49:12.583344+00:00	Derived	depmap-m3-v0.2	data\raw\depmap\26Q1\CRISPRGeneEffect.csv	e610a4cefb13a82b5b256b47eb08b63ff14843f8dbd0fb164bc0a32688e5b89e
CancerTargetEvidence	CANCER-004|TGT-PIK3CA	cliffs_delta	0.037037037037037035	MCL DepMap analysis	EVID-0025	26Q1	https://depmap.org/portal/data_page/	2026-10-02T19:49:12.583344+00:00	Derived	depmap-m3-v0.2	data\raw\depmap\26Q1\CRISPRGeneEffect.csv	e610a4cefb13a82b5b256b47eb08b63ff14843f8dbd0fb164bc0a32688e5b89e
CancerTargetEvidence	CANCER-004|TGT-PIK3CA	p_value	0.8408687689086103	MCL DepMap analysis	EVID-0025	26Q1	https://depmap.org/portal/data_page/	2026-10-02T19:49:12.583344+00:00	Derived	depmap-m3-v0.2	data\raw\depmap\26Q1\CRISPRGeneEffect.csv	e610a4cefb13a82b5b256b47eb08b63ff14843f8dbd0fb164bc0a32688e5b89e
CancerTargetEvidence	CANCER-004|TGT-PIK3CA	q_value	0.8583513704839004	MCL DepMap analysis	EVID-0025	26Q1	https://depmap.org/portal/data_page/	2026-10-02T19:49:12.583344+00:00	Derived	depmap-m3-v0.2	data\raw\depmap\26Q1\CRISPRGeneEffect.csv	e610a4cefb13a82b5b256b47eb08b63ff14843f8dbd0fb164bc0a32688e5b89e
CancerTargetEvidence	CANCER-004|TGT-PIK3CA	broad_dependency_fraction	0.4685430463576159	DepMap CRISPR Gene Dependency	EVID-0025	26Q1	https://depmap.org/portal/data_page/	2026-10-02T19:49:12.583344+00:00	Derived	depmap-m3-v0.2	data\raw\depmap\26Q1\CRISPRGeneDependency.csv	5de498b8fba15897f4f4d6a93681c25d5d41fdbc29f82a5968abb113cc553308
CancerTargetEvidence	CANCER-004|TGT-CDK6	median_gene_effect	-0.7476768754427928	DepMap CRISPR Gene Effect	EVID-0026	26Q1	https://depmap.org/portal/data_page/	2026-10-02T19:49:12.583344+00:00	Observed	depmap-m3-v0.2	data\raw\depmap\26Q1\CRISPRGeneEffect.csv	e610a4cefb13a82b5b256b47eb08b63ff14843f8dbd0fb164bc0a32688e5b89e
CancerTargetEvidence	CANCER-004|TGT-CDK6	dependency_fraction	0.8421052631578947	DepMap CRISPR Gene Dependency	EVID-0026	26Q1	https://depmap.org/portal/data_page/	2026-10-02T19:49:12.583344+00:00	Observed	depmap-m3-v0.2	data\raw\depmap\26Q1\CRISPRGeneDependency.csv	5de498b8fba15897f4f4d6a93681c25d5d41fdbc29f82a5968abb113cc553308
CancerTargetEvidence	CANCER-004|TGT-CDK6	median_dependency_probability	0.9029499618356642	DepMap CRISPR Gene Dependency	EVID-0026	26Q1	https://depmap.org/portal/data_page/	2026-10-02T19:49:12.583344+00:00	Observed	depmap-m3-v0.2	data\raw\depmap\26Q1\CRISPRGeneDependency.csv	5de498b8fba15897f4f4d6a93681c25d5d41fdbc29f82a5968abb113cc553308
CancerTargetEvidence	CANCER-004|TGT-CDK6	context_models_n	22	DepMap Model + Omics	EVID-0026	26Q1	https://depmap.org/portal/data_page/	2026-10-02T19:49:12.583344+00:00	Derived	depmap-m3-v0.2	data\raw\depmap\26Q1\Model.csv	ea4e0b2a3bc806f81df62689a5ae75f1a100135727a3d7b8a4c7ccc8815183f8
CancerTargetEvidence	CANCER-004|TGT-CDK6	delta_gene_effect	0.09209488606651972	MCL DepMap analysis	EVID-0026	26Q1	https://depmap.org/portal/data_page/	2026-10-02T19:49:12.583344+00:00	Derived	depmap-m3-v0.2	data\raw\depmap\26Q1\CRISPRGeneEffect.csv	e610a4cefb13a82b5b256b47eb08b63ff14843f8dbd0fb164bc0a32688e5b89e
CancerTargetEvidence	CANCER-004|TGT-CDK6	cliffs_delta	0.1189083820662768	MCL DepMap analysis	EVID-0026	26Q1	https://depmap.org/portal/data_page/	2026-10-02T19:49:12.583344+00:00	Derived	depmap-m3-v0.2	data\raw\depmap\26Q1\CRISPRGeneEffect.csv	e610a4cefb13a82b5b256b47eb08b63ff14843f8dbd0fb164bc0a32688e5b89e
CancerTargetEvidence	CANCER-004|TGT-CDK6	p_value	0.5033204020165591	MCL DepMap analysis	EVID-0026	26Q1	https://depmap.org/portal/data_page/	2026-10-02T19:49:12.583344+00:00	Derived	depmap-m3-v0.2	data\raw\depmap\26Q1\CRISPRGeneEffect.csv	e610a4cefb13a82b5b256b47eb08b63ff14843f8dbd0fb164bc0a32688e5b89e
CancerTargetEvidence	CANCER-004|TGT-CDK6	q_value	0.7796510342716224	MCL DepMap analysis	EVID-0026	26Q1	https://depmap.org/portal/data_page/	2026-10-02T19:49:12.583344+00:00	Derived	depmap-m3-v0.2	data\raw\depmap\26Q1\CRISPRGeneEffect.csv	e610a4cefb13a82b5b256b47eb08b63ff14843f8dbd0fb164bc0a32688e5b89e
CancerTargetEvidence	CANCER-004|TGT-CDK6	broad_dependency_fraction	0.5422185430463576	DepMap CRISPR Gene Dependency	EVID-0026	26Q1	https://depmap.org/portal/data_page/	2026-10-02T19:49:12.583344+00:00	Derived	depmap-m3-v0.2	data\raw\depmap\26Q1\CRISPRGeneDependency.csv	5de498b8fba15897f4f4d6a93681c25d5d41fdbc29f82a5968abb113cc553308
CancerTargetEvidence	CANCER-004|TGT-YAP1	median_gene_effect	-0.3431147822968647	DepMap CRISPR Gene Effect	EVID-0027	26Q1	https://depmap.org/portal/data_page/	2026-10-02T19:49:12.583344+00:00	Observed	depmap-m3-v0.2	data\raw\depmap\26Q1\CRISPRGeneEffect.csv	e610a4cefb13a82b5b256b47eb08b63ff14843f8dbd0fb164bc0a32688e5b89e
CancerTargetEvidence	CANCER-004|TGT-YAP1	dependency_fraction	0.2631578947368421	DepMap CRISPR Gene Dependency	EVID-0027	26Q1	https://depmap.org/portal/data_page/	2026-10-02T19:49:12.583344+00:00	Observed	depmap-m3-v0.2	data\raw\depmap\26Q1\CRISPRGeneDependency.csv	5de498b8fba15897f4f4d6a93681c25d5d41fdbc29f82a5968abb113cc553308
CancerTargetEvidence	CANCER-004|TGT-YAP1	median_dependency_probability	0.2456413310796654	DepMap CRISPR Gene Dependency	EVID-0027	26Q1	https://depmap.org/portal/data_page/	2026-10-02T19:49:12.583344+00:00	Observed	depmap-m3-v0.2	data\raw\depmap\26Q1\CRISPRGeneDependency.csv	5de498b8fba15897f4f4d6a93681c25d5d41fdbc29f82a5968abb113cc553308
CancerTargetEvidence	CANCER-004|TGT-YAP1	context_models_n	22	DepMap Model + Omics	EVID-0027	26Q1	https://depmap.org/portal/data_page/	2026-10-02T19:49:12.583344+00:00	Derived	depmap-m3-v0.2	data\raw\depmap\26Q1\Model.csv	ea4e0b2a3bc806f81df62689a5ae75f1a100135727a3d7b8a4c7ccc8815183f8
CancerTargetEvidence	CANCER-004|TGT-YAP1	delta_gene_effect	-0.030734638141193704	MCL DepMap analysis	EVID-0027	26Q1	https://depmap.org/portal/data_page/	2026-10-02T19:49:12.583344+00:00	Derived	depmap-m3-v0.2	data\raw\depmap\26Q1\CRISPRGeneEffect.csv	e610a4cefb13a82b5b256b47eb08b63ff14843f8dbd0fb164bc0a32688e5b89e
CancerTargetEvidence	CANCER-004|TGT-YAP1	cliffs_delta	0.03313840155945419	MCL DepMap analysis	EVID-0027	26Q1	https://depmap.org/portal/data_page/	2026-10-02T19:49:12.583344+00:00	Derived	depmap-m3-v0.2	data\raw\depmap\26Q1\CRISPRGeneEffect.csv	e610a4cefb13a82b5b256b47eb08b63ff14843f8dbd0fb164bc0a32688e5b89e
CancerTargetEvidence	CANCER-004|TGT-YAP1	p_value	0.8583513704839004	MCL DepMap analysis	EVID-0027	26Q1	https://depmap.org/portal/data_page/	2026-10-02T19:49:12.583344+00:00	Derived	depmap-m3-v0.2	data\raw\depmap\26Q1\CRISPRGeneEffect.csv	e610a4cefb13a82b5b256b47eb08b63ff14843f8dbd0fb164bc0a32688e5b89e
CancerTargetEvidence	CANCER-004|TGT-YAP1	q_value	0.8583513704839004	MCL DepMap analysis	EVID-0027	26Q1	https://depmap.org/portal/data_page/	2026-10-02T19:49:12.583344+00:00	Derived	depmap-m3-v0.2	data\raw\depmap\26Q1\CRISPRGeneEffect.csv	e610a4cefb13a82b5b256b47eb08b63ff14843f8dbd0fb164bc0a32688e5b89e
CancerTargetEvidence	CANCER-004|TGT-YAP1	broad_dependency_fraction	0.30629139072847683	DepMap CRISPR Gene Dependency	EVID-0027	26Q1	https://depmap.org/portal/data_page/	2026-10-02T19:49:12.583344+00:00	Derived	depmap-m3-v0.2	data\raw\depmap\26Q1\CRISPRGeneDependency.csv	5de498b8fba15897f4f4d6a93681c25d5d41fdbc29f82a5968abb113cc553308
CancerTargetEvidence	CANCER-011|TGT-EGFR	median_gene_effect	0.0168124897218214	DepMap CRISPR Gene Effect	EVID-0028	26Q1	https://depmap.org/portal/data_page/	2026-10-02T19:49:12.583344+00:00	Observed	depmap-m3-v0.2	data\raw\depmap\26Q1\CRISPRGeneEffect.csv	e610a4cefb13a82b5b256b47eb08b63ff14843f8dbd0fb164bc0a32688e5b89e
CancerTargetEvidence	CANCER-011|TGT-EGFR	dependency_fraction	0.04	DepMap CRISPR Gene Dependency	EVID-0028	26Q1	https://depmap.org/portal/data_page/	2026-10-02T19:49:12.583344+00:00	Observed	depmap-m3-v0.2	data\raw\depmap\26Q1\CRISPRGeneDependency.csv	5de498b8fba15897f4f4d6a93681c25d5d41fdbc29f82a5968abb113cc553308
CancerTargetEvidence	CANCER-011|TGT-EGFR	median_dependency_probability	0.02161295680885445	DepMap CRISPR Gene Dependency	EVID-0028	26Q1	https://depmap.org/portal/data_page/	2026-10-02T19:49:12.583344+00:00	Observed	depmap-m3-v0.2	data\raw\depmap\26Q1\CRISPRGeneDependency.csv	5de498b8fba15897f4f4d6a93681c25d5d41fdbc29f82a5968abb113cc553308
CancerTargetEvidence	CANCER-011|TGT-EGFR	context_models_n	66	DepMap Model + Omics	EVID-0028	26Q1	https://depmap.org/portal/data_page/	2026-10-02T19:49:12.583344+00:00	Derived	depmap-m3-v0.2	data\raw\depmap\26Q1\Model.csv	ea4e0b2a3bc806f81df62689a5ae75f1a100135727a3d7b8a4c7ccc8815183f8
CancerTargetEvidence	CANCER-011|TGT-EGFR	delta_gene_effect		MCL DepMap analysis	EVID-0028	26Q1	https://depmap.org/portal/data_page/	2026-10-02T19:49:12.583344+00:00	Derived	depmap-m3-v0.2	data\raw\depmap\26Q1\CRISPRGeneEffect.csv	e610a4cefb13a82b5b256b47eb08b63ff14843f8dbd0fb164bc0a32688e5b89e
CancerTargetEvidence	CANCER-011|TGT-EGFR	cliffs_delta		MCL DepMap analysis	EVID-0028	26Q1	https://depmap.org/portal/data_page/	2026-10-02T19:49:12.583344+00:00	Derived	depmap-m3-v0.2	data\raw\depmap\26Q1\CRISPRGeneEffect.csv	e610a4cefb13a82b5b256b47eb08b63ff14843f8dbd0fb164bc0a32688e5b89e
CancerTargetEvidence	CANCER-011|TGT-EGFR	p_value		MCL DepMap analysis	EVID-0028	26Q1	https://depmap.org/portal/data_page/	2026-10-02T19:49:12.583344+00:00	Derived	depmap-m3-v0.2	data\raw\depmap\26Q1\CRISPRGeneEffect.csv	e610a4cefb13a82b5b256b47eb08b63ff14843f8dbd0fb164bc0a32688e5b89e
CancerTargetEvidence	CANCER-011|TGT-EGFR	q_value		MCL DepMap analysis	EVID-0028	26Q1	https://depmap.org/portal/data_page/	2026-10-02T19:49:12.583344+00:00	Derived	depmap-m3-v0.2	data\raw\depmap\26Q1\CRISPRGeneEffect.csv	e610a4cefb13a82b5b256b47eb08b63ff14843f8dbd0fb164bc0a32688e5b89e
CancerTargetEvidence	CANCER-011|TGT-EGFR	broad_dependency_fraction	0.18956953642384106	DepMap CRISPR Gene Dependency	EVID-0028	26Q1	https://depmap.org/portal/data_page/	2026-10-02T19:49:12.583344+00:00	Derived	depmap-m3-v0.2	data\raw\depmap\26Q1\CRISPRGeneDependency.csv	5de498b8fba15897f4f4d6a93681c25d5d41fdbc29f82a5968abb113cc553308
CancerTargetEvidence	CANCER-011|TGT-PDGFRA	median_gene_effect	-0.2687336318228263	DepMap CRISPR Gene Effect	EVID-0029	26Q1	https://depmap.org/portal/data_page/	2026-10-02T19:49:12.583344+00:00	Observed	depmap-m3-v0.2	data\raw\depmap\26Q1\CRISPRGeneEffect.csv	e610a4cefb13a82b5b256b47eb08b63ff14843f8dbd0fb164bc0a32688e5b89e
CancerTargetEvidence	CANCER-011|TGT-PDGFRA	dependency_fraction	0.26	DepMap CRISPR Gene Dependency	EVID-0029	26Q1	https://depmap.org/portal/data_page/	2026-10-02T19:49:12.583344+00:00	Observed	depmap-m3-v0.2	data\raw\depmap\26Q1\CRISPRGeneDependency.csv	5de498b8fba15897f4f4d6a93681c25d5d41fdbc29f82a5968abb113cc553308
CancerTargetEvidence	CANCER-011|TGT-PDGFRA	median_dependency_probability	0.19266930854703865	DepMap CRISPR Gene Dependency	EVID-0029	26Q1	https://depmap.org/portal/data_page/	2026-10-02T19:49:12.583344+00:00	Observed	depmap-m3-v0.2	data\raw\depmap\26Q1\CRISPRGeneDependency.csv	5de498b8fba15897f4f4d6a93681c25d5d41fdbc29f82a5968abb113cc553308
CancerTargetEvidence	CANCER-011|TGT-PDGFRA	context_models_n	66	DepMap Model + Omics	EVID-0029	26Q1	https://depmap.org/portal/data_page/	2026-10-02T19:49:12.583344+00:00	Derived	depmap-m3-v0.2	data\raw\depmap\26Q1\Model.csv	ea4e0b2a3bc806f81df62689a5ae75f1a100135727a3d7b8a4c7ccc8815183f8
CancerTargetEvidence	CANCER-011|TGT-PDGFRA	delta_gene_effect		MCL DepMap analysis	EVID-0029	26Q1	https://depmap.org/portal/data_page/	2026-10-02T19:49:12.583344+00:00	Derived	depmap-m3-v0.2	data\raw\depmap\26Q1\CRISPRGeneEffect.csv	e610a4cefb13a82b5b256b47eb08b63ff14843f8dbd0fb164bc0a32688e5b89e
CancerTargetEvidence	CANCER-011|TGT-PDGFRA	cliffs_delta		MCL DepMap analysis	EVID-0029	26Q1	https://depmap.org/portal/data_page/	2026-10-02T19:49:12.583344+00:00	Derived	depmap-m3-v0.2	data\raw\depmap\26Q1\CRISPRGeneEffect.csv	e610a4cefb13a82b5b256b47eb08b63ff14843f8dbd0fb164bc0a32688e5b89e
CancerTargetEvidence	CANCER-011|TGT-PDGFRA	p_value		MCL DepMap analysis	EVID-0029	26Q1	https://depmap.org/portal/data_page/	2026-10-02T19:49:12.583344+00:00	Derived	depmap-m3-v0.2	data\raw\depmap\26Q1\CRISPRGeneEffect.csv	e610a4cefb13a82b5b256b47eb08b63ff14843f8dbd0fb164bc0a32688e5b89e
CancerTargetEvidence	CANCER-011|TGT-PDGFRA	q_value		MCL DepMap analysis	EVID-0029	26Q1	https://depmap.org/portal/data_page/	2026-10-02T19:49:12.583344+00:00	Derived	depmap-m3-v0.2	data\raw\depmap\26Q1\CRISPRGeneEffect.csv	e610a4cefb13a82b5b256b47eb08b63ff14843f8dbd0fb164bc0a32688e5b89e
CancerTargetEvidence	CANCER-011|TGT-PDGFRA	broad_dependency_fraction	0.07036423841059603	DepMap CRISPR Gene Dependency	EVID-0029	26Q1	https://depmap.org/portal/data_page/	2026-10-02T19:49:12.583344+00:00	Derived	depmap-m3-v0.2	data\raw\depmap\26Q1\CRISPRGeneDependency.csv	5de498b8fba15897f4f4d6a93681c25d5d41fdbc29f82a5968abb113cc553308
CancerTargetEvidence	CANCER-011|TGT-CDK4	median_gene_effect	-0.6188941154129559	DepMap CRISPR Gene Effect	EVID-0030	26Q1	https://depmap.org/portal/data_page/	2026-10-02T19:49:12.583344+00:00	Observed	depmap-m3-v0.2	data\raw\depmap\26Q1\CRISPRGeneEffect.csv	e610a4cefb13a82b5b256b47eb08b63ff14843f8dbd0fb164bc0a32688e5b89e
CancerTargetEvidence	CANCER-011|TGT-CDK4	dependency_fraction	0.7	DepMap CRISPR Gene Dependency	EVID-0030	26Q1	https://depmap.org/portal/data_page/	2026-10-02T19:49:12.583344+00:00	Observed	depmap-m3-v0.2	data\raw\depmap\26Q1\CRISPRGeneDependency.csv	5de498b8fba15897f4f4d6a93681c25d5d41fdbc29f82a5968abb113cc553308
CancerTargetEvidence	CANCER-011|TGT-CDK4	median_dependency_probability	0.7649277586148102	DepMap CRISPR Gene Dependency	EVID-0030	26Q1	https://depmap.org/portal/data_page/	2026-10-02T19:49:12.583344+00:00	Observed	depmap-m3-v0.2	data\raw\depmap\26Q1\CRISPRGeneDependency.csv	5de498b8fba15897f4f4d6a93681c25d5d41fdbc29f82a5968abb113cc553308
CancerTargetEvidence	CANCER-011|TGT-CDK4	context_models_n	66	DepMap Model + Omics	EVID-0030	26Q1	https://depmap.org/portal/data_page/	2026-10-02T19:49:12.583344+00:00	Derived	depmap-m3-v0.2	data\raw\depmap\26Q1\Model.csv	ea4e0b2a3bc806f81df62689a5ae75f1a100135727a3d7b8a4c7ccc8815183f8
CancerTargetEvidence	CANCER-011|TGT-CDK4	delta_gene_effect		MCL DepMap analysis	EVID-0030	26Q1	https://depmap.org/portal/data_page/	2026-10-02T19:49:12.583344+00:00	Derived	depmap-m3-v0.2	data\raw\depmap\26Q1\CRISPRGeneEffect.csv	e610a4cefb13a82b5b256b47eb08b63ff14843f8dbd0fb164bc0a32688e5b89e
CancerTargetEvidence	CANCER-011|TGT-CDK4	cliffs_delta		MCL DepMap analysis	EVID-0030	26Q1	https://depmap.org/portal/data_page/	2026-10-02T19:49:12.583344+00:00	Derived	depmap-m3-v0.2	data\raw\depmap\26Q1\CRISPRGeneEffect.csv	e610a4cefb13a82b5b256b47eb08b63ff14843f8dbd0fb164bc0a32688e5b89e
CancerTargetEvidence	CANCER-011|TGT-CDK4	p_value		MCL DepMap analysis	EVID-0030	26Q1	https://depmap.org/portal/data_page/	2026-10-02T19:49:12.583344+00:00	Derived	depmap-m3-v0.2	data\raw\depmap\26Q1\CRISPRGeneEffect.csv	e610a4cefb13a82b5b256b47eb08b63ff14843f8dbd0fb164bc0a32688e5b89e
CancerTargetEvidence	CANCER-011|TGT-CDK4	q_value		MCL DepMap analysis	EVID-0030	26Q1	https://depmap.org/portal/data_page/	2026-10-02T19:49:12.583344+00:00	Derived	depmap-m3-v0.2	data\raw\depmap\26Q1\CRISPRGeneEffect.csv	e610a4cefb13a82b5b256b47eb08b63ff14843f8dbd0fb164bc0a32688e5b89e
CancerTargetEvidence	CANCER-011|TGT-CDK4	broad_dependency_fraction	0.6440397350993378	DepMap CRISPR Gene Dependency	EVID-0030	26Q1	https://depmap.org/portal/data_page/	2026-10-02T19:49:12.583344+00:00	Derived	depmap-m3-v0.2	data\raw\depmap\26Q1\CRISPRGeneDependency.csv	5de498b8fba15897f4f4d6a93681c25d5d41fdbc29f82a5968abb113cc553308
CancerTargetEvidence	CANCER-011|TGT-MDM2	median_gene_effect	-0.4413580138094658	DepMap CRISPR Gene Effect	EVID-0031	26Q1	https://depmap.org/portal/data_page/	2026-10-02T19:49:12.583344+00:00	Observed	depmap-m3-v0.2	data\raw\depmap\26Q1\CRISPRGeneEffect.csv	e610a4cefb13a82b5b256b47eb08b63ff14843f8dbd0fb164bc0a32688e5b89e
CancerTargetEvidence	CANCER-011|TGT-MDM2	dependency_fraction	0.48	DepMap CRISPR Gene Dependency	EVID-0031	26Q1	https://depmap.org/portal/data_page/	2026-10-02T19:49:12.583344+00:00	Observed	depmap-m3-v0.2	data\raw\depmap\26Q1\CRISPRGeneDependency.csv	5de498b8fba15897f4f4d6a93681c25d5d41fdbc29f82a5968abb113cc553308
CancerTargetEvidence	CANCER-011|TGT-MDM2	median_dependency_probability	0.48138720959649717	DepMap CRISPR Gene Dependency	EVID-0031	26Q1	https://depmap.org/portal/data_page/	2026-10-02T19:49:12.583344+00:00	Observed	depmap-m3-v0.2	data\raw\depmap\26Q1\CRISPRGeneDependency.csv	5de498b8fba15897f4f4d6a93681c25d5d41fdbc29f82a5968abb113cc553308
CancerTargetEvidence	CANCER-011|TGT-MDM2	context_models_n	66	DepMap Model + Omics	EVID-0031	26Q1	https://depmap.org/portal/data_page/	2026-10-02T19:49:12.583344+00:00	Derived	depmap-m3-v0.2	data\raw\depmap\26Q1\Model.csv	ea4e0b2a3bc806f81df62689a5ae75f1a100135727a3d7b8a4c7ccc8815183f8
CancerTargetEvidence	CANCER-011|TGT-MDM2	delta_gene_effect		MCL DepMap analysis	EVID-0031	26Q1	https://depmap.org/portal/data_page/	2026-10-02T19:49:12.583344+00:00	Derived	depmap-m3-v0.2	data\raw\depmap\26Q1\CRISPRGeneEffect.csv	e610a4cefb13a82b5b256b47eb08b63ff14843f8dbd0fb164bc0a32688e5b89e
CancerTargetEvidence	CANCER-011|TGT-MDM2	cliffs_delta		MCL DepMap analysis	EVID-0031	26Q1	https://depmap.org/portal/data_page/	2026-10-02T19:49:12.583344+00:00	Derived	depmap-m3-v0.2	data\raw\depmap\26Q1\CRISPRGeneEffect.csv	e610a4cefb13a82b5b256b47eb08b63ff14843f8dbd0fb164bc0a32688e5b89e
CancerTargetEvidence	CANCER-011|TGT-MDM2	p_value		MCL DepMap analysis	EVID-0031	26Q1	https://depmap.org/portal/data_page/	2026-10-02T19:49:12.583344+00:00	Derived	depmap-m3-v0.2	data\raw\depmap\26Q1\CRISPRGeneEffect.csv	e610a4cefb13a82b5b256b47eb08b63ff14843f8dbd0fb164bc0a32688e5b89e
CancerTargetEvidence	CANCER-011|TGT-MDM2	q_value		MCL DepMap analysis	EVID-0031	26Q1	https://depmap.org/portal/data_page/	2026-10-02T19:49:12.583344+00:00	Derived	depmap-m3-v0.2	data\raw\depmap\26Q1\CRISPRGeneEffect.csv	e610a4cefb13a82b5b256b47eb08b63ff14843f8dbd0fb164bc0a32688e5b89e
CancerTargetEvidence	CANCER-011|TGT-MDM2	broad_dependency_fraction	0.4544701986754967	DepMap CRISPR Gene Dependency	EVID-0031	26Q1	https://depmap.org/portal/data_page/	2026-10-02T19:49:12.583344+00:00	Derived	depmap-m3-v0.2	data\raw\depmap\26Q1\CRISPRGeneDependency.csv	5de498b8fba15897f4f4d6a93681c25d5d41fdbc29f82a5968abb113cc553308
CancerTargetEvidence	CANCER-011|TGT-MET	median_gene_effect	-0.06612630170156986	DepMap CRISPR Gene Effect	EVID-0032	26Q1	https://depmap.org/portal/data_page/	2026-10-02T19:49:12.583344+00:00	Observed	depmap-m3-v0.2	data\raw\depmap\26Q1\CRISPRGeneEffect.csv	e610a4cefb13a82b5b256b47eb08b63ff14843f8dbd0fb164bc0a32688e5b89e
CancerTargetEvidence	CANCER-011|TGT-MET	dependency_fraction	0.14	DepMap CRISPR Gene Dependency	EVID-0032	26Q1	https://depmap.org/portal/data_page/	2026-10-02T19:49:12.583344+00:00	Observed	depmap-m3-v0.2	data\raw\depmap\26Q1\CRISPRGeneDependency.csv	5de498b8fba15897f4f4d6a93681c25d5d41fdbc29f82a5968abb113cc553308
CancerTargetEvidence	CANCER-011|TGT-MET	median_dependency_probability	0.0444983000480687	DepMap CRISPR Gene Dependency	EVID-0032	26Q1	https://depmap.org/portal/data_page/	2026-10-02T19:49:12.583344+00:00	Observed	depmap-m3-v0.2	data\raw\depmap\26Q1\CRISPRGeneDependency.csv	5de498b8fba15897f4f4d6a93681c25d5d41fdbc29f82a5968abb113cc553308
CancerTargetEvidence	CANCER-011|TGT-MET	context_models_n	66	DepMap Model + Omics	EVID-0032	26Q1	https://depmap.org/portal/data_page/	2026-10-02T19:49:12.583344+00:00	Derived	depmap-m3-v0.2	data\raw\depmap\26Q1\Model.csv	ea4e0b2a3bc806f81df62689a5ae75f1a100135727a3d7b8a4c7ccc8815183f8
CancerTargetEvidence	CANCER-011|TGT-MET	delta_gene_effect		MCL DepMap analysis	EVID-0032	26Q1	https://depmap.org/portal/data_page/	2026-10-02T19:49:12.583344+00:00	Derived	depmap-m3-v0.2	data\raw\depmap\26Q1\CRISPRGeneEffect.csv	e610a4cefb13a82b5b256b47eb08b63ff14843f8dbd0fb164bc0a32688e5b89e
CancerTargetEvidence	CANCER-011|TGT-MET	cliffs_delta		MCL DepMap analysis	EVID-0032	26Q1	https://depmap.org/portal/data_page/	2026-10-02T19:49:12.583344+00:00	Derived	depmap-m3-v0.2	data\raw\depmap\26Q1\CRISPRGeneEffect.csv	e610a4cefb13a82b5b256b47eb08b63ff14843f8dbd0fb164bc0a32688e5b89e
CancerTargetEvidence	CANCER-011|TGT-MET	p_value		MCL DepMap analysis	EVID-0032	26Q1	https://depmap.org/portal/data_page/	2026-10-02T19:49:12.583344+00:00	Derived	depmap-m3-v0.2	data\raw\depmap\26Q1\CRISPRGeneEffect.csv	e610a4cefb13a82b5b256b47eb08b63ff14843f8dbd0fb164bc0a32688e5b89e
CancerTargetEvidence	CANCER-011|TGT-MET	q_value		MCL DepMap analysis	EVID-0032	26Q1	https://depmap.org/portal/data_page/	2026-10-02T19:49:12.583344+00:00	Derived	depmap-m3-v0.2	data\raw\depmap\26Q1\CRISPRGeneEffect.csv	e610a4cefb13a82b5b256b47eb08b63ff14843f8dbd0fb164bc0a32688e5b89e
CancerTargetEvidence	CANCER-011|TGT-MET	broad_dependency_fraction	0.027317880794701987	DepMap CRISPR Gene Dependency	EVID-0032	26Q1	https://depmap.org/portal/data_page/	2026-10-02T19:49:12.583344+00:00	Derived	depmap-m3-v0.2	data\raw\depmap\26Q1\CRISPRGeneDependency.csv	5de498b8fba15897f4f4d6a93681c25d5d41fdbc29f82a5968abb113cc553308
CancerTargetEvidence	CANCER-011|TGT-PIK3CA	median_gene_effect	-0.3795267752392329	DepMap CRISPR Gene Effect	EVID-0033	26Q1	https://depmap.org/portal/data_page/	2026-10-02T19:49:12.583344+00:00	Observed	depmap-m3-v0.2	data\raw\depmap\26Q1\CRISPRGeneEffect.csv	e610a4cefb13a82b5b256b47eb08b63ff14843f8dbd0fb164bc0a32688e5b89e
CancerTargetEvidence	CANCER-011|TGT-PIK3CA	dependency_fraction	0.4	DepMap CRISPR Gene Dependency	EVID-0033	26Q1	https://depmap.org/portal/data_page/	2026-10-02T19:49:12.583344+00:00	Observed	depmap-m3-v0.2	data\raw\depmap\26Q1\CRISPRGeneDependency.csv	5de498b8fba15897f4f4d6a93681c25d5d41fdbc29f82a5968abb113cc553308
CancerTargetEvidence	CANCER-011|TGT-PIK3CA	median_dependency_probability	0.35076066706535036	DepMap CRISPR Gene Dependency	EVID-0033	26Q1	https://depmap.org/portal/data_page/	2026-10-02T19:49:12.583344+00:00	Observed	depmap-m3-v0.2	data\raw\depmap\26Q1\CRISPRGeneDependency.csv	5de498b8fba15897f4f4d6a93681c25d5d41fdbc29f82a5968abb113cc553308
CancerTargetEvidence	CANCER-011|TGT-PIK3CA	context_models_n	66	DepMap Model + Omics	EVID-0033	26Q1	https://depmap.org/portal/data_page/	2026-10-02T19:49:12.583344+00:00	Derived	depmap-m3-v0.2	data\raw\depmap\26Q1\Model.csv	ea4e0b2a3bc806f81df62689a5ae75f1a100135727a3d7b8a4c7ccc8815183f8
CancerTargetEvidence	CANCER-011|TGT-PIK3CA	delta_gene_effect		MCL DepMap analysis	EVID-0033	26Q1	https://depmap.org/portal/data_page/	2026-10-02T19:49:12.583344+00:00	Derived	depmap-m3-v0.2	data\raw\depmap\26Q1\CRISPRGeneEffect.csv	e610a4cefb13a82b5b256b47eb08b63ff14843f8dbd0fb164bc0a32688e5b89e
CancerTargetEvidence	CANCER-011|TGT-PIK3CA	cliffs_delta		MCL DepMap analysis	EVID-0033	26Q1	https://depmap.org/portal/data_page/	2026-10-02T19:49:12.583344+00:00	Derived	depmap-m3-v0.2	data\raw\depmap\26Q1\CRISPRGeneEffect.csv	e610a4cefb13a82b5b256b47eb08b63ff14843f8dbd0fb164bc0a32688e5b89e
CancerTargetEvidence	CANCER-011|TGT-PIK3CA	p_value		MCL DepMap analysis	EVID-0033	26Q1	https://depmap.org/portal/data_page/	2026-10-02T19:49:12.583344+00:00	Derived	depmap-m3-v0.2	data\raw\depmap\26Q1\CRISPRGeneEffect.csv	e610a4cefb13a82b5b256b47eb08b63ff14843f8dbd0fb164bc0a32688e5b89e
CancerTargetEvidence	CANCER-011|TGT-PIK3CA	q_value		MCL DepMap analysis	EVID-0033	26Q1	https://depmap.org/portal/data_page/	2026-10-02T19:49:12.583344+00:00	Derived	depmap-m3-v0.2	data\raw\depmap\26Q1\CRISPRGeneEffect.csv	e610a4cefb13a82b5b256b47eb08b63ff14843f8dbd0fb164bc0a32688e5b89e
CancerTargetEvidence	CANCER-011|TGT-PIK3CA	broad_dependency_fraction	0.4685430463576159	DepMap CRISPR Gene Dependency	EVID-0033	26Q1	https://depmap.org/portal/data_page/	2026-10-02T19:49:12.583344+00:00	Derived	depmap-m3-v0.2	data\raw\depmap\26Q1\CRISPRGeneDependency.csv	5de498b8fba15897f4f4d6a93681c25d5d41fdbc29f82a5968abb113cc553308
CancerTargetEvidence	CANCER-011|TGT-MTOR	median_gene_effect	-1.2882666426921185	DepMap CRISPR Gene Effect	EVID-0034	26Q1	https://depmap.org/portal/data_page/	2026-10-02T19:49:12.583344+00:00	Observed	depmap-m3-v0.2	data\raw\depmap\26Q1\CRISPRGeneEffect.csv	e610a4cefb13a82b5b256b47eb08b63ff14843f8dbd0fb164bc0a32688e5b89e
CancerTargetEvidence	CANCER-011|TGT-MTOR	dependency_fraction	1.0	DepMap CRISPR Gene Dependency	EVID-0034	26Q1	https://depmap.org/portal/data_page/	2026-10-02T19:49:12.583344+00:00	Observed	depmap-m3-v0.2	data\raw\depmap\26Q1\CRISPRGeneDependency.csv	5de498b8fba15897f4f4d6a93681c25d5d41fdbc29f82a5968abb113cc553308
CancerTargetEvidence	CANCER-011|TGT-MTOR	median_dependency_probability	0.9936401521173281	DepMap CRISPR Gene Dependency	EVID-0034	26Q1	https://depmap.org/portal/data_page/	2026-10-02T19:49:12.583344+00:00	Observed	depmap-m3-v0.2	data\raw\depmap\26Q1\CRISPRGeneDependency.csv	5de498b8fba15897f4f4d6a93681c25d5d41fdbc29f82a5968abb113cc553308
CancerTargetEvidence	CANCER-011|TGT-MTOR	context_models_n	66	DepMap Model + Omics	EVID-0034	26Q1	https://depmap.org/portal/data_page/	2026-10-02T19:49:12.583344+00:00	Derived	depmap-m3-v0.2	data\raw\depmap\26Q1\Model.csv	ea4e0b2a3bc806f81df62689a5ae75f1a100135727a3d7b8a4c7ccc8815183f8
CancerTargetEvidence	CANCER-011|TGT-MTOR	delta_gene_effect		MCL DepMap analysis	EVID-0034	26Q1	https://depmap.org/portal/data_page/	2026-10-02T19:49:12.583344+00:00	Derived	depmap-m3-v0.2	data\raw\depmap\26Q1\CRISPRGeneEffect.csv	e610a4cefb13a82b5b256b47eb08b63ff14843f8dbd0fb164bc0a32688e5b89e
CancerTargetEvidence	CANCER-011|TGT-MTOR	cliffs_delta		MCL DepMap analysis	EVID-0034	26Q1	https://depmap.org/portal/data_page/	2026-10-02T19:49:12.583344+00:00	Derived	depmap-m3-v0.2	data\raw\depmap\26Q1\CRISPRGeneEffect.csv	e610a4cefb13a82b5b256b47eb08b63ff14843f8dbd0fb164bc0a32688e5b89e
CancerTargetEvidence	CANCER-011|TGT-MTOR	p_value		MCL DepMap analysis	EVID-0034	26Q1	https://depmap.org/portal/data_page/	2026-10-02T19:49:12.583344+00:00	Derived	depmap-m3-v0.2	data\raw\depmap\26Q1\CRISPRGeneEffect.csv	e610a4cefb13a82b5b256b47eb08b63ff14843f8dbd0fb164bc0a32688e5b89e
CancerTargetEvidence	CANCER-011|TGT-MTOR	q_value		MCL DepMap analysis	EVID-0034	26Q1	https://depmap.org/portal/data_page/	2026-10-02T19:49:12.583344+00:00	Derived	depmap-m3-v0.2	data\raw\depmap\26Q1\CRISPRGeneEffect.csv	e610a4cefb13a82b5b256b47eb08b63ff14843f8dbd0fb164bc0a32688e5b89e
CancerTargetEvidence	CANCER-011|TGT-MTOR	broad_dependency_fraction	0.9817880794701986	DepMap CRISPR Gene Dependency	EVID-0034	26Q1	https://depmap.org/portal/data_page/	2026-10-02T19:49:12.583344+00:00	Derived	depmap-m3-v0.2	data\raw\depmap\26Q1\CRISPRGeneDependency.csv	5de498b8fba15897f4f4d6a93681c25d5d41fdbc29f82a5968abb113cc553308
CancerTargetEvidence	CANCER-011|TGT-WEE1	median_gene_effect	-2.6767443978774805	DepMap CRISPR Gene Effect	EVID-0035	26Q1	https://depmap.org/portal/data_page/	2026-10-02T19:49:12.583344+00:00	Observed	depmap-m3-v0.2	data\raw\depmap\26Q1\CRISPRGeneEffect.csv	e610a4cefb13a82b5b256b47eb08b63ff14843f8dbd0fb164bc0a32688e5b89e
CancerTargetEvidence	CANCER-011|TGT-WEE1	dependency_fraction	1.0	DepMap CRISPR Gene Dependency	EVID-0035	26Q1	https://depmap.org/portal/data_page/	2026-10-02T19:49:12.583344+00:00	Observed	depmap-m3-v0.2	data\raw\depmap\26Q1\CRISPRGeneDependency.csv	5de498b8fba15897f4f4d6a93681c25d5d41fdbc29f82a5968abb113cc553308
CancerTargetEvidence	CANCER-011|TGT-WEE1	median_dependency_probability	1.0	DepMap CRISPR Gene Dependency	EVID-0035	26Q1	https://depmap.org/portal/data_page/	2026-10-02T19:49:12.583344+00:00	Observed	depmap-m3-v0.2	data\raw\depmap\26Q1\CRISPRGeneDependency.csv	5de498b8fba15897f4f4d6a93681c25d5d41fdbc29f82a5968abb113cc553308
CancerTargetEvidence	CANCER-011|TGT-WEE1	context_models_n	66	DepMap Model + Omics	EVID-0035	26Q1	https://depmap.org/portal/data_page/	2026-10-02T19:49:12.583344+00:00	Derived	depmap-m3-v0.2	data\raw\depmap\26Q1\Model.csv	ea4e0b2a3bc806f81df62689a5ae75f1a100135727a3d7b8a4c7ccc8815183f8
CancerTargetEvidence	CANCER-011|TGT-WEE1	delta_gene_effect		MCL DepMap analysis	EVID-0035	26Q1	https://depmap.org/portal/data_page/	2026-10-02T19:49:12.583344+00:00	Derived	depmap-m3-v0.2	data\raw\depmap\26Q1\CRISPRGeneEffect.csv	e610a4cefb13a82b5b256b47eb08b63ff14843f8dbd0fb164bc0a32688e5b89e
CancerTargetEvidence	CANCER-011|TGT-WEE1	cliffs_delta		MCL DepMap analysis	EVID-0035	26Q1	https://depmap.org/portal/data_page/	2026-10-02T19:49:12.583344+00:00	Derived	depmap-m3-v0.2	data\raw\depmap\26Q1\CRISPRGeneEffect.csv	e610a4cefb13a82b5b256b47eb08b63ff14843f8dbd0fb164bc0a32688e5b89e
CancerTargetEvidence	CANCER-011|TGT-WEE1	p_value		MCL DepMap analysis	EVID-0035	26Q1	https://depmap.org/portal/data_page/	2026-10-02T19:49:12.583344+00:00	Derived	depmap-m3-v0.2	data\raw\depmap\26Q1\CRISPRGeneEffect.csv	e610a4cefb13a82b5b256b47eb08b63ff14843f8dbd0fb164bc0a32688e5b89e
CancerTargetEvidence	CANCER-011|TGT-WEE1	q_value		MCL DepMap analysis	EVID-0035	26Q1	https://depmap.org/portal/data_page/	2026-10-02T19:49:12.583344+00:00	Derived	depmap-m3-v0.2	data\raw\depmap\26Q1\CRISPRGeneEffect.csv	e610a4cefb13a82b5b256b47eb08b63ff14843f8dbd0fb164bc0a32688e5b89e
CancerTargetEvidence	CANCER-011|TGT-WEE1	broad_dependency_fraction	1.0	DepMap CRISPR Gene Dependency	EVID-0035	26Q1	https://depmap.org/portal/data_page/	2026-10-02T19:49:12.583344+00:00	Derived	depmap-m3-v0.2	data\raw\depmap\26Q1\CRISPRGeneDependency.csv	5de498b8fba15897f4f4d6a93681c25d5d41fdbc29f82a5968abb113cc553308
CancerTargetEvidence	CANCER-011|TGT-FGFR3	median_gene_effect	0.0047508458625726	DepMap CRISPR Gene Effect	EVID-0036	26Q1	https://depmap.org/portal/data_page/	2026-10-02T19:49:12.583344+00:00	Observed	depmap-m3-v0.2	data\raw\depmap\26Q1\CRISPRGeneEffect.csv	e610a4cefb13a82b5b256b47eb08b63ff14843f8dbd0fb164bc0a32688e5b89e
CancerTargetEvidence	CANCER-011|TGT-FGFR3	dependency_fraction	0.0	DepMap CRISPR Gene Dependency	EVID-0036	26Q1	https://depmap.org/portal/data_page/	2026-10-02T19:49:12.583344+00:00	Observed	depmap-m3-v0.2	data\raw\depmap\26Q1\CRISPRGeneDependency.csv	5de498b8fba15897f4f4d6a93681c25d5d41fdbc29f82a5968abb113cc553308
CancerTargetEvidence	CANCER-011|TGT-FGFR3	median_dependency_probability	0.0253334676897606	DepMap CRISPR Gene Dependency	EVID-0036	26Q1	https://depmap.org/portal/data_page/	2026-10-02T19:49:12.583344+00:00	Observed	depmap-m3-v0.2	data\raw\depmap\26Q1\CRISPRGeneDependency.csv	5de498b8fba15897f4f4d6a93681c25d5d41fdbc29f82a5968abb113cc553308
CancerTargetEvidence	CANCER-011|TGT-FGFR3	context_models_n	66	DepMap Model + Omics	EVID-0036	26Q1	https://depmap.org/portal/data_page/	2026-10-02T19:49:12.583344+00:00	Derived	depmap-m3-v0.2	data\raw\depmap\26Q1\Model.csv	ea4e0b2a3bc806f81df62689a5ae75f1a100135727a3d7b8a4c7ccc8815183f8
CancerTargetEvidence	CANCER-011|TGT-FGFR3	delta_gene_effect		MCL DepMap analysis	EVID-0036	26Q1	https://depmap.org/portal/data_page/	2026-10-02T19:49:12.583344+00:00	Derived	depmap-m3-v0.2	data\raw\depmap\26Q1\CRISPRGeneEffect.csv	e610a4cefb13a82b5b256b47eb08b63ff14843f8dbd0fb164bc0a32688e5b89e
CancerTargetEvidence	CANCER-011|TGT-FGFR3	cliffs_delta		MCL DepMap analysis	EVID-0036	26Q1	https://depmap.org/portal/data_page/	2026-10-02T19:49:12.583344+00:00	Derived	depmap-m3-v0.2	data\raw\depmap\26Q1\CRISPRGeneEffect.csv	e610a4cefb13a82b5b256b47eb08b63ff14843f8dbd0fb164bc0a32688e5b89e
CancerTargetEvidence	CANCER-011|TGT-FGFR3	p_value		MCL DepMap analysis	EVID-0036	26Q1	https://depmap.org/portal/data_page/	2026-10-02T19:49:12.583344+00:00	Derived	depmap-m3-v0.2	data\raw\depmap\26Q1\CRISPRGeneEffect.csv	e610a4cefb13a82b5b256b47eb08b63ff14843f8dbd0fb164bc0a32688e5b89e
CancerTargetEvidence	CANCER-011|TGT-FGFR3	q_value		MCL DepMap analysis	EVID-0036	26Q1	https://depmap.org/portal/data_page/	2026-10-02T19:49:12.583344+00:00	Derived	depmap-m3-v0.2	data\raw\depmap\26Q1\CRISPRGeneEffect.csv	e610a4cefb13a82b5b256b47eb08b63ff14843f8dbd0fb164bc0a32688e5b89e
CancerTargetEvidence	CANCER-011|TGT-FGFR3	broad_dependency_fraction	0.005794701986754967	DepMap CRISPR Gene Dependency	EVID-0036	26Q1	https://depmap.org/portal/data_page/	2026-10-02T19:49:12.583344+00:00	Derived	depmap-m3-v0.2	data\raw\depmap\26Q1\CRISPRGeneDependency.csv	5de498b8fba15897f4f4d6a93681c25d5d41fdbc29f82a5968abb113cc553308
CancerTargetEvidence	CANCER-013|TGT-PTPN11	median_gene_effect	-1.288686272924079	DepMap CRISPR Gene Effect	EVID-0037	26Q1	https://depmap.org/portal/data_page/	2026-10-02T19:49:12.583344+00:00	Observed	depmap-m3-v0.2	data\raw\depmap\26Q1\CRISPRGeneEffect.csv	e610a4cefb13a82b5b256b47eb08b63ff14843f8dbd0fb164bc0a32688e5b89e
CancerTargetEvidence	CANCER-013|TGT-PTPN11	dependency_fraction	1.0	DepMap CRISPR Gene Dependency	EVID-0037	26Q1	https://depmap.org/portal/data_page/	2026-10-02T19:49:12.583344+00:00	Observed	depmap-m3-v0.2	data\raw\depmap\26Q1\CRISPRGeneDependency.csv	5de498b8fba15897f4f4d6a93681c25d5d41fdbc29f82a5968abb113cc553308
CancerTargetEvidence	CANCER-013|TGT-PTPN11	median_dependency_probability	0.9884960584817252	DepMap CRISPR Gene Dependency	EVID-0037	26Q1	https://depmap.org/portal/data_page/	2026-10-02T19:49:12.583344+00:00	Observed	depmap-m3-v0.2	data\raw\depmap\26Q1\CRISPRGeneDependency.csv	5de498b8fba15897f4f4d6a93681c25d5d41fdbc29f82a5968abb113cc553308
CancerTargetEvidence	CANCER-013|TGT-PTPN11	context_models_n	4	DepMap Model + Omics	EVID-0037	26Q1	https://depmap.org/portal/data_page/	2026-10-02T19:49:12.583344+00:00	Derived	depmap-m3-v0.2	data\raw\depmap\26Q1\Model.csv	ea4e0b2a3bc806f81df62689a5ae75f1a100135727a3d7b8a4c7ccc8815183f8
CancerTargetEvidence	CANCER-013|TGT-PTPN11	delta_gene_effect	-0.40434789185625264	MCL DepMap analysis	EVID-0037	26Q1	https://depmap.org/portal/data_page/	2026-10-02T19:49:12.583344+00:00	Derived	depmap-m3-v0.2	data\raw\depmap\26Q1\CRISPRGeneEffect.csv	e610a4cefb13a82b5b256b47eb08b63ff14843f8dbd0fb164bc0a32688e5b89e
CancerTargetEvidence	CANCER-013|TGT-PTPN11	cliffs_delta	-0.2	MCL DepMap analysis	EVID-0037	26Q1	https://depmap.org/portal/data_page/	2026-10-02T19:49:12.583344+00:00	Derived	depmap-m3-v0.2	data\raw\depmap\26Q1\CRISPRGeneEffect.csv	e610a4cefb13a82b5b256b47eb08b63ff14843f8dbd0fb164bc0a32688e5b89e
CancerTargetEvidence	CANCER-013|TGT-PTPN11	p_value	0.634669678147939	MCL DepMap analysis	EVID-0037	26Q1	https://depmap.org/portal/data_page/	2026-10-02T19:49:12.583344+00:00	Derived	depmap-m3-v0.2	data\raw\depmap\26Q1\CRISPRGeneEffect.csv	e610a4cefb13a82b5b256b47eb08b63ff14843f8dbd0fb164bc0a32688e5b89e
CancerTargetEvidence	CANCER-013|TGT-PTPN11	q_value	0.8583513704839004	MCL DepMap analysis	EVID-0037	26Q1	https://depmap.org/portal/data_page/	2026-10-02T19:49:12.583344+00:00	Derived	depmap-m3-v0.2	data\raw\depmap\26Q1\CRISPRGeneEffect.csv	e610a4cefb13a82b5b256b47eb08b63ff14843f8dbd0fb164bc0a32688e5b89e
CancerTargetEvidence	CANCER-013|TGT-PTPN11	broad_dependency_fraction	0.7044701986754967	DepMap CRISPR Gene Dependency	EVID-0037	26Q1	https://depmap.org/portal/data_page/	2026-10-02T19:49:12.583344+00:00	Derived	depmap-m3-v0.2	data\raw\depmap\26Q1\CRISPRGeneDependency.csv	5de498b8fba15897f4f4d6a93681c25d5d41fdbc29f82a5968abb113cc553308
CancerTargetEvidence	CANCER-013|TGT-NRAS	median_gene_effect	-0.0719804429596002	DepMap CRISPR Gene Effect	EVID-0038	26Q1	https://depmap.org/portal/data_page/	2026-10-02T19:49:12.583344+00:00	Observed	depmap-m3-v0.2	data\raw\depmap\26Q1\CRISPRGeneEffect.csv	e610a4cefb13a82b5b256b47eb08b63ff14843f8dbd0fb164bc0a32688e5b89e
CancerTargetEvidence	CANCER-013|TGT-NRAS	dependency_fraction	0.0	DepMap CRISPR Gene Dependency	EVID-0038	26Q1	https://depmap.org/portal/data_page/	2026-10-02T19:49:12.583344+00:00	Observed	depmap-m3-v0.2	data\raw\depmap\26Q1\CRISPRGeneDependency.csv	5de498b8fba15897f4f4d6a93681c25d5d41fdbc29f82a5968abb113cc553308
CancerTargetEvidence	CANCER-013|TGT-NRAS	median_dependency_probability	0.0376067232309678	DepMap CRISPR Gene Dependency	EVID-0038	26Q1	https://depmap.org/portal/data_page/	2026-10-02T19:49:12.583344+00:00	Observed	depmap-m3-v0.2	data\raw\depmap\26Q1\CRISPRGeneDependency.csv	5de498b8fba15897f4f4d6a93681c25d5d41fdbc29f82a5968abb113cc553308
CancerTargetEvidence	CANCER-013|TGT-NRAS	context_models_n	4	DepMap Model + Omics	EVID-0038	26Q1	https://depmap.org/portal/data_page/	2026-10-02T19:49:12.583344+00:00	Derived	depmap-m3-v0.2	data\raw\depmap\26Q1\Model.csv	ea4e0b2a3bc806f81df62689a5ae75f1a100135727a3d7b8a4c7ccc8815183f8
CancerTargetEvidence	CANCER-013|TGT-NRAS	delta_gene_effect	0.06471473078788355	MCL DepMap analysis	EVID-0038	26Q1	https://depmap.org/portal/data_page/	2026-10-02T19:49:12.583344+00:00	Derived	depmap-m3-v0.2	data\raw\depmap\26Q1\CRISPRGeneEffect.csv	e610a4cefb13a82b5b256b47eb08b63ff14843f8dbd0fb164bc0a32688e5b89e
CancerTargetEvidence	CANCER-013|TGT-NRAS	cliffs_delta	0.3333333333333333	MCL DepMap analysis	EVID-0038	26Q1	https://depmap.org/portal/data_page/	2026-10-02T19:49:12.583344+00:00	Derived	depmap-m3-v0.2	data\raw\depmap\26Q1\CRISPRGeneEffect.csv	e610a4cefb13a82b5b256b47eb08b63ff14843f8dbd0fb164bc0a32688e5b89e
CancerTargetEvidence	CANCER-013|TGT-NRAS	p_value	0.4042913608130999	MCL DepMap analysis	EVID-0038	26Q1	https://depmap.org/portal/data_page/	2026-10-02T19:49:12.583344+00:00	Derived	depmap-m3-v0.2	data\raw\depmap\26Q1\CRISPRGeneEffect.csv	e610a4cefb13a82b5b256b47eb08b63ff14843f8dbd0fb164bc0a32688e5b89e
CancerTargetEvidence	CANCER-013|TGT-NRAS	q_value	0.7622811970638057	MCL DepMap analysis	EVID-0038	26Q1	https://depmap.org/portal/data_page/	2026-10-02T19:49:12.583344+00:00	Derived	depmap-m3-v0.2	data\raw\depmap\26Q1\CRISPRGeneEffect.csv	e610a4cefb13a82b5b256b47eb08b63ff14843f8dbd0fb164bc0a32688e5b89e
CancerTargetEvidence	CANCER-013|TGT-NRAS	broad_dependency_fraction	0.08526490066225166	DepMap CRISPR Gene Dependency	EVID-0038	26Q1	https://depmap.org/portal/data_page/	2026-10-02T19:49:12.583344+00:00	Derived	depmap-m3-v0.2	data\raw\depmap\26Q1\CRISPRGeneDependency.csv	5de498b8fba15897f4f4d6a93681c25d5d41fdbc29f82a5968abb113cc553308
CancerTargetEvidence	CANCER-013|TGT-AURKB	median_gene_effect	-2.102143103726432	DepMap CRISPR Gene Effect	EVID-0039	26Q1	https://depmap.org/portal/data_page/	2026-10-02T19:49:12.583344+00:00	Observed	depmap-m3-v0.2	data\raw\depmap\26Q1\CRISPRGeneEffect.csv	e610a4cefb13a82b5b256b47eb08b63ff14843f8dbd0fb164bc0a32688e5b89e
CancerTargetEvidence	CANCER-013|TGT-AURKB	dependency_fraction	1.0	DepMap CRISPR Gene Dependency	EVID-0039	26Q1	https://depmap.org/portal/data_page/	2026-10-02T19:49:12.583344+00:00	Observed	depmap-m3-v0.2	data\raw\depmap\26Q1\CRISPRGeneDependency.csv	5de498b8fba15897f4f4d6a93681c25d5d41fdbc29f82a5968abb113cc553308
CancerTargetEvidence	CANCER-013|TGT-AURKB	median_dependency_probability	1.0	DepMap CRISPR Gene Dependency	EVID-0039	26Q1	https://depmap.org/portal/data_page/	2026-10-02T19:49:12.583344+00:00	Observed	depmap-m3-v0.2	data\raw\depmap\26Q1\CRISPRGeneDependency.csv	5de498b8fba15897f4f4d6a93681c25d5d41fdbc29f82a5968abb113cc553308
CancerTargetEvidence	CANCER-013|TGT-AURKB	context_models_n	4	DepMap Model + Omics	EVID-0039	26Q1	https://depmap.org/portal/data_page/	2026-10-02T19:49:12.583344+00:00	Derived	depmap-m3-v0.2	data\raw\depmap\26Q1\Model.csv	ea4e0b2a3bc806f81df62689a5ae75f1a100135727a3d7b8a4c7ccc8815183f8
CancerTargetEvidence	CANCER-013|TGT-AURKB	delta_gene_effect	0.3406516214130222	MCL DepMap analysis	EVID-0039	26Q1	https://depmap.org/portal/data_page/	2026-10-02T19:49:12.583344+00:00	Derived	depmap-m3-v0.2	data\raw\depmap\26Q1\CRISPRGeneEffect.csv	e610a4cefb13a82b5b256b47eb08b63ff14843f8dbd0fb164bc0a32688e5b89e
CancerTargetEvidence	CANCER-013|TGT-AURKB	cliffs_delta	0.3	MCL DepMap analysis	EVID-0039	26Q1	https://depmap.org/portal/data_page/	2026-10-02T19:49:12.583344+00:00	Derived	depmap-m3-v0.2	data\raw\depmap\26Q1\CRISPRGeneEffect.csv	e610a4cefb13a82b5b256b47eb08b63ff14843f8dbd0fb164bc0a32688e5b89e
CancerTargetEvidence	CANCER-013|TGT-AURKB	p_value	0.4573687182382834	MCL DepMap analysis	EVID-0039	26Q1	https://depmap.org/portal/data_page/	2026-10-02T19:49:12.583344+00:00	Derived	depmap-m3-v0.2	data\raw\depmap\26Q1\CRISPRGeneEffect.csv	e610a4cefb13a82b5b256b47eb08b63ff14843f8dbd0fb164bc0a32688e5b89e
CancerTargetEvidence	CANCER-013|TGT-AURKB	q_value	0.7622811970638057	MCL DepMap analysis	EVID-0039	26Q1	https://depmap.org/portal/data_page/	2026-10-02T19:49:12.583344+00:00	Derived	depmap-m3-v0.2	data\raw\depmap\26Q1\CRISPRGeneEffect.csv	e610a4cefb13a82b5b256b47eb08b63ff14843f8dbd0fb164bc0a32688e5b89e
CancerTargetEvidence	CANCER-013|TGT-AURKB	broad_dependency_fraction	0.9966887417218543	DepMap CRISPR Gene Dependency	EVID-0039	26Q1	https://depmap.org/portal/data_page/	2026-10-02T19:49:12.583344+00:00	Derived	depmap-m3-v0.2	data\raw\depmap\26Q1\CRISPRGeneDependency.csv	5de498b8fba15897f4f4d6a93681c25d5d41fdbc29f82a5968abb113cc553308
CancerTargetEvidence	CANCER-013|TGT-AXL	median_gene_effect	0.0300445058934514	DepMap CRISPR Gene Effect	EVID-0040	26Q1	https://depmap.org/portal/data_page/	2026-10-02T19:49:12.583344+00:00	Observed	depmap-m3-v0.2	data\raw\depmap\26Q1\CRISPRGeneEffect.csv	e610a4cefb13a82b5b256b47eb08b63ff14843f8dbd0fb164bc0a32688e5b89e
CancerTargetEvidence	CANCER-013|TGT-AXL	dependency_fraction	0.0	DepMap CRISPR Gene Dependency	EVID-0040	26Q1	https://depmap.org/portal/data_page/	2026-10-02T19:49:12.583344+00:00	Observed	depmap-m3-v0.2	data\raw\depmap\26Q1\CRISPRGeneDependency.csv	5de498b8fba15897f4f4d6a93681c25d5d41fdbc29f82a5968abb113cc553308
CancerTargetEvidence	CANCER-013|TGT-AXL	median_dependency_probability	0.0140445924764955	DepMap CRISPR Gene Dependency	EVID-0040	26Q1	https://depmap.org/portal/data_page/	2026-10-02T19:49:12.583344+00:00	Observed	depmap-m3-v0.2	data\raw\depmap\26Q1\CRISPRGeneDependency.csv	5de498b8fba15897f4f4d6a93681c25d5d41fdbc29f82a5968abb113cc553308
CancerTargetEvidence	CANCER-013|TGT-AXL	context_models_n	4	DepMap Model + Omics	EVID-0040	26Q1	https://depmap.org/portal/data_page/	2026-10-02T19:49:12.583344+00:00	Derived	depmap-m3-v0.2	data\raw\depmap\26Q1\Model.csv	ea4e0b2a3bc806f81df62689a5ae75f1a100135727a3d7b8a4c7ccc8815183f8
CancerTargetEvidence	CANCER-013|TGT-AXL	delta_gene_effect	0.08999794354726419	MCL DepMap analysis	EVID-0040	26Q1	https://depmap.org/portal/data_page/	2026-10-02T19:49:12.583344+00:00	Derived	depmap-m3-v0.2	data\raw\depmap\26Q1\CRISPRGeneEffect.csv	e610a4cefb13a82b5b256b47eb08b63ff14843f8dbd0fb164bc0a32688e5b89e
CancerTargetEvidence	CANCER-013|TGT-AXL	cliffs_delta	0.36666666666666664	MCL DepMap analysis	EVID-0040	26Q1	https://depmap.org/portal/data_page/	2026-10-02T19:49:12.583344+00:00	Derived	depmap-m3-v0.2	data\raw\depmap\26Q1\CRISPRGeneEffect.csv	e610a4cefb13a82b5b256b47eb08b63ff14843f8dbd0fb164bc0a32688e5b89e
CancerTargetEvidence	CANCER-013|TGT-AXL	p_value	0.3546019198193111	MCL DepMap analysis	EVID-0040	26Q1	https://depmap.org/portal/data_page/	2026-10-02T19:49:12.583344+00:00	Derived	depmap-m3-v0.2	data\raw\depmap\26Q1\CRISPRGeneEffect.csv	e610a4cefb13a82b5b256b47eb08b63ff14843f8dbd0fb164bc0a32688e5b89e
CancerTargetEvidence	CANCER-013|TGT-AXL	q_value	0.7387539996235648	MCL DepMap analysis	EVID-0040	26Q1	https://depmap.org/portal/data_page/	2026-10-02T19:49:12.583344+00:00	Derived	depmap-m3-v0.2	data\raw\depmap\26Q1\CRISPRGeneEffect.csv	e610a4cefb13a82b5b256b47eb08b63ff14843f8dbd0fb164bc0a32688e5b89e
CancerTargetEvidence	CANCER-013|TGT-AXL	broad_dependency_fraction	0.012417218543046357	DepMap CRISPR Gene Dependency	EVID-0040	26Q1	https://depmap.org/portal/data_page/	2026-10-02T19:49:12.583344+00:00	Derived	depmap-m3-v0.2	data\raw\depmap\26Q1\CRISPRGeneDependency.csv	5de498b8fba15897f4f4d6a93681c25d5d41fdbc29f82a5968abb113cc553308
CancerTargetEvidence	CANCER-013|TGT-BCL2	median_gene_effect	-0.7729042668289591	DepMap CRISPR Gene Effect	EVID-0041	26Q1	https://depmap.org/portal/data_page/	2026-10-02T19:49:12.583344+00:00	Observed	depmap-m3-v0.2	data\raw\depmap\26Q1\CRISPRGeneEffect.csv	e610a4cefb13a82b5b256b47eb08b63ff14843f8dbd0fb164bc0a32688e5b89e
CancerTargetEvidence	CANCER-013|TGT-BCL2	dependency_fraction	1.0	DepMap CRISPR Gene Dependency	EVID-0041	26Q1	https://depmap.org/portal/data_page/	2026-10-02T19:49:12.583344+00:00	Observed	depmap-m3-v0.2	data\raw\depmap\26Q1\CRISPRGeneDependency.csv	5de498b8fba15897f4f4d6a93681c25d5d41fdbc29f82a5968abb113cc553308
CancerTargetEvidence	CANCER-013|TGT-BCL2	median_dependency_probability	0.9162387531475356	DepMap CRISPR Gene Dependency	EVID-0041	26Q1	https://depmap.org/portal/data_page/	2026-10-02T19:49:12.583344+00:00	Observed	depmap-m3-v0.2	data\raw\depmap\26Q1\CRISPRGeneDependency.csv	5de498b8fba15897f4f4d6a93681c25d5d41fdbc29f82a5968abb113cc553308
CancerTargetEvidence	CANCER-013|TGT-BCL2	context_models_n	4	DepMap Model + Omics	EVID-0041	26Q1	https://depmap.org/portal/data_page/	2026-10-02T19:49:12.583344+00:00	Derived	depmap-m3-v0.2	data\raw\depmap\26Q1\Model.csv	ea4e0b2a3bc806f81df62689a5ae75f1a100135727a3d7b8a4c7ccc8815183f8
CancerTargetEvidence	CANCER-013|TGT-BCL2	delta_gene_effect	-0.5486569775270174	MCL DepMap analysis	EVID-0041	26Q1	https://depmap.org/portal/data_page/	2026-10-02T19:49:12.583344+00:00	Derived	depmap-m3-v0.2	data\raw\depmap\26Q1\CRISPRGeneEffect.csv	e610a4cefb13a82b5b256b47eb08b63ff14843f8dbd0fb164bc0a32688e5b89e
CancerTargetEvidence	CANCER-013|TGT-BCL2	cliffs_delta	-0.7333333333333333	MCL DepMap analysis	EVID-0041	26Q1	https://depmap.org/portal/data_page/	2026-10-02T19:49:12.583344+00:00	Derived	depmap-m3-v0.2	data\raw\depmap\26Q1\CRISPRGeneEffect.csv	e610a4cefb13a82b5b256b47eb08b63ff14843f8dbd0fb164bc0a32688e5b89e
CancerTargetEvidence	CANCER-013|TGT-BCL2	p_value	0.04630152456239412	MCL DepMap analysis	EVID-0041	26Q1	https://depmap.org/portal/data_page/	2026-10-02T19:49:12.583344+00:00	Derived	depmap-m3-v0.2	data\raw\depmap\26Q1\CRISPRGeneEffect.csv	e610a4cefb13a82b5b256b47eb08b63ff14843f8dbd0fb164bc0a32688e5b89e
CancerTargetEvidence	CANCER-013|TGT-BCL2	q_value	0.19292301900997552	MCL DepMap analysis	EVID-0041	26Q1	https://depmap.org/portal/data_page/	2026-10-02T19:49:12.583344+00:00	Derived	depmap-m3-v0.2	data\raw\depmap\26Q1\CRISPRGeneEffect.csv	e610a4cefb13a82b5b256b47eb08b63ff14843f8dbd0fb164bc0a32688e5b89e
CancerTargetEvidence	CANCER-013|TGT-BCL2	broad_dependency_fraction	0.03642384105960265	DepMap CRISPR Gene Dependency	EVID-0041	26Q1	https://depmap.org/portal/data_page/	2026-10-02T19:49:12.583344+00:00	Derived	depmap-m3-v0.2	data\raw\depmap\26Q1\CRISPRGeneDependency.csv	5de498b8fba15897f4f4d6a93681c25d5d41fdbc29f82a5968abb113cc553308
CancerTargetEvidence	CANCER-013|TGT-MCL1	median_gene_effect	-1.202517685210672	DepMap CRISPR Gene Effect	EVID-0042	26Q1	https://depmap.org/portal/data_page/	2026-10-02T19:49:12.583344+00:00	Observed	depmap-m3-v0.2	data\raw\depmap\26Q1\CRISPRGeneEffect.csv	e610a4cefb13a82b5b256b47eb08b63ff14843f8dbd0fb164bc0a32688e5b89e
CancerTargetEvidence	CANCER-013|TGT-MCL1	dependency_fraction	1.0	DepMap CRISPR Gene Dependency	EVID-0042	26Q1	https://depmap.org/portal/data_page/	2026-10-02T19:49:12.583344+00:00	Observed	depmap-m3-v0.2	data\raw\depmap\26Q1\CRISPRGeneDependency.csv	5de498b8fba15897f4f4d6a93681c25d5d41fdbc29f82a5968abb113cc553308
CancerTargetEvidence	CANCER-013|TGT-MCL1	median_dependency_probability	0.9951298578103546	DepMap CRISPR Gene Dependency	EVID-0042	26Q1	https://depmap.org/portal/data_page/	2026-10-02T19:49:12.583344+00:00	Observed	depmap-m3-v0.2	data\raw\depmap\26Q1\CRISPRGeneDependency.csv	5de498b8fba15897f4f4d6a93681c25d5d41fdbc29f82a5968abb113cc553308
CancerTargetEvidence	CANCER-013|TGT-MCL1	context_models_n	4	DepMap Model + Omics	EVID-0042	26Q1	https://depmap.org/portal/data_page/	2026-10-02T19:49:12.583344+00:00	Derived	depmap-m3-v0.2	data\raw\depmap\26Q1\Model.csv	ea4e0b2a3bc806f81df62689a5ae75f1a100135727a3d7b8a4c7ccc8815183f8
CancerTargetEvidence	CANCER-013|TGT-MCL1	delta_gene_effect	-0.34604024062350836	MCL DepMap analysis	EVID-0042	26Q1	https://depmap.org/portal/data_page/	2026-10-02T19:49:12.583344+00:00	Derived	depmap-m3-v0.2	data\raw\depmap\26Q1\CRISPRGeneEffect.csv	e610a4cefb13a82b5b256b47eb08b63ff14843f8dbd0fb164bc0a32688e5b89e
CancerTargetEvidence	CANCER-013|TGT-MCL1	cliffs_delta	-0.36666666666666664	MCL DepMap analysis	EVID-0042	26Q1	https://depmap.org/portal/data_page/	2026-10-02T19:49:12.583344+00:00	Derived	depmap-m3-v0.2	data\raw\depmap\26Q1\CRISPRGeneEffect.csv	e610a4cefb13a82b5b256b47eb08b63ff14843f8dbd0fb164bc0a32688e5b89e
CancerTargetEvidence	CANCER-013|TGT-MCL1	p_value	0.3546019198193111	MCL DepMap analysis	EVID-0042	26Q1	https://depmap.org/portal/data_page/	2026-10-02T19:49:12.583344+00:00	Derived	depmap-m3-v0.2	data\raw\depmap\26Q1\CRISPRGeneEffect.csv	e610a4cefb13a82b5b256b47eb08b63ff14843f8dbd0fb164bc0a32688e5b89e
CancerTargetEvidence	CANCER-013|TGT-MCL1	q_value	0.7387539996235648	MCL DepMap analysis	EVID-0042	26Q1	https://depmap.org/portal/data_page/	2026-10-02T19:49:12.583344+00:00	Derived	depmap-m3-v0.2	data\raw\depmap\26Q1\CRISPRGeneEffect.csv	e610a4cefb13a82b5b256b47eb08b63ff14843f8dbd0fb164bc0a32688e5b89e
CancerTargetEvidence	CANCER-013|TGT-MCL1	broad_dependency_fraction	0.6837748344370861	DepMap CRISPR Gene Dependency	EVID-0042	26Q1	https://depmap.org/portal/data_page/	2026-10-02T19:49:12.583344+00:00	Derived	depmap-m3-v0.2	data\raw\depmap\26Q1\CRISPRGeneDependency.csv	5de498b8fba15897f4f4d6a93681c25d5d41fdbc29f82a5968abb113cc553308
CancerTargetEvidence	CANCER-013|TGT-PIM1	median_gene_effect	-0.2368272602990651	DepMap CRISPR Gene Effect	EVID-0043	26Q1	https://depmap.org/portal/data_page/	2026-10-02T19:49:12.583344+00:00	Observed	depmap-m3-v0.2	data\raw\depmap\26Q1\CRISPRGeneEffect.csv	e610a4cefb13a82b5b256b47eb08b63ff14843f8dbd0fb164bc0a32688e5b89e
CancerTargetEvidence	CANCER-013|TGT-PIM1	dependency_fraction	0.0	DepMap CRISPR Gene Dependency	EVID-0043	26Q1	https://depmap.org/portal/data_page/	2026-10-02T19:49:12.583344+00:00	Observed	depmap-m3-v0.2	data\raw\depmap\26Q1\CRISPRGeneDependency.csv	5de498b8fba15897f4f4d6a93681c25d5d41fdbc29f82a5968abb113cc553308
CancerTargetEvidence	CANCER-013|TGT-PIM1	median_dependency_probability	0.1539579283019424	DepMap CRISPR Gene Dependency	EVID-0043	26Q1	https://depmap.org/portal/data_page/	2026-10-02T19:49:12.583344+00:00	Observed	depmap-m3-v0.2	data\raw\depmap\26Q1\CRISPRGeneDependency.csv	5de498b8fba15897f4f4d6a93681c25d5d41fdbc29f82a5968abb113cc553308
CancerTargetEvidence	CANCER-013|TGT-PIM1	context_models_n	4	DepMap Model + Omics	EVID-0043	26Q1	https://depmap.org/portal/data_page/	2026-10-02T19:49:12.583344+00:00	Derived	depmap-m3-v0.2	data\raw\depmap\26Q1\Model.csv	ea4e0b2a3bc806f81df62689a5ae75f1a100135727a3d7b8a4c7ccc8815183f8
CancerTargetEvidence	CANCER-013|TGT-PIM1	delta_gene_effect	-0.11911339195163884	MCL DepMap analysis	EVID-0043	26Q1	https://depmap.org/portal/data_page/	2026-10-02T19:49:12.583344+00:00	Derived	depmap-m3-v0.2	data\raw\depmap\26Q1\CRISPRGeneEffect.csv	e610a4cefb13a82b5b256b47eb08b63ff14843f8dbd0fb164bc0a32688e5b89e
CancerTargetEvidence	CANCER-013|TGT-PIM1	cliffs_delta	-0.13333333333333333	MCL DepMap analysis	EVID-0043	26Q1	https://depmap.org/portal/data_page/	2026-10-02T19:49:12.583344+00:00	Derived	depmap-m3-v0.2	data\raw\depmap\26Q1\CRISPRGeneEffect.csv	e610a4cefb13a82b5b256b47eb08b63ff14843f8dbd0fb164bc0a32688e5b89e
CancerTargetEvidence	CANCER-013|TGT-PIM1	p_value	0.7634105025409372	MCL DepMap analysis	EVID-0043	26Q1	https://depmap.org/portal/data_page/	2026-10-02T19:49:12.583344+00:00	Derived	depmap-m3-v0.2	data\raw\depmap\26Q1\CRISPRGeneEffect.csv	e610a4cefb13a82b5b256b47eb08b63ff14843f8dbd0fb164bc0a32688e5b89e
CancerTargetEvidence	CANCER-013|TGT-PIM1	q_value	0.8583513704839004	MCL DepMap analysis	EVID-0043	26Q1	https://depmap.org/portal/data_page/	2026-10-02T19:49:12.583344+00:00	Derived	depmap-m3-v0.2	data\raw\depmap\26Q1\CRISPRGeneEffect.csv	e610a4cefb13a82b5b256b47eb08b63ff14843f8dbd0fb164bc0a32688e5b89e
CancerTargetEvidence	CANCER-013|TGT-PIM1	broad_dependency_fraction	0.022350993377483443	DepMap CRISPR Gene Dependency	EVID-0043	26Q1	https://depmap.org/portal/data_page/	2026-10-02T19:49:12.583344+00:00	Derived	depmap-m3-v0.2	data\raw\depmap\26Q1\CRISPRGeneDependency.csv	5de498b8fba15897f4f4d6a93681c25d5d41fdbc29f82a5968abb113cc553308
CancerTargetEvidence	CANCER-001|TGT-KRAS	median_gene_effect	-1.7228161254617356	DepMap CRISPR Gene Effect	EVID-0001	26Q1	https://depmap.org/portal/data_page/	2026-10-02T19:59:47.750583+00:00	Observed	depmap-m3-v0.2	data\raw\depmap\26Q1\CRISPRGeneEffect.csv	e610a4cefb13a82b5b256b47eb08b63ff14843f8dbd0fb164bc0a32688e5b89e
CancerTargetEvidence	CANCER-001|TGT-KRAS	dependency_fraction	1.0	DepMap CRISPR Gene Dependency	EVID-0001	26Q1	https://depmap.org/portal/data_page/	2026-10-02T19:59:47.750583+00:00	Observed	depmap-m3-v0.2	data\raw\depmap\26Q1\CRISPRGeneDependency.csv	5de498b8fba15897f4f4d6a93681c25d5d41fdbc29f82a5968abb113cc553308
CancerTargetEvidence	CANCER-001|TGT-KRAS	median_dependency_probability	0.9993817711374998	DepMap CRISPR Gene Dependency	EVID-0001	26Q1	https://depmap.org/portal/data_page/	2026-10-02T19:59:47.750583+00:00	Observed	depmap-m3-v0.2	data\raw\depmap\26Q1\CRISPRGeneDependency.csv	5de498b8fba15897f4f4d6a93681c25d5d41fdbc29f82a5968abb113cc553308
CancerTargetEvidence	CANCER-001|TGT-KRAS	context_models_n	9	DepMap Model + Omics	EVID-0001	26Q1	https://depmap.org/portal/data_page/	2026-10-02T19:59:47.750583+00:00	Derived	depmap-m3-v0.2	data\raw\depmap\26Q1\Model.csv	ea4e0b2a3bc806f81df62689a5ae75f1a100135727a3d7b8a4c7ccc8815183f8
CancerTargetEvidence	CANCER-001|TGT-KRAS	delta_gene_effect	-1.007543302132957	MCL DepMap analysis	EVID-0001	26Q1	https://depmap.org/portal/data_page/	2026-10-02T19:59:47.750583+00:00	Derived	depmap-m3-v0.2	data\raw\depmap\26Q1\CRISPRGeneEffect.csv	e610a4cefb13a82b5b256b47eb08b63ff14843f8dbd0fb164bc0a32688e5b89e
CancerTargetEvidence	CANCER-001|TGT-KRAS	cliffs_delta	-0.5505050505050505	MCL DepMap analysis	EVID-0001	26Q1	https://depmap.org/portal/data_page/	2026-10-02T19:59:47.750583+00:00	Derived	depmap-m3-v0.2	data\raw\depmap\26Q1\CRISPRGeneEffect.csv	e610a4cefb13a82b5b256b47eb08b63ff14843f8dbd0fb164bc0a32688e5b89e
CancerTargetEvidence	CANCER-001|TGT-KRAS	p_value	0.010162424356170591	MCL DepMap analysis	EVID-0001	26Q1	https://depmap.org/portal/data_page/	2026-10-02T19:59:47.750583+00:00	Derived	depmap-m3-v0.2	data\raw\depmap\26Q1\CRISPRGeneEffect.csv	e610a4cefb13a82b5b256b47eb08b63ff14843f8dbd0fb164bc0a32688e5b89e
CancerTargetEvidence	CANCER-001|TGT-KRAS	q_value	0.050812121780852954	MCL DepMap analysis	EVID-0001	26Q1	https://depmap.org/portal/data_page/	2026-10-02T19:59:47.750583+00:00	Derived	depmap-m3-v0.2	data\raw\depmap\26Q1\CRISPRGeneEffect.csv	e610a4cefb13a82b5b256b47eb08b63ff14843f8dbd0fb164bc0a32688e5b89e
CancerTargetEvidence	CANCER-001|TGT-KRAS	broad_dependency_fraction	0.5761589403973509	DepMap CRISPR Gene Dependency	EVID-0001	26Q1	https://depmap.org/portal/data_page/	2026-10-02T19:59:47.750583+00:00	Derived	depmap-m3-v0.2	data\raw\depmap\26Q1\CRISPRGeneDependency.csv	5de498b8fba15897f4f4d6a93681c25d5d41fdbc29f82a5968abb113cc553308
CancerTargetEvidence	CANCER-004|TGT-KRAS	median_gene_effect	-2.625605025715158	DepMap CRISPR Gene Effect	EVID-0004	26Q1	https://depmap.org/portal/data_page/	2026-10-02T19:59:47.750583+00:00	Observed	depmap-m3-v0.2	data\raw\depmap\26Q1\CRISPRGeneEffect.csv	e610a4cefb13a82b5b256b47eb08b63ff14843f8dbd0fb164bc0a32688e5b89e
CancerTargetEvidence	CANCER-004|TGT-KRAS	dependency_fraction	1.0	DepMap CRISPR Gene Dependency	EVID-0004	26Q1	https://depmap.org/portal/data_page/	2026-10-02T19:59:47.750583+00:00	Observed	depmap-m3-v0.2	data\raw\depmap\26Q1\CRISPRGeneDependency.csv	5de498b8fba15897f4f4d6a93681c25d5d41fdbc29f82a5968abb113cc553308
CancerTargetEvidence	CANCER-004|TGT-KRAS	median_dependency_probability	1.0	DepMap CRISPR Gene Dependency	EVID-0004	26Q1	https://depmap.org/portal/data_page/	2026-10-02T19:59:47.750583+00:00	Observed	depmap-m3-v0.2	data\raw\depmap\26Q1\CRISPRGeneDependency.csv	5de498b8fba15897f4f4d6a93681c25d5d41fdbc29f82a5968abb113cc553308
CancerTargetEvidence	CANCER-004|TGT-KRAS	context_models_n	22	DepMap Model + Omics	EVID-0004	26Q1	https://depmap.org/portal/data_page/	2026-10-02T19:59:47.750583+00:00	Derived	depmap-m3-v0.2	data\raw\depmap\26Q1\Model.csv	ea4e0b2a3bc806f81df62689a5ae75f1a100135727a3d7b8a4c7ccc8815183f8
CancerTargetEvidence	CANCER-004|TGT-KRAS	delta_gene_effect	-0.6049405300680637	MCL DepMap analysis	EVID-0004	26Q1	https://depmap.org/portal/data_page/	2026-10-02T19:59:47.750583+00:00	Derived	depmap-m3-v0.2	data\raw\depmap\26Q1\CRISPRGeneEffect.csv	e610a4cefb13a82b5b256b47eb08b63ff14843f8dbd0fb164bc0a32688e5b89e
CancerTargetEvidence	CANCER-004|TGT-KRAS	cliffs_delta	-0.5009746588693957	MCL DepMap analysis	EVID-0004	26Q1	https://depmap.org/portal/data_page/	2026-10-02T19:59:47.750583+00:00	Derived	depmap-m3-v0.2	data\raw\depmap\26Q1\CRISPRGeneEffect.csv	e610a4cefb13a82b5b256b47eb08b63ff14843f8dbd0fb164bc0a32688e5b89e
CancerTargetEvidence	CANCER-004|TGT-KRAS	p_value	0.004295950012326057	MCL DepMap analysis	EVID-0004	26Q1	https://depmap.org/portal/data_page/	2026-10-02T19:59:47.750583+00:00	Derived	depmap-m3-v0.2	data\raw\depmap\26Q1\CRISPRGeneEffect.csv	e610a4cefb13a82b5b256b47eb08b63ff14843f8dbd0fb164bc0a32688e5b89e
CancerTargetEvidence	CANCER-004|TGT-KRAS	q_value	0.050812121780852954	MCL DepMap analysis	EVID-0004	26Q1	https://depmap.org/portal/data_page/	2026-10-02T19:59:47.750583+00:00	Derived	depmap-m3-v0.2	data\raw\depmap\26Q1\CRISPRGeneEffect.csv	e610a4cefb13a82b5b256b47eb08b63ff14843f8dbd0fb164bc0a32688e5b89e
CancerTargetEvidence	CANCER-004|TGT-KRAS	broad_dependency_fraction	0.5761589403973509	DepMap CRISPR Gene Dependency	EVID-0004	26Q1	https://depmap.org/portal/data_page/	2026-10-02T19:59:47.750583+00:00	Derived	depmap-m3-v0.2	data\raw\depmap\26Q1\CRISPRGeneDependency.csv	5de498b8fba15897f4f4d6a93681c25d5d41fdbc29f82a5968abb113cc553308
CancerTargetEvidence	CANCER-013|TGT-FLT3	median_gene_effect	-1.5089892013523076	DepMap CRISPR Gene Effect	EVID-0009	26Q1	https://depmap.org/portal/data_page/	2026-10-02T19:59:47.750583+00:00	Observed	depmap-m3-v0.2	data\raw\depmap\26Q1\CRISPRGeneEffect.csv	e610a4cefb13a82b5b256b47eb08b63ff14843f8dbd0fb164bc0a32688e5b89e
CancerTargetEvidence	CANCER-013|TGT-FLT3	dependency_fraction	1.0	DepMap CRISPR Gene Dependency	EVID-0009	26Q1	https://depmap.org/portal/data_page/	2026-10-02T19:59:47.750583+00:00	Observed	depmap-m3-v0.2	data\raw\depmap\26Q1\CRISPRGeneDependency.csv	5de498b8fba15897f4f4d6a93681c25d5d41fdbc29f82a5968abb113cc553308
CancerTargetEvidence	CANCER-013|TGT-FLT3	median_dependency_probability	0.9998256652359936	DepMap CRISPR Gene Dependency	EVID-0009	26Q1	https://depmap.org/portal/data_page/	2026-10-02T19:59:47.750583+00:00	Observed	depmap-m3-v0.2	data\raw\depmap\26Q1\CRISPRGeneDependency.csv	5de498b8fba15897f4f4d6a93681c25d5d41fdbc29f82a5968abb113cc553308
CancerTargetEvidence	CANCER-013|TGT-FLT3	context_models_n	4	DepMap Model + Omics	EVID-0009	26Q1	https://depmap.org/portal/data_page/	2026-10-02T19:59:47.750583+00:00	Derived	depmap-m3-v0.2	data\raw\depmap\26Q1\Model.csv	ea4e0b2a3bc806f81df62689a5ae75f1a100135727a3d7b8a4c7ccc8815183f8
CancerTargetEvidence	CANCER-013|TGT-FLT3	delta_gene_effect	-1.408699331257913	MCL DepMap analysis	EVID-0009	26Q1	https://depmap.org/portal/data_page/	2026-10-02T19:59:47.750583+00:00	Derived	depmap-m3-v0.2	data\raw\depmap\26Q1\CRISPRGeneEffect.csv	e610a4cefb13a82b5b256b47eb08b63ff14843f8dbd0fb164bc0a32688e5b89e
CancerTargetEvidence	CANCER-013|TGT-FLT3	cliffs_delta	-1.0	MCL DepMap analysis	EVID-0009	26Q1	https://depmap.org/portal/data_page/	2026-10-02T19:59:47.750583+00:00	Derived	depmap-m3-v0.2	data\raw\depmap\26Q1\CRISPRGeneEffect.csv	e610a4cefb13a82b5b256b47eb08b63ff14843f8dbd0fb164bc0a32688e5b89e
CancerTargetEvidence	CANCER-013|TGT-FLT3	p_value	0.001129305477131564	MCL DepMap analysis	EVID-0009	26Q1	https://depmap.org/portal/data_page/	2026-10-02T19:59:47.750583+00:00	Derived	depmap-m3-v0.2	data\raw\depmap\26Q1\CRISPRGeneEffect.csv	e610a4cefb13a82b5b256b47eb08b63ff14843f8dbd0fb164bc0a32688e5b89e
CancerTargetEvidence	CANCER-013|TGT-FLT3	q_value	0.0282326369282891	MCL DepMap analysis	EVID-0009	26Q1	https://depmap.org/portal/data_page/	2026-10-02T19:59:47.750583+00:00	Derived	depmap-m3-v0.2	data\raw\depmap\26Q1\CRISPRGeneEffect.csv	e610a4cefb13a82b5b256b47eb08b63ff14843f8dbd0fb164bc0a32688e5b89e
CancerTargetEvidence	CANCER-013|TGT-FLT3	broad_dependency_fraction	0.01076158940397351	DepMap CRISPR Gene Dependency	EVID-0009	26Q1	https://depmap.org/portal/data_page/	2026-10-02T19:59:47.750583+00:00	Derived	depmap-m3-v0.2	data\raw\depmap\26Q1\CRISPRGeneDependency.csv	5de498b8fba15897f4f4d6a93681c25d5d41fdbc29f82a5968abb113cc553308
CancerTargetEvidence	CANCER-001|TGT-PTPN11	median_gene_effect	-0.6085698266314777	DepMap CRISPR Gene Effect	EVID-0013	26Q1	https://depmap.org/portal/data_page/	2026-10-02T19:59:47.750583+00:00	Observed	depmap-m3-v0.2	data\raw\depmap\26Q1\CRISPRGeneEffect.csv	e610a4cefb13a82b5b256b47eb08b63ff14843f8dbd0fb164bc0a32688e5b89e
CancerTargetEvidence	CANCER-001|TGT-PTPN11	dependency_fraction	0.7777777777777778	DepMap CRISPR Gene Dependency	EVID-0013	26Q1	https://depmap.org/portal/data_page/	2026-10-02T19:59:47.750583+00:00	Observed	depmap-m3-v0.2	data\raw\depmap\26Q1\CRISPRGeneDependency.csv	5de498b8fba15897f4f4d6a93681c25d5d41fdbc29f82a5968abb113cc553308
CancerTargetEvidence	CANCER-001|TGT-PTPN11	median_dependency_probability	0.6690111267635022	DepMap CRISPR Gene Dependency	EVID-0013	26Q1	https://depmap.org/portal/data_page/	2026-10-02T19:59:47.750583+00:00	Observed	depmap-m3-v0.2	data\raw\depmap\26Q1\CRISPRGeneDependency.csv	5de498b8fba15897f4f4d6a93681c25d5d41fdbc29f82a5968abb113cc553308
CancerTargetEvidence	CANCER-001|TGT-PTPN11	context_models_n	9	DepMap Model + Omics	EVID-0013	26Q1	https://depmap.org/portal/data_page/	2026-10-02T19:59:47.750583+00:00	Derived	depmap-m3-v0.2	data\raw\depmap\26Q1\Model.csv	ea4e0b2a3bc806f81df62689a5ae75f1a100135727a3d7b8a4c7ccc8815183f8
CancerTargetEvidence	CANCER-001|TGT-PTPN11	delta_gene_effect	0.17859828887866736	MCL DepMap analysis	EVID-0013	26Q1	https://depmap.org/portal/data_page/	2026-10-02T19:59:47.750583+00:00	Derived	depmap-m3-v0.2	data\raw\depmap\26Q1\CRISPRGeneEffect.csv	e610a4cefb13a82b5b256b47eb08b63ff14843f8dbd0fb164bc0a32688e5b89e
CancerTargetEvidence	CANCER-001|TGT-PTPN11	cliffs_delta	0.29292929292929293	MCL DepMap analysis	EVID-0013	26Q1	https://depmap.org/portal/data_page/	2026-10-02T19:59:47.750583+00:00	Derived	depmap-m3-v0.2	data\raw\depmap\26Q1\CRISPRGeneEffect.csv	e610a4cefb13a82b5b256b47eb08b63ff14843f8dbd0fb164bc0a32688e5b89e
CancerTargetEvidence	CANCER-001|TGT-PTPN11	p_value	0.173161378143721	MCL DepMap analysis	EVID-0013	26Q1	https://depmap.org/portal/data_page/	2026-10-02T19:59:47.750583+00:00	Derived	depmap-m3-v0.2	data\raw\depmap\26Q1\CRISPRGeneEffect.csv	e610a4cefb13a82b5b256b47eb08b63ff14843f8dbd0fb164bc0a32688e5b89e
CancerTargetEvidence	CANCER-001|TGT-PTPN11	q_value	0.4810038281770028	MCL DepMap analysis	EVID-0013	26Q1	https://depmap.org/portal/data_page/	2026-10-02T19:59:47.750583+00:00	Derived	depmap-m3-v0.2	data\raw\depmap\26Q1\CRISPRGeneEffect.csv	e610a4cefb13a82b5b256b47eb08b63ff14843f8dbd0fb164bc0a32688e5b89e
CancerTargetEvidence	CANCER-001|TGT-PTPN11	broad_dependency_fraction	0.7044701986754967	DepMap CRISPR Gene Dependency	EVID-0013	26Q1	https://depmap.org/portal/data_page/	2026-10-02T19:59:47.750583+00:00	Derived	depmap-m3-v0.2	data\raw\depmap\26Q1\CRISPRGeneDependency.csv	5de498b8fba15897f4f4d6a93681c25d5d41fdbc29f82a5968abb113cc553308
CancerTargetEvidence	CANCER-001|TGT-SOS1	median_gene_effect	-0.0762692572418572	DepMap CRISPR Gene Effect	EVID-0014	26Q1	https://depmap.org/portal/data_page/	2026-10-02T19:59:47.750583+00:00	Observed	depmap-m3-v0.2	data\raw\depmap\26Q1\CRISPRGeneEffect.csv	e610a4cefb13a82b5b256b47eb08b63ff14843f8dbd0fb164bc0a32688e5b89e
CancerTargetEvidence	CANCER-001|TGT-SOS1	dependency_fraction	0.0	DepMap CRISPR Gene Dependency	EVID-0014	26Q1	https://depmap.org/portal/data_page/	2026-10-02T19:59:47.750583+00:00	Observed	depmap-m3-v0.2	data\raw\depmap\26Q1\CRISPRGeneDependency.csv	5de498b8fba15897f4f4d6a93681c25d5d41fdbc29f82a5968abb113cc553308
CancerTargetEvidence	CANCER-001|TGT-SOS1	median_dependency_probability	0.0388641656034314	DepMap CRISPR Gene Dependency	EVID-0014	26Q1	https://depmap.org/portal/data_page/	2026-10-02T19:59:47.750583+00:00	Observed	depmap-m3-v0.2	data\raw\depmap\26Q1\CRISPRGeneDependency.csv	5de498b8fba15897f4f4d6a93681c25d5d41fdbc29f82a5968abb113cc553308
CancerTargetEvidence	CANCER-001|TGT-SOS1	context_models_n	9	DepMap Model + Omics	EVID-0014	26Q1	https://depmap.org/portal/data_page/	2026-10-02T19:59:47.750583+00:00	Derived	depmap-m3-v0.2	data\raw\depmap\26Q1\Model.csv	ea4e0b2a3bc806f81df62689a5ae75f1a100135727a3d7b8a4c7ccc8815183f8
CancerTargetEvidence	CANCER-001|TGT-SOS1	delta_gene_effect	0.1947235263222455	MCL DepMap analysis	EVID-0014	26Q1	https://depmap.org/portal/data_page/	2026-10-02T19:59:47.750583+00:00	Derived	depmap-m3-v0.2	data\raw\depmap\26Q1\CRISPRGeneEffect.csv	e610a4cefb13a82b5b256b47eb08b63ff14843f8dbd0fb164bc0a32688e5b89e
CancerTargetEvidence	CANCER-001|TGT-SOS1	cliffs_delta	0.5606060606060606	MCL DepMap analysis	EVID-0014	26Q1	https://depmap.org/portal/data_page/	2026-10-02T19:59:47.750583+00:00	Derived	depmap-m3-v0.2	data\raw\depmap\26Q1\CRISPRGeneEffect.csv	e610a4cefb13a82b5b256b47eb08b63ff14843f8dbd0fb164bc0a32688e5b89e
CancerTargetEvidence	CANCER-001|TGT-SOS1	p_value	0.00885424903574364	MCL DepMap analysis	EVID-0014	26Q1	https://depmap.org/portal/data_page/	2026-10-02T19:59:47.750583+00:00	Derived	depmap-m3-v0.2	data\raw\depmap\26Q1\CRISPRGeneEffect.csv	e610a4cefb13a82b5b256b47eb08b63ff14843f8dbd0fb164bc0a32688e5b89e
CancerTargetEvidence	CANCER-001|TGT-SOS1	q_value	0.050812121780852954	MCL DepMap analysis	EVID-0014	26Q1	https://depmap.org/portal/data_page/	2026-10-02T19:59:47.750583+00:00	Derived	depmap-m3-v0.2	data\raw\depmap\26Q1\CRISPRGeneEffect.csv	e610a4cefb13a82b5b256b47eb08b63ff14843f8dbd0fb164bc0a32688e5b89e
CancerTargetEvidence	CANCER-001|TGT-SOS1	broad_dependency_fraction	0.1837748344370861	DepMap CRISPR Gene Dependency	EVID-0014	26Q1	https://depmap.org/portal/data_page/	2026-10-02T19:59:47.750583+00:00	Derived	depmap-m3-v0.2	data\raw\depmap\26Q1\CRISPRGeneDependency.csv	5de498b8fba15897f4f4d6a93681c25d5d41fdbc29f82a5968abb113cc553308
CancerTargetEvidence	CANCER-001|TGT-GRB2	median_gene_effect	-0.7843523921140622	DepMap CRISPR Gene Effect	EVID-0015	26Q1	https://depmap.org/portal/data_page/	2026-10-02T19:59:47.750583+00:00	Observed	depmap-m3-v0.2	data\raw\depmap\26Q1\CRISPRGeneEffect.csv	e610a4cefb13a82b5b256b47eb08b63ff14843f8dbd0fb164bc0a32688e5b89e
CancerTargetEvidence	CANCER-001|TGT-GRB2	dependency_fraction	0.7777777777777778	DepMap CRISPR Gene Dependency	EVID-0015	26Q1	https://depmap.org/portal/data_page/	2026-10-02T19:59:47.750583+00:00	Observed	depmap-m3-v0.2	data\raw\depmap\26Q1\CRISPRGeneDependency.csv	5de498b8fba15897f4f4d6a93681c25d5d41fdbc29f82a5968abb113cc553308
CancerTargetEvidence	CANCER-001|TGT-GRB2	median_dependency_probability	0.8730200559051822	DepMap CRISPR Gene Dependency	EVID-0015	26Q1	https://depmap.org/portal/data_page/	2026-10-02T19:59:47.750583+00:00	Observed	depmap-m3-v0.2	data\raw\depmap\26Q1\CRISPRGeneDependency.csv	5de498b8fba15897f4f4d6a93681c25d5d41fdbc29f82a5968abb113cc553308
CancerTargetEvidence	CANCER-001|TGT-GRB2	context_models_n	9	DepMap Model + Omics	EVID-0015	26Q1	https://depmap.org/portal/data_page/	2026-10-02T19:59:47.750583+00:00	Derived	depmap-m3-v0.2	data\raw\depmap\26Q1\Model.csv	ea4e0b2a3bc806f81df62689a5ae75f1a100135727a3d7b8a4c7ccc8815183f8
CancerTargetEvidence	CANCER-001|TGT-GRB2	delta_gene_effect	0.32560743131974335	MCL DepMap analysis	EVID-0015	26Q1	https://depmap.org/portal/data_page/	2026-10-02T19:59:47.750583+00:00	Derived	depmap-m3-v0.2	data\raw\depmap\26Q1\CRISPRGeneEffect.csv	e610a4cefb13a82b5b256b47eb08b63ff14843f8dbd0fb164bc0a32688e5b89e
CancerTargetEvidence	CANCER-001|TGT-GRB2	cliffs_delta	0.3787878787878788	MCL DepMap analysis	EVID-0015	26Q1	https://depmap.org/portal/data_page/	2026-10-02T19:59:47.750583+00:00	Derived	depmap-m3-v0.2	data\raw\depmap\26Q1\CRISPRGeneEffect.csv	e610a4cefb13a82b5b256b47eb08b63ff14843f8dbd0fb164bc0a32688e5b89e
CancerTargetEvidence	CANCER-001|TGT-GRB2	p_value	0.07759265173621739	MCL DepMap analysis	EVID-0015	26Q1	https://depmap.org/portal/data_page/	2026-10-02T19:59:47.750583+00:00	Derived	depmap-m3-v0.2	data\raw\depmap\26Q1\CRISPRGeneEffect.csv	e610a4cefb13a82b5b256b47eb08b63ff14843f8dbd0fb164bc0a32688e5b89e
CancerTargetEvidence	CANCER-001|TGT-GRB2	q_value	0.2771166133436335	MCL DepMap analysis	EVID-0015	26Q1	https://depmap.org/portal/data_page/	2026-10-02T19:59:47.750583+00:00	Derived	depmap-m3-v0.2	data\raw\depmap\26Q1\CRISPRGeneEffect.csv	e610a4cefb13a82b5b256b47eb08b63ff14843f8dbd0fb164bc0a32688e5b89e
CancerTargetEvidence	CANCER-001|TGT-GRB2	broad_dependency_fraction	0.7475165562913907	DepMap CRISPR Gene Dependency	EVID-0015	26Q1	https://depmap.org/portal/data_page/	2026-10-02T19:59:47.750583+00:00	Derived	depmap-m3-v0.2	data\raw\depmap\26Q1\CRISPRGeneDependency.csv	5de498b8fba15897f4f4d6a93681c25d5d41fdbc29f82a5968abb113cc553308
CancerTargetEvidence	CANCER-001|TGT-MET	median_gene_effect	0.0123990305563227	DepMap CRISPR Gene Effect	EVID-0016	26Q1	https://depmap.org/portal/data_page/	2026-10-02T19:59:47.750583+00:00	Observed	depmap-m3-v0.2	data\raw\depmap\26Q1\CRISPRGeneEffect.csv	e610a4cefb13a82b5b256b47eb08b63ff14843f8dbd0fb164bc0a32688e5b89e
CancerTargetEvidence	CANCER-001|TGT-MET	dependency_fraction	0.0	DepMap CRISPR Gene Dependency	EVID-0016	26Q1	https://depmap.org/portal/data_page/	2026-10-02T19:59:47.750583+00:00	Observed	depmap-m3-v0.2	data\raw\depmap\26Q1\CRISPRGeneDependency.csv	5de498b8fba15897f4f4d6a93681c25d5d41fdbc29f82a5968abb113cc553308
CancerTargetEvidence	CANCER-001|TGT-MET	median_dependency_probability	0.0196242252261008	DepMap CRISPR Gene Dependency	EVID-0016	26Q1	https://depmap.org/portal/data_page/	2026-10-02T19:59:47.750583+00:00	Observed	depmap-m3-v0.2	data\raw\depmap\26Q1\CRISPRGeneDependency.csv	5de498b8fba15897f4f4d6a93681c25d5d41fdbc29f82a5968abb113cc553308
CancerTargetEvidence	CANCER-001|TGT-MET	context_models_n	9	DepMap Model + Omics	EVID-0016	26Q1	https://depmap.org/portal/data_page/	2026-10-02T19:59:47.750583+00:00	Derived	depmap-m3-v0.2	data\raw\depmap\26Q1\Model.csv	ea4e0b2a3bc806f81df62689a5ae75f1a100135727a3d7b8a4c7ccc8815183f8
CancerTargetEvidence	CANCER-001|TGT-MET	delta_gene_effect	0.0266030137413205	MCL DepMap analysis	EVID-0016	26Q1	https://depmap.org/portal/data_page/	2026-10-02T19:59:47.750583+00:00	Derived	depmap-m3-v0.2	data\raw\depmap\26Q1\CRISPRGeneEffect.csv	e610a4cefb13a82b5b256b47eb08b63ff14843f8dbd0fb164bc0a32688e5b89e
CancerTargetEvidence	CANCER-001|TGT-MET	cliffs_delta	0.3434343434343434	MCL DepMap analysis	EVID-0016	26Q1	https://depmap.org/portal/data_page/	2026-10-02T19:59:47.750583+00:00	Derived	depmap-m3-v0.2	data\raw\depmap\26Q1\CRISPRGeneEffect.csv	e610a4cefb13a82b5b256b47eb08b63ff14843f8dbd0fb164bc0a32688e5b89e
CancerTargetEvidence	CANCER-001|TGT-MET	p_value	0.10981940881523722	MCL DepMap analysis	EVID-0016	26Q1	https://depmap.org/portal/data_page/	2026-10-02T19:59:47.750583+00:00	Derived	depmap-m3-v0.2	data\raw\depmap\26Q1\CRISPRGeneEffect.csv	e610a4cefb13a82b5b256b47eb08b63ff14843f8dbd0fb164bc0a32688e5b89e
CancerTargetEvidence	CANCER-001|TGT-MET	q_value	0.3431856525476163	MCL DepMap analysis	EVID-0016	26Q1	https://depmap.org/portal/data_page/	2026-10-02T19:59:47.750583+00:00	Derived	depmap-m3-v0.2	data\raw\depmap\26Q1\CRISPRGeneEffect.csv	e610a4cefb13a82b5b256b47eb08b63ff14843f8dbd0fb164bc0a32688e5b89e
CancerTargetEvidence	CANCER-001|TGT-MET	broad_dependency_fraction	0.027317880794701987	DepMap CRISPR Gene Dependency	EVID-0016	26Q1	https://depmap.org/portal/data_page/	2026-10-02T19:59:47.750583+00:00	Derived	depmap-m3-v0.2	data\raw\depmap\26Q1\CRISPRGeneDependency.csv	5de498b8fba15897f4f4d6a93681c25d5d41fdbc29f82a5968abb113cc553308
CancerTargetEvidence	CANCER-001|TGT-BRAF	median_gene_effect	-0.0262625620524134	DepMap CRISPR Gene Effect	EVID-0017	26Q1	https://depmap.org/portal/data_page/	2026-10-02T19:59:47.750583+00:00	Observed	depmap-m3-v0.2	data\raw\depmap\26Q1\CRISPRGeneEffect.csv	e610a4cefb13a82b5b256b47eb08b63ff14843f8dbd0fb164bc0a32688e5b89e
CancerTargetEvidence	CANCER-001|TGT-BRAF	dependency_fraction	0.0	DepMap CRISPR Gene Dependency	EVID-0017	26Q1	https://depmap.org/portal/data_page/	2026-10-02T19:59:47.750583+00:00	Observed	depmap-m3-v0.2	data\raw\depmap\26Q1\CRISPRGeneDependency.csv	5de498b8fba15897f4f4d6a93681c25d5d41fdbc29f82a5968abb113cc553308
CancerTargetEvidence	CANCER-001|TGT-BRAF	median_dependency_probability	0.0240096355191732	DepMap CRISPR Gene Dependency	EVID-0017	26Q1	https://depmap.org/portal/data_page/	2026-10-02T19:59:47.750583+00:00	Observed	depmap-m3-v0.2	data\raw\depmap\26Q1\CRISPRGeneDependency.csv	5de498b8fba15897f4f4d6a93681c25d5d41fdbc29f82a5968abb113cc553308
CancerTargetEvidence	CANCER-001|TGT-BRAF	context_models_n	9	DepMap Model + Omics	EVID-0017	26Q1	https://depmap.org/portal/data_page/	2026-10-02T19:59:47.750583+00:00	Derived	depmap-m3-v0.2	data\raw\depmap\26Q1\Model.csv	ea4e0b2a3bc806f81df62689a5ae75f1a100135727a3d7b8a4c7ccc8815183f8
CancerTargetEvidence	CANCER-001|TGT-BRAF	delta_gene_effect	0.013310940944311605	MCL DepMap analysis	EVID-0017	26Q1	https://depmap.org/portal/data_page/	2026-10-02T19:59:47.750583+00:00	Derived	depmap-m3-v0.2	data\raw\depmap\26Q1\CRISPRGeneEffect.csv	e610a4cefb13a82b5b256b47eb08b63ff14843f8dbd0fb164bc0a32688e5b89e
CancerTargetEvidence	CANCER-001|TGT-BRAF	cliffs_delta	0.22727272727272727	MCL DepMap analysis	EVID-0017	26Q1	https://depmap.org/portal/data_page/	2026-10-02T19:59:47.750583+00:00	Derived	depmap-m3-v0.2	data\raw\depmap\26Q1\CRISPRGeneEffect.csv	e610a4cefb13a82b5b256b47eb08b63ff14843f8dbd0fb164bc0a32688e5b89e
CancerTargetEvidence	CANCER-001|TGT-BRAF	p_value	0.29181008303411016	MCL DepMap analysis	EVID-0017	26Q1	https://depmap.org/portal/data_page/	2026-10-02T19:59:47.750583+00:00	Derived	depmap-m3-v0.2	data\raw\depmap\26Q1\CRISPRGeneEffect.csv	e610a4cefb13a82b5b256b47eb08b63ff14843f8dbd0fb164bc0a32688e5b89e
CancerTargetEvidence	CANCER-001|TGT-BRAF	q_value	0.7295252075852754	MCL DepMap analysis	EVID-0017	26Q1	https://depmap.org/portal/data_page/	2026-10-02T19:59:47.750583+00:00	Derived	depmap-m3-v0.2	data\raw\depmap\26Q1\CRISPRGeneEffect.csv	e610a4cefb13a82b5b256b47eb08b63ff14843f8dbd0fb164bc0a32688e5b89e
CancerTargetEvidence	CANCER-001|TGT-BRAF	broad_dependency_fraction	0.09519867549668874	DepMap CRISPR Gene Dependency	EVID-0017	26Q1	https://depmap.org/portal/data_page/	2026-10-02T19:59:47.750583+00:00	Derived	depmap-m3-v0.2	data\raw\depmap\26Q1\CRISPRGeneDependency.csv	5de498b8fba15897f4f4d6a93681c25d5d41fdbc29f82a5968abb113cc553308
CancerTargetEvidence	CANCER-001|TGT-MAP2K1	median_gene_effect	-0.1272577942223448	DepMap CRISPR Gene Effect	EVID-0018	26Q1	https://depmap.org/portal/data_page/	2026-10-02T19:59:47.750583+00:00	Observed	depmap-m3-v0.2	data\raw\depmap\26Q1\CRISPRGeneEffect.csv	e610a4cefb13a82b5b256b47eb08b63ff14843f8dbd0fb164bc0a32688e5b89e
CancerTargetEvidence	CANCER-001|TGT-MAP2K1	dependency_fraction	0.0	DepMap CRISPR Gene Dependency	EVID-0018	26Q1	https://depmap.org/portal/data_page/	2026-10-02T19:59:47.750583+00:00	Observed	depmap-m3-v0.2	data\raw\depmap\26Q1\CRISPRGeneDependency.csv	5de498b8fba15897f4f4d6a93681c25d5d41fdbc29f82a5968abb113cc553308
CancerTargetEvidence	CANCER-001|TGT-MAP2K1	median_dependency_probability	0.0725053571389732	DepMap CRISPR Gene Dependency	EVID-0018	26Q1	https://depmap.org/portal/data_page/	2026-10-02T19:59:47.750583+00:00	Observed	depmap-m3-v0.2	data\raw\depmap\26Q1\CRISPRGeneDependency.csv	5de498b8fba15897f4f4d6a93681c25d5d41fdbc29f82a5968abb113cc553308
CancerTargetEvidence	CANCER-001|TGT-MAP2K1	context_models_n	9	DepMap Model + Omics	EVID-0018	26Q1	https://depmap.org/portal/data_page/	2026-10-02T19:59:47.750583+00:00	Derived	depmap-m3-v0.2	data\raw\depmap\26Q1\Model.csv	ea4e0b2a3bc806f81df62689a5ae75f1a100135727a3d7b8a4c7ccc8815183f8
CancerTargetEvidence	CANCER-001|TGT-MAP2K1	delta_gene_effect	0.014706882602064819	MCL DepMap analysis	EVID-0018	26Q1	https://depmap.org/portal/data_page/	2026-10-02T19:59:47.750583+00:00	Derived	depmap-m3-v0.2	data\raw\depmap\26Q1\CRISPRGeneEffect.csv	e610a4cefb13a82b5b256b47eb08b63ff14843f8dbd0fb164bc0a32688e5b89e
CancerTargetEvidence	CANCER-001|TGT-MAP2K1	cliffs_delta	0.06565656565656566	MCL DepMap analysis	EVID-0018	26Q1	https://depmap.org/portal/data_page/	2026-10-02T19:59:47.750583+00:00	Derived	depmap-m3-v0.2	data\raw\depmap\26Q1\CRISPRGeneEffect.csv	e610a4cefb13a82b5b256b47eb08b63ff14843f8dbd0fb164bc0a32688e5b89e
CancerTargetEvidence	CANCER-001|TGT-MAP2K1	p_value	0.7671444690634368	MCL DepMap analysis	EVID-0018	26Q1	https://depmap.org/portal/data_page/	2026-10-02T19:59:47.750583+00:00	Derived	depmap-m3-v0.2	data\raw\depmap\26Q1\CRISPRGeneEffect.csv	e610a4cefb13a82b5b256b47eb08b63ff14843f8dbd0fb164bc0a32688e5b89e
CancerTargetEvidence	CANCER-001|TGT-MAP2K1	q_value	0.8583513704839004	MCL DepMap analysis	EVID-0018	26Q1	https://depmap.org/portal/data_page/	2026-10-02T19:59:47.750583+00:00	Derived	depmap-m3-v0.2	data\raw\depmap\26Q1\CRISPRGeneEffect.csv	e610a4cefb13a82b5b256b47eb08b63ff14843f8dbd0fb164bc0a32688e5b89e
CancerTargetEvidence	CANCER-001|TGT-MAP2K1	broad_dependency_fraction	0.05380794701986755	DepMap CRISPR Gene Dependency	EVID-0018	26Q1	https://depmap.org/portal/data_page/	2026-10-02T19:59:47.750583+00:00	Derived	depmap-m3-v0.2	data\raw\depmap\26Q1\CRISPRGeneDependency.csv	5de498b8fba15897f4f4d6a93681c25d5d41fdbc29f82a5968abb113cc553308
CancerTargetEvidence	CANCER-001|TGT-RAF1	median_gene_effect	-0.0067279509349256	DepMap CRISPR Gene Effect	EVID-0019	26Q1	https://depmap.org/portal/data_page/	2026-10-02T19:59:47.750583+00:00	Observed	depmap-m3-v0.2	data\raw\depmap\26Q1\CRISPRGeneEffect.csv	e610a4cefb13a82b5b256b47eb08b63ff14843f8dbd0fb164bc0a32688e5b89e
CancerTargetEvidence	CANCER-001|TGT-RAF1	dependency_fraction	0.1111111111111111	DepMap CRISPR Gene Dependency	EVID-0019	26Q1	https://depmap.org/portal/data_page/	2026-10-02T19:59:47.750583+00:00	Observed	depmap-m3-v0.2	data\raw\depmap\26Q1\CRISPRGeneDependency.csv	5de498b8fba15897f4f4d6a93681c25d5d41fdbc29f82a5968abb113cc553308
CancerTargetEvidence	CANCER-001|TGT-RAF1	median_dependency_probability	0.0194935163756132	DepMap CRISPR Gene Dependency	EVID-0019	26Q1	https://depmap.org/portal/data_page/	2026-10-02T19:59:47.750583+00:00	Observed	depmap-m3-v0.2	data\raw\depmap\26Q1\CRISPRGeneDependency.csv	5de498b8fba15897f4f4d6a93681c25d5d41fdbc29f82a5968abb113cc553308
CancerTargetEvidence	CANCER-001|TGT-RAF1	context_models_n	9	DepMap Model + Omics	EVID-0019	26Q1	https://depmap.org/portal/data_page/	2026-10-02T19:59:47.750583+00:00	Derived	depmap-m3-v0.2	data\raw\depmap\26Q1\Model.csv	ea4e0b2a3bc806f81df62689a5ae75f1a100135727a3d7b8a4c7ccc8815183f8
CancerTargetEvidence	CANCER-001|TGT-RAF1	delta_gene_effect	0.045084029883135	MCL DepMap analysis	EVID-0019	26Q1	https://depmap.org/portal/data_page/	2026-10-02T19:59:47.750583+00:00	Derived	depmap-m3-v0.2	data\raw\depmap\26Q1\CRISPRGeneEffect.csv	e610a4cefb13a82b5b256b47eb08b63ff14843f8dbd0fb164bc0a32688e5b89e
CancerTargetEvidence	CANCER-001|TGT-RAF1	cliffs_delta	0.13636363636363635	MCL DepMap analysis	EVID-0019	26Q1	https://depmap.org/portal/data_page/	2026-10-02T19:59:47.750583+00:00	Derived	depmap-m3-v0.2	data\raw\depmap\26Q1\CRISPRGeneEffect.csv	e610a4cefb13a82b5b256b47eb08b63ff14843f8dbd0fb164bc0a32688e5b89e
CancerTargetEvidence	CANCER-001|TGT-RAF1	p_value	0.5301627033047033	MCL DepMap analysis	EVID-0019	26Q1	https://depmap.org/portal/data_page/	2026-10-02T19:59:47.750583+00:00	Derived	depmap-m3-v0.2	data\raw\depmap\26Q1\CRISPRGeneEffect.csv	e610a4cefb13a82b5b256b47eb08b63ff14843f8dbd0fb164bc0a32688e5b89e
CancerTargetEvidence	CANCER-001|TGT-RAF1	q_value	0.7796510342716224	MCL DepMap analysis	EVID-0019	26Q1	https://depmap.org/portal/data_page/	2026-10-02T19:59:47.750583+00:00	Derived	depmap-m3-v0.2	data\raw\depmap\26Q1\CRISPRGeneEffect.csv	e610a4cefb13a82b5b256b47eb08b63ff14843f8dbd0fb164bc0a32688e5b89e
CancerTargetEvidence	CANCER-001|TGT-RAF1	broad_dependency_fraction	0.10844370860927152	DepMap CRISPR Gene Dependency	EVID-0019	26Q1	https://depmap.org/portal/data_page/	2026-10-02T19:59:47.750583+00:00	Derived	depmap-m3-v0.2	data\raw\depmap\26Q1\CRISPRGeneDependency.csv	5de498b8fba15897f4f4d6a93681c25d5d41fdbc29f82a5968abb113cc553308
CancerTargetEvidence	CANCER-004|TGT-PTPN11	median_gene_effect	-0.4996931276214892	DepMap CRISPR Gene Effect	EVID-0020	26Q1	https://depmap.org/portal/data_page/	2026-10-02T19:59:47.750583+00:00	Observed	depmap-m3-v0.2	data\raw\depmap\26Q1\CRISPRGeneEffect.csv	e610a4cefb13a82b5b256b47eb08b63ff14843f8dbd0fb164bc0a32688e5b89e
CancerTargetEvidence	CANCER-004|TGT-PTPN11	dependency_fraction	0.5789473684210527	DepMap CRISPR Gene Dependency	EVID-0020	26Q1	https://depmap.org/portal/data_page/	2026-10-02T19:59:47.750583+00:00	Observed	depmap-m3-v0.2	data\raw\depmap\26Q1\CRISPRGeneDependency.csv	5de498b8fba15897f4f4d6a93681c25d5d41fdbc29f82a5968abb113cc553308
CancerTargetEvidence	CANCER-004|TGT-PTPN11	median_dependency_probability	0.5470797880856538	DepMap CRISPR Gene Dependency	EVID-0020	26Q1	https://depmap.org/portal/data_page/	2026-10-02T19:59:47.750583+00:00	Observed	depmap-m3-v0.2	data\raw\depmap\26Q1\CRISPRGeneDependency.csv	5de498b8fba15897f4f4d6a93681c25d5d41fdbc29f82a5968abb113cc553308
CancerTargetEvidence	CANCER-004|TGT-PTPN11	context_models_n	22	DepMap Model + Omics	EVID-0020	26Q1	https://depmap.org/portal/data_page/	2026-10-02T19:59:47.750583+00:00	Derived	depmap-m3-v0.2	data\raw\depmap\26Q1\Model.csv	ea4e0b2a3bc806f81df62689a5ae75f1a100135727a3d7b8a4c7ccc8815183f8
CancerTargetEvidence	CANCER-004|TGT-PTPN11	delta_gene_effect	-0.056519476063811636	MCL DepMap analysis	EVID-0020	26Q1	https://depmap.org/portal/data_page/	2026-10-02T19:59:47.750583+00:00	Derived	depmap-m3-v0.2	data\raw\depmap\26Q1\CRISPRGeneEffect.csv	e610a4cefb13a82b5b256b47eb08b63ff14843f8dbd0fb164bc0a32688e5b89e
CancerTargetEvidence	CANCER-004|TGT-PTPN11	cliffs_delta	0.037037037037037035	MCL DepMap analysis	EVID-0020	26Q1	https://depmap.org/portal/data_page/	2026-10-02T19:59:47.750583+00:00	Derived	depmap-m3-v0.2	data\raw\depmap\26Q1\CRISPRGeneEffect.csv	e610a4cefb13a82b5b256b47eb08b63ff14843f8dbd0fb164bc0a32688e5b89e
CancerTargetEvidence	CANCER-004|TGT-PTPN11	p_value	0.8408687689086103	MCL DepMap analysis	EVID-0020	26Q1	https://depmap.org/portal/data_page/	2026-10-02T19:59:47.750583+00:00	Derived	depmap-m3-v0.2	data\raw\depmap\26Q1\CRISPRGeneEffect.csv	e610a4cefb13a82b5b256b47eb08b63ff14843f8dbd0fb164bc0a32688e5b89e
CancerTargetEvidence	CANCER-004|TGT-PTPN11	q_value	0.8583513704839004	MCL DepMap analysis	EVID-0020	26Q1	https://depmap.org/portal/data_page/	2026-10-02T19:59:47.750583+00:00	Derived	depmap-m3-v0.2	data\raw\depmap\26Q1\CRISPRGeneEffect.csv	e610a4cefb13a82b5b256b47eb08b63ff14843f8dbd0fb164bc0a32688e5b89e
CancerTargetEvidence	CANCER-004|TGT-PTPN11	broad_dependency_fraction	0.7044701986754967	DepMap CRISPR Gene Dependency	EVID-0020	26Q1	https://depmap.org/portal/data_page/	2026-10-02T19:59:47.750583+00:00	Derived	depmap-m3-v0.2	data\raw\depmap\26Q1\CRISPRGeneDependency.csv	5de498b8fba15897f4f4d6a93681c25d5d41fdbc29f82a5968abb113cc553308
CancerTargetEvidence	CANCER-004|TGT-SOS1	median_gene_effect	-0.1300414163665877	DepMap CRISPR Gene Effect	EVID-0021	26Q1	https://depmap.org/portal/data_page/	2026-10-02T19:59:47.750583+00:00	Observed	depmap-m3-v0.2	data\raw\depmap\26Q1\CRISPRGeneEffect.csv	e610a4cefb13a82b5b256b47eb08b63ff14843f8dbd0fb164bc0a32688e5b89e
CancerTargetEvidence	CANCER-004|TGT-SOS1	dependency_fraction	0.10526315789473684	DepMap CRISPR Gene Dependency	EVID-0021	26Q1	https://depmap.org/portal/data_page/	2026-10-02T19:59:47.750583+00:00	Observed	depmap-m3-v0.2	data\raw\depmap\26Q1\CRISPRGeneDependency.csv	5de498b8fba15897f4f4d6a93681c25d5d41fdbc29f82a5968abb113cc553308
CancerTargetEvidence	CANCER-004|TGT-SOS1	median_dependency_probability	0.0939711755826826	DepMap CRISPR Gene Dependency	EVID-0021	26Q1	https://depmap.org/portal/data_page/	2026-10-02T19:59:47.750583+00:00	Observed	depmap-m3-v0.2	data\raw\depmap\26Q1\CRISPRGeneDependency.csv	5de498b8fba15897f4f4d6a93681c25d5d41fdbc29f82a5968abb113cc553308
CancerTargetEvidence	CANCER-004|TGT-SOS1	context_models_n	22	DepMap Model + Omics	EVID-0021	26Q1	https://depmap.org/portal/data_page/	2026-10-02T19:59:47.750583+00:00	Derived	depmap-m3-v0.2	data\raw\depmap\26Q1\Model.csv	ea4e0b2a3bc806f81df62689a5ae75f1a100135727a3d7b8a4c7ccc8815183f8
CancerTargetEvidence	CANCER-004|TGT-SOS1	delta_gene_effect	-0.002744824902029097	MCL DepMap analysis	EVID-0021	26Q1	https://depmap.org/portal/data_page/	2026-10-02T19:59:47.750583+00:00	Derived	depmap-m3-v0.2	data\raw\depmap\26Q1\CRISPRGeneEffect.csv	e610a4cefb13a82b5b256b47eb08b63ff14843f8dbd0fb164bc0a32688e5b89e
CancerTargetEvidence	CANCER-004|TGT-SOS1	cliffs_delta	-0.04873294346978557	MCL DepMap analysis	EVID-0021	26Q1	https://depmap.org/portal/data_page/	2026-10-02T19:59:47.750583+00:00	Derived	depmap-m3-v0.2	data\raw\depmap\26Q1\CRISPRGeneEffect.csv	e610a4cefb13a82b5b256b47eb08b63ff14843f8dbd0fb164bc0a32688e5b89e
CancerTargetEvidence	CANCER-004|TGT-SOS1	p_value	0.7889227114949541	MCL DepMap analysis	EVID-0021	26Q1	https://depmap.org/portal/data_page/	2026-10-02T19:59:47.750583+00:00	Derived	depmap-m3-v0.2	data\raw\depmap\26Q1\CRISPRGeneEffect.csv	e610a4cefb13a82b5b256b47eb08b63ff14843f8dbd0fb164bc0a32688e5b89e
CancerTargetEvidence	CANCER-004|TGT-SOS1	q_value	0.8583513704839004	MCL DepMap analysis	EVID-0021	26Q1	https://depmap.org/portal/data_page/	2026-10-02T19:59:47.750583+00:00	Derived	depmap-m3-v0.2	data\raw\depmap\26Q1\CRISPRGeneEffect.csv	e610a4cefb13a82b5b256b47eb08b63ff14843f8dbd0fb164bc0a32688e5b89e
CancerTargetEvidence	CANCER-004|TGT-SOS1	broad_dependency_fraction	0.1837748344370861	DepMap CRISPR Gene Dependency	EVID-0021	26Q1	https://depmap.org/portal/data_page/	2026-10-02T19:59:47.750583+00:00	Derived	depmap-m3-v0.2	data\raw\depmap\26Q1\CRISPRGeneDependency.csv	5de498b8fba15897f4f4d6a93681c25d5d41fdbc29f82a5968abb113cc553308
CancerTargetEvidence	CANCER-004|TGT-EGFR	median_gene_effect	-0.2978749759774681	DepMap CRISPR Gene Effect	EVID-0022	26Q1	https://depmap.org/portal/data_page/	2026-10-02T19:59:47.750583+00:00	Observed	depmap-m3-v0.2	data\raw\depmap\26Q1\CRISPRGeneEffect.csv	e610a4cefb13a82b5b256b47eb08b63ff14843f8dbd0fb164bc0a32688e5b89e
CancerTargetEvidence	CANCER-004|TGT-EGFR	dependency_fraction	0.3684210526315789	DepMap CRISPR Gene Dependency	EVID-0022	26Q1	https://depmap.org/portal/data_page/	2026-10-02T19:59:47.750583+00:00	Observed	depmap-m3-v0.2	data\raw\depmap\26Q1\CRISPRGeneDependency.csv	5de498b8fba15897f4f4d6a93681c25d5d41fdbc29f82a5968abb113cc553308
CancerTargetEvidence	CANCER-004|TGT-EGFR	median_dependency_probability	0.2087697916942485	DepMap CRISPR Gene Dependency	EVID-0022	26Q1	https://depmap.org/portal/data_page/	2026-10-02T19:59:47.750583+00:00	Observed	depmap-m3-v0.2	data\raw\depmap\26Q1\CRISPRGeneDependency.csv	5de498b8fba15897f4f4d6a93681c25d5d41fdbc29f82a5968abb113cc553308
CancerTargetEvidence	CANCER-004|TGT-EGFR	context_models_n	22	DepMap Model + Omics	EVID-0022	26Q1	https://depmap.org/portal/data_page/	2026-10-02T19:59:47.750583+00:00	Derived	depmap-m3-v0.2	data\raw\depmap\26Q1\Model.csv	ea4e0b2a3bc806f81df62689a5ae75f1a100135727a3d7b8a4c7ccc8815183f8
CancerTargetEvidence	CANCER-004|TGT-EGFR	delta_gene_effect	-0.0560141864997242	MCL DepMap analysis	EVID-0022	26Q1	https://depmap.org/portal/data_page/	2026-10-02T19:59:47.750583+00:00	Derived	depmap-m3-v0.2	data\raw\depmap\26Q1\CRISPRGeneEffect.csv	e610a4cefb13a82b5b256b47eb08b63ff14843f8dbd0fb164bc0a32688e5b89e
CancerTargetEvidence	CANCER-004|TGT-EGFR	cliffs_delta	0.04483430799220273	MCL DepMap analysis	EVID-0022	26Q1	https://depmap.org/portal/data_page/	2026-10-02T19:59:47.750583+00:00	Derived	depmap-m3-v0.2	data\raw\depmap\26Q1\CRISPRGeneEffect.csv	e610a4cefb13a82b5b256b47eb08b63ff14843f8dbd0fb164bc0a32688e5b89e
CancerTargetEvidence	CANCER-004|TGT-EGFR	p_value	0.8061462310467044	MCL DepMap analysis	EVID-0022	26Q1	https://depmap.org/portal/data_page/	2026-10-02T19:59:47.750583+00:00	Derived	depmap-m3-v0.2	data\raw\depmap\26Q1\CRISPRGeneEffect.csv	e610a4cefb13a82b5b256b47eb08b63ff14843f8dbd0fb164bc0a32688e5b89e
CancerTargetEvidence	CANCER-004|TGT-EGFR	q_value	0.8583513704839004	MCL DepMap analysis	EVID-0022	26Q1	https://depmap.org/portal/data_page/	2026-10-02T19:59:47.750583+00:00	Derived	depmap-m3-v0.2	data\raw\depmap\26Q1\CRISPRGeneEffect.csv	e610a4cefb13a82b5b256b47eb08b63ff14843f8dbd0fb164bc0a32688e5b89e
CancerTargetEvidence	CANCER-004|TGT-EGFR	broad_dependency_fraction	0.18956953642384106	DepMap CRISPR Gene Dependency	EVID-0022	26Q1	https://depmap.org/portal/data_page/	2026-10-02T19:59:47.750583+00:00	Derived	depmap-m3-v0.2	data\raw\depmap\26Q1\CRISPRGeneDependency.csv	5de498b8fba15897f4f4d6a93681c25d5d41fdbc29f82a5968abb113cc553308
CancerTargetEvidence	CANCER-004|TGT-MAP2K1	median_gene_effect	-0.1509745985084591	DepMap CRISPR Gene Effect	EVID-0023	26Q1	https://depmap.org/portal/data_page/	2026-10-02T19:59:47.750583+00:00	Observed	depmap-m3-v0.2	data\raw\depmap\26Q1\CRISPRGeneEffect.csv	e610a4cefb13a82b5b256b47eb08b63ff14843f8dbd0fb164bc0a32688e5b89e
CancerTargetEvidence	CANCER-004|TGT-MAP2K1	dependency_fraction	0.0	DepMap CRISPR Gene Dependency	EVID-0023	26Q1	https://depmap.org/portal/data_page/	2026-10-02T19:59:47.750583+00:00	Observed	depmap-m3-v0.2	data\raw\depmap\26Q1\CRISPRGeneDependency.csv	5de498b8fba15897f4f4d6a93681c25d5d41fdbc29f82a5968abb113cc553308
CancerTargetEvidence	CANCER-004|TGT-MAP2K1	median_dependency_probability	0.1011001183232455	DepMap CRISPR Gene Dependency	EVID-0023	26Q1	https://depmap.org/portal/data_page/	2026-10-02T19:59:47.750583+00:00	Observed	depmap-m3-v0.2	data\raw\depmap\26Q1\CRISPRGeneDependency.csv	5de498b8fba15897f4f4d6a93681c25d5d41fdbc29f82a5968abb113cc553308
CancerTargetEvidence	CANCER-004|TGT-MAP2K1	context_models_n	22	DepMap Model + Omics	EVID-0023	26Q1	https://depmap.org/portal/data_page/	2026-10-02T19:59:47.750583+00:00	Derived	depmap-m3-v0.2	data\raw\depmap\26Q1\Model.csv	ea4e0b2a3bc806f81df62689a5ae75f1a100135727a3d7b8a4c7ccc8815183f8
CancerTargetEvidence	CANCER-004|TGT-MAP2K1	delta_gene_effect	0.06877442252398722	MCL DepMap analysis	EVID-0023	26Q1	https://depmap.org/portal/data_page/	2026-10-02T19:59:47.750583+00:00	Derived	depmap-m3-v0.2	data\raw\depmap\26Q1\CRISPRGeneEffect.csv	e610a4cefb13a82b5b256b47eb08b63ff14843f8dbd0fb164bc0a32688e5b89e
CancerTargetEvidence	CANCER-004|TGT-MAP2K1	cliffs_delta	0.13840155945419103	MCL DepMap analysis	EVID-0023	26Q1	https://depmap.org/portal/data_page/	2026-10-02T19:59:47.750583+00:00	Derived	depmap-m3-v0.2	data\raw\depmap\26Q1\CRISPRGeneEffect.csv	e610a4cefb13a82b5b256b47eb08b63ff14843f8dbd0fb164bc0a32688e5b89e
CancerTargetEvidence	CANCER-004|TGT-MAP2K1	p_value	0.43490823499778675	MCL DepMap analysis	EVID-0023	26Q1	https://depmap.org/portal/data_page/	2026-10-02T19:59:47.750583+00:00	Derived	depmap-m3-v0.2	data\raw\depmap\26Q1\CRISPRGeneEffect.csv	e610a4cefb13a82b5b256b47eb08b63ff14843f8dbd0fb164bc0a32688e5b89e
CancerTargetEvidence	CANCER-004|TGT-MAP2K1	q_value	0.7622811970638057	MCL DepMap analysis	EVID-0023	26Q1	https://depmap.org/portal/data_page/	2026-10-02T19:59:47.750583+00:00	Derived	depmap-m3-v0.2	data\raw\depmap\26Q1\CRISPRGeneEffect.csv	e610a4cefb13a82b5b256b47eb08b63ff14843f8dbd0fb164bc0a32688e5b89e
CancerTargetEvidence	CANCER-004|TGT-MAP2K1	broad_dependency_fraction	0.05380794701986755	DepMap CRISPR Gene Dependency	EVID-0023	26Q1	https://depmap.org/portal/data_page/	2026-10-02T19:59:47.750583+00:00	Derived	depmap-m3-v0.2	data\raw\depmap\26Q1\CRISPRGeneDependency.csv	5de498b8fba15897f4f4d6a93681c25d5d41fdbc29f82a5968abb113cc553308
CancerTargetEvidence	CANCER-004|TGT-ULK1	median_gene_effect	0.0383045020871365	DepMap CRISPR Gene Effect	EVID-0024	26Q1	https://depmap.org/portal/data_page/	2026-10-02T19:59:47.750583+00:00	Observed	depmap-m3-v0.2	data\raw\depmap\26Q1\CRISPRGeneEffect.csv	e610a4cefb13a82b5b256b47eb08b63ff14843f8dbd0fb164bc0a32688e5b89e
CancerTargetEvidence	CANCER-004|TGT-ULK1	dependency_fraction	0.0	DepMap CRISPR Gene Dependency	EVID-0024	26Q1	https://depmap.org/portal/data_page/	2026-10-02T19:59:47.750583+00:00	Observed	depmap-m3-v0.2	data\raw\depmap\26Q1\CRISPRGeneDependency.csv	5de498b8fba15897f4f4d6a93681c25d5d41fdbc29f82a5968abb113cc553308
CancerTargetEvidence	CANCER-004|TGT-ULK1	median_dependency_probability	0.016314667554649	DepMap CRISPR Gene Dependency	EVID-0024	26Q1	https://depmap.org/portal/data_page/	2026-10-02T19:59:47.750583+00:00	Observed	depmap-m3-v0.2	data\raw\depmap\26Q1\CRISPRGeneDependency.csv	5de498b8fba15897f4f4d6a93681c25d5d41fdbc29f82a5968abb113cc553308
CancerTargetEvidence	CANCER-004|TGT-ULK1	context_models_n	22	DepMap Model + Omics	EVID-0024	26Q1	https://depmap.org/portal/data_page/	2026-10-02T19:59:47.750583+00:00	Derived	depmap-m3-v0.2	data\raw\depmap\26Q1\Model.csv	ea4e0b2a3bc806f81df62689a5ae75f1a100135727a3d7b8a4c7ccc8815183f8
CancerTargetEvidence	CANCER-004|TGT-ULK1	delta_gene_effect	0.1234854906625396	MCL DepMap analysis	EVID-0024	26Q1	https://depmap.org/portal/data_page/	2026-10-02T19:59:47.750583+00:00	Derived	depmap-m3-v0.2	data\raw\depmap\26Q1\CRISPRGeneEffect.csv	e610a4cefb13a82b5b256b47eb08b63ff14843f8dbd0fb164bc0a32688e5b89e
CancerTargetEvidence	CANCER-004|TGT-ULK1	cliffs_delta	0.4775828460038986	MCL DepMap analysis	EVID-0024	26Q1	https://depmap.org/portal/data_page/	2026-10-02T19:59:47.750583+00:00	Derived	depmap-m3-v0.2	data\raw\depmap\26Q1\CRISPRGeneEffect.csv	e610a4cefb13a82b5b256b47eb08b63ff14843f8dbd0fb164bc0a32688e5b89e
CancerTargetEvidence	CANCER-004|TGT-ULK1	p_value	0.006494388378746335	MCL DepMap analysis	EVID-0024	26Q1	https://depmap.org/portal/data_page/	2026-10-02T19:59:47.750583+00:00	Derived	depmap-m3-v0.2	data\raw\depmap\26Q1\CRISPRGeneEffect.csv	e610a4cefb13a82b5b256b47eb08b63ff14843f8dbd0fb164bc0a32688e5b89e
CancerTargetEvidence	CANCER-004|TGT-ULK1	q_value	0.050812121780852954	MCL DepMap analysis	EVID-0024	26Q1	https://depmap.org/portal/data_page/	2026-10-02T19:59:47.750583+00:00	Derived	depmap-m3-v0.2	data\raw\depmap\26Q1\CRISPRGeneEffect.csv	e610a4cefb13a82b5b256b47eb08b63ff14843f8dbd0fb164bc0a32688e5b89e
CancerTargetEvidence	CANCER-004|TGT-ULK1	broad_dependency_fraction	0.004966887417218543	DepMap CRISPR Gene Dependency	EVID-0024	26Q1	https://depmap.org/portal/data_page/	2026-10-02T19:59:47.750583+00:00	Derived	depmap-m3-v0.2	data\raw\depmap\26Q1\CRISPRGeneDependency.csv	5de498b8fba15897f4f4d6a93681c25d5d41fdbc29f82a5968abb113cc553308
CancerTargetEvidence	CANCER-004|TGT-PIK3CA	median_gene_effect	-0.5681083302513694	DepMap CRISPR Gene Effect	EVID-0025	26Q1	https://depmap.org/portal/data_page/	2026-10-02T19:59:47.750583+00:00	Observed	depmap-m3-v0.2	data\raw\depmap\26Q1\CRISPRGeneEffect.csv	e610a4cefb13a82b5b256b47eb08b63ff14843f8dbd0fb164bc0a32688e5b89e
CancerTargetEvidence	CANCER-004|TGT-PIK3CA	dependency_fraction	0.631578947368421	DepMap CRISPR Gene Dependency	EVID-0025	26Q1	https://depmap.org/portal/data_page/	2026-10-02T19:59:47.750583+00:00	Observed	depmap-m3-v0.2	data\raw\depmap\26Q1\CRISPRGeneDependency.csv	5de498b8fba15897f4f4d6a93681c25d5d41fdbc29f82a5968abb113cc553308
CancerTargetEvidence	CANCER-004|TGT-PIK3CA	median_dependency_probability	0.5718794275994081	DepMap CRISPR Gene Dependency	EVID-0025	26Q1	https://depmap.org/portal/data_page/	2026-10-02T19:59:47.750583+00:00	Observed	depmap-m3-v0.2	data\raw\depmap\26Q1\CRISPRGeneDependency.csv	5de498b8fba15897f4f4d6a93681c25d5d41fdbc29f82a5968abb113cc553308
CancerTargetEvidence	CANCER-004|TGT-PIK3CA	context_models_n	22	DepMap Model + Omics	EVID-0025	26Q1	https://depmap.org/portal/data_page/	2026-10-02T19:59:47.750583+00:00	Derived	depmap-m3-v0.2	data\raw\depmap\26Q1\Model.csv	ea4e0b2a3bc806f81df62689a5ae75f1a100135727a3d7b8a4c7ccc8815183f8
CancerTargetEvidence	CANCER-004|TGT-PIK3CA	delta_gene_effect	-0.03430945239623706	MCL DepMap analysis	EVID-0025	26Q1	https://depmap.org/portal/data_page/	2026-10-02T19:59:47.750583+00:00	Derived	depmap-m3-v0.2	data\raw\depmap\26Q1\CRISPRGeneEffect.csv	e610a4cefb13a82b5b256b47eb08b63ff14843f8dbd0fb164bc0a32688e5b89e
CancerTargetEvidence	CANCER-004|TGT-PIK3CA	cliffs_delta	0.037037037037037035	MCL DepMap analysis	EVID-0025	26Q1	https://depmap.org/portal/data_page/	2026-10-02T19:59:47.750583+00:00	Derived	depmap-m3-v0.2	data\raw\depmap\26Q1\CRISPRGeneEffect.csv	e610a4cefb13a82b5b256b47eb08b63ff14843f8dbd0fb164bc0a32688e5b89e
CancerTargetEvidence	CANCER-004|TGT-PIK3CA	p_value	0.8408687689086103	MCL DepMap analysis	EVID-0025	26Q1	https://depmap.org/portal/data_page/	2026-10-02T19:59:47.750583+00:00	Derived	depmap-m3-v0.2	data\raw\depmap\26Q1\CRISPRGeneEffect.csv	e610a4cefb13a82b5b256b47eb08b63ff14843f8dbd0fb164bc0a32688e5b89e
CancerTargetEvidence	CANCER-004|TGT-PIK3CA	q_value	0.8583513704839004	MCL DepMap analysis	EVID-0025	26Q1	https://depmap.org/portal/data_page/	2026-10-02T19:59:47.750583+00:00	Derived	depmap-m3-v0.2	data\raw\depmap\26Q1\CRISPRGeneEffect.csv	e610a4cefb13a82b5b256b47eb08b63ff14843f8dbd0fb164bc0a32688e5b89e
CancerTargetEvidence	CANCER-004|TGT-PIK3CA	broad_dependency_fraction	0.4685430463576159	DepMap CRISPR Gene Dependency	EVID-0025	26Q1	https://depmap.org/portal/data_page/	2026-10-02T19:59:47.750583+00:00	Derived	depmap-m3-v0.2	data\raw\depmap\26Q1\CRISPRGeneDependency.csv	5de498b8fba15897f4f4d6a93681c25d5d41fdbc29f82a5968abb113cc553308
CancerTargetEvidence	CANCER-004|TGT-CDK6	median_gene_effect	-0.7476768754427928	DepMap CRISPR Gene Effect	EVID-0026	26Q1	https://depmap.org/portal/data_page/	2026-10-02T19:59:47.750583+00:00	Observed	depmap-m3-v0.2	data\raw\depmap\26Q1\CRISPRGeneEffect.csv	e610a4cefb13a82b5b256b47eb08b63ff14843f8dbd0fb164bc0a32688e5b89e
CancerTargetEvidence	CANCER-004|TGT-CDK6	dependency_fraction	0.8421052631578947	DepMap CRISPR Gene Dependency	EVID-0026	26Q1	https://depmap.org/portal/data_page/	2026-10-02T19:59:47.750583+00:00	Observed	depmap-m3-v0.2	data\raw\depmap\26Q1\CRISPRGeneDependency.csv	5de498b8fba15897f4f4d6a93681c25d5d41fdbc29f82a5968abb113cc553308
CancerTargetEvidence	CANCER-004|TGT-CDK6	median_dependency_probability	0.9029499618356642	DepMap CRISPR Gene Dependency	EVID-0026	26Q1	https://depmap.org/portal/data_page/	2026-10-02T19:59:47.750583+00:00	Observed	depmap-m3-v0.2	data\raw\depmap\26Q1\CRISPRGeneDependency.csv	5de498b8fba15897f4f4d6a93681c25d5d41fdbc29f82a5968abb113cc553308
CancerTargetEvidence	CANCER-004|TGT-CDK6	context_models_n	22	DepMap Model + Omics	EVID-0026	26Q1	https://depmap.org/portal/data_page/	2026-10-02T19:59:47.750583+00:00	Derived	depmap-m3-v0.2	data\raw\depmap\26Q1\Model.csv	ea4e0b2a3bc806f81df62689a5ae75f1a100135727a3d7b8a4c7ccc8815183f8
CancerTargetEvidence	CANCER-004|TGT-CDK6	delta_gene_effect	0.09209488606651972	MCL DepMap analysis	EVID-0026	26Q1	https://depmap.org/portal/data_page/	2026-10-02T19:59:47.750583+00:00	Derived	depmap-m3-v0.2	data\raw\depmap\26Q1\CRISPRGeneEffect.csv	e610a4cefb13a82b5b256b47eb08b63ff14843f8dbd0fb164bc0a32688e5b89e
CancerTargetEvidence	CANCER-004|TGT-CDK6	cliffs_delta	0.1189083820662768	MCL DepMap analysis	EVID-0026	26Q1	https://depmap.org/portal/data_page/	2026-10-02T19:59:47.750583+00:00	Derived	depmap-m3-v0.2	data\raw\depmap\26Q1\CRISPRGeneEffect.csv	e610a4cefb13a82b5b256b47eb08b63ff14843f8dbd0fb164bc0a32688e5b89e
CancerTargetEvidence	CANCER-004|TGT-CDK6	p_value	0.5033204020165591	MCL DepMap analysis	EVID-0026	26Q1	https://depmap.org/portal/data_page/	2026-10-02T19:59:47.750583+00:00	Derived	depmap-m3-v0.2	data\raw\depmap\26Q1\CRISPRGeneEffect.csv	e610a4cefb13a82b5b256b47eb08b63ff14843f8dbd0fb164bc0a32688e5b89e
CancerTargetEvidence	CANCER-004|TGT-CDK6	q_value	0.7796510342716224	MCL DepMap analysis	EVID-0026	26Q1	https://depmap.org/portal/data_page/	2026-10-02T19:59:47.750583+00:00	Derived	depmap-m3-v0.2	data\raw\depmap\26Q1\CRISPRGeneEffect.csv	e610a4cefb13a82b5b256b47eb08b63ff14843f8dbd0fb164bc0a32688e5b89e
CancerTargetEvidence	CANCER-004|TGT-CDK6	broad_dependency_fraction	0.5422185430463576	DepMap CRISPR Gene Dependency	EVID-0026	26Q1	https://depmap.org/portal/data_page/	2026-10-02T19:59:47.750583+00:00	Derived	depmap-m3-v0.2	data\raw\depmap\26Q1\CRISPRGeneDependency.csv	5de498b8fba15897f4f4d6a93681c25d5d41fdbc29f82a5968abb113cc553308
CancerTargetEvidence	CANCER-004|TGT-YAP1	median_gene_effect	-0.3431147822968647	DepMap CRISPR Gene Effect	EVID-0027	26Q1	https://depmap.org/portal/data_page/	2026-10-02T19:59:47.750583+00:00	Observed	depmap-m3-v0.2	data\raw\depmap\26Q1\CRISPRGeneEffect.csv	e610a4cefb13a82b5b256b47eb08b63ff14843f8dbd0fb164bc0a32688e5b89e
CancerTargetEvidence	CANCER-004|TGT-YAP1	dependency_fraction	0.2631578947368421	DepMap CRISPR Gene Dependency	EVID-0027	26Q1	https://depmap.org/portal/data_page/	2026-10-02T19:59:47.750583+00:00	Observed	depmap-m3-v0.2	data\raw\depmap\26Q1\CRISPRGeneDependency.csv	5de498b8fba15897f4f4d6a93681c25d5d41fdbc29f82a5968abb113cc553308
CancerTargetEvidence	CANCER-004|TGT-YAP1	median_dependency_probability	0.2456413310796654	DepMap CRISPR Gene Dependency	EVID-0027	26Q1	https://depmap.org/portal/data_page/	2026-10-02T19:59:47.750583+00:00	Observed	depmap-m3-v0.2	data\raw\depmap\26Q1\CRISPRGeneDependency.csv	5de498b8fba15897f4f4d6a93681c25d5d41fdbc29f82a5968abb113cc553308
CancerTargetEvidence	CANCER-004|TGT-YAP1	context_models_n	22	DepMap Model + Omics	EVID-0027	26Q1	https://depmap.org/portal/data_page/	2026-10-02T19:59:47.750583+00:00	Derived	depmap-m3-v0.2	data\raw\depmap\26Q1\Model.csv	ea4e0b2a3bc806f81df62689a5ae75f1a100135727a3d7b8a4c7ccc8815183f8
CancerTargetEvidence	CANCER-004|TGT-YAP1	delta_gene_effect	-0.030734638141193704	MCL DepMap analysis	EVID-0027	26Q1	https://depmap.org/portal/data_page/	2026-10-02T19:59:47.750583+00:00	Derived	depmap-m3-v0.2	data\raw\depmap\26Q1\CRISPRGeneEffect.csv	e610a4cefb13a82b5b256b47eb08b63ff14843f8dbd0fb164bc0a32688e5b89e
CancerTargetEvidence	CANCER-004|TGT-YAP1	cliffs_delta	0.03313840155945419	MCL DepMap analysis	EVID-0027	26Q1	https://depmap.org/portal/data_page/	2026-10-02T19:59:47.750583+00:00	Derived	depmap-m3-v0.2	data\raw\depmap\26Q1\CRISPRGeneEffect.csv	e610a4cefb13a82b5b256b47eb08b63ff14843f8dbd0fb164bc0a32688e5b89e
CancerTargetEvidence	CANCER-004|TGT-YAP1	p_value	0.8583513704839004	MCL DepMap analysis	EVID-0027	26Q1	https://depmap.org/portal/data_page/	2026-10-02T19:59:47.750583+00:00	Derived	depmap-m3-v0.2	data\raw\depmap\26Q1\CRISPRGeneEffect.csv	e610a4cefb13a82b5b256b47eb08b63ff14843f8dbd0fb164bc0a32688e5b89e
CancerTargetEvidence	CANCER-004|TGT-YAP1	q_value	0.8583513704839004	MCL DepMap analysis	EVID-0027	26Q1	https://depmap.org/portal/data_page/	2026-10-02T19:59:47.750583+00:00	Derived	depmap-m3-v0.2	data\raw\depmap\26Q1\CRISPRGeneEffect.csv	e610a4cefb13a82b5b256b47eb08b63ff14843f8dbd0fb164bc0a32688e5b89e
CancerTargetEvidence	CANCER-004|TGT-YAP1	broad_dependency_fraction	0.30629139072847683	DepMap CRISPR Gene Dependency	EVID-0027	26Q1	https://depmap.org/portal/data_page/	2026-10-02T19:59:47.750583+00:00	Derived	depmap-m3-v0.2	data\raw\depmap\26Q1\CRISPRGeneDependency.csv	5de498b8fba15897f4f4d6a93681c25d5d41fdbc29f82a5968abb113cc553308
CancerTargetEvidence	CANCER-011|TGT-EGFR	median_gene_effect	0.0168124897218214	DepMap CRISPR Gene Effect	EVID-0028	26Q1	https://depmap.org/portal/data_page/	2026-10-02T19:59:47.750583+00:00	Observed	depmap-m3-v0.2	data\raw\depmap\26Q1\CRISPRGeneEffect.csv	e610a4cefb13a82b5b256b47eb08b63ff14843f8dbd0fb164bc0a32688e5b89e
CancerTargetEvidence	CANCER-011|TGT-EGFR	dependency_fraction	0.04	DepMap CRISPR Gene Dependency	EVID-0028	26Q1	https://depmap.org/portal/data_page/	2026-10-02T19:59:47.750583+00:00	Observed	depmap-m3-v0.2	data\raw\depmap\26Q1\CRISPRGeneDependency.csv	5de498b8fba15897f4f4d6a93681c25d5d41fdbc29f82a5968abb113cc553308
CancerTargetEvidence	CANCER-011|TGT-EGFR	median_dependency_probability	0.02161295680885445	DepMap CRISPR Gene Dependency	EVID-0028	26Q1	https://depmap.org/portal/data_page/	2026-10-02T19:59:47.750583+00:00	Observed	depmap-m3-v0.2	data\raw\depmap\26Q1\CRISPRGeneDependency.csv	5de498b8fba15897f4f4d6a93681c25d5d41fdbc29f82a5968abb113cc553308
CancerTargetEvidence	CANCER-011|TGT-EGFR	context_models_n	66	DepMap Model + Omics	EVID-0028	26Q1	https://depmap.org/portal/data_page/	2026-10-02T19:59:47.750583+00:00	Derived	depmap-m3-v0.2	data\raw\depmap\26Q1\Model.csv	ea4e0b2a3bc806f81df62689a5ae75f1a100135727a3d7b8a4c7ccc8815183f8
CancerTargetEvidence	CANCER-011|TGT-EGFR	delta_gene_effect		MCL DepMap analysis	EVID-0028	26Q1	https://depmap.org/portal/data_page/	2026-10-02T19:59:47.750583+00:00	Derived	depmap-m3-v0.2	data\raw\depmap\26Q1\CRISPRGeneEffect.csv	e610a4cefb13a82b5b256b47eb08b63ff14843f8dbd0fb164bc0a32688e5b89e
CancerTargetEvidence	CANCER-011|TGT-EGFR	cliffs_delta		MCL DepMap analysis	EVID-0028	26Q1	https://depmap.org/portal/data_page/	2026-10-02T19:59:47.750583+00:00	Derived	depmap-m3-v0.2	data\raw\depmap\26Q1\CRISPRGeneEffect.csv	e610a4cefb13a82b5b256b47eb08b63ff14843f8dbd0fb164bc0a32688e5b89e
CancerTargetEvidence	CANCER-011|TGT-EGFR	p_value		MCL DepMap analysis	EVID-0028	26Q1	https://depmap.org/portal/data_page/	2026-10-02T19:59:47.750583+00:00	Derived	depmap-m3-v0.2	data\raw\depmap\26Q1\CRISPRGeneEffect.csv	e610a4cefb13a82b5b256b47eb08b63ff14843f8dbd0fb164bc0a32688e5b89e
CancerTargetEvidence	CANCER-011|TGT-EGFR	q_value		MCL DepMap analysis	EVID-0028	26Q1	https://depmap.org/portal/data_page/	2026-10-02T19:59:47.750583+00:00	Derived	depmap-m3-v0.2	data\raw\depmap\26Q1\CRISPRGeneEffect.csv	e610a4cefb13a82b5b256b47eb08b63ff14843f8dbd0fb164bc0a32688e5b89e
CancerTargetEvidence	CANCER-011|TGT-EGFR	broad_dependency_fraction	0.18956953642384106	DepMap CRISPR Gene Dependency	EVID-0028	26Q1	https://depmap.org/portal/data_page/	2026-10-02T19:59:47.750583+00:00	Derived	depmap-m3-v0.2	data\raw\depmap\26Q1\CRISPRGeneDependency.csv	5de498b8fba15897f4f4d6a93681c25d5d41fdbc29f82a5968abb113cc553308
CancerTargetEvidence	CANCER-011|TGT-PDGFRA	median_gene_effect	-0.2687336318228263	DepMap CRISPR Gene Effect	EVID-0029	26Q1	https://depmap.org/portal/data_page/	2026-10-02T19:59:47.750583+00:00	Observed	depmap-m3-v0.2	data\raw\depmap\26Q1\CRISPRGeneEffect.csv	e610a4cefb13a82b5b256b47eb08b63ff14843f8dbd0fb164bc0a32688e5b89e
CancerTargetEvidence	CANCER-011|TGT-PDGFRA	dependency_fraction	0.26	DepMap CRISPR Gene Dependency	EVID-0029	26Q1	https://depmap.org/portal/data_page/	2026-10-02T19:59:47.750583+00:00	Observed	depmap-m3-v0.2	data\raw\depmap\26Q1\CRISPRGeneDependency.csv	5de498b8fba15897f4f4d6a93681c25d5d41fdbc29f82a5968abb113cc553308
CancerTargetEvidence	CANCER-011|TGT-PDGFRA	median_dependency_probability	0.19266930854703865	DepMap CRISPR Gene Dependency	EVID-0029	26Q1	https://depmap.org/portal/data_page/	2026-10-02T19:59:47.750583+00:00	Observed	depmap-m3-v0.2	data\raw\depmap\26Q1\CRISPRGeneDependency.csv	5de498b8fba15897f4f4d6a93681c25d5d41fdbc29f82a5968abb113cc553308
CancerTargetEvidence	CANCER-011|TGT-PDGFRA	context_models_n	66	DepMap Model + Omics	EVID-0029	26Q1	https://depmap.org/portal/data_page/	2026-10-02T19:59:47.750583+00:00	Derived	depmap-m3-v0.2	data\raw\depmap\26Q1\Model.csv	ea4e0b2a3bc806f81df62689a5ae75f1a100135727a3d7b8a4c7ccc8815183f8
CancerTargetEvidence	CANCER-011|TGT-PDGFRA	delta_gene_effect		MCL DepMap analysis	EVID-0029	26Q1	https://depmap.org/portal/data_page/	2026-10-02T19:59:47.750583+00:00	Derived	depmap-m3-v0.2	data\raw\depmap\26Q1\CRISPRGeneEffect.csv	e610a4cefb13a82b5b256b47eb08b63ff14843f8dbd0fb164bc0a32688e5b89e
CancerTargetEvidence	CANCER-011|TGT-PDGFRA	cliffs_delta		MCL DepMap analysis	EVID-0029	26Q1	https://depmap.org/portal/data_page/	2026-10-02T19:59:47.750583+00:00	Derived	depmap-m3-v0.2	data\raw\depmap\26Q1\CRISPRGeneEffect.csv	e610a4cefb13a82b5b256b47eb08b63ff14843f8dbd0fb164bc0a32688e5b89e
CancerTargetEvidence	CANCER-011|TGT-PDGFRA	p_value		MCL DepMap analysis	EVID-0029	26Q1	https://depmap.org/portal/data_page/	2026-10-02T19:59:47.750583+00:00	Derived	depmap-m3-v0.2	data\raw\depmap\26Q1\CRISPRGeneEffect.csv	e610a4cefb13a82b5b256b47eb08b63ff14843f8dbd0fb164bc0a32688e5b89e
CancerTargetEvidence	CANCER-011|TGT-PDGFRA	q_value		MCL DepMap analysis	EVID-0029	26Q1	https://depmap.org/portal/data_page/	2026-10-02T19:59:47.750583+00:00	Derived	depmap-m3-v0.2	data\raw\depmap\26Q1\CRISPRGeneEffect.csv	e610a4cefb13a82b5b256b47eb08b63ff14843f8dbd0fb164bc0a32688e5b89e
CancerTargetEvidence	CANCER-011|TGT-PDGFRA	broad_dependency_fraction	0.07036423841059603	DepMap CRISPR Gene Dependency	EVID-0029	26Q1	https://depmap.org/portal/data_page/	2026-10-02T19:59:47.750583+00:00	Derived	depmap-m3-v0.2	data\raw\depmap\26Q1\CRISPRGeneDependency.csv	5de498b8fba15897f4f4d6a93681c25d5d41fdbc29f82a5968abb113cc553308
CancerTargetEvidence	CANCER-011|TGT-CDK4	median_gene_effect	-0.6188941154129559	DepMap CRISPR Gene Effect	EVID-0030	26Q1	https://depmap.org/portal/data_page/	2026-10-02T19:59:47.750583+00:00	Observed	depmap-m3-v0.2	data\raw\depmap\26Q1\CRISPRGeneEffect.csv	e610a4cefb13a82b5b256b47eb08b63ff14843f8dbd0fb164bc0a32688e5b89e
CancerTargetEvidence	CANCER-011|TGT-CDK4	dependency_fraction	0.7	DepMap CRISPR Gene Dependency	EVID-0030	26Q1	https://depmap.org/portal/data_page/	2026-10-02T19:59:47.750583+00:00	Observed	depmap-m3-v0.2	data\raw\depmap\26Q1\CRISPRGeneDependency.csv	5de498b8fba15897f4f4d6a93681c25d5d41fdbc29f82a5968abb113cc553308
CancerTargetEvidence	CANCER-011|TGT-CDK4	median_dependency_probability	0.7649277586148102	DepMap CRISPR Gene Dependency	EVID-0030	26Q1	https://depmap.org/portal/data_page/	2026-10-02T19:59:47.750583+00:00	Observed	depmap-m3-v0.2	data\raw\depmap\26Q1\CRISPRGeneDependency.csv	5de498b8fba15897f4f4d6a93681c25d5d41fdbc29f82a5968abb113cc553308
CancerTargetEvidence	CANCER-011|TGT-CDK4	context_models_n	66	DepMap Model + Omics	EVID-0030	26Q1	https://depmap.org/portal/data_page/	2026-10-02T19:59:47.750583+00:00	Derived	depmap-m3-v0.2	data\raw\depmap\26Q1\Model.csv	ea4e0b2a3bc806f81df62689a5ae75f1a100135727a3d7b8a4c7ccc8815183f8
CancerTargetEvidence	CANCER-011|TGT-CDK4	delta_gene_effect		MCL DepMap analysis	EVID-0030	26Q1	https://depmap.org/portal/data_page/	2026-10-02T19:59:47.750583+00:00	Derived	depmap-m3-v0.2	data\raw\depmap\26Q1\CRISPRGeneEffect.csv	e610a4cefb13a82b5b256b47eb08b63ff14843f8dbd0fb164bc0a32688e5b89e
CancerTargetEvidence	CANCER-011|TGT-CDK4	cliffs_delta		MCL DepMap analysis	EVID-0030	26Q1	https://depmap.org/portal/data_page/	2026-10-02T19:59:47.750583+00:00	Derived	depmap-m3-v0.2	data\raw\depmap\26Q1\CRISPRGeneEffect.csv	e610a4cefb13a82b5b256b47eb08b63ff14843f8dbd0fb164bc0a32688e5b89e
CancerTargetEvidence	CANCER-011|TGT-CDK4	p_value		MCL DepMap analysis	EVID-0030	26Q1	https://depmap.org/portal/data_page/	2026-10-02T19:59:47.750583+00:00	Derived	depmap-m3-v0.2	data\raw\depmap\26Q1\CRISPRGeneEffect.csv	e610a4cefb13a82b5b256b47eb08b63ff14843f8dbd0fb164bc0a32688e5b89e
CancerTargetEvidence	CANCER-011|TGT-CDK4	q_value		MCL DepMap analysis	EVID-0030	26Q1	https://depmap.org/portal/data_page/	2026-10-02T19:59:47.750583+00:00	Derived	depmap-m3-v0.2	data\raw\depmap\26Q1\CRISPRGeneEffect.csv	e610a4cefb13a82b5b256b47eb08b63ff14843f8dbd0fb164bc0a32688e5b89e
CancerTargetEvidence	CANCER-011|TGT-CDK4	broad_dependency_fraction	0.6440397350993378	DepMap CRISPR Gene Dependency	EVID-0030	26Q1	https://depmap.org/portal/data_page/	2026-10-02T19:59:47.750583+00:00	Derived	depmap-m3-v0.2	data\raw\depmap\26Q1\CRISPRGeneDependency.csv	5de498b8fba15897f4f4d6a93681c25d5d41fdbc29f82a5968abb113cc553308
CancerTargetEvidence	CANCER-011|TGT-MDM2	median_gene_effect	-0.4413580138094658	DepMap CRISPR Gene Effect	EVID-0031	26Q1	https://depmap.org/portal/data_page/	2026-10-02T19:59:47.750583+00:00	Observed	depmap-m3-v0.2	data\raw\depmap\26Q1\CRISPRGeneEffect.csv	e610a4cefb13a82b5b256b47eb08b63ff14843f8dbd0fb164bc0a32688e5b89e
CancerTargetEvidence	CANCER-011|TGT-MDM2	dependency_fraction	0.48	DepMap CRISPR Gene Dependency	EVID-0031	26Q1	https://depmap.org/portal/data_page/	2026-10-02T19:59:47.750583+00:00	Observed	depmap-m3-v0.2	data\raw\depmap\26Q1\CRISPRGeneDependency.csv	5de498b8fba15897f4f4d6a93681c25d5d41fdbc29f82a5968abb113cc553308
CancerTargetEvidence	CANCER-011|TGT-MDM2	median_dependency_probability	0.48138720959649717	DepMap CRISPR Gene Dependency	EVID-0031	26Q1	https://depmap.org/portal/data_page/	2026-10-02T19:59:47.750583+00:00	Observed	depmap-m3-v0.2	data\raw\depmap\26Q1\CRISPRGeneDependency.csv	5de498b8fba15897f4f4d6a93681c25d5d41fdbc29f82a5968abb113cc553308
CancerTargetEvidence	CANCER-011|TGT-MDM2	context_models_n	66	DepMap Model + Omics	EVID-0031	26Q1	https://depmap.org/portal/data_page/	2026-10-02T19:59:47.750583+00:00	Derived	depmap-m3-v0.2	data\raw\depmap\26Q1\Model.csv	ea4e0b2a3bc806f81df62689a5ae75f1a100135727a3d7b8a4c7ccc8815183f8
CancerTargetEvidence	CANCER-011|TGT-MDM2	delta_gene_effect		MCL DepMap analysis	EVID-0031	26Q1	https://depmap.org/portal/data_page/	2026-10-02T19:59:47.750583+00:00	Derived	depmap-m3-v0.2	data\raw\depmap\26Q1\CRISPRGeneEffect.csv	e610a4cefb13a82b5b256b47eb08b63ff14843f8dbd0fb164bc0a32688e5b89e
CancerTargetEvidence	CANCER-011|TGT-MDM2	cliffs_delta		MCL DepMap analysis	EVID-0031	26Q1	https://depmap.org/portal/data_page/	2026-10-02T19:59:47.750583+00:00	Derived	depmap-m3-v0.2	data\raw\depmap\26Q1\CRISPRGeneEffect.csv	e610a4cefb13a82b5b256b47eb08b63ff14843f8dbd0fb164bc0a32688e5b89e
CancerTargetEvidence	CANCER-011|TGT-MDM2	p_value		MCL DepMap analysis	EVID-0031	26Q1	https://depmap.org/portal/data_page/	2026-10-02T19:59:47.750583+00:00	Derived	depmap-m3-v0.2	data\raw\depmap\26Q1\CRISPRGeneEffect.csv	e610a4cefb13a82b5b256b47eb08b63ff14843f8dbd0fb164bc0a32688e5b89e
CancerTargetEvidence	CANCER-011|TGT-MDM2	q_value		MCL DepMap analysis	EVID-0031	26Q1	https://depmap.org/portal/data_page/	2026-10-02T19:59:47.750583+00:00	Derived	depmap-m3-v0.2	data\raw\depmap\26Q1\CRISPRGeneEffect.csv	e610a4cefb13a82b5b256b47eb08b63ff14843f8dbd0fb164bc0a32688e5b89e
CancerTargetEvidence	CANCER-011|TGT-MDM2	broad_dependency_fraction	0.4544701986754967	DepMap CRISPR Gene Dependency	EVID-0031	26Q1	https://depmap.org/portal/data_page/	2026-10-02T19:59:47.750583+00:00	Derived	depmap-m3-v0.2	data\raw\depmap\26Q1\CRISPRGeneDependency.csv	5de498b8fba15897f4f4d6a93681c25d5d41fdbc29f82a5968abb113cc553308
CancerTargetEvidence	CANCER-011|TGT-MET	median_gene_effect	-0.06612630170156986	DepMap CRISPR Gene Effect	EVID-0032	26Q1	https://depmap.org/portal/data_page/	2026-10-02T19:59:47.750583+00:00	Observed	depmap-m3-v0.2	data\raw\depmap\26Q1\CRISPRGeneEffect.csv	e610a4cefb13a82b5b256b47eb08b63ff14843f8dbd0fb164bc0a32688e5b89e
CancerTargetEvidence	CANCER-011|TGT-MET	dependency_fraction	0.14	DepMap CRISPR Gene Dependency	EVID-0032	26Q1	https://depmap.org/portal/data_page/	2026-10-02T19:59:47.750583+00:00	Observed	depmap-m3-v0.2	data\raw\depmap\26Q1\CRISPRGeneDependency.csv	5de498b8fba15897f4f4d6a93681c25d5d41fdbc29f82a5968abb113cc553308
CancerTargetEvidence	CANCER-011|TGT-MET	median_dependency_probability	0.0444983000480687	DepMap CRISPR Gene Dependency	EVID-0032	26Q1	https://depmap.org/portal/data_page/	2026-10-02T19:59:47.750583+00:00	Observed	depmap-m3-v0.2	data\raw\depmap\26Q1\CRISPRGeneDependency.csv	5de498b8fba15897f4f4d6a93681c25d5d41fdbc29f82a5968abb113cc553308
CancerTargetEvidence	CANCER-011|TGT-MET	context_models_n	66	DepMap Model + Omics	EVID-0032	26Q1	https://depmap.org/portal/data_page/	2026-10-02T19:59:47.750583+00:00	Derived	depmap-m3-v0.2	data\raw\depmap\26Q1\Model.csv	ea4e0b2a3bc806f81df62689a5ae75f1a100135727a3d7b8a4c7ccc8815183f8
CancerTargetEvidence	CANCER-011|TGT-MET	delta_gene_effect		MCL DepMap analysis	EVID-0032	26Q1	https://depmap.org/portal/data_page/	2026-10-02T19:59:47.750583+00:00	Derived	depmap-m3-v0.2	data\raw\depmap\26Q1\CRISPRGeneEffect.csv	e610a4cefb13a82b5b256b47eb08b63ff14843f8dbd0fb164bc0a32688e5b89e
CancerTargetEvidence	CANCER-011|TGT-MET	cliffs_delta		MCL DepMap analysis	EVID-0032	26Q1	https://depmap.org/portal/data_page/	2026-10-02T19:59:47.750583+00:00	Derived	depmap-m3-v0.2	data\raw\depmap\26Q1\CRISPRGeneEffect.csv	e610a4cefb13a82b5b256b47eb08b63ff14843f8dbd0fb164bc0a32688e5b89e
CancerTargetEvidence	CANCER-011|TGT-MET	p_value		MCL DepMap analysis	EVID-0032	26Q1	https://depmap.org/portal/data_page/	2026-10-02T19:59:47.750583+00:00	Derived	depmap-m3-v0.2	data\raw\depmap\26Q1\CRISPRGeneEffect.csv	e610a4cefb13a82b5b256b47eb08b63ff14843f8dbd0fb164bc0a32688e5b89e
CancerTargetEvidence	CANCER-011|TGT-MET	q_value		MCL DepMap analysis	EVID-0032	26Q1	https://depmap.org/portal/data_page/	2026-10-02T19:59:47.750583+00:00	Derived	depmap-m3-v0.2	data\raw\depmap\26Q1\CRISPRGeneEffect.csv	e610a4cefb13a82b5b256b47eb08b63ff14843f8dbd0fb164bc0a32688e5b89e
CancerTargetEvidence	CANCER-011|TGT-MET	broad_dependency_fraction	0.027317880794701987	DepMap CRISPR Gene Dependency	EVID-0032	26Q1	https://depmap.org/portal/data_page/	2026-10-02T19:59:47.750583+00:00	Derived	depmap-m3-v0.2	data\raw\depmap\26Q1\CRISPRGeneDependency.csv	5de498b8fba15897f4f4d6a93681c25d5d41fdbc29f82a5968abb113cc553308
CancerTargetEvidence	CANCER-011|TGT-PIK3CA	median_gene_effect	-0.3795267752392329	DepMap CRISPR Gene Effect	EVID-0033	26Q1	https://depmap.org/portal/data_page/	2026-10-02T19:59:47.750583+00:00	Observed	depmap-m3-v0.2	data\raw\depmap\26Q1\CRISPRGeneEffect.csv	e610a4cefb13a82b5b256b47eb08b63ff14843f8dbd0fb164bc0a32688e5b89e
CancerTargetEvidence	CANCER-011|TGT-PIK3CA	dependency_fraction	0.4	DepMap CRISPR Gene Dependency	EVID-0033	26Q1	https://depmap.org/portal/data_page/	2026-10-02T19:59:47.750583+00:00	Observed	depmap-m3-v0.2	data\raw\depmap\26Q1\CRISPRGeneDependency.csv	5de498b8fba15897f4f4d6a93681c25d5d41fdbc29f82a5968abb113cc553308
CancerTargetEvidence	CANCER-011|TGT-PIK3CA	median_dependency_probability	0.35076066706535036	DepMap CRISPR Gene Dependency	EVID-0033	26Q1	https://depmap.org/portal/data_page/	2026-10-02T19:59:47.750583+00:00	Observed	depmap-m3-v0.2	data\raw\depmap\26Q1\CRISPRGeneDependency.csv	5de498b8fba15897f4f4d6a93681c25d5d41fdbc29f82a5968abb113cc553308
CancerTargetEvidence	CANCER-011|TGT-PIK3CA	context_models_n	66	DepMap Model + Omics	EVID-0033	26Q1	https://depmap.org/portal/data_page/	2026-10-02T19:59:47.750583+00:00	Derived	depmap-m3-v0.2	data\raw\depmap\26Q1\Model.csv	ea4e0b2a3bc806f81df62689a5ae75f1a100135727a3d7b8a4c7ccc8815183f8
CancerTargetEvidence	CANCER-011|TGT-PIK3CA	delta_gene_effect		MCL DepMap analysis	EVID-0033	26Q1	https://depmap.org/portal/data_page/	2026-10-02T19:59:47.750583+00:00	Derived	depmap-m3-v0.2	data\raw\depmap\26Q1\CRISPRGeneEffect.csv	e610a4cefb13a82b5b256b47eb08b63ff14843f8dbd0fb164bc0a32688e5b89e
CancerTargetEvidence	CANCER-011|TGT-PIK3CA	cliffs_delta		MCL DepMap analysis	EVID-0033	26Q1	https://depmap.org/portal/data_page/	2026-10-02T19:59:47.750583+00:00	Derived	depmap-m3-v0.2	data\raw\depmap\26Q1\CRISPRGeneEffect.csv	e610a4cefb13a82b5b256b47eb08b63ff14843f8dbd0fb164bc0a32688e5b89e
CancerTargetEvidence	CANCER-011|TGT-PIK3CA	p_value		MCL DepMap analysis	EVID-0033	26Q1	https://depmap.org/portal/data_page/	2026-10-02T19:59:47.750583+00:00	Derived	depmap-m3-v0.2	data\raw\depmap\26Q1\CRISPRGeneEffect.csv	e610a4cefb13a82b5b256b47eb08b63ff14843f8dbd0fb164bc0a32688e5b89e
CancerTargetEvidence	CANCER-011|TGT-PIK3CA	q_value		MCL DepMap analysis	EVID-0033	26Q1	https://depmap.org/portal/data_page/	2026-10-02T19:59:47.750583+00:00	Derived	depmap-m3-v0.2	data\raw\depmap\26Q1\CRISPRGeneEffect.csv	e610a4cefb13a82b5b256b47eb08b63ff14843f8dbd0fb164bc0a32688e5b89e
CancerTargetEvidence	CANCER-011|TGT-PIK3CA	broad_dependency_fraction	0.4685430463576159	DepMap CRISPR Gene Dependency	EVID-0033	26Q1	https://depmap.org/portal/data_page/	2026-10-02T19:59:47.750583+00:00	Derived	depmap-m3-v0.2	data\raw\depmap\26Q1\CRISPRGeneDependency.csv	5de498b8fba15897f4f4d6a93681c25d5d41fdbc29f82a5968abb113cc553308
CancerTargetEvidence	CANCER-011|TGT-MTOR	median_gene_effect	-1.2882666426921185	DepMap CRISPR Gene Effect	EVID-0034	26Q1	https://depmap.org/portal/data_page/	2026-10-02T19:59:47.750583+00:00	Observed	depmap-m3-v0.2	data\raw\depmap\26Q1\CRISPRGeneEffect.csv	e610a4cefb13a82b5b256b47eb08b63ff14843f8dbd0fb164bc0a32688e5b89e
CancerTargetEvidence	CANCER-011|TGT-MTOR	dependency_fraction	1.0	DepMap CRISPR Gene Dependency	EVID-0034	26Q1	https://depmap.org/portal/data_page/	2026-10-02T19:59:47.750583+00:00	Observed	depmap-m3-v0.2	data\raw\depmap\26Q1\CRISPRGeneDependency.csv	5de498b8fba15897f4f4d6a93681c25d5d41fdbc29f82a5968abb113cc553308
CancerTargetEvidence	CANCER-011|TGT-MTOR	median_dependency_probability	0.9936401521173281	DepMap CRISPR Gene Dependency	EVID-0034	26Q1	https://depmap.org/portal/data_page/	2026-10-02T19:59:47.750583+00:00	Observed	depmap-m3-v0.2	data\raw\depmap\26Q1\CRISPRGeneDependency.csv	5de498b8fba15897f4f4d6a93681c25d5d41fdbc29f82a5968abb113cc553308
CancerTargetEvidence	CANCER-011|TGT-MTOR	context_models_n	66	DepMap Model + Omics	EVID-0034	26Q1	https://depmap.org/portal/data_page/	2026-10-02T19:59:47.750583+00:00	Derived	depmap-m3-v0.2	data\raw\depmap\26Q1\Model.csv	ea4e0b2a3bc806f81df62689a5ae75f1a100135727a3d7b8a4c7ccc8815183f8
CancerTargetEvidence	CANCER-011|TGT-MTOR	delta_gene_effect		MCL DepMap analysis	EVID-0034	26Q1	https://depmap.org/portal/data_page/	2026-10-02T19:59:47.750583+00:00	Derived	depmap-m3-v0.2	data\raw\depmap\26Q1\CRISPRGeneEffect.csv	e610a4cefb13a82b5b256b47eb08b63ff14843f8dbd0fb164bc0a32688e5b89e
CancerTargetEvidence	CANCER-011|TGT-MTOR	cliffs_delta		MCL DepMap analysis	EVID-0034	26Q1	https://depmap.org/portal/data_page/	2026-10-02T19:59:47.750583+00:00	Derived	depmap-m3-v0.2	data\raw\depmap\26Q1\CRISPRGeneEffect.csv	e610a4cefb13a82b5b256b47eb08b63ff14843f8dbd0fb164bc0a32688e5b89e
CancerTargetEvidence	CANCER-011|TGT-MTOR	p_value		MCL DepMap analysis	EVID-0034	26Q1	https://depmap.org/portal/data_page/	2026-10-02T19:59:47.750583+00:00	Derived	depmap-m3-v0.2	data\raw\depmap\26Q1\CRISPRGeneEffect.csv	e610a4cefb13a82b5b256b47eb08b63ff14843f8dbd0fb164bc0a32688e5b89e
CancerTargetEvidence	CANCER-011|TGT-MTOR	q_value		MCL DepMap analysis	EVID-0034	26Q1	https://depmap.org/portal/data_page/	2026-10-02T19:59:47.750583+00:00	Derived	depmap-m3-v0.2	data\raw\depmap\26Q1\CRISPRGeneEffect.csv	e610a4cefb13a82b5b256b47eb08b63ff14843f8dbd0fb164bc0a32688e5b89e
CancerTargetEvidence	CANCER-011|TGT-MTOR	broad_dependency_fraction	0.9817880794701986	DepMap CRISPR Gene Dependency	EVID-0034	26Q1	https://depmap.org/portal/data_page/	2026-10-02T19:59:47.750583+00:00	Derived	depmap-m3-v0.2	data\raw\depmap\26Q1\CRISPRGeneDependency.csv	5de498b8fba15897f4f4d6a93681c25d5d41fdbc29f82a5968abb113cc553308
CancerTargetEvidence	CANCER-011|TGT-WEE1	median_gene_effect	-2.6767443978774805	DepMap CRISPR Gene Effect	EVID-0035	26Q1	https://depmap.org/portal/data_page/	2026-10-02T19:59:47.750583+00:00	Observed	depmap-m3-v0.2	data\raw\depmap\26Q1\CRISPRGeneEffect.csv	e610a4cefb13a82b5b256b47eb08b63ff14843f8dbd0fb164bc0a32688e5b89e
CancerTargetEvidence	CANCER-011|TGT-WEE1	dependency_fraction	1.0	DepMap CRISPR Gene Dependency	EVID-0035	26Q1	https://depmap.org/portal/data_page/	2026-10-02T19:59:47.750583+00:00	Observed	depmap-m3-v0.2	data\raw\depmap\26Q1\CRISPRGeneDependency.csv	5de498b8fba15897f4f4d6a93681c25d5d41fdbc29f82a5968abb113cc553308
CancerTargetEvidence	CANCER-011|TGT-WEE1	median_dependency_probability	1.0	DepMap CRISPR Gene Dependency	EVID-0035	26Q1	https://depmap.org/portal/data_page/	2026-10-02T19:59:47.750583+00:00	Observed	depmap-m3-v0.2	data\raw\depmap\26Q1\CRISPRGeneDependency.csv	5de498b8fba15897f4f4d6a93681c25d5d41fdbc29f82a5968abb113cc553308
CancerTargetEvidence	CANCER-011|TGT-WEE1	context_models_n	66	DepMap Model + Omics	EVID-0035	26Q1	https://depmap.org/portal/data_page/	2026-10-02T19:59:47.750583+00:00	Derived	depmap-m3-v0.2	data\raw\depmap\26Q1\Model.csv	ea4e0b2a3bc806f81df62689a5ae75f1a100135727a3d7b8a4c7ccc8815183f8
CancerTargetEvidence	CANCER-011|TGT-WEE1	delta_gene_effect		MCL DepMap analysis	EVID-0035	26Q1	https://depmap.org/portal/data_page/	2026-10-02T19:59:47.750583+00:00	Derived	depmap-m3-v0.2	data\raw\depmap\26Q1\CRISPRGeneEffect.csv	e610a4cefb13a82b5b256b47eb08b63ff14843f8dbd0fb164bc0a32688e5b89e
CancerTargetEvidence	CANCER-011|TGT-WEE1	cliffs_delta		MCL DepMap analysis	EVID-0035	26Q1	https://depmap.org/portal/data_page/	2026-10-02T19:59:47.750583+00:00	Derived	depmap-m3-v0.2	data\raw\depmap\26Q1\CRISPRGeneEffect.csv	e610a4cefb13a82b5b256b47eb08b63ff14843f8dbd0fb164bc0a32688e5b89e
CancerTargetEvidence	CANCER-011|TGT-WEE1	p_value		MCL DepMap analysis	EVID-0035	26Q1	https://depmap.org/portal/data_page/	2026-10-02T19:59:47.750583+00:00	Derived	depmap-m3-v0.2	data\raw\depmap\26Q1\CRISPRGeneEffect.csv	e610a4cefb13a82b5b256b47eb08b63ff14843f8dbd0fb164bc0a32688e5b89e
CancerTargetEvidence	CANCER-011|TGT-WEE1	q_value		MCL DepMap analysis	EVID-0035	26Q1	https://depmap.org/portal/data_page/	2026-10-02T19:59:47.750583+00:00	Derived	depmap-m3-v0.2	data\raw\depmap\26Q1\CRISPRGeneEffect.csv	e610a4cefb13a82b5b256b47eb08b63ff14843f8dbd0fb164bc0a32688e5b89e
CancerTargetEvidence	CANCER-011|TGT-WEE1	broad_dependency_fraction	1.0	DepMap CRISPR Gene Dependency	EVID-0035	26Q1	https://depmap.org/portal/data_page/	2026-10-02T19:59:47.750583+00:00	Derived	depmap-m3-v0.2	data\raw\depmap\26Q1\CRISPRGeneDependency.csv	5de498b8fba15897f4f4d6a93681c25d5d41fdbc29f82a5968abb113cc553308
CancerTargetEvidence	CANCER-011|TGT-FGFR3	median_gene_effect	0.0047508458625726	DepMap CRISPR Gene Effect	EVID-0036	26Q1	https://depmap.org/portal/data_page/	2026-10-02T19:59:47.750583+00:00	Observed	depmap-m3-v0.2	data\raw\depmap\26Q1\CRISPRGeneEffect.csv	e610a4cefb13a82b5b256b47eb08b63ff14843f8dbd0fb164bc0a32688e5b89e
CancerTargetEvidence	CANCER-011|TGT-FGFR3	dependency_fraction	0.0	DepMap CRISPR Gene Dependency	EVID-0036	26Q1	https://depmap.org/portal/data_page/	2026-10-02T19:59:47.750583+00:00	Observed	depmap-m3-v0.2	data\raw\depmap\26Q1\CRISPRGeneDependency.csv	5de498b8fba15897f4f4d6a93681c25d5d41fdbc29f82a5968abb113cc553308
CancerTargetEvidence	CANCER-011|TGT-FGFR3	median_dependency_probability	0.0253334676897606	DepMap CRISPR Gene Dependency	EVID-0036	26Q1	https://depmap.org/portal/data_page/	2026-10-02T19:59:47.750583+00:00	Observed	depmap-m3-v0.2	data\raw\depmap\26Q1\CRISPRGeneDependency.csv	5de498b8fba15897f4f4d6a93681c25d5d41fdbc29f82a5968abb113cc553308
CancerTargetEvidence	CANCER-011|TGT-FGFR3	context_models_n	66	DepMap Model + Omics	EVID-0036	26Q1	https://depmap.org/portal/data_page/	2026-10-02T19:59:47.750583+00:00	Derived	depmap-m3-v0.2	data\raw\depmap\26Q1\Model.csv	ea4e0b2a3bc806f81df62689a5ae75f1a100135727a3d7b8a4c7ccc8815183f8
CancerTargetEvidence	CANCER-011|TGT-FGFR3	delta_gene_effect		MCL DepMap analysis	EVID-0036	26Q1	https://depmap.org/portal/data_page/	2026-10-02T19:59:47.750583+00:00	Derived	depmap-m3-v0.2	data\raw\depmap\26Q1\CRISPRGeneEffect.csv	e610a4cefb13a82b5b256b47eb08b63ff14843f8dbd0fb164bc0a32688e5b89e
CancerTargetEvidence	CANCER-011|TGT-FGFR3	cliffs_delta		MCL DepMap analysis	EVID-0036	26Q1	https://depmap.org/portal/data_page/	2026-10-02T19:59:47.750583+00:00	Derived	depmap-m3-v0.2	data\raw\depmap\26Q1\CRISPRGeneEffect.csv	e610a4cefb13a82b5b256b47eb08b63ff14843f8dbd0fb164bc0a32688e5b89e
CancerTargetEvidence	CANCER-011|TGT-FGFR3	p_value		MCL DepMap analysis	EVID-0036	26Q1	https://depmap.org/portal/data_page/	2026-10-02T19:59:47.750583+00:00	Derived	depmap-m3-v0.2	data\raw\depmap\26Q1\CRISPRGeneEffect.csv	e610a4cefb13a82b5b256b47eb08b63ff14843f8dbd0fb164bc0a32688e5b89e
CancerTargetEvidence	CANCER-011|TGT-FGFR3	q_value		MCL DepMap analysis	EVID-0036	26Q1	https://depmap.org/portal/data_page/	2026-10-02T19:59:47.750583+00:00	Derived	depmap-m3-v0.2	data\raw\depmap\26Q1\CRISPRGeneEffect.csv	e610a4cefb13a82b5b256b47eb08b63ff14843f8dbd0fb164bc0a32688e5b89e
CancerTargetEvidence	CANCER-011|TGT-FGFR3	broad_dependency_fraction	0.005794701986754967	DepMap CRISPR Gene Dependency	EVID-0036	26Q1	https://depmap.org/portal/data_page/	2026-10-02T19:59:47.750583+00:00	Derived	depmap-m3-v0.2	data\raw\depmap\26Q1\CRISPRGeneDependency.csv	5de498b8fba15897f4f4d6a93681c25d5d41fdbc29f82a5968abb113cc553308
CancerTargetEvidence	CANCER-013|TGT-PTPN11	median_gene_effect	-1.288686272924079	DepMap CRISPR Gene Effect	EVID-0037	26Q1	https://depmap.org/portal/data_page/	2026-10-02T19:59:47.750583+00:00	Observed	depmap-m3-v0.2	data\raw\depmap\26Q1\CRISPRGeneEffect.csv	e610a4cefb13a82b5b256b47eb08b63ff14843f8dbd0fb164bc0a32688e5b89e
CancerTargetEvidence	CANCER-013|TGT-PTPN11	dependency_fraction	1.0	DepMap CRISPR Gene Dependency	EVID-0037	26Q1	https://depmap.org/portal/data_page/	2026-10-02T19:59:47.750583+00:00	Observed	depmap-m3-v0.2	data\raw\depmap\26Q1\CRISPRGeneDependency.csv	5de498b8fba15897f4f4d6a93681c25d5d41fdbc29f82a5968abb113cc553308
CancerTargetEvidence	CANCER-013|TGT-PTPN11	median_dependency_probability	0.9884960584817252	DepMap CRISPR Gene Dependency	EVID-0037	26Q1	https://depmap.org/portal/data_page/	2026-10-02T19:59:47.750583+00:00	Observed	depmap-m3-v0.2	data\raw\depmap\26Q1\CRISPRGeneDependency.csv	5de498b8fba15897f4f4d6a93681c25d5d41fdbc29f82a5968abb113cc553308
CancerTargetEvidence	CANCER-013|TGT-PTPN11	context_models_n	4	DepMap Model + Omics	EVID-0037	26Q1	https://depmap.org/portal/data_page/	2026-10-02T19:59:47.750583+00:00	Derived	depmap-m3-v0.2	data\raw\depmap\26Q1\Model.csv	ea4e0b2a3bc806f81df62689a5ae75f1a100135727a3d7b8a4c7ccc8815183f8
CancerTargetEvidence	CANCER-013|TGT-PTPN11	delta_gene_effect	-0.40434789185625264	MCL DepMap analysis	EVID-0037	26Q1	https://depmap.org/portal/data_page/	2026-10-02T19:59:47.750583+00:00	Derived	depmap-m3-v0.2	data\raw\depmap\26Q1\CRISPRGeneEffect.csv	e610a4cefb13a82b5b256b47eb08b63ff14843f8dbd0fb164bc0a32688e5b89e
CancerTargetEvidence	CANCER-013|TGT-PTPN11	cliffs_delta	-0.2	MCL DepMap analysis	EVID-0037	26Q1	https://depmap.org/portal/data_page/	2026-10-02T19:59:47.750583+00:00	Derived	depmap-m3-v0.2	data\raw\depmap\26Q1\CRISPRGeneEffect.csv	e610a4cefb13a82b5b256b47eb08b63ff14843f8dbd0fb164bc0a32688e5b89e
CancerTargetEvidence	CANCER-013|TGT-PTPN11	p_value	0.634669678147939	MCL DepMap analysis	EVID-0037	26Q1	https://depmap.org/portal/data_page/	2026-10-02T19:59:47.750583+00:00	Derived	depmap-m3-v0.2	data\raw\depmap\26Q1\CRISPRGeneEffect.csv	e610a4cefb13a82b5b256b47eb08b63ff14843f8dbd0fb164bc0a32688e5b89e
CancerTargetEvidence	CANCER-013|TGT-PTPN11	q_value	0.8583513704839004	MCL DepMap analysis	EVID-0037	26Q1	https://depmap.org/portal/data_page/	2026-10-02T19:59:47.750583+00:00	Derived	depmap-m3-v0.2	data\raw\depmap\26Q1\CRISPRGeneEffect.csv	e610a4cefb13a82b5b256b47eb08b63ff14843f8dbd0fb164bc0a32688e5b89e
CancerTargetEvidence	CANCER-013|TGT-PTPN11	broad_dependency_fraction	0.7044701986754967	DepMap CRISPR Gene Dependency	EVID-0037	26Q1	https://depmap.org/portal/data_page/	2026-10-02T19:59:47.750583+00:00	Derived	depmap-m3-v0.2	data\raw\depmap\26Q1\CRISPRGeneDependency.csv	5de498b8fba15897f4f4d6a93681c25d5d41fdbc29f82a5968abb113cc553308
CancerTargetEvidence	CANCER-013|TGT-NRAS	median_gene_effect	-0.0719804429596002	DepMap CRISPR Gene Effect	EVID-0038	26Q1	https://depmap.org/portal/data_page/	2026-10-02T19:59:47.750583+00:00	Observed	depmap-m3-v0.2	data\raw\depmap\26Q1\CRISPRGeneEffect.csv	e610a4cefb13a82b5b256b47eb08b63ff14843f8dbd0fb164bc0a32688e5b89e
CancerTargetEvidence	CANCER-013|TGT-NRAS	dependency_fraction	0.0	DepMap CRISPR Gene Dependency	EVID-0038	26Q1	https://depmap.org/portal/data_page/	2026-10-02T19:59:47.750583+00:00	Observed	depmap-m3-v0.2	data\raw\depmap\26Q1\CRISPRGeneDependency.csv	5de498b8fba15897f4f4d6a93681c25d5d41fdbc29f82a5968abb113cc553308
CancerTargetEvidence	CANCER-013|TGT-NRAS	median_dependency_probability	0.0376067232309678	DepMap CRISPR Gene Dependency	EVID-0038	26Q1	https://depmap.org/portal/data_page/	2026-10-02T19:59:47.750583+00:00	Observed	depmap-m3-v0.2	data\raw\depmap\26Q1\CRISPRGeneDependency.csv	5de498b8fba15897f4f4d6a93681c25d5d41fdbc29f82a5968abb113cc553308
CancerTargetEvidence	CANCER-013|TGT-NRAS	context_models_n	4	DepMap Model + Omics	EVID-0038	26Q1	https://depmap.org/portal/data_page/	2026-10-02T19:59:47.750583+00:00	Derived	depmap-m3-v0.2	data\raw\depmap\26Q1\Model.csv	ea4e0b2a3bc806f81df62689a5ae75f1a100135727a3d7b8a4c7ccc8815183f8
CancerTargetEvidence	CANCER-013|TGT-NRAS	delta_gene_effect	0.06471473078788355	MCL DepMap analysis	EVID-0038	26Q1	https://depmap.org/portal/data_page/	2026-10-02T19:59:47.750583+00:00	Derived	depmap-m3-v0.2	data\raw\depmap\26Q1\CRISPRGeneEffect.csv	e610a4cefb13a82b5b256b47eb08b63ff14843f8dbd0fb164bc0a32688e5b89e
CancerTargetEvidence	CANCER-013|TGT-NRAS	cliffs_delta	0.3333333333333333	MCL DepMap analysis	EVID-0038	26Q1	https://depmap.org/portal/data_page/	2026-10-02T19:59:47.750583+00:00	Derived	depmap-m3-v0.2	data\raw\depmap\26Q1\CRISPRGeneEffect.csv	e610a4cefb13a82b5b256b47eb08b63ff14843f8dbd0fb164bc0a32688e5b89e
CancerTargetEvidence	CANCER-013|TGT-NRAS	p_value	0.4042913608130999	MCL DepMap analysis	EVID-0038	26Q1	https://depmap.org/portal/data_page/	2026-10-02T19:59:47.750583+00:00	Derived	depmap-m3-v0.2	data\raw\depmap\26Q1\CRISPRGeneEffect.csv	e610a4cefb13a82b5b256b47eb08b63ff14843f8dbd0fb164bc0a32688e5b89e
CancerTargetEvidence	CANCER-013|TGT-NRAS	q_value	0.7622811970638057	MCL DepMap analysis	EVID-0038	26Q1	https://depmap.org/portal/data_page/	2026-10-02T19:59:47.750583+00:00	Derived	depmap-m3-v0.2	data\raw\depmap\26Q1\CRISPRGeneEffect.csv	e610a4cefb13a82b5b256b47eb08b63ff14843f8dbd0fb164bc0a32688e5b89e
CancerTargetEvidence	CANCER-013|TGT-NRAS	broad_dependency_fraction	0.08526490066225166	DepMap CRISPR Gene Dependency	EVID-0038	26Q1	https://depmap.org/portal/data_page/	2026-10-02T19:59:47.750583+00:00	Derived	depmap-m3-v0.2	data\raw\depmap\26Q1\CRISPRGeneDependency.csv	5de498b8fba15897f4f4d6a93681c25d5d41fdbc29f82a5968abb113cc553308
CancerTargetEvidence	CANCER-013|TGT-AURKB	median_gene_effect	-2.102143103726432	DepMap CRISPR Gene Effect	EVID-0039	26Q1	https://depmap.org/portal/data_page/	2026-10-02T19:59:47.750583+00:00	Observed	depmap-m3-v0.2	data\raw\depmap\26Q1\CRISPRGeneEffect.csv	e610a4cefb13a82b5b256b47eb08b63ff14843f8dbd0fb164bc0a32688e5b89e
CancerTargetEvidence	CANCER-013|TGT-AURKB	dependency_fraction	1.0	DepMap CRISPR Gene Dependency	EVID-0039	26Q1	https://depmap.org/portal/data_page/	2026-10-02T19:59:47.750583+00:00	Observed	depmap-m3-v0.2	data\raw\depmap\26Q1\CRISPRGeneDependency.csv	5de498b8fba15897f4f4d6a93681c25d5d41fdbc29f82a5968abb113cc553308
CancerTargetEvidence	CANCER-013|TGT-AURKB	median_dependency_probability	1.0	DepMap CRISPR Gene Dependency	EVID-0039	26Q1	https://depmap.org/portal/data_page/	2026-10-02T19:59:47.750583+00:00	Observed	depmap-m3-v0.2	data\raw\depmap\26Q1\CRISPRGeneDependency.csv	5de498b8fba15897f4f4d6a93681c25d5d41fdbc29f82a5968abb113cc553308
CancerTargetEvidence	CANCER-013|TGT-AURKB	context_models_n	4	DepMap Model + Omics	EVID-0039	26Q1	https://depmap.org/portal/data_page/	2026-10-02T19:59:47.750583+00:00	Derived	depmap-m3-v0.2	data\raw\depmap\26Q1\Model.csv	ea4e0b2a3bc806f81df62689a5ae75f1a100135727a3d7b8a4c7ccc8815183f8
CancerTargetEvidence	CANCER-013|TGT-AURKB	delta_gene_effect	0.3406516214130222	MCL DepMap analysis	EVID-0039	26Q1	https://depmap.org/portal/data_page/	2026-10-02T19:59:47.750583+00:00	Derived	depmap-m3-v0.2	data\raw\depmap\26Q1\CRISPRGeneEffect.csv	e610a4cefb13a82b5b256b47eb08b63ff14843f8dbd0fb164bc0a32688e5b89e
CancerTargetEvidence	CANCER-013|TGT-AURKB	cliffs_delta	0.3	MCL DepMap analysis	EVID-0039	26Q1	https://depmap.org/portal/data_page/	2026-10-02T19:59:47.750583+00:00	Derived	depmap-m3-v0.2	data\raw\depmap\26Q1\CRISPRGeneEffect.csv	e610a4cefb13a82b5b256b47eb08b63ff14843f8dbd0fb164bc0a32688e5b89e
CancerTargetEvidence	CANCER-013|TGT-AURKB	p_value	0.4573687182382834	MCL DepMap analysis	EVID-0039	26Q1	https://depmap.org/portal/data_page/	2026-10-02T19:59:47.750583+00:00	Derived	depmap-m3-v0.2	data\raw\depmap\26Q1\CRISPRGeneEffect.csv	e610a4cefb13a82b5b256b47eb08b63ff14843f8dbd0fb164bc0a32688e5b89e
CancerTargetEvidence	CANCER-013|TGT-AURKB	q_value	0.7622811970638057	MCL DepMap analysis	EVID-0039	26Q1	https://depmap.org/portal/data_page/	2026-10-02T19:59:47.750583+00:00	Derived	depmap-m3-v0.2	data\raw\depmap\26Q1\CRISPRGeneEffect.csv	e610a4cefb13a82b5b256b47eb08b63ff14843f8dbd0fb164bc0a32688e5b89e
CancerTargetEvidence	CANCER-013|TGT-AURKB	broad_dependency_fraction	0.9966887417218543	DepMap CRISPR Gene Dependency	EVID-0039	26Q1	https://depmap.org/portal/data_page/	2026-10-02T19:59:47.750583+00:00	Derived	depmap-m3-v0.2	data\raw\depmap\26Q1\CRISPRGeneDependency.csv	5de498b8fba15897f4f4d6a93681c25d5d41fdbc29f82a5968abb113cc553308
CancerTargetEvidence	CANCER-013|TGT-AXL	median_gene_effect	0.0300445058934514	DepMap CRISPR Gene Effect	EVID-0040	26Q1	https://depmap.org/portal/data_page/	2026-10-02T19:59:47.750583+00:00	Observed	depmap-m3-v0.2	data\raw\depmap\26Q1\CRISPRGeneEffect.csv	e610a4cefb13a82b5b256b47eb08b63ff14843f8dbd0fb164bc0a32688e5b89e
CancerTargetEvidence	CANCER-013|TGT-AXL	dependency_fraction	0.0	DepMap CRISPR Gene Dependency	EVID-0040	26Q1	https://depmap.org/portal/data_page/	2026-10-02T19:59:47.750583+00:00	Observed	depmap-m3-v0.2	data\raw\depmap\26Q1\CRISPRGeneDependency.csv	5de498b8fba15897f4f4d6a93681c25d5d41fdbc29f82a5968abb113cc553308
CancerTargetEvidence	CANCER-013|TGT-AXL	median_dependency_probability	0.0140445924764955	DepMap CRISPR Gene Dependency	EVID-0040	26Q1	https://depmap.org/portal/data_page/	2026-10-02T19:59:47.750583+00:00	Observed	depmap-m3-v0.2	data\raw\depmap\26Q1\CRISPRGeneDependency.csv	5de498b8fba15897f4f4d6a93681c25d5d41fdbc29f82a5968abb113cc553308
CancerTargetEvidence	CANCER-013|TGT-AXL	context_models_n	4	DepMap Model + Omics	EVID-0040	26Q1	https://depmap.org/portal/data_page/	2026-10-02T19:59:47.750583+00:00	Derived	depmap-m3-v0.2	data\raw\depmap\26Q1\Model.csv	ea4e0b2a3bc806f81df62689a5ae75f1a100135727a3d7b8a4c7ccc8815183f8
CancerTargetEvidence	CANCER-013|TGT-AXL	delta_gene_effect	0.08999794354726419	MCL DepMap analysis	EVID-0040	26Q1	https://depmap.org/portal/data_page/	2026-10-02T19:59:47.750583+00:00	Derived	depmap-m3-v0.2	data\raw\depmap\26Q1\CRISPRGeneEffect.csv	e610a4cefb13a82b5b256b47eb08b63ff14843f8dbd0fb164bc0a32688e5b89e
CancerTargetEvidence	CANCER-013|TGT-AXL	cliffs_delta	0.36666666666666664	MCL DepMap analysis	EVID-0040	26Q1	https://depmap.org/portal/data_page/	2026-10-02T19:59:47.750583+00:00	Derived	depmap-m3-v0.2	data\raw\depmap\26Q1\CRISPRGeneEffect.csv	e610a4cefb13a82b5b256b47eb08b63ff14843f8dbd0fb164bc0a32688e5b89e
CancerTargetEvidence	CANCER-013|TGT-AXL	p_value	0.3546019198193111	MCL DepMap analysis	EVID-0040	26Q1	https://depmap.org/portal/data_page/	2026-10-02T19:59:47.750583+00:00	Derived	depmap-m3-v0.2	data\raw\depmap\26Q1\CRISPRGeneEffect.csv	e610a4cefb13a82b5b256b47eb08b63ff14843f8dbd0fb164bc0a32688e5b89e
CancerTargetEvidence	CANCER-013|TGT-AXL	q_value	0.7387539996235648	MCL DepMap analysis	EVID-0040	26Q1	https://depmap.org/portal/data_page/	2026-10-02T19:59:47.750583+00:00	Derived	depmap-m3-v0.2	data\raw\depmap\26Q1\CRISPRGeneEffect.csv	e610a4cefb13a82b5b256b47eb08b63ff14843f8dbd0fb164bc0a32688e5b89e
CancerTargetEvidence	CANCER-013|TGT-AXL	broad_dependency_fraction	0.012417218543046357	DepMap CRISPR Gene Dependency	EVID-0040	26Q1	https://depmap.org/portal/data_page/	2026-10-02T19:59:47.750583+00:00	Derived	depmap-m3-v0.2	data\raw\depmap\26Q1\CRISPRGeneDependency.csv	5de498b8fba15897f4f4d6a93681c25d5d41fdbc29f82a5968abb113cc553308
CancerTargetEvidence	CANCER-013|TGT-BCL2	median_gene_effect	-0.7729042668289591	DepMap CRISPR Gene Effect	EVID-0041	26Q1	https://depmap.org/portal/data_page/	2026-10-02T19:59:47.750583+00:00	Observed	depmap-m3-v0.2	data\raw\depmap\26Q1\CRISPRGeneEffect.csv	e610a4cefb13a82b5b256b47eb08b63ff14843f8dbd0fb164bc0a32688e5b89e
CancerTargetEvidence	CANCER-013|TGT-BCL2	dependency_fraction	1.0	DepMap CRISPR Gene Dependency	EVID-0041	26Q1	https://depmap.org/portal/data_page/	2026-10-02T19:59:47.750583+00:00	Observed	depmap-m3-v0.2	data\raw\depmap\26Q1\CRISPRGeneDependency.csv	5de498b8fba15897f4f4d6a93681c25d5d41fdbc29f82a5968abb113cc553308
CancerTargetEvidence	CANCER-013|TGT-BCL2	median_dependency_probability	0.9162387531475356	DepMap CRISPR Gene Dependency	EVID-0041	26Q1	https://depmap.org/portal/data_page/	2026-10-02T19:59:47.750583+00:00	Observed	depmap-m3-v0.2	data\raw\depmap\26Q1\CRISPRGeneDependency.csv	5de498b8fba15897f4f4d6a93681c25d5d41fdbc29f82a5968abb113cc553308
CancerTargetEvidence	CANCER-013|TGT-BCL2	context_models_n	4	DepMap Model + Omics	EVID-0041	26Q1	https://depmap.org/portal/data_page/	2026-10-02T19:59:47.750583+00:00	Derived	depmap-m3-v0.2	data\raw\depmap\26Q1\Model.csv	ea4e0b2a3bc806f81df62689a5ae75f1a100135727a3d7b8a4c7ccc8815183f8
CancerTargetEvidence	CANCER-013|TGT-BCL2	delta_gene_effect	-0.5486569775270174	MCL DepMap analysis	EVID-0041	26Q1	https://depmap.org/portal/data_page/	2026-10-02T19:59:47.750583+00:00	Derived	depmap-m3-v0.2	data\raw\depmap\26Q1\CRISPRGeneEffect.csv	e610a4cefb13a82b5b256b47eb08b63ff14843f8dbd0fb164bc0a32688e5b89e
CancerTargetEvidence	CANCER-013|TGT-BCL2	cliffs_delta	-0.7333333333333333	MCL DepMap analysis	EVID-0041	26Q1	https://depmap.org/portal/data_page/	2026-10-02T19:59:47.750583+00:00	Derived	depmap-m3-v0.2	data\raw\depmap\26Q1\CRISPRGeneEffect.csv	e610a4cefb13a82b5b256b47eb08b63ff14843f8dbd0fb164bc0a32688e5b89e
CancerTargetEvidence	CANCER-013|TGT-BCL2	p_value	0.04630152456239412	MCL DepMap analysis	EVID-0041	26Q1	https://depmap.org/portal/data_page/	2026-10-02T19:59:47.750583+00:00	Derived	depmap-m3-v0.2	data\raw\depmap\26Q1\CRISPRGeneEffect.csv	e610a4cefb13a82b5b256b47eb08b63ff14843f8dbd0fb164bc0a32688e5b89e
CancerTargetEvidence	CANCER-013|TGT-BCL2	q_value	0.19292301900997552	MCL DepMap analysis	EVID-0041	26Q1	https://depmap.org/portal/data_page/	2026-10-02T19:59:47.750583+00:00	Derived	depmap-m3-v0.2	data\raw\depmap\26Q1\CRISPRGeneEffect.csv	e610a4cefb13a82b5b256b47eb08b63ff14843f8dbd0fb164bc0a32688e5b89e
CancerTargetEvidence	CANCER-013|TGT-BCL2	broad_dependency_fraction	0.03642384105960265	DepMap CRISPR Gene Dependency	EVID-0041	26Q1	https://depmap.org/portal/data_page/	2026-10-02T19:59:47.750583+00:00	Derived	depmap-m3-v0.2	data\raw\depmap\26Q1\CRISPRGeneDependency.csv	5de498b8fba15897f4f4d6a93681c25d5d41fdbc29f82a5968abb113cc553308
CancerTargetEvidence	CANCER-013|TGT-MCL1	median_gene_effect	-1.202517685210672	DepMap CRISPR Gene Effect	EVID-0042	26Q1	https://depmap.org/portal/data_page/	2026-10-02T19:59:47.750583+00:00	Observed	depmap-m3-v0.2	data\raw\depmap\26Q1\CRISPRGeneEffect.csv	e610a4cefb13a82b5b256b47eb08b63ff14843f8dbd0fb164bc0a32688e5b89e
CancerTargetEvidence	CANCER-013|TGT-MCL1	dependency_fraction	1.0	DepMap CRISPR Gene Dependency	EVID-0042	26Q1	https://depmap.org/portal/data_page/	2026-10-02T19:59:47.750583+00:00	Observed	depmap-m3-v0.2	data\raw\depmap\26Q1\CRISPRGeneDependency.csv	5de498b8fba15897f4f4d6a93681c25d5d41fdbc29f82a5968abb113cc553308
CancerTargetEvidence	CANCER-013|TGT-MCL1	median_dependency_probability	0.9951298578103546	DepMap CRISPR Gene Dependency	EVID-0042	26Q1	https://depmap.org/portal/data_page/	2026-10-02T19:59:47.750583+00:00	Observed	depmap-m3-v0.2	data\raw\depmap\26Q1\CRISPRGeneDependency.csv	5de498b8fba15897f4f4d6a93681c25d5d41fdbc29f82a5968abb113cc553308
CancerTargetEvidence	CANCER-013|TGT-MCL1	context_models_n	4	DepMap Model + Omics	EVID-0042	26Q1	https://depmap.org/portal/data_page/	2026-10-02T19:59:47.750583+00:00	Derived	depmap-m3-v0.2	data\raw\depmap\26Q1\Model.csv	ea4e0b2a3bc806f81df62689a5ae75f1a100135727a3d7b8a4c7ccc8815183f8
CancerTargetEvidence	CANCER-013|TGT-MCL1	delta_gene_effect	-0.34604024062350836	MCL DepMap analysis	EVID-0042	26Q1	https://depmap.org/portal/data_page/	2026-10-02T19:59:47.750583+00:00	Derived	depmap-m3-v0.2	data\raw\depmap\26Q1\CRISPRGeneEffect.csv	e610a4cefb13a82b5b256b47eb08b63ff14843f8dbd0fb164bc0a32688e5b89e
CancerTargetEvidence	CANCER-013|TGT-MCL1	cliffs_delta	-0.36666666666666664	MCL DepMap analysis	EVID-0042	26Q1	https://depmap.org/portal/data_page/	2026-10-02T19:59:47.750583+00:00	Derived	depmap-m3-v0.2	data\raw\depmap\26Q1\CRISPRGeneEffect.csv	e610a4cefb13a82b5b256b47eb08b63ff14843f8dbd0fb164bc0a32688e5b89e
CancerTargetEvidence	CANCER-013|TGT-MCL1	p_value	0.3546019198193111	MCL DepMap analysis	EVID-0042	26Q1	https://depmap.org/portal/data_page/	2026-10-02T19:59:47.750583+00:00	Derived	depmap-m3-v0.2	data\raw\depmap\26Q1\CRISPRGeneEffect.csv	e610a4cefb13a82b5b256b47eb08b63ff14843f8dbd0fb164bc0a32688e5b89e
CancerTargetEvidence	CANCER-013|TGT-MCL1	q_value	0.7387539996235648	MCL DepMap analysis	EVID-0042	26Q1	https://depmap.org/portal/data_page/	2026-10-02T19:59:47.750583+00:00	Derived	depmap-m3-v0.2	data\raw\depmap\26Q1\CRISPRGeneEffect.csv	e610a4cefb13a82b5b256b47eb08b63ff14843f8dbd0fb164bc0a32688e5b89e
CancerTargetEvidence	CANCER-013|TGT-MCL1	broad_dependency_fraction	0.6837748344370861	DepMap CRISPR Gene Dependency	EVID-0042	26Q1	https://depmap.org/portal/data_page/	2026-10-02T19:59:47.750583+00:00	Derived	depmap-m3-v0.2	data\raw\depmap\26Q1\CRISPRGeneDependency.csv	5de498b8fba15897f4f4d6a93681c25d5d41fdbc29f82a5968abb113cc553308
CancerTargetEvidence	CANCER-013|TGT-PIM1	median_gene_effect	-0.2368272602990651	DepMap CRISPR Gene Effect	EVID-0043	26Q1	https://depmap.org/portal/data_page/	2026-10-02T19:59:47.750583+00:00	Observed	depmap-m3-v0.2	data\raw\depmap\26Q1\CRISPRGeneEffect.csv	e610a4cefb13a82b5b256b47eb08b63ff14843f8dbd0fb164bc0a32688e5b89e
CancerTargetEvidence	CANCER-013|TGT-PIM1	dependency_fraction	0.0	DepMap CRISPR Gene Dependency	EVID-0043	26Q1	https://depmap.org/portal/data_page/	2026-10-02T19:59:47.750583+00:00	Observed	depmap-m3-v0.2	data\raw\depmap\26Q1\CRISPRGeneDependency.csv	5de498b8fba15897f4f4d6a93681c25d5d41fdbc29f82a5968abb113cc553308
CancerTargetEvidence	CANCER-013|TGT-PIM1	median_dependency_probability	0.1539579283019424	DepMap CRISPR Gene Dependency	EVID-0043	26Q1	https://depmap.org/portal/data_page/	2026-10-02T19:59:47.750583+00:00	Observed	depmap-m3-v0.2	data\raw\depmap\26Q1\CRISPRGeneDependency.csv	5de498b8fba15897f4f4d6a93681c25d5d41fdbc29f82a5968abb113cc553308
CancerTargetEvidence	CANCER-013|TGT-PIM1	context_models_n	4	DepMap Model + Omics	EVID-0043	26Q1	https://depmap.org/portal/data_page/	2026-10-02T19:59:47.750583+00:00	Derived	depmap-m3-v0.2	data\raw\depmap\26Q1\Model.csv	ea4e0b2a3bc806f81df62689a5ae75f1a100135727a3d7b8a4c7ccc8815183f8
CancerTargetEvidence	CANCER-013|TGT-PIM1	delta_gene_effect	-0.11911339195163884	MCL DepMap analysis	EVID-0043	26Q1	https://depmap.org/portal/data_page/	2026-10-02T19:59:47.750583+00:00	Derived	depmap-m3-v0.2	data\raw\depmap\26Q1\CRISPRGeneEffect.csv	e610a4cefb13a82b5b256b47eb08b63ff14843f8dbd0fb164bc0a32688e5b89e
CancerTargetEvidence	CANCER-013|TGT-PIM1	cliffs_delta	-0.13333333333333333	MCL DepMap analysis	EVID-0043	26Q1	https://depmap.org/portal/data_page/	2026-10-02T19:59:47.750583+00:00	Derived	depmap-m3-v0.2	data\raw\depmap\26Q1\CRISPRGeneEffect.csv	e610a4cefb13a82b5b256b47eb08b63ff14843f8dbd0fb164bc0a32688e5b89e
CancerTargetEvidence	CANCER-013|TGT-PIM1	p_value	0.7634105025409372	MCL DepMap analysis	EVID-0043	26Q1	https://depmap.org/portal/data_page/	2026-10-02T19:59:47.750583+00:00	Derived	depmap-m3-v0.2	data\raw\depmap\26Q1\CRISPRGeneEffect.csv	e610a4cefb13a82b5b256b47eb08b63ff14843f8dbd0fb164bc0a32688e5b89e
CancerTargetEvidence	CANCER-013|TGT-PIM1	q_value	0.8583513704839004	MCL DepMap analysis	EVID-0043	26Q1	https://depmap.org/portal/data_page/	2026-10-02T19:59:47.750583+00:00	Derived	depmap-m3-v0.2	data\raw\depmap\26Q1\CRISPRGeneEffect.csv	e610a4cefb13a82b5b256b47eb08b63ff14843f8dbd0fb164bc0a32688e5b89e
CancerTargetEvidence	CANCER-013|TGT-PIM1	broad_dependency_fraction	0.022350993377483443	DepMap CRISPR Gene Dependency	EVID-0043	26Q1	https://depmap.org/portal/data_page/	2026-10-02T19:59:47.750583+00:00	Derived	depmap-m3-v0.2	data\raw\depmap\26Q1\CRISPRGeneDependency.csv	5de498b8fba15897f4f4d6a93681c25d5d41fdbc29f82a5968abb113cc553308
