source	term_id	term_name	significant_top50	p_value_adjusted_top50	intersection_size_top50	intersecting_gene_symbols_top50	significant_top100	p_value_adjusted_top100	intersection_size_top100	intersecting_gene_symbols_top100	significant_top200	p_value_adjusted_top200	intersection_size_top200	intersecting_gene_symbols_top200	significant_thresholds_n	significant_all_thresholds	thresholds_significant	min_p_value_adjusted
CORUM	CORUM:4200	DNM1L-FIS1 complex	True	7.518461967380805e-05	2	"[""DNM1L"", ""FIS1""]"	True	0.002873895543365791	2	"[""DNM1L"", ""FIS1""]"	True	0.016629398844601233	2	"[""DNM1L"", ""FIS1""]"	3	True	50;100;200	7.518461967380805e-05
CORUM	CORUM:1181	C complex spliceosome	True	0.0001039691011697769	3	"[""HNRNPA1"", ""SNRPB2"", ""SYNCRIP""]"	True	0.008437460813712572	3	"[""HNRNPA1"", ""SNRPB2"", ""SYNCRIP""]"	True	0.002431883782637939	4	"[""HNRNPA1"", ""SNRPB2"", ""SYNCRIP"", ""WDR83""]"	3	True	50;100;200	0.0001039691011697769
CORUM	CORUM:5712	FAK-beta5 integrin complex, VEGF induced	False		0	[]	True	0.002873895543365791	2	"[""ITGB5"", ""PTK2""]"	True	0.016629398844601233	2	"[""ITGB5"", ""PTK2""]"	2	False	100;200	0.002873895543365791
CORUM	CORUM:2726	PXN-ITGB5-PTK2 complex	False		0	[]	True	0.008603615093939797	2	"[""ITGB5"", ""PTK2""]"	True	0.049675037784480444	2	"[""ITGB5"", ""PTK2""]"	2	False	100;200	0.008603615093939797
CORUM	CORUM:6190	p38gamma-Hsp90-K-Ras complex	False	0.14900098837111672	1	"[""KRAS""]"	True	0.008603615093939797	2	"[""HSP90AB1"", ""KRAS""]"	True	0.049675037784480444	2	"[""HSP90AB1"", ""KRAS""]"	2	False	100;200	0.008603615093939797
KEGG	KEGG:04714	Thermogenesis	True	0.016093848350744826	4	"[""ATP5ME"", ""COX18"", ""KRAS"", ""MLST8""]"	True	0.03578566893576133	5	"[""ATP5ME"", ""COX18"", ""CYC1"", ""KRAS"", ""MLST8""]"	False	0.17237354211875186	6	"[""ATP5ME"", ""COX18"", ""CYC1"", ""KRAS"", ""MLST8"", ""NDUFAF8""]"	2	False	50;100	0.016093848350744826
REAC	REAC:R-HSA-72203	Processing of Capped Intron-Containing Pre-mRNA	False	1.0	2	"[""HNRNPA1"", ""SNRPB2""]"	False	0.9585647072465999	3	"[""HNRNPA1"", ""SNRPB2"", ""TRA2B""]"	True	0.0005943736068130243	7	"[""CCAR1"", ""HNRNPA1"", ""NDC1"", ""NUP42"", ""RBM10"", ""SNRPB2"", ""TRA2B""]"	1	False	200	0.0005943736068130243
REAC	REAC:R-HSA-1643685	Disease	False	1.0	6	"[""ENO1"", ""FDXR"", ""HNRNPA1"", ""KRAS"", ""MLST8"", ""WDR48""]"	False	1.0	11	"[""DOLK"", ""ENO1"", ""FDXR"", ""FURIN"", ""HNRNPA1"", ""HSP90AB1"", ""KRAS"", ""MLST8"", ""PTK2"", ""VCL"", ""WDR48""]"	True	0.0040352648309533974	24	"[""ALG8"", ""B3GAT3"", ""CRK"", ""DERL2"", ""DOLK"", ""ENO1"", ""FDXR"", ""FURIN"", ""HNRNPA1"", ""HSP90AB1"", ""KRAS"", ""MED24"", ""MLST8"", ""NDC1"", ""NFKBIA"", ""NUP42"", ""PTK2"", ""RCOR1"", ""RMI1"", ""ST3GAL1"", ""SV2A"", ""TRAF2"", ""VCL"", ""WDR48""]"	1	False	200	0.0040352648309533974
KEGG	KEGG:05100	Bacterial invasion of epithelial cells	False	1.0	1	"[""CRKL""]"	False	0.10325663304786016	3	"[""CRKL"", ""PTK2"", ""VCL""]"	True	0.006840234339516798	5	"[""CRK"", ""CRKL"", ""PTK2"", ""RHOA"", ""VCL""]"	1	False	200	0.006840234339516798
KEGG	KEGG:04810	Regulation of actin cytoskeleton	False	1.0	2	"[""CRKL"", ""KRAS""]"	False	0.05064635603928191	5	"[""CRKL"", ""ITGB5"", ""KRAS"", ""PTK2"", ""VCL""]"	True	0.007423377655420308	8	"[""CRK"", ""CRKL"", ""ITGAV"", ""ITGB5"", ""KRAS"", ""PTK2"", ""RHOA"", ""VCL""]"	1	False	200	0.007423377655420308
KEGG	KEGG:05163	Human cytomegalovirus infection	False	1.0	2	"[""CRKL"", ""KRAS""]"	False	1.0	3	"[""CRKL"", ""KRAS"", ""PTK2""]"	True	0.007912959384742398	8	"[""CRK"", ""CRKL"", ""ITGAV"", ""KRAS"", ""NFKBIA"", ""PTK2"", ""RHOA"", ""TRAF2""]"	1	False	200	0.007912959384742398
GO:BP	GO:0034446	substrate adhesion-dependent cell spreading	False	1.0	1	"[""CRKL""]"	False	1.0	4	"[""CRKL"", ""DOCK5"", ""PTK2"", ""WASHC2C""]"	True	0.009649581377481693	8	"[""CRK"", ""CRKL"", ""DOCK5"", ""FERMT2"", ""ITGAV"", ""PTK2"", ""RHOA"", ""WASHC2C""]"	1	False	200	0.009649581377481693
KEGG	KEGG:03040	Spliceosome	False	0.06739128498692207	2	"[""HNRNPA1"", ""SNRPB2""]"	True	0.010085391233297788	3	"[""HNRNPA1"", ""SNRPB2"", ""TRA2B""]"	False	0.08965882743791916	3	"[""HNRNPA1"", ""SNRPB2"", ""TRA2B""]"	1	False	100	0.010085391233297788
REAC	REAC:R-HSA-72163	mRNA Splicing - Major Pathway	False	1.0	2	"[""HNRNPA1"", ""SNRPB2""]"	False	0.2929509656086944	3	"[""HNRNPA1"", ""SNRPB2"", ""TRA2B""]"	True	0.01404566489494354	5	"[""CCAR1"", ""HNRNPA1"", ""RBM10"", ""SNRPB2"", ""TRA2B""]"	1	False	200	0.01404566489494354
REAC	REAC:R-HSA-3371556	Cellular response to heat stress	False	1.0	1	"[""MLST8""]"	False	1.0	2	"[""HSP90AB1"", ""MLST8""]"	True	0.016620982654506313	5	"[""HSP90AB1"", ""HSPA13"", ""MLST8"", ""NDC1"", ""NUP42""]"	1	False	200	0.016620982654506313
REAC	REAC:R-HSA-72172	mRNA Splicing	False	1.0	2	"[""HNRNPA1"", ""SNRPB2""]"	False	0.32398504340393736	3	"[""HNRNPA1"", ""SNRPB2"", ""TRA2B""]"	True	0.016620982654506313	5	"[""CCAR1"", ""HNRNPA1"", ""RBM10"", ""SNRPB2"", ""TRA2B""]"	1	False	200	0.016620982654506313
CORUM	CORUM:2350	ITGAV-ITGB5 complex	False		0	[]	False	1.0	1	"[""ITGB5""]"	True	0.016629398844601233	2	"[""ITGAV"", ""ITGB5""]"	1	False	200	0.016629398844601233
CORUM	CORUM:2347	ITGAV-ITGB5-SPP1 complex	False		0	[]	False	1.0	1	"[""ITGB5""]"	True	0.016629398844601233	2	"[""ITGAV"", ""ITGB5""]"	1	False	200	0.016629398844601233
KEGG	KEGG:05135	Yersinia infection	False	1.0	1	"[""CRKL""]"	False	1.0	2	"[""CRKL"", ""PTK2""]"	True	0.016836651169874383	6	"[""CRK"", ""CRKL"", ""NFKBIA"", ""PTK2"", ""RHOA"", ""TRAF2""]"	1	False	200	0.016836651169874383
CORUM	CORUM:6990	THSD1-FAK-talin-vinculin complex	False		0	[]	True	0.017171170709258797	2	"[""PTK2"", ""VCL""]"	False	0.09892578809226563	2	"[""PTK2"", ""VCL""]"	1	False	100	0.017171170709258797
KEGG	KEGG:04510	Focal adhesion	False	1.0	1	"[""CRKL""]"	False	0.2623348468313786	4	"[""CRKL"", ""ITGB5"", ""PTK2"", ""VCL""]"	True	0.022953578479085853	7	"[""CRK"", ""CRKL"", ""ITGAV"", ""ITGB5"", ""PTK2"", ""RHOA"", ""VCL""]"	1	False	200	0.022953578479085853
REAC	REAC:R-HSA-8951936	RUNX3 regulates p14-ARF	True	0.02722840837038285	2	"[""BRD2"", ""KRAS""]"	False	0.1279682428758726	2	"[""BRD2"", ""KRAS""]"	False	0.5999011984626988	2	"[""BRD2"", ""KRAS""]"	1	False	50	0.02722840837038285
CORUM	CORUM:315	28S ribosomal subunit, mitochondrial	True	0.027714193984246866	2	"[""MRPS12"", ""MRPS6""]"	False	1.0	2	"[""MRPS12"", ""MRPS6""]"	False	0.31000172405123555	3	"[""MRPS12"", ""MRPS2"", ""MRPS6""]"	1	False	50	0.027714193984246866
GO:BP	GO:0035022	positive regulation of Rac protein signal transduction	False	1.0	2	"[""CRKL"", ""KRAS""]"	False	1.0	2	"[""CRKL"", ""KRAS""]"	True	0.040857726298551285	4	"[""CRK"", ""CRKL"", ""KRAS"", ""TNS3""]"	1	False	200	0.040857726298551285
CORUM	CORUM:5177	Polycystin-1 multiprotein complex (ACTN1, CDH1, SRC, JUP, VCL, CTNNB1, PXN, BCAR1, PKD1, PTK2, TLN1)	False		0	[]	True	0.04274825431201817	2	"[""PTK2"", ""VCL""]"	False	0.245208156011057	2	"[""PTK2"", ""VCL""]"	1	False	100	0.04274825431201817
KEGG	KEGG:05131	Shigellosis	False	1.0	1	"[""CRKL""]"	False	1.0	3	"[""CRKL"", ""PTK2"", ""VCL""]"	True	0.04775052065945323	7	"[""CRK"", ""CRKL"", ""NFKBIA"", ""PTK2"", ""RHOA"", ""TRAF2"", ""VCL""]"	1	False	200	0.04775052065945323
REAC	REAC:R-HSA-5368286	Mitochondrial translation initiation	False	1.0	2	"[""MRPS12"", ""MRPS6""]"	False	1.0	2	"[""MRPS12"", ""MRPS6""]"	True	0.049488704796589816	5	"[""MRPL53"", ""MRPS12"", ""MRPS2"", ""MRPS6"", ""MTFMT""]"	1	False	200	0.049488704796589816
CORUM	CORUM:2476	CRKL-PDGFRA-CRK-RAPGEF1 complex	False	0.14900098837111672	1	"[""CRKL""]"	False	1.0	1	"[""CRKL""]"	True	0.049675037784480444	2	"[""CRK"", ""CRKL""]"	1	False	200	0.049675037784480444
CORUM	CORUM:2346	ITGAV-ITGB5-ADAM9 complex	False		0	[]	False	1.0	1	"[""ITGB5""]"	True	0.049675037784480444	2	"[""ITGAV"", ""ITGB5""]"	1	False	200	0.049675037784480444
CORUM	CORUM:2348	ITGAV-ITGB5-CYR61 complex	False		0	[]	False	1.0	1	"[""ITGB5""]"	True	0.049675037784480444	2	"[""ITGAV"", ""ITGB5""]"	1	False	200	0.049675037784480444
CORUM	CORUM:2345	ITGAV-ITGB5-ICAM4 complex	False		0	[]	False	1.0	1	"[""ITGB5""]"	True	0.049675037784480444	2	"[""ITGAV"", ""ITGB5""]"	1	False	200	0.049675037784480444
CORUM	CORUM:2343	ITGAV-ITGB5-PLAUR complex	False		0	[]	False	1.0	1	"[""ITGB5""]"	True	0.049675037784480444	2	"[""ITGAV"", ""ITGB5""]"	1	False	200	0.049675037784480444
CORUM	CORUM:3117	ITGB5-ITGAV-VTN complex	False		0	[]	False	1.0	1	"[""ITGB5""]"	True	0.049675037784480444	2	"[""ITGAV"", ""ITGB5""]"	1	False	200	0.049675037784480444
CORUM	CORUM:5385	GAIT complex	True	0.04974214437617869	1	"[""SYNCRIP""]"	False	0.8968723073069897	1	"[""SYNCRIP""]"	False	1.0	1	"[""SYNCRIP""]"	1	False	50	0.04974214437617869
CORUM	CORUM:1897	mTOR complex (MTOR, RAPTOR, MLST8)	True	0.04974214437617869	1	"[""MLST8""]"	False	0.8968723073069897	1	"[""MLST8""]"	False	1.0	1	"[""MLST8""]"	1	False	50	0.04974214437617869
CORUM	CORUM:2990	mTOR complex (MTOR, RAPTOR, MLST8)	True	0.04974214437617869	1	"[""MLST8""]"	False	0.8968723073069897	1	"[""MLST8""]"	False	1.0	1	"[""MLST8""]"	1	False	50	0.04974214437617869
CORUM	CORUM:3980	mTOR complex (MTOR, RAPTOR, MLST8)	True	0.04974214437617869	1	"[""MLST8""]"	False	0.8968723073069897	1	"[""MLST8""]"	False	1.0	1	"[""MLST8""]"	1	False	50	0.04974214437617869
CORUM	CORUM:2970	mTORC1 complex	True	0.04974214437617869	1	"[""MLST8""]"	False	0.8968723073069897	1	"[""MLST8""]"	False	1.0	1	"[""MLST8""]"	1	False	50	0.04974214437617869
REAC	REAC:R-HSA-8875878	MET promotes cell motility	False	1.0	1	"[""CRKL""]"	False	1.0	2	"[""CRKL"", ""PTK2""]"	False	0.05327758878942517	4	"[""CRK"", ""CRKL"", ""PTK2"", ""TNS3""]"	0	False		0.05327758878942517
GO:BP	GO:0043933	protein-containing complex organization	False	1.0	7	"[""BRD2"", ""COX18"", ""DNM1L"", ""MLST8"", ""PSMG1"", ""SNAP23"", ""SNRPB2""]"	False	1.0	13	"[""BRD2"", ""COX18"", ""DNM1L"", ""DOCK5"", ""FURIN"", ""HSP90AB1"", ""LCMT1"", ""MLST8"", ""PSMG1"", ""PTK2"", ""SNAP23"", ""SNRPB2"", ""WASHC2C""]"	False	0.05483081432808509	26	"[""AIFM1"", ""BRD2"", ""COX18"", ""DNM1L"", ""DOCK5"", ""FERMT2"", ""FOXRED1"", ""FURIN"", ""HSP90AB1"", ""LCMT1"", ""MED24"", ""MGRN1"", ""MLST8"", ""NDC1"", ""NDUFAF8"", ""PRKRA"", ""PSMG1"", ""PTK2"", ""RHOA"", ""SETD2"", ""SNAP23"", ""SNRPB2"", ""SV2A"", ""TRAF2"", ""WASHC2C"", ""WDR1""]"	0	False		0.05483081432808509
REAC	REAC:R-HSA-170834	Signaling by TGF-beta Receptor Complex	False		0	[]	False	0.7257695710888492	3	"[""FURIN"", ""ITGB5"", ""TGIF1""]"	False	0.06353022588903999	5	"[""FURIN"", ""ITGAV"", ""ITGB5"", ""RHOA"", ""TGIF1""]"	0	False		0.06353022588903999
REAC	REAC:R-HSA-5368287	Mitochondrial translation	False	1.0	2	"[""MRPS12"", ""MRPS6""]"	False	1.0	2	"[""MRPS12"", ""MRPS6""]"	False	0.07160097672210018	5	"[""MRPL53"", ""MRPS12"", ""MRPS2"", ""MRPS6"", ""MTFMT""]"	0	False		0.07160097672210018
KEGG	KEGG:04722	Neurotrophin signaling pathway	False	0.8617966333509047	2	"[""CRKL"", ""KRAS""]"	False	1.0	2	"[""CRKL"", ""KRAS""]"	False	0.07598759147643085	5	"[""CRK"", ""CRKL"", ""KRAS"", ""NFKBIA"", ""RHOA""]"	0	False		0.07598759147643085
REAC	REAC:R-HSA-70171	Glycolysis	False	1.0	1	"[""ENO1""]"	False	1.0	1	"[""ENO1""]"	False	0.08470988543809017	4	"[""ENO1"", ""GPI"", ""NDC1"", ""NUP42""]"	0	False		0.08470988543809017
REAC	REAC:R-HSA-72766	Translation	False	1.0	2	"[""MRPS12"", ""MRPS6""]"	False	1.0	3	"[""MRPS12"", ""MRPS6"", ""TARS2""]"	False	0.0847959631718505	6	"[""MRPL53"", ""MRPS12"", ""MRPS2"", ""MRPS6"", ""MTFMT"", ""TARS2""]"	0	False		0.0847959631718505
REAC	REAC:R-HSA-71387	Metabolism of carbohydrates and carbohydrate derivatives	False	1.0	1	"[""ENO1""]"	False	1.0	3	"[""ENO1"", ""G6PD"", ""SLC35B2""]"	False	0.09744235174953778	8	"[""B3GAT3"", ""ENO1"", ""G6PD"", ""GPI"", ""NDC1"", ""NUP42"", ""SLC35B2"", ""ST3GAL1""]"	0	False		0.09744235174953778
CORUM	CORUM:3034	PAC1-PAC2 complex	False	0.09940910413270916	1	"[""PSMG1""]"	False	1.0	1	"[""PSMG1""]"	False	1.0	1	"[""PSMG1""]"	0	False		0.09940910413270916
CORUM	CORUM:915	SNARE complex (SNAP23, STX1A)	False	0.09940910413270916	1	"[""SNAP23""]"	False	1.0	1	"[""SNAP23""]"	False	1.0	1	"[""SNAP23""]"	0	False		0.09940910413270916
CORUM	CORUM:801	SNARE complex (STX2, SNAP23)	False	0.09940910413270916	1	"[""SNAP23""]"	False	1.0	1	"[""SNAP23""]"	False	1.0	1	"[""SNAP23""]"	0	False		0.09940910413270916
CORUM	CORUM:805	SNARE complex (STX4, SNAP23)	False	0.09940910413270916	1	"[""SNAP23""]"	False	1.0	1	"[""SNAP23""]"	False	1.0	1	"[""SNAP23""]"	0	False		0.09940910413270916
CORUM	CORUM:730	SNARE complex (STX4, SNAP23, VAMP1)	False	0.09940910413270916	1	"[""SNAP23""]"	False	1.0	1	"[""SNAP23""]"	False	1.0	1	"[""SNAP23""]"	0	False		0.09940910413270916
CORUM	CORUM:820	SNARE complex (STX6, SNAP23)	False	0.09940910413270916	1	"[""SNAP23""]"	False	1.0	1	"[""SNAP23""]"	False	1.0	1	"[""SNAP23""]"	0	False		0.09940910413270916
CORUM	CORUM:3176	USP1-UAF1 complex	False	0.09940910413270916	1	"[""WDR48""]"	False	1.0	1	"[""WDR48""]"	False	1.0	1	"[""WDR48""]"	0	False		0.09940910413270916
CORUM	CORUM:6638	USP1-UAF1 complex	False	0.09940910413270916	1	"[""WDR48""]"	False	1.0	1	"[""WDR48""]"	False	1.0	1	"[""WDR48""]"	0	False		0.09940910413270916
CORUM	CORUM:6636	USP12-UAF1 complex	False	0.09940910413270916	1	"[""WDR48""]"	False	1.0	1	"[""WDR48""]"	False	1.0	1	"[""WDR48""]"	0	False		0.09940910413270916
CORUM	CORUM:6637	USP46-UAF1 complex	False	0.09940910413270916	1	"[""WDR48""]"	False	1.0	1	"[""WDR48""]"	False	1.0	1	"[""WDR48""]"	0	False		0.09940910413270916
CORUM	CORUM:1893	mTOR complex (MTOR, RICTOR, MLST8)	False	0.09940910413270916	1	"[""MLST8""]"	False	1.0	1	"[""MLST8""]"	False	1.0	1	"[""MLST8""]"	0	False		0.09940910413270916
CORUM	CORUM:1895	mTOR complex (MTOR, RICTOR, MLST8)	False	0.09940910413270916	1	"[""MLST8""]"	False	1.0	1	"[""MLST8""]"	False	1.0	1	"[""MLST8""]"	0	False		0.09940910413270916
CORUM	CORUM:2969	mTORC2 complex	False	0.09940910413270916	1	"[""MLST8""]"	False	1.0	1	"[""MLST8""]"	False	1.0	1	"[""MLST8""]"	0	False		0.09940910413270916
GO:BP	GO:1900024	regulation of substrate adhesion-dependent cell spreading	False	1.0	1	"[""CRKL""]"	False	1.0	4	"[""CRKL"", ""DOCK5"", ""PTK2"", ""WASHC2C""]"	False	0.1034702831942123	6	"[""CRK"", ""CRKL"", ""DOCK5"", ""FERMT2"", ""PTK2"", ""WASHC2C""]"	0	False		0.1034702831942123
KEGG	KEGG:03010	Ribosome	False	0.35607580327557103	2	"[""MRPS12"", ""MRPS6""]"	False	1.0	2	"[""MRPS12"", ""MRPS6""]"	False	0.10582830578604474	4	"[""MRPL53"", ""MRPS12"", ""MRPS2"", ""MRPS6""]"	0	False		0.10582830578604474
REAC	REAC:R-HSA-4420097	VEGFA-VEGFR2 Pathway	False	1.0	1	"[""MLST8""]"	False	1.0	2	"[""MLST8"", ""PTK2""]"	False	0.1119617125039271	5	"[""CRK"", ""ITGAV"", ""MLST8"", ""PTK2"", ""RHOA""]"	0	False		0.1119617125039271
KEGG	KEGG:04062	Chemokine signaling pathway	False	1.0	2	"[""CRKL"", ""KRAS""]"	False	1.0	3	"[""CRKL"", ""KRAS"", ""PTK2""]"	False	0.11319164363105244	6	"[""CRK"", ""CRKL"", ""KRAS"", ""NFKBIA"", ""PTK2"", ""RHOA""]"	0	False		0.11319164363105244
KEGG	KEGG:05220	Chronic myeloid leukemia	False	0.3755520111858013	2	"[""CRKL"", ""KRAS""]"	False	1.0	2	"[""CRKL"", ""KRAS""]"	False	0.11718698673964208	4	"[""CRK"", ""CRKL"", ""KRAS"", ""NFKBIA""]"	0	False		0.11718698673964208
REAC	REAC:R-HSA-8953854	Metabolism of RNA	False	1.0	2	"[""HNRNPA1"", ""SNRPB2""]"	False	1.0	3	"[""HNRNPA1"", ""SNRPB2"", ""TRA2B""]"	False	0.12356749157121955	8	"[""CCAR1"", ""CNOT1"", ""HNRNPA1"", ""NDC1"", ""NUP42"", ""RBM10"", ""SNRPB2"", ""TRA2B""]"	0	False		0.12356749157121955
KEGG	KEGG:05170	Human immunodeficiency virus 1 infection	False	1.0	2	"[""CRKL"", ""KRAS""]"	False	1.0	3	"[""CRKL"", ""KRAS"", ""PTK2""]"	False	0.14794834323526942	6	"[""CRK"", ""CRKL"", ""KRAS"", ""NFKBIA"", ""PTK2"", ""TRAF2""]"	0	False		0.14794834323526942
CORUM	CORUM:2755	17S U2 snRNP	False	0.14900098837111672	1	"[""SNRPB2""]"	False	1.0	1	"[""SNRPB2""]"	False	1.0	1	"[""SNRPB2""]"	0	False		0.14900098837111672
CORUM	CORUM:2511	CRKL-WIPF1-WAS complex	False	0.14900098837111672	1	"[""CRKL""]"	False	1.0	1	"[""CRKL""]"	False	1.0	1	"[""CRKL""]"	0	False		0.14900098837111672
CORUM	CORUM:6175	Caspase-10-SUMO-FADD/Drp1 complex	False	0.14900098837111672	1	"[""DNM1L""]"	False	1.0	1	"[""DNM1L""]"	False	1.0	1	"[""DNM1L""]"	0	False		0.14900098837111672
CORUM	CORUM:7130	PRKAR2A-GSKIP-GSK3B-DNM1L complex	False	0.14900098837111672	1	"[""DNM1L""]"	False	1.0	1	"[""DNM1L""]"	False	1.0	1	"[""DNM1L""]"	0	False		0.14900098837111672
CORUM	CORUM:1749	SMN-PolII-RHA complex	False	0.14900098837111672	1	"[""SNRPB2""]"	False	1.0	1	"[""SNRPB2""]"	False	1.0	1	"[""SNRPB2""]"	0	False		0.14900098837111672
CORUM	CORUM:797	SNARE complex (STX11, VAMP2, SNAP23)	False	0.14900098837111672	1	"[""SNAP23""]"	False	1.0	1	"[""SNAP23""]"	False	1.0	1	"[""SNAP23""]"	0	False		0.14900098837111672
CORUM	CORUM:731	SNARE complex (STX4, SNAP23, VAMP2)	False	0.14900098837111672	1	"[""SNAP23""]"	False	1.0	1	"[""SNAP23""]"	False	1.0	1	"[""SNAP23""]"	0	False		0.14900098837111672
CORUM	CORUM:6634	WDR20-USP12-UAF1 complex	False	0.14900098837111672	1	"[""WDR48""]"	False	1.0	1	"[""WDR48""]"	False	1.0	1	"[""WDR48""]"	0	False		0.14900098837111672
CORUM	CORUM:6635	WDR20-USP46-UAF1 complex	False	0.14900098837111672	1	"[""WDR48""]"	False	1.0	1	"[""WDR48""]"	False	1.0	1	"[""WDR48""]"	0	False		0.14900098837111672
CORUM	CORUM:3979	mTORC2 complex	False	0.14900098837111672	1	"[""MLST8""]"	False	1.0	1	"[""MLST8""]"	False	1.0	1	"[""MLST8""]"	0	False		0.14900098837111672
CORUM	CORUM:320	55S ribosome, mitochondrial	False	0.15160700046611464	2	"[""MRPS12"", ""MRPS6""]"	False	1.0	2	"[""MRPS12"", ""MRPS6""]"	False	0.3572922232514627	4	"[""MRPL53"", ""MRPS12"", ""MRPS2"", ""MRPS6""]"	0	False		0.15160700046611464
KEGG	KEGG:04012	ErbB signaling pathway	False	0.45821709940251826	2	"[""CRKL"", ""KRAS""]"	False	0.17668980865302025	3	"[""CRKL"", ""KRAS"", ""PTK2""]"	False	0.1711772960947625	4	"[""CRK"", ""CRKL"", ""KRAS"", ""PTK2""]"	0	False		0.1711772960947625
GO:BP	GO:1903578	regulation of ATP metabolic process	False	0.17182796942770798	4	"[""DNM1L"", ""ENO1"", ""FIS1"", ""MLST8""]"	False	1.0	4	"[""DNM1L"", ""ENO1"", ""FIS1"", ""MLST8""]"	False	1.0	4	"[""DNM1L"", ""ENO1"", ""FIS1"", ""MLST8""]"	0	False		0.17182796942770798
REAC	REAC:R-HSA-70326	Glucose metabolism	False	1.0	1	"[""ENO1""]"	False	1.0	1	"[""ENO1""]"	False	0.17188098631110435	4	"[""ENO1"", ""GPI"", ""NDC1"", ""NUP42""]"	0	False		0.17188098631110435
REAC	REAC:R-HSA-194138	Signaling by VEGF	False	1.0	1	"[""MLST8""]"	False	1.0	2	"[""MLST8"", ""PTK2""]"	False	0.17583062914993758	5	"[""CRK"", ""ITGAV"", ""MLST8"", ""PTK2"", ""RHOA""]"	0	False		0.17583062914993758
KEGG	KEGG:05417	Lipid and atherosclerosis	False	1.0	1	"[""KRAS""]"	False	1.0	3	"[""HSP90AB1"", ""KRAS"", ""PTK2""]"	False	0.1856740758844398	6	"[""HSP90AB1"", ""KRAS"", ""NFKBIA"", ""PTK2"", ""RHOA"", ""TRAF2""]"	0	False		0.1856740758844398
GO:BP	GO:0051057	positive regulation of small GTPase mediated signal transduction	False	1.0	2	"[""CRKL"", ""KRAS""]"	False	1.0	2	"[""CRKL"", ""KRAS""]"	False	0.18568195775517654	6	"[""CRK"", ""CRKL"", ""FERMT2"", ""ITGAV"", ""KRAS"", ""TNS3""]"	0	False		0.18568195775517654
KEGG	KEGG:03030	DNA replication	False		0	[]	False	1.0	1	"[""RNASEH2A""]"	False	0.18817120628178266	2	"[""RNASEH2A"", ""RNASEH2C""]"	0	False		0.18817120628178266
REAC	REAC:R-HSA-9820965	Respiratory syncytial virus (RSV) genome replication, transcription and translation	False		0	[]	False	0.19468964527056848	2	"[""FURIN"", ""HSP90AB1""]"	False	0.9087292400925114	2	"[""FURIN"", ""HSP90AB1""]"	0	False		0.19468964527056848
CORUM	CORUM:6838	IGF2BP1 complex	False	0.19851790604126174	1	"[""SYNCRIP""]"	False	1.0	1	"[""SYNCRIP""]"	False	1.0	1	"[""SYNCRIP""]"	0	False		0.19851790604126174
CORUM	CORUM:1307	Multiprotein complex (mRNA turnover)	False	0.19851790604126174	1	"[""SYNCRIP""]"	False	1.0	1	"[""SYNCRIP""]"	False	1.0	1	"[""SYNCRIP""]"	0	False		0.19851790604126174
CORUM	CORUM:1169	SNARE complex (STX4, VAMP8, VAMP3, SNAP23)	False	0.19851790604126174	1	"[""SNAP23""]"	False	1.0	1	"[""SNAP23""]"	False	1.0	1	"[""SNAP23""]"	0	False		0.19851790604126174
CORUM	CORUM:2510	ZAP70-CRKL-WIPF1-WAS complex	False	0.19851790604126174	1	"[""CRKL""]"	False	1.0	1	"[""CRKL""]"	False	1.0	1	"[""CRKL""]"	0	False		0.19851790604126174
REAC	REAC:R-HSA-5339562	Uptake and actions of bacterial toxins	False		0	[]	False	0.9507836773449767	2	"[""FURIN"", ""HSP90AB1""]"	False	0.20154390511177525	3	"[""FURIN"", ""HSP90AB1"", ""SV2A""]"	0	False		0.20154390511177525
KEGG	KEGG:05222	Small cell lung cancer	False		0	[]	False	1.0	1	"[""PTK2""]"	False	0.21249283251604673	4	"[""ITGAV"", ""NFKBIA"", ""PTK2"", ""TRAF2""]"	0	False		0.21249283251604673
REAC	REAC:R-HSA-9824439	Bacterial Infection Pathways	False	1.0	1	"[""ENO1""]"	False	0.30821981181377855	3	"[""ENO1"", ""FURIN"", ""HSP90AB1""]"	False	0.22602265208116934	4	"[""ENO1"", ""FURIN"", ""HSP90AB1"", ""SV2A""]"	0	False		0.22602265208116934
REAC	REAC:R-HSA-5663205	Infectious disease	False	1.0	2	"[""ENO1"", ""HNRNPA1""]"	False	1.0	5	"[""ENO1"", ""FURIN"", ""HNRNPA1"", ""HSP90AB1"", ""PTK2""]"	False	0.2317389840041137	13	"[""CRK"", ""ENO1"", ""FURIN"", ""HNRNPA1"", ""HSP90AB1"", ""MED24"", ""NDC1"", ""NFKBIA"", ""NUP42"", ""PTK2"", ""RCOR1"", ""ST3GAL1"", ""SV2A""]"	0	False		0.2317389840041137
KEGG	KEGG:04518	Integrin signaling	False		0	[]	False	0.8918945137827298	3	"[""ITGB5"", ""PTK2"", ""VCL""]"	False	0.23334740579223098	5	"[""FERMT2"", ""ITGAV"", ""ITGB5"", ""PTK2"", ""VCL""]"	0	False		0.23334740579223098
KEGG	KEGG:04148	Efferocytosis	False	1.0	1	"[""CRKL""]"	False	0.9082766741664465	3	"[""CRKL"", ""ITGB5"", ""PTK2""]"	False	0.24027266071710246	5	"[""CRK"", ""CRKL"", ""ITGAV"", ""ITGB5"", ""PTK2""]"	0	False		0.24027266071710246
GO:BP	GO:0065003	protein-containing complex assembly	False	1.0	7	"[""BRD2"", ""COX18"", ""DNM1L"", ""MLST8"", ""PSMG1"", ""SNAP23"", ""SNRPB2""]"	False	1.0	12	"[""BRD2"", ""COX18"", ""DNM1L"", ""DOCK5"", ""HSP90AB1"", ""LCMT1"", ""MLST8"", ""PSMG1"", ""PTK2"", ""SNAP23"", ""SNRPB2"", ""WASHC2C""]"	False	0.2509135808334958	23	"[""AIFM1"", ""BRD2"", ""COX18"", ""DNM1L"", ""DOCK5"", ""FERMT2"", ""FOXRED1"", ""HSP90AB1"", ""LCMT1"", ""MED24"", ""MGRN1"", ""MLST8"", ""NDC1"", ""NDUFAF8"", ""PRKRA"", ""PSMG1"", ""PTK2"", ""RHOA"", ""SNAP23"", ""SNRPB2"", ""SV2A"", ""TRAF2"", ""WASHC2C""]"	0	False		0.2509135808334958
KEGG	KEGG:05211	Renal cell carcinoma	False	0.28302049559879167	2	"[""CRKL"", ""KRAS""]"	False	1.0	2	"[""CRKL"", ""KRAS""]"	False	0.7113147512681826	3	"[""CRK"", ""CRKL"", ""KRAS""]"	0	False		0.28302049559879167
GO:BP	GO:1900542	regulation of purine nucleotide metabolic process	False	0.28487057518979186	4	"[""DNM1L"", ""ENO1"", ""FIS1"", ""MLST8""]"	False	1.0	4	"[""DNM1L"", ""ENO1"", ""FIS1"", ""MLST8""]"	False	1.0	4	"[""DNM1L"", ""ENO1"", ""FIS1"", ""MLST8""]"	0	False		0.28487057518979186
GO:BP	GO:0006140	regulation of nucleotide metabolic process	False	0.30016000264474485	4	"[""DNM1L"", ""ENO1"", ""FIS1"", ""MLST8""]"	False	1.0	4	"[""DNM1L"", ""ENO1"", ""FIS1"", ""MLST8""]"	False	1.0	4	"[""DNM1L"", ""ENO1"", ""FIS1"", ""MLST8""]"	0	False		0.30016000264474485
REAC	REAC:R-HSA-9679506	SARS-CoV Infections	False	1.0	1	"[""HNRNPA1""]"	False	1.0	3	"[""FURIN"", ""HNRNPA1"", ""HSP90AB1""]"	False	0.331981384469593	8	"[""FURIN"", ""HNRNPA1"", ""HSP90AB1"", ""NDC1"", ""NFKBIA"", ""NUP42"", ""RCOR1"", ""ST3GAL1""]"	0	False		0.331981384469593
CORUM	CORUM:620	CoREST-HDAC complex	False	0.34661994686879105	1	"[""ZNF217""]"	False	1.0	1	"[""ZNF217""]"	False	0.34182751373882964	2	"[""RCOR1"", ""ZNF217""]"	0	False		0.34182751373882964
CORUM	CORUM:5212	Kinase maturation complex 2	False		0	[]	False	1.0	1	"[""HSP90AB1""]"	False	0.34182751373882964	2	"[""HSP90AB1"", ""TRAF2""]"	0	False		0.34182751373882964
KEGG	KEGG:04151	PI3K-Akt signaling pathway	False	1.0	2	"[""KRAS"", ""MLST8""]"	False	0.34647396897897825	5	"[""HSP90AB1"", ""ITGB5"", ""KRAS"", ""MLST8"", ""PTK2""]"	False	1.0	6	"[""HSP90AB1"", ""ITGAV"", ""ITGB5"", ""KRAS"", ""MLST8"", ""PTK2""]"	0	False		0.34647396897897825
CORUM	CORUM:6521	Akt-PHLPP1-PHLPP2-FANCI-FANCD2-USP1-UAF1 complex	False	0.34661994686879105	1	"[""WDR48""]"	False	1.0	1	"[""WDR48""]"	False	1.0	1	"[""WDR48""]"	0	False		0.34661994686879105
CORUM	CORUM:563	F1F0-ATP synthase, mitochondrial	False	0.34661994686879105	1	"[""ATP5ME""]"	False	1.0	1	"[""ATP5ME""]"	False	1.0	1	"[""ATP5ME""]"	0	False		0.34661994686879105
REAC	REAC:R-HSA-9013418	RHOBTB2 GTPase cycle	False		0	[]	False	0.3685808555434456	2	"[""HSP90AB1"", ""TRA2B""]"	False	1.0	2	"[""HSP90AB1"", ""TRA2B""]"	0	False		0.3685808555434456
KEGG	KEGG:04621	NOD-like receptor signaling pathway	False	1.0	1	"[""DNM1L""]"	False	1.0	2	"[""DNM1L"", ""HSP90AB1""]"	False	0.4439364318107345	5	"[""DNM1L"", ""HSP90AB1"", ""NFKBIA"", ""RHOA"", ""TRAF2""]"	0	False		0.4439364318107345
CORUM	CORUM:6084	AFF4 super elongation complex (SEC)	False	0.444981798516607	1	"[""EAF1""]"	False	1.0	1	"[""EAF1""]"	False	1.0	1	"[""EAF1""]"	0	False		0.444981798516607
CORUM	CORUM:1492	BHC110 complex	False	0.444981798516607	1	"[""ZNF217""]"	False	1.0	1	"[""ZNF217""]"	False	0.5810066725268659	2	"[""RCOR1"", ""ZNF217""]"	0	False		0.444981798516607
KEGG	KEGG:04137	Mitophagy - animal	False	0.45821709940251826	2	"[""FIS1"", ""KRAS""]"	False	1.0	2	"[""FIS1"", ""KRAS""]"	False	1.0	3	"[""FIS1"", ""KRAS"", ""TRAF2""]"	0	False		0.45821709940251826
REAC	REAC:R-HSA-1236973	Cross-presentation of particulate exogenous antigens (phagosomes)	False		0	[]	False	1.0	1	"[""ITGB5""]"	False	0.4685860452817958	2	"[""ITGAV"", ""ITGB5""]"	0	False		0.4685860452817958
REAC	REAC:R-HSA-6806834	Signaling by MET	False	1.0	1	"[""CRKL""]"	False	1.0	2	"[""CRKL"", ""PTK2""]"	False	0.485093145140322	4	"[""CRK"", ""CRKL"", ""PTK2"", ""TNS3""]"	0	False		0.485093145140322
KEGG	KEGG:04935	Growth hormone synthesis, secretion and action	False	0.9200743740439472	2	"[""CRKL"", ""KRAS""]"	False	0.49038443701030343	3	"[""CRKL"", ""KRAS"", ""PTK2""]"	False	0.6282163395298266	4	"[""CRK"", ""CRKL"", ""KRAS"", ""PTK2""]"	0	False		0.49038443701030343
KEGG	KEGG:05200	Pathways in cancer	False	1.0	2	"[""CRKL"", ""KRAS""]"	False	1.0	4	"[""CRKL"", ""HSP90AB1"", ""KRAS"", ""PTK2""]"	False	0.4945812205029762	9	"[""CRK"", ""CRKL"", ""HSP90AB1"", ""ITGAV"", ""KRAS"", ""NFKBIA"", ""PTK2"", ""RHOA"", ""TRAF2""]"	0	False		0.4945812205029762
REAC	REAC:R-HSA-9636667	Manipulation of host energy metabolism	False	0.5037986417587329	1	"[""ENO1""]"	False	1.0	1	"[""ENO1""]"	False	1.0	1	"[""ENO1""]"	0	False		0.5037986417587329
GO:BP	GO:0046034	ATP metabolic process	False	0.5260979299335095	5	"[""ATP5ME"", ""DNM1L"", ""ENO1"", ""FIS1"", ""MLST8""]"	False	1.0	5	"[""ATP5ME"", ""DNM1L"", ""ENO1"", ""FIS1"", ""MLST8""]"	False	1.0	6	"[""ATP5ME"", ""DNM1L"", ""ENO1"", ""FIS1"", ""GPI"", ""MLST8""]"	0	False		0.5260979299335095
CORUM	CORUM:633	anti-BHC110 complex	False	0.5430463858368884	1	"[""ZNF217""]"	False	1.0	1	"[""ZNF217""]"	False	0.880107846703771	2	"[""RCOR1"", ""ZNF217""]"	0	False		0.5430463858368884
REAC	REAC:R-HSA-5389840	Mitochondrial translation elongation	False	1.0	2	"[""MRPS12"", ""MRPS6""]"	False	1.0	2	"[""MRPS12"", ""MRPS6""]"	False	0.5659273993768081	4	"[""MRPL53"", ""MRPS12"", ""MRPS2"", ""MRPS6""]"	0	False		0.5659273993768081
REAC	REAC:R-HSA-5419276	Mitochondrial translation termination	False	1.0	2	"[""MRPS12"", ""MRPS6""]"	False	1.0	2	"[""MRPS12"", ""MRPS6""]"	False	0.5659273993768081	4	"[""MRPL53"", ""MRPS12"", ""MRPS2"", ""MRPS6""]"	0	False		0.5659273993768081
REAC	REAC:R-HSA-392499	Metabolism of proteins	False	1.0	3	"[""MRPS12"", ""MRPS6"", ""WDR48""]"	False	1.0	6	"[""DOLK"", ""FURIN"", ""MRPS12"", ""MRPS6"", ""TARS2"", ""WDR48""]"	False	0.5716366340202531	21	"[""ALG8"", ""DERL2"", ""DOLK"", ""DPH5"", ""FURIN"", ""MRPL53"", ""MRPS12"", ""MRPS2"", ""MRPS6"", ""MTFMT"", ""NDC1"", ""NFKBIA"", ""NUP42"", ""PIGL"", ""RAB15"", ""RHOA"", ""SP3"", ""ST3GAL1"", ""TARS2"", ""TRAF2"", ""WDR48""]"	0	False		0.5716366340202531
CORUM	CORUM:5286	TNF-alpha/NF-kappa B signaling complex 10	False		0	[]	False	1.0	1	"[""HSP90AB1""]"	False	0.5810066725268659	2	"[""CCAR1"", ""HSP90AB1""]"	0	False		0.5810066725268659
CORUM	CORUM:626	LSD1 complex	False	0.5919674750138229	1	"[""ZNF217""]"	False	1.0	1	"[""ZNF217""]"	False	1.0	2	"[""RCOR1"", ""ZNF217""]"	0	False		0.5919674750138229
REAC	REAC:R-HSA-8875656	MET receptor recycling	False	1.0	1	"[""CRKL""]"	False	1.0	1	"[""CRKL""]"	False	0.5999011984626988	2	"[""CRK"", ""CRKL""]"	0	False		0.5999011984626988
REAC	REAC:R-HSA-3371571	HSF1-dependent transactivation	False	1.0	1	"[""MLST8""]"	False	0.660017899883125	2	"[""HSP90AB1"", ""MLST8""]"	False	1.0	2	"[""HSP90AB1"", ""MLST8""]"	0	False		0.660017899883125
KEGG	KEGG:05205	Proteoglycans in cancer	False	1.0	1	"[""KRAS""]"	False	1.0	3	"[""ITGB5"", ""KRAS"", ""PTK2""]"	False	0.6864588605297735	5	"[""ITGAV"", ""ITGB5"", ""KRAS"", ""PTK2"", ""RHOA""]"	0	False		0.6864588605297735
KEGG	KEGG:00970	Aminoacyl-tRNA biosynthesis	False		0	[]	False	1.0	1	"[""TARS2""]"	False	0.688554445341626	2	"[""MTFMT"", ""TARS2""]"	0	False		0.688554445341626
REAC	REAC:R-HSA-2173789	TGF-beta receptor signaling activates SMADs	False		0	[]	False	1.0	2	"[""FURIN"", ""ITGB5""]"	False	0.7275004700788833	3	"[""FURIN"", ""ITGAV"", ""ITGB5""]"	0	False		0.7275004700788833
REAC	REAC:R-HSA-8875555	MET activates RAP1 and RAC1	False	1.0	1	"[""CRKL""]"	False	1.0	1	"[""CRKL""]"	False	0.7466835323858867	2	"[""CRK"", ""CRKL""]"	0	False		0.7466835323858867
KEGG	KEGG:04210	Apoptosis	False	1.0	1	"[""KRAS""]"	False	1.0	1	"[""KRAS""]"	False	0.766420211865632	4	"[""AIFM1"", ""KRAS"", ""NFKBIA"", ""TRAF2""]"	0	False		0.766420211865632
CORUM	CORUM:642	CtBP complex	False	0.7869129772658559	1	"[""ZNF217""]"	False	1.0	1	"[""ZNF217""]"	False	1.0	2	"[""RCOR1"", ""ZNF217""]"	0	False		0.7869129772658559
REAC	REAC:R-HSA-9706574	RHOBTB GTPase Cycle	False		0	[]	False	0.7990959912840293	2	"[""HSP90AB1"", ""TRA2B""]"	False	1.0	2	"[""HSP90AB1"", ""TRA2B""]"	0	False		0.7990959912840293
GO:BP	GO:0016601	Rac protein signal transduction	False	1.0	2	"[""CRKL"", ""KRAS""]"	False	1.0	3	"[""CRKL"", ""DOCK5"", ""KRAS""]"	False	0.8200708049675822	5	"[""CRK"", ""CRKL"", ""DOCK5"", ""KRAS"", ""TNS3""]"	0	False		0.8200708049675822
GO:BP	GO:0009205	purine ribonucleoside triphosphate metabolic process	False	0.8516592154307576	5	"[""ATP5ME"", ""DNM1L"", ""ENO1"", ""FIS1"", ""MLST8""]"	False	1.0	5	"[""ATP5ME"", ""DNM1L"", ""ENO1"", ""FIS1"", ""MLST8""]"	False	1.0	6	"[""ATP5ME"", ""DNM1L"", ""ENO1"", ""FIS1"", ""GPI"", ""MLST8""]"	0	False		0.8516592154307576
CORUM	CORUM:7416	GJB2-PTK2-NANOG complex	False		0	[]	False	0.8968723073069897	1	"[""PTK2""]"	False	1.0	1	"[""PTK2""]"	0	False		0.8968723073069897
KEGG	KEGG:05418	Fluid shear stress and atherosclerosis	False		0	[]	False	1.0	2	"[""HSP90AB1"", ""PTK2""]"	False	0.8995621541495642	4	"[""HSP90AB1"", ""ITGAV"", ""PTK2"", ""RHOA""]"	0	False		0.8995621541495642
CORUM	CORUM:3055	Nop56p-associated pre-rRNA complex	False	0.9323493068338943	1	"[""HNRNPA1""]"	False	1.0	1	"[""HNRNPA1""]"	False	1.0	1	"[""HNRNPA1""]"	0	False		0.9323493068338943
REAC	REAC:R-HSA-9006936	Signaling by TGFB family members	False		0	[]	False	1.0	3	"[""FURIN"", ""ITGB5"", ""TGIF1""]"	False	0.9407212811341163	5	"[""FURIN"", ""ITGAV"", ""ITGB5"", ""RHOA"", ""TGIF1""]"	0	False		0.9407212811341163
GO:BP	GO:0009144	purine nucleoside triphosphate metabolic process	False	0.9748964349197192	5	"[""ATP5ME"", ""DNM1L"", ""ENO1"", ""FIS1"", ""MLST8""]"	False	1.0	5	"[""ATP5ME"", ""DNM1L"", ""ENO1"", ""FIS1"", ""MLST8""]"	False	1.0	6	"[""ATP5ME"", ""DNM1L"", ""ENO1"", ""FIS1"", ""GPI"", ""MLST8""]"	0	False		0.9748964349197192
GO:BP	GO:0035020	regulation of Rac protein signal transduction	False	1.0	2	"[""CRKL"", ""KRAS""]"	False	1.0	2	"[""CRKL"", ""KRAS""]"	False	0.9780199920820056	4	"[""CRK"", ""CRKL"", ""KRAS"", ""TNS3""]"	0	False		0.9780199920820056
CORUM	CORUM:324	39S ribosomal subunit, mitochondrial	False		0	[]	False		0	[]	False	1.0	1	"[""MRPL53""]"	0	False		1.0
CORUM	CORUM:6395	4E-T-DDX6-CNOT1 complex	False		0	[]	False		0	[]	False	1.0	1	"[""CNOT1""]"	0	False		1.0
CORUM	CORUM:6164	ACK1 signaling complex	False		0	[]	False		0	[]	False	1.0	1	"[""CRK""]"	0	False		1.0
CORUM	CORUM:6193	ADAM12-alphaVbeta3-integrin-MMP-14 complex	False		0	[]	False		0	[]	False	1.0	1	"[""ITGAV""]"	0	False		1.0
CORUM	CORUM:5843	AIF-CYPA-DNA complex	False		0	[]	False		0	[]	False	1.0	1	"[""AIFM1""]"	0	False		1.0
CORUM	CORUM:5165	AP1G1-PACS1-FURIN complex	False		0	[]	False	1.0	1	"[""FURIN""]"	False	1.0	1	"[""FURIN""]"	0	False		1.0
CORUM	CORUM:232	ARC complex	False		0	[]	False		0	[]	False	1.0	1	"[""MED24""]"	0	False		1.0
CORUM	CORUM:288	ARC complex	False		0	[]	False		0	[]	False	1.0	1	"[""MED24""]"	0	False		1.0
CORUM	CORUM:287	ARC-L complex	False		0	[]	False		0	[]	False	1.0	1	"[""MED24""]"	0	False		1.0
CORUM	CORUM:632	Anti-HDAC2 complex	False		0	[]	False		0	[]	False	1.0	1	"[""RCOR1""]"	0	False		1.0
CORUM	CORUM:636	BHC complex	False		0	[]	False		0	[]	False	1.0	1	"[""RCOR1""]"	0	False		1.0
CORUM	CORUM:2222	BLM complex II	False		0	[]	False		0	[]	False	1.0	1	"[""RMI1""]"	0	False		1.0
CORUM	CORUM:2738	BLM complex II	False		0	[]	False		0	[]	False	1.0	1	"[""RMI1""]"	0	False		1.0
CORUM	CORUM:246	BLM complex III	False		0	[]	False		0	[]	False	1.0	1	"[""RMI1""]"	0	False		1.0
CORUM	CORUM:871	BRAF53-BRCA2 complex	False		0	[]	False		0	[]	False	1.0	1	"[""RCOR1""]"	0	False		1.0
CORUM	CORUM:244	BRAFT complex	False		0	[]	False		0	[]	False	1.0	1	"[""RMI1""]"	0	False		1.0
CORUM	CORUM:2600	BRD4 complex	False		0	[]	False		0	[]	False	1.0	1	"[""MED24""]"	0	False		1.0
CORUM	CORUM:6706	CAPN1-HSP90AB1 complex	False		0	[]	False	1.0	1	"[""HSP90AB1""]"	False	1.0	1	"[""HSP90AB1""]"	0	False		1.0
CORUM	CORUM:5282	CAS-SRC-FAK complex	False		0	[]	False	1.0	1	"[""PTK2""]"	False	1.0	1	"[""PTK2""]"	0	False		1.0
CORUM	CORUM:6639	CCC-Wash (WASH1, FAM21C) complex	False		0	[]	False	1.0	1	"[""WASHC2C""]"	False	1.0	1	"[""WASHC2C""]"	0	False		1.0
CORUM	CORUM:7135	CCDC22-CCDC93-C16orf62-FAM21-WASH1 complex	False		0	[]	False	1.0	1	"[""WASHC2C""]"	False	1.0	1	"[""WASHC2C""]"	0	False		1.0
CORUM	CORUM:6765	CCR4-NOT complex	False		0	[]	False		0	[]	False	1.0	1	"[""CNOT1""]"	0	False		1.0
CORUM	CORUM:7192	CCR4-NOT-CNOT7-CNOT6 complex	False		0	[]	False		0	[]	False	1.0	1	"[""CNOT1""]"	0	False		1.0
CORUM	CORUM:7214	CCR4-NOT-CNOT7-CNOT6L complex	False		0	[]	False		0	[]	False	1.0	1	"[""CNOT1""]"	0	False		1.0
CORUM	CORUM:7215	CCR4-NOT-CNOT8-CNOT6 complex	False		0	[]	False		0	[]	False	1.0	1	"[""CNOT1""]"	0	False		1.0
CORUM	CORUM:7216	CCR4-NOT-CNOT8-CNOT6L complex	False		0	[]	False		0	[]	False	1.0	1	"[""CNOT1""]"	0	False		1.0
CORUM	CORUM:2112	CDC37-HSP90AA1-HSP90AB1-MAP3K11 complex	False		0	[]	False	1.0	1	"[""HSP90AB1""]"	False	1.0	1	"[""HSP90AB1""]"	0	False		1.0
CORUM	CORUM:1183	CDC5L complex	False		0	[]	False		0	[]	False	1.0	1	"[""GCN1""]"	0	False		1.0
CORUM	CORUM:1182	CDC5L core complex	False		0	[]	False		0	[]	False	1.0	1	"[""GCN1""]"	0	False		1.0
CORUM	CORUM:2480	CIN85 complex (CIN85, CRK, BCAR1, CBL, PIK3R1, GRB2, SOS1)	False		0	[]	False		0	[]	False	1.0	1	"[""CRK""]"	0	False		1.0
CORUM	CORUM:6394	CNOT1-CNOT2-CNOT3 complex	False		0	[]	False		0	[]	False	1.0	1	"[""CNOT1""]"	0	False		1.0
CORUM	CORUM:2962	CRK-BCAR1-DOCK1 complex	False		0	[]	False		0	[]	False	1.0	1	"[""CRK""]"	0	False		1.0
CORUM	CORUM:5444	CRKII-C3G complex	False		0	[]	False		0	[]	False	1.0	1	"[""CRK""]"	0	False		1.0
CORUM	CORUM:217	CRSP complex	False		0	[]	False		0	[]	False	1.0	1	"[""MED24""]"	0	False		1.0
CORUM	CORUM:218	CRSP complex	False		0	[]	False		0	[]	False	1.0	1	"[""MED24""]"	0	False		1.0
CORUM	CORUM:284	CRSP complex	False		0	[]	False		0	[]	False	1.0	1	"[""MED24""]"	0	False		1.0
CORUM	CORUM:910	CRSP-Mediator 2 complex	False		0	[]	False		0	[]	False	1.0	1	"[""MED24""]"	0	False		1.0
CORUM	CORUM:6907	CTNNB1-FERMT2-TCF7L2 complex	False		0	[]	False		0	[]	False	1.0	1	"[""FERMT2""]"	0	False		1.0
CORUM	CORUM:6908	CTNNB1-FERMT2-YBX1 complex	False		0	[]	False		0	[]	False	1.0	1	"[""FERMT2""]"	0	False		1.0
CORUM	CORUM:6916	CTTN-FER-PTK2 complex	False		0	[]	False	1.0	1	"[""PTK2""]"	False	1.0	1	"[""PTK2""]"	0	False		1.0
CORUM	CORUM:1233	CoREST-HDAC2 complex	False		0	[]	False		0	[]	False	1.0	1	"[""RCOR1""]"	0	False		1.0
CORUM	CORUM:643	CtBP core complex	False		0	[]	False		0	[]	False	1.0	1	"[""RCOR1""]"	0	False		1.0
CORUM	CORUM:49	DNMT3B complex	False		0	[]	False	1.0	1	"[""KIF4A""]"	False	1.0	1	"[""KIF4A""]"	0	False		1.0
CORUM	CORUM:6421	DNTTIP1-ZNF541-HDAC1-HDAC2 complex	False		0	[]	False		0	[]	False	1.0	1	"[""DNTTIP1""]"	0	False		1.0
CORUM	CORUM:548	DRIP complex	False		0	[]	False		0	[]	False	1.0	1	"[""MED24""]"	0	False		1.0
CORUM	CORUM:549	DRIP complex	False		0	[]	False		0	[]	False	1.0	1	"[""MED24""]"	0	False		1.0
CORUM	CORUM:5343	ELMO1-DOCK1-CRKII complex	False		0	[]	False		0	[]	False	1.0	1	"[""CRK""]"	0	False		1.0
CORUM	CORUM:7581	ESR1-TRAP/Mediator coactivator-complex	False		0	[]	False		0	[]	False	1.0	1	"[""MED24""]"	0	False		1.0
CORUM	CORUM:7582	ESR2-TRAP/Mediator coactivator complex	False		0	[]	False		0	[]	False	1.0	1	"[""MED24""]"	0	False		1.0
CORUM	CORUM:5614	Emerin complex 32	False		0	[]	False		0	[]	False	1.0	1	"[""RCOR1""]"	0	False		1.0
CORUM	CORUM:2739	FA complex (Fanconi anemia complex)	False		0	[]	False		0	[]	False	1.0	1	"[""RMI1""]"	0	False		1.0
CORUM	CORUM:245	FA core complex (Fanconi anemia core complex)	False		0	[]	False		0	[]	False	1.0	1	"[""RMI1""]"	0	False		1.0
CORUM	CORUM:6921	FAK–p130Cas–MT1 complex	False		0	[]	False	1.0	1	"[""PTK2""]"	False	1.0	1	"[""PTK2""]"	0	False		1.0
CORUM	CORUM:6993	FGF1-ITGAV-ITGB3 complex	False		0	[]	False		0	[]	False	1.0	1	"[""ITGAV""]"	0	False		1.0
CORUM	CORUM:1348	GLE1-NUPL2-NUP155 complex	False		0	[]	False		0	[]	False	1.0	1	"[""NUP42""]"	0	False		1.0
CORUM	CORUM:3153	GNAQ-GEFT-RHOA complex	False		0	[]	False		0	[]	False	1.0	1	"[""RHOA""]"	0	False		1.0
CORUM	CORUM:7116	GRB7-PTK2 complex	False		0	[]	False	1.0	1	"[""PTK2""]"	False	1.0	1	"[""PTK2""]"	0	False		1.0
CORUM	CORUM:648	HDAC1-associated core complex cI	False		0	[]	False		0	[]	False	1.0	1	"[""RCOR1""]"	0	False		1.0
CORUM	CORUM:649	HDAC1-associated core complex cII	False		0	[]	False		0	[]	False	1.0	1	"[""RCOR1""]"	0	False		1.0
CORUM	CORUM:646	HDAC1-associated protein complex	False		0	[]	False		0	[]	False	1.0	1	"[""RCOR1""]"	0	False		1.0
CORUM	CORUM:6859	HRD1 complex	False		0	[]	False		0	[]	False	1.0	1	"[""DERL2""]"	0	False		1.0
CORUM	CORUM:5849	HSP90-CDC37-LRRK2 complex	False		0	[]	False	1.0	1	"[""HSP90AB1""]"	False	1.0	1	"[""HSP90AB1""]"	0	False		1.0
CORUM	CORUM:5234	IKBKB-CDC37-KIAA1967-HSP90AB1-HSP90AA1 complex	False		0	[]	False	1.0	1	"[""HSP90AB1""]"	False	1.0	1	"[""HSP90AB1""]"	0	False		1.0
CORUM	CORUM:2362	ITAGV-ITGB3-F11R complex	False		0	[]	False		0	[]	False	1.0	1	"[""ITGAV""]"	0	False		1.0
CORUM	CORUM:2896	ITGA2b-ITGB3-CD47-FAK complex	False		0	[]	False	1.0	1	"[""PTK2""]"	False	1.0	1	"[""PTK2""]"	0	False		1.0
CORUM	CORUM:2436	ITGAV-ITGB1 complex	False		0	[]	False		0	[]	False	1.0	1	"[""ITGAV""]"	0	False		1.0
CORUM	CORUM:2885	ITGAV-ITGB1-SPP1 complex	False		0	[]	False		0	[]	False	1.0	1	"[""ITGAV""]"	0	False		1.0
CORUM	CORUM:2816	ITGAV-ITGB3 complex	False		0	[]	False		0	[]	False	1.0	1	"[""ITGAV""]"	0	False		1.0
CORUM	CORUM:2359	ITGAV-ITGB3-ADAM15 complex	False		0	[]	False		0	[]	False	1.0	1	"[""ITGAV""]"	0	False		1.0
CORUM	CORUM:2364	ITGAV-ITGB3-ADAM23 complex	False		0	[]	False		0	[]	False	1.0	1	"[""ITGAV""]"	0	False		1.0
CORUM	CORUM:2355	ITGAV-ITGB3-CD47-FCER2 complex	False		0	[]	False		0	[]	False	1.0	1	"[""ITGAV""]"	0	False		1.0
CORUM	CORUM:2365	ITGAV-ITGB3-COL4A3 complex	False		0	[]	False		0	[]	False	1.0	1	"[""ITGAV""]"	0	False		1.0
CORUM	CORUM:2369	ITGAV-ITGB3-EGFR complex	False		0	[]	False		0	[]	False	1.0	1	"[""ITGAV""]"	0	False		1.0
CORUM	CORUM:2374	ITGAV-ITGB3-LAMA4 complex	False		0	[]	False		0	[]	False	1.0	1	"[""ITGAV""]"	0	False		1.0
CORUM	CORUM:2849	ITGAV-ITGB3-NOV complex	False		0	[]	False		0	[]	False	1.0	1	"[""ITGAV""]"	0	False		1.0
CORUM	CORUM:2366	ITGAV-ITGB3-PPAP2b complex	False		0	[]	False		0	[]	False	1.0	1	"[""ITGAV""]"	0	False		1.0
CORUM	CORUM:2363	ITGAV-ITGB3-PXN-PTK2b complex	False		0	[]	False		0	[]	False	1.0	1	"[""ITGAV""]"	0	False		1.0
CORUM	CORUM:3103	ITGAV-ITGB3-SLC3A2 complex	False		0	[]	False		0	[]	False	1.0	1	"[""ITGAV""]"	0	False		1.0
CORUM	CORUM:2358	ITGAV-ITGB3-SPP1 complex	False		0	[]	False		0	[]	False	1.0	1	"[""ITGAV""]"	0	False		1.0
CORUM	CORUM:2373	ITGAV-ITGB3-SPP1 complex	False		0	[]	False		0	[]	False	1.0	1	"[""ITGAV""]"	0	False		1.0
CORUM	CORUM:2846	ITGAV-ITGB3-THBS1 complex	False		0	[]	False		0	[]	False	1.0	1	"[""ITGAV""]"	0	False		1.0
CORUM	CORUM:2354	ITGAV-ITGB6 complex	False		0	[]	False		0	[]	False	1.0	1	"[""ITGAV""]"	0	False		1.0
CORUM	CORUM:2352	ITGAV-ITGB6-SPP1 complex	False		0	[]	False		0	[]	False	1.0	1	"[""ITGAV""]"	0	False		1.0
CORUM	CORUM:2353	ITGAV-ITGB6-TGFB3 complex	False		0	[]	False		0	[]	False	1.0	1	"[""ITGAV""]"	0	False		1.0
CORUM	CORUM:2342	ITGAV-ITGB8-MMP14-TGFB1 complex	False		0	[]	False		0	[]	False	1.0	1	"[""ITGAV""]"	0	False		1.0
CORUM	CORUM:3110	ITGAV-P2RY2-GNA12 complex	False		0	[]	False		0	[]	False	1.0	1	"[""ITGAV""]"	0	False		1.0
CORUM	CORUM:2356	ITGB3-ITGAV-CD47 complex	False		0	[]	False		0	[]	False	1.0	1	"[""ITGAV""]"	0	False		1.0
CORUM	CORUM:2826	ITGB3-ITGAV-VTN complex	False		0	[]	False		0	[]	False	1.0	1	"[""ITGAV""]"	0	False		1.0
CORUM	CORUM:5199	Kinase maturation complex 1	False		0	[]	False	1.0	1	"[""HSP90AB1""]"	False	1.0	1	"[""HSP90AB1""]"	0	False		1.0
CORUM	CORUM:7557	LGR4-RSPO supercomplex	False		0	[]	False	1.0	1	"[""PTK2""]"	False	1.0	1	"[""PTK2""]"	0	False		1.0
CORUM	CORUM:5980	LRRK2-CHIP-HSP90 complex	False		0	[]	False	1.0	1	"[""HSP90AB1""]"	False	1.0	1	"[""HSP90AB1""]"	0	False		1.0
CORUM	CORUM:624	LSD1-CoREST complex	False		0	[]	False		0	[]	False	1.0	1	"[""RCOR1""]"	0	False		1.0
CORUM	CORUM:6925	MAPK1-PTK2-PXN complex	False		0	[]	False	1.0	1	"[""PTK2""]"	False	1.0	1	"[""PTK2""]"	0	False		1.0
CORUM	CORUM:815	MRIP-MBS-RHOA complex	False		0	[]	False		0	[]	False	1.0	1	"[""RHOA""]"	0	False		1.0
CORUM	CORUM:816	MRIP-RHOA complex	False		0	[]	False		0	[]	False	1.0	1	"[""RHOA""]"	0	False		1.0
CORUM	CORUM:230	Mediator complex	False		0	[]	False		0	[]	False	1.0	1	"[""MED24""]"	0	False		1.0
CORUM	CORUM:5450	Mediator complex	False		0	[]	False		0	[]	False	1.0	1	"[""MED24""]"	0	False		1.0
CORUM	CORUM:6373	MiDAC complex	False		0	[]	False		0	[]	False	1.0	1	"[""DNTTIP1""]"	0	False		1.0
CORUM	CORUM:2856	NuA4/Tip60 HAT complex	False		0	[]	False	1.0	1	"[""ING3""]"	False	1.0	1	"[""ING3""]"	0	False		1.0
CORUM	CORUM:2857	NuA4/Tip60 HAT complex	False		0	[]	False	1.0	1	"[""ING3""]"	False	1.0	1	"[""ING3""]"	0	False		1.0
CORUM	CORUM:528	NuA4/Tip60-HAT complex	False		0	[]	False	1.0	1	"[""ING3""]"	False	1.0	1	"[""ING3""]"	0	False		1.0
CORUM	CORUM:529	NuA4/Tip60-HAT complex	False		0	[]	False	1.0	1	"[""ING3""]"	False	1.0	1	"[""ING3""]"	0	False		1.0
CORUM	CORUM:798	NuA4/Tip60-HAT complex A	False		0	[]	False	1.0	1	"[""ING3""]"	False	1.0	1	"[""ING3""]"	0	False		1.0
CORUM	CORUM:725	P2X7 receptor signalling complex	False		0	[]	False	1.0	1	"[""HSP90AB1""]"	False	1.0	1	"[""HSP90AB1""]"	0	False		1.0
CORUM	CORUM:300	PC2 complex	False		0	[]	False		0	[]	False	1.0	1	"[""MED24""]"	0	False		1.0
CORUM	CORUM:7331	RAC1-RHOA-VANGL2 complex	False		0	[]	False		0	[]	False	1.0	1	"[""RHOA""]"	0	False		1.0
CORUM	CORUM:1232	REST-CoREST-mSIN3A complex	False		0	[]	False		0	[]	False	1.0	1	"[""RCOR1""]"	0	False		1.0
CORUM	CORUM:553	RHOA-IP3R-TRPC1 complex	False		0	[]	False		0	[]	False	1.0	1	"[""RHOA""]"	0	False		1.0
CORUM	CORUM:3032	RNA-induced silencing complex, RISC	False		0	[]	False	1.0	1	"[""HSP90AB1""]"	False	1.0	1	"[""HSP90AB1""]"	0	False		1.0
CORUM	CORUM:6131	SELK multiprotein complex	False		0	[]	False		0	[]	False	1.0	1	"[""DERL2""]"	0	False		1.0
CORUM	CORUM:3233	SMAD2-SMAD4-FAST1-TGIF complex, TGF(beta) induced	False		0	[]	False	1.0	1	"[""TGIF1""]"	False	1.0	1	"[""TGIF1""]"	0	False		1.0
CORUM	CORUM:3234	SMAD2-SMAD4-FAST1-TGIF-HDAC1 complex, TGF(beta) induced	False		0	[]	False	1.0	1	"[""TGIF1""]"	False	1.0	1	"[""TGIF1""]"	0	False		1.0
CORUM	CORUM:228	SMCC complex	False		0	[]	False		0	[]	False	1.0	1	"[""MED24""]"	0	False		1.0
CORUM	CORUM:301	SMCC complex	False		0	[]	False		0	[]	False	1.0	1	"[""MED24""]"	0	False		1.0
CORUM	CORUM:547	SMCC complex	False		0	[]	False		0	[]	False	1.0	1	"[""MED24""]"	0	False		1.0
CORUM	CORUM:1261	SRm160/300 complex	False		0	[]	False	1.0	1	"[""TRA2B""]"	False	1.0	1	"[""TRA2B""]"	0	False		1.0
CORUM	CORUM:351	Spliceosome	False	1.0	1	"[""SNRPB2""]"	False	1.0	2	"[""SNRPB2"", ""TRA2B""]"	False	1.0	2	"[""SNRPB2"", ""TRA2B""]"	0	False		1.0
CORUM	CORUM:5210	TANK-TRAF2-TRAF3 complex	False		0	[]	False		0	[]	False	1.0	1	"[""TRAF2""]"	0	False		1.0
CORUM	CORUM:441	TFTC-type histone acetyl transferase complex	False		0	[]	False		0	[]	False	1.0	1	"[""MED24""]"	0	False		1.0
CORUM	CORUM:6347	TNF-R1 signaling complex	False		0	[]	False		0	[]	False	1.0	1	"[""TRAF2""]"	0	False		1.0
CORUM	CORUM:6344	TNF-R1-associated signaling complex	False		0	[]	False		0	[]	False	1.0	1	"[""TRAF2""]"	0	False		1.0
CORUM	CORUM:5266	TNF-alpha/NF-kappa B signaling complex 6	False		0	[]	False	1.0	1	"[""HSP90AB1""]"	False	1.0	1	"[""HSP90AB1""]"	0	False		1.0
CORUM	CORUM:5268	TNF-alpha/NF-kappa B signaling complex 7	False		0	[]	False	1.0	1	"[""HSP90AB1""]"	False	1.0	1	"[""HSP90AB1""]"	0	False		1.0
CORUM	CORUM:5269	TNF-alpha/NF-kappa B signaling complex 8	False		0	[]	False	1.0	1	"[""HSP90AB1""]"	False	1.0	1	"[""HSP90AB1""]"	0	False		1.0
CORUM	CORUM:5285	TNF-alpha/NF-kappa B signaling complex 9	False		0	[]	False	1.0	1	"[""HSP90AB1""]"	False	1.0	1	"[""HSP90AB1""]"	0	False		1.0
CORUM	CORUM:6072	TRA2B1-SRSF9-SRSF6 complex	False		0	[]	False	1.0	1	"[""TRA2B""]"	False	1.0	1	"[""TRA2B""]"	0	False		1.0
CORUM	CORUM:2744	TRAF2-MALT1 complex	False		0	[]	False		0	[]	False	1.0	1	"[""TRAF2""]"	0	False		1.0
CORUM	CORUM:5540	TRAF2-TRADD complex	False		0	[]	False		0	[]	False	1.0	1	"[""TRAF2""]"	0	False		1.0
CORUM	CORUM:5529	TRAF2-cIAP1/BIRC2 complex	False		0	[]	False		0	[]	False	1.0	1	"[""TRAF2""]"	0	False		1.0
CORUM	CORUM:535	TRAP complex	False		0	[]	False		0	[]	False	1.0	1	"[""MED24""]"	0	False		1.0
CORUM	CORUM:66	TRAP complex	False		0	[]	False		0	[]	False	1.0	1	"[""MED24""]"	0	False		1.0
CORUM	CORUM:5541	Ternary complex (TRAF2, FADD, TRADD)	False		0	[]	False		0	[]	False	1.0	1	"[""TRAF2""]"	0	False		1.0
CORUM	CORUM:5531	Tumor necrosis factor receptor 1 signaling complex	False		0	[]	False		0	[]	False	1.0	1	"[""TRAF2""]"	0	False		1.0
CORUM	CORUM:4999	VCP-VIMP-DERL1-DERL2-HRD1-SEL1L complex	False		0	[]	False		0	[]	False	1.0	1	"[""DERL2""]"	0	False		1.0
CORUM	CORUM:4998	VCP-VIMP-DERL2 complex	False		0	[]	False		0	[]	False	1.0	1	"[""DERL2""]"	0	False		1.0
CORUM	CORUM:7142	VCP-VIMP-DERL2 complex	False		0	[]	False		0	[]	False	1.0	1	"[""DERL2""]"	0	False		1.0
CORUM	CORUM:6481	WASH complex	False		0	[]	False	1.0	1	"[""WASHC2C""]"	False	1.0	1	"[""WASHC2C""]"	0	False		1.0
CORUM	CORUM:6484	WASH-CAPZalpa/beta complex	False		0	[]	False	1.0	1	"[""WASHC2C""]"	False	1.0	1	"[""WASHC2C""]"	0	False		1.0
GO:BP	GO:0044208	'de novo' AMP biosynthetic process	False		0	[]	False		0	[]	False	1.0	1	"[""ADSL""]"	0	False		1.0
GO:BP	GO:0044210	'de novo' CTP biosynthetic process	False		0	[]	False		0	[]	False	1.0	1	"[""CTPS1""]"	0	False		1.0
GO:BP	GO:0006189	'de novo' IMP biosynthetic process	False		0	[]	False		0	[]	False	1.0	1	"[""ADSL""]"	0	False		1.0
GO:BP	GO:0097294	'de novo' XMP biosynthetic process	False		0	[]	False		0	[]	False	1.0	1	"[""ADSL""]"	0	False		1.0
GO:BP	GO:0070935	3'-UTR-mediated mRNA stabilization	False		0	[]	False		0	[]	False	1.0	1	"[""RBM10""]"	0	False		1.0
GO:BP	GO:1902559	3'-phospho-5'-adenylyl sulfate transmembrane transport	False		0	[]	False	1.0	1	"[""SLC35B2""]"	False	1.0	1	"[""SLC35B2""]"	0	False		1.0
GO:BP	GO:0046963	3'-phosphoadenosine 5'-phosphosulfate transport	False		0	[]	False	1.0	1	"[""SLC35B2""]"	False	1.0	1	"[""SLC35B2""]"	0	False		1.0
GO:BP	GO:1902558	5'-adenylyl sulfate transmembrane transport	False		0	[]	False	1.0	1	"[""SLC35B2""]"	False	1.0	1	"[""SLC35B2""]"	0	False		1.0
GO:BP	GO:0046032	ADP catabolic process	False	1.0	2	"[""ENO1"", ""MLST8""]"	False	1.0	2	"[""ENO1"", ""MLST8""]"	False	1.0	3	"[""ENO1"", ""GPI"", ""MLST8""]"	0	False		1.0
GO:BP	GO:0046031	ADP metabolic process	False	1.0	2	"[""ENO1"", ""MLST8""]"	False	1.0	2	"[""ENO1"", ""MLST8""]"	False	1.0	3	"[""ENO1"", ""GPI"", ""MLST8""]"	0	False		1.0
GO:BP	GO:0006167	AMP biosynthetic process	False		0	[]	False		0	[]	False	1.0	1	"[""ADSL""]"	0	False		1.0
GO:BP	GO:0046033	AMP metabolic process	False		0	[]	False		0	[]	False	1.0	1	"[""ADSL""]"	0	False		1.0
GO:BP	GO:0044209	AMP salvage	False		0	[]	False		0	[]	False	1.0	1	"[""ADSL""]"	0	False		1.0
GO:BP	GO:0006754	ATP biosynthetic process	False	1.0	2	"[""ATP5ME"", ""ENO1""]"	False	1.0	2	"[""ATP5ME"", ""ENO1""]"	False	1.0	2	"[""ATP5ME"", ""ENO1""]"	0	False		1.0
GO:BP	GO:0042773	ATP synthesis coupled electron transport	False		0	[]	False	1.0	1	"[""CYC1""]"	False	1.0	1	"[""CYC1""]"	0	False		1.0
GO:BP	GO:0034314	Arp2/3 complex-mediated actin nucleation	False		0	[]	False	1.0	1	"[""WASHC2C""]"	False	1.0	1	"[""WASHC2C""]"	0	False		1.0
GO:BP	GO:0042113	B cell activation	False		0	[]	False		0	[]	False	1.0	3	"[""CTPS1"", ""SP3"", ""ST3GAL1""]"	0	False		1.0
GO:BP	GO:0002312	B cell activation involved in immune response	False		0	[]	False		0	[]	False	1.0	1	"[""ST3GAL1""]"	0	False		1.0
GO:BP	GO:0001783	B cell apoptotic process	False	1.0	1	"[""CRKL""]"	False	1.0	1	"[""CRKL""]"	False	1.0	1	"[""CRKL""]"	0	False		1.0
GO:BP	GO:0030183	B cell differentiation	False		0	[]	False		0	[]	False	1.0	2	"[""SP3"", ""ST3GAL1""]"	0	False		1.0
GO:BP	GO:0042100	B cell proliferation	False		0	[]	False		0	[]	False	1.0	1	"[""CTPS1""]"	0	False		1.0
GO:BP	GO:0050853	B cell receptor signaling pathway	False		0	[]	False		0	[]	False	1.0	1	"[""NFKBIA""]"	0	False		1.0
GO:BP	GO:0018410	C-terminal protein amino acid modification	False		0	[]	False	1.0	1	"[""LCMT1""]"	False	1.0	1	"[""LCMT1""]"	0	False		1.0
GO:BP	GO:0006481	C-terminal protein methylation	False		0	[]	False	1.0	1	"[""LCMT1""]"	False	1.0	1	"[""LCMT1""]"	0	False		1.0
GO:BP	GO:0160162	CD27 signaling pathway	False		0	[]	False		0	[]	False	1.0	1	"[""TRAF2""]"	0	False		1.0
GO:BP	GO:0043369	CD4-positive or CD8-positive, alpha-beta T cell lineage commitment	False	1.0	1	"[""BRD2""]"	False	1.0	1	"[""BRD2""]"	False	1.0	1	"[""BRD2""]"	0	False		1.0
GO:BP	GO:0035710	CD4-positive, alpha-beta T cell activation	False	1.0	1	"[""BRD2""]"	False	1.0	1	"[""BRD2""]"	False	1.0	1	"[""BRD2""]"	0	False		1.0
GO:BP	GO:0043367	CD4-positive, alpha-beta T cell differentiation	False	1.0	1	"[""BRD2""]"	False	1.0	1	"[""BRD2""]"	False	1.0	1	"[""BRD2""]"	0	False		1.0
GO:BP	GO:0043373	CD4-positive, alpha-beta T cell lineage commitment	False	1.0	1	"[""BRD2""]"	False	1.0	1	"[""BRD2""]"	False	1.0	1	"[""BRD2""]"	0	False		1.0
GO:BP	GO:0023035	CD40 signaling pathway	False		0	[]	False		0	[]	False	1.0	1	"[""TRAF2""]"	0	False		1.0
GO:BP	GO:0070934	CRD-mediated mRNA stabilization	False	1.0	1	"[""SYNCRIP""]"	False	1.0	1	"[""SYNCRIP""]"	False	1.0	1	"[""SYNCRIP""]"	0	False		1.0
GO:BP	GO:0006241	CTP biosynthetic process	False		0	[]	False		0	[]	False	1.0	1	"[""CTPS1""]"	0	False		1.0
GO:BP	GO:0046036	CTP metabolic process	False		0	[]	False		0	[]	False	1.0	1	"[""CTPS1""]"	0	False		1.0
GO:BP	GO:0071897	DNA biosynthetic process	False	1.0	1	"[""HNRNPA1""]"	False	1.0	2	"[""HNRNPA1"", ""HSP90AB1""]"	False	1.0	2	"[""HNRNPA1"", ""HSP90AB1""]"	0	False		1.0
GO:BP	GO:0006974	DNA damage response	False	1.0	2	"[""MLST8"", ""WDR48""]"	False	1.0	4	"[""ING3"", ""MLST8"", ""RNASEH2A"", ""WDR48""]"	False	1.0	9	"[""APEX2"", ""BRAT1"", ""ING3"", ""MLST8"", ""RMI1"", ""RNASEH2A"", ""RNASEH2C"", ""SETD2"", ""WDR48""]"	0	False		1.0
GO:BP	GO:0006259	DNA metabolic process	False	1.0	3	"[""HNRNPA1"", ""SYNCRIP"", ""WDR48""]"	False	1.0	6	"[""HNRNPA1"", ""HSP90AB1"", ""ING3"", ""RNASEH2A"", ""SYNCRIP"", ""WDR48""]"	False	1.0	10	"[""APEX2"", ""HNRNPA1"", ""HSP90AB1"", ""ING3"", ""RMI1"", ""RNASEH2A"", ""RNASEH2C"", ""SETD2"", ""SYNCRIP"", ""WDR48""]"	0	False		1.0
GO:BP	GO:0006310	DNA recombination	False	1.0	1	"[""WDR48""]"	False	1.0	2	"[""ING3"", ""WDR48""]"	False	1.0	5	"[""APEX2"", ""ING3"", ""RMI1"", ""SETD2"", ""WDR48""]"	0	False		1.0
GO:BP	GO:0006281	DNA repair	False	1.0	1	"[""WDR48""]"	False	1.0	3	"[""ING3"", ""RNASEH2A"", ""WDR48""]"	False	1.0	7	"[""APEX2"", ""ING3"", ""RMI1"", ""RNASEH2A"", ""RNASEH2C"", ""SETD2"", ""WDR48""]"	0	False		1.0
GO:BP	GO:0006260	DNA replication	False		0	[]	False	1.0	1	"[""RNASEH2A""]"	False	1.0	2	"[""RMI1"", ""RNASEH2A""]"	0	False		1.0
GO:BP	GO:0043137	DNA replication, removal of RNA primer	False		0	[]	False	1.0	1	"[""RNASEH2A""]"	False	1.0	1	"[""RNASEH2A""]"	0	False		1.0
GO:BP	GO:0006351	DNA-templated transcription	False	1.0	4	"[""BRD2"", ""EAF1"", ""ENO1"", ""ZNF217""]"	False	1.0	6	"[""BRD2"", ""EAF1"", ""ENO1"", ""ING3"", ""TGIF1"", ""ZNF217""]"	False	1.0	20	"[""BRD2"", ""CCAR1"", ""CNOT1"", ""CRK"", ""EAF1"", ""ENO1"", ""FOXO3B"", ""ING3"", ""IWS1"", ""MED24"", ""NACC1"", ""NFKBIA"", ""RBM10"", ""RCOR1"", ""RHOA"", ""SETD2"", ""SP3"", ""TGIF1"", ""ZNF217"", ""ZNF687""]"	0	False		1.0
GO:BP	GO:0006354	DNA-templated transcription elongation	False	1.0	1	"[""EAF1""]"	False	1.0	1	"[""EAF1""]"	False	1.0	4	"[""EAF1"", ""IWS1"", ""MED24"", ""SETD2""]"	0	False		1.0
GO:BP	GO:0006352	DNA-templated transcription initiation	False		0	[]	False		0	[]	False	1.0	2	"[""MED24"", ""NFKBIA""]"	0	False		1.0
GO:BP	GO:0036503	ERAD pathway	False		0	[]	False		0	[]	False	1.0	1	"[""DERL2""]"	0	False		1.0
GO:BP	GO:0038127	ERBB signaling pathway	False		0	[]	False	1.0	1	"[""PTK2""]"	False	1.0	1	"[""PTK2""]"	0	False		1.0
GO:BP	GO:0070371	ERK1 and ERK2 cascade	False	1.0	1	"[""CRKL""]"	False	1.0	1	"[""CRKL""]"	False	1.0	3	"[""CRKL"", ""FERMT2"", ""ITGAV""]"	0	False		1.0
GO:BP	GO:0002431	Fc receptor mediated stimulatory signaling pathway	False		0	[]	False	1.0	1	"[""PTK2""]"	False	1.0	1	"[""PTK2""]"	0	False		1.0
GO:BP	GO:0038093	Fc receptor signaling pathway	False		0	[]	False	1.0	1	"[""PTK2""]"	False	1.0	1	"[""PTK2""]"	0	False		1.0
GO:BP	GO:0038094	Fc-gamma receptor signaling pathway	False		0	[]	False	1.0	1	"[""PTK2""]"	False	1.0	1	"[""PTK2""]"	0	False		1.0
GO:BP	GO:0038096	Fc-gamma receptor signaling pathway involved in phagocytosis	False		0	[]	False	1.0	1	"[""PTK2""]"	False	1.0	1	"[""PTK2""]"	0	False		1.0
GO:BP	GO:0007186	G protein-coupled receptor signaling pathway	False	1.0	1	"[""CRKL""]"	False	1.0	2	"[""CRKL"", ""LTB4R""]"	False	1.0	3	"[""CRKL"", ""LTB4R"", ""MGRN1""]"	0	False		1.0
GO:BP	GO:0000086	G2/M transition of mitotic cell cycle	False		0	[]	False	1.0	1	"[""LCMT1""]"	False	1.0	1	"[""LCMT1""]"	0	False		1.0
GO:BP	GO:0140469	GCN2-mediated signaling	False		0	[]	False		0	[]	False	1.0	1	"[""GCN1""]"	0	False		1.0
GO:BP	GO:0006177	GMP biosynthetic process	False		0	[]	False		0	[]	False	1.0	1	"[""ADSL""]"	0	False		1.0
GO:BP	GO:0046037	GMP metabolic process	False		0	[]	False		0	[]	False	1.0	1	"[""ADSL""]"	0	False		1.0
GO:BP	GO:0006506	GPI anchor biosynthetic process	False		0	[]	False		0	[]	False	1.0	1	"[""PIGL""]"	0	False		1.0
GO:BP	GO:0006505	GPI anchor metabolic process	False		0	[]	False		0	[]	False	1.0	1	"[""PIGL""]"	0	False		1.0
GO:BP	GO:0180046	GPI anchored protein biosynthesis	False		0	[]	False		0	[]	False	1.0	1	"[""PIGL""]"	0	False		1.0
GO:BP	GO:0006895	Golgi to endosome transport	False		0	[]	False	1.0	1	"[""MON2""]"	False	1.0	1	"[""MON2""]"	0	False		1.0
GO:BP	GO:0048193	Golgi vesicle transport	False	1.0	1	"[""SNAP23""]"	False	1.0	2	"[""MON2"", ""SNAP23""]"	False	1.0	2	"[""MON2"", ""SNAP23""]"	0	False		1.0
GO:BP	GO:0006188	IMP biosynthetic process	False		0	[]	False		0	[]	False	1.0	1	"[""ADSL""]"	0	False		1.0
GO:BP	GO:0046040	IMP metabolic process	False		0	[]	False		0	[]	False	1.0	1	"[""ADSL""]"	0	False		1.0
GO:BP	GO:0007254	JNK cascade	False	1.0	1	"[""CRKL""]"	False	1.0	1	"[""CRKL""]"	False	1.0	3	"[""CRK"", ""CRKL"", ""TRAF2""]"	0	False		1.0
GO:BP	GO:1902475	L-alpha-amino acid transmembrane transport	False		0	[]	False	1.0	1	"[""SLC25A26""]"	False	1.0	1	"[""SLC25A26""]"	0	False		1.0
GO:BP	GO:0015807	L-amino acid transport	False		0	[]	False	1.0	1	"[""SLC25A26""]"	False	1.0	1	"[""SLC25A26""]"	0	False		1.0
GO:BP	GO:0000165	MAPK cascade	False	1.0	2	"[""CRKL"", ""KRAS""]"	False	1.0	2	"[""CRKL"", ""KRAS""]"	False	1.0	6	"[""CRK"", ""CRKL"", ""FERMT2"", ""ITGAV"", ""KRAS"", ""TRAF2""]"	0	False		1.0
GO:BP	GO:0006054	N-acetylneuraminate metabolic process	False		0	[]	False		0	[]	False	1.0	1	"[""ST3GAL1""]"	0	False		1.0
GO:BP	GO:0010257	NADH dehydrogenase complex assembly	False		0	[]	False		0	[]	False	1.0	2	"[""FOXRED1"", ""NDUFAF8""]"	0	False		1.0
GO:BP	GO:0006739	NADP+ metabolic process	False	1.0	1	"[""MLST8""]"	False	1.0	2	"[""G6PD"", ""MLST8""]"	False	1.0	2	"[""G6PD"", ""MLST8""]"	0	False		1.0
GO:BP	GO:0006740	NADPH regeneration	False	1.0	1	"[""MLST8""]"	False	1.0	2	"[""G6PD"", ""MLST8""]"	False	1.0	2	"[""G6PD"", ""MLST8""]"	0	False		1.0
GO:BP	GO:0007219	Notch signaling pathway	False		0	[]	False		0	[]	False	1.0	1	"[""NFKBIA""]"	0	False		1.0
GO:BP	GO:0033962	P-body assembly	False		0	[]	False		0	[]	False	1.0	1	"[""CNOT1""]"	0	False		1.0
GO:BP	GO:0030578	PML body organization	False		0	[]	False	1.0	1	"[""SERBP1""]"	False	1.0	1	"[""SERBP1""]"	0	False		1.0
GO:BP	GO:0070922	RISC complex assembly	False		0	[]	False		0	[]	False	1.0	1	"[""PRKRA""]"	0	False		1.0
GO:BP	GO:0032774	RNA biosynthetic process	False	1.0	7	"[""BRD2"", ""EAF1"", ""ENO1"", ""HNRNPA1"", ""SNRPB2"", ""SYNCRIP"", ""ZNF217""]"	False	1.0	10	"[""BRD2"", ""EAF1"", ""ENO1"", ""HNRNPA1"", ""ING3"", ""SNRPB2"", ""SYNCRIP"", ""TGIF1"", ""TRA2B"", ""ZNF217""]"	False	1.0	28	"[""BRD2"", ""CCAR1"", ""CNOT1"", ""CRK"", ""EAF1"", ""ENO1"", ""FOXO3B"", ""HNRNPA1"", ""ING3"", ""IWS1"", ""MED24"", ""MTFMT"", ""NACC1"", ""NFKBIA"", ""PRKRA"", ""RBM10"", ""RBM12"", ""RCOR1"", ""RHOA"", ""SETD2"", ""SNRPB2"", ""SP3"", ""SYNCRIP"", ""TGIF1"", ""TRA2B"", ""WDR83"", ""ZNF217"", ""ZNF687""]"	0	False		1.0
GO:BP	GO:0006401	RNA catabolic process	False	1.0	1	"[""SYNCRIP""]"	False	1.0	3	"[""RNASEH2A"", ""SERBP1"", ""SYNCRIP""]"	False	1.0	7	"[""CNOT1"", ""RBM10"", ""RNASEH2A"", ""RNASEH2C"", ""SERBP1"", ""SYNCRIP"", ""TRAF2""]"	0	False		1.0
GO:BP	GO:0050779	RNA destabilization	False	1.0	1	"[""SYNCRIP""]"	False	1.0	1	"[""SYNCRIP""]"	False	1.0	2	"[""CNOT1"", ""SYNCRIP""]"	0	False		1.0
GO:BP	GO:0006405	RNA export from nucleus	False	1.0	1	"[""HNRNPA1""]"	False	1.0	1	"[""HNRNPA1""]"	False	1.0	3	"[""HNRNPA1"", ""IWS1"", ""SETD2""]"	0	False		1.0
GO:BP	GO:0006403	RNA localization	False	1.0	1	"[""HNRNPA1""]"	False	1.0	1	"[""HNRNPA1""]"	False	1.0	5	"[""HNRNPA1"", ""IWS1"", ""NDC1"", ""NUP42"", ""SETD2""]"	0	False		1.0
GO:BP	GO:0016070	RNA metabolic process	False	1.0	7	"[""BRD2"", ""EAF1"", ""ENO1"", ""HNRNPA1"", ""SNRPB2"", ""SYNCRIP"", ""ZNF217""]"	False	1.0	13	"[""BRD2"", ""EAF1"", ""ENO1"", ""HNRNPA1"", ""ING3"", ""RNASEH2A"", ""SERBP1"", ""SNRPB2"", ""SYNCRIP"", ""TARS2"", ""TGIF1"", ""TRA2B"", ""ZNF217""]"	False	1.0	33	"[""BRD2"", ""CCAR1"", ""CNOT1"", ""CRK"", ""EAF1"", ""ENO1"", ""FOXO3B"", ""HNRNPA1"", ""ING3"", ""IWS1"", ""MED24"", ""MTFMT"", ""NACC1"", ""NFKBIA"", ""PRKRA"", ""RBM10"", ""RBM12"", ""RCOR1"", ""RHOA"", ""RNASEH2A"", ""RNASEH2C"", ""SERBP1"", ""SETD2"", ""SNRPB2"", ""SP3"", ""SYNCRIP"", ""TARS2"", ""TGIF1"", ""TRA2B"", ""TRAF2"", ""WDR83"", ""ZNF217"", ""ZNF687""]"	0	False		1.0
GO:BP	GO:0009451	RNA modification	False	1.0	1	"[""SYNCRIP""]"	False	1.0	1	"[""SYNCRIP""]"	False	1.0	2	"[""MTFMT"", ""SYNCRIP""]"	0	False		1.0
GO:BP	GO:0051123	RNA polymerase II preinitiation complex assembly	False		0	[]	False		0	[]	False	1.0	1	"[""MED24""]"	0	False		1.0
GO:BP	GO:0006396	RNA processing	False	1.0	3	"[""HNRNPA1"", ""SNRPB2"", ""SYNCRIP""]"	False	1.0	4	"[""HNRNPA1"", ""SNRPB2"", ""SYNCRIP"", ""TRA2B""]"	False	1.0	10	"[""HNRNPA1"", ""IWS1"", ""MTFMT"", ""PRKRA"", ""RBM10"", ""RBM12"", ""SNRPB2"", ""SYNCRIP"", ""TRA2B"", ""WDR83""]"	0	False		1.0
GO:BP	GO:0008380	RNA splicing	False	1.0	3	"[""HNRNPA1"", ""SNRPB2"", ""SYNCRIP""]"	False	1.0	4	"[""HNRNPA1"", ""SNRPB2"", ""SYNCRIP"", ""TRA2B""]"	False	1.0	8	"[""HNRNPA1"", ""IWS1"", ""RBM10"", ""RBM12"", ""SNRPB2"", ""SYNCRIP"", ""TRA2B"", ""WDR83""]"	0	False		1.0
GO:BP	GO:0000375	RNA splicing, via transesterification reactions	False	1.0	3	"[""HNRNPA1"", ""SNRPB2"", ""SYNCRIP""]"	False	1.0	4	"[""HNRNPA1"", ""SNRPB2"", ""SYNCRIP"", ""TRA2B""]"	False	1.0	6	"[""HNRNPA1"", ""RBM10"", ""SNRPB2"", ""SYNCRIP"", ""TRA2B"", ""WDR83""]"	0	False		1.0
GO:BP	GO:0000377	RNA splicing, via transesterification reactions with bulged adenosine as nucleophile	False	1.0	3	"[""HNRNPA1"", ""SNRPB2"", ""SYNCRIP""]"	False	1.0	4	"[""HNRNPA1"", ""SNRPB2"", ""SYNCRIP"", ""TRA2B""]"	False	1.0	6	"[""HNRNPA1"", ""RBM10"", ""SNRPB2"", ""SYNCRIP"", ""TRA2B"", ""WDR83""]"	0	False		1.0
GO:BP	GO:0043489	RNA stabilization	False	1.0	1	"[""SYNCRIP""]"	False	1.0	1	"[""SYNCRIP""]"	False	1.0	3	"[""RBM10"", ""SYNCRIP"", ""TRAF2""]"	0	False		1.0
GO:BP	GO:0050658	RNA transport	False	1.0	1	"[""HNRNPA1""]"	False	1.0	1	"[""HNRNPA1""]"	False	1.0	5	"[""HNRNPA1"", ""IWS1"", ""NDC1"", ""NUP42"", ""SETD2""]"	0	False		1.0
GO:BP	GO:0006278	RNA-templated DNA biosynthetic process	False	1.0	1	"[""HNRNPA1""]"	False	1.0	2	"[""HNRNPA1"", ""HSP90AB1""]"	False	1.0	2	"[""HNRNPA1"", ""HSP90AB1""]"	0	False		1.0
GO:BP	GO:0032482	Rab protein signal transduction	False		0	[]	False		0	[]	False	1.0	1	"[""RAB15""]"	0	False		1.0
GO:BP	GO:0007265	Ras protein signal transduction	False	1.0	2	"[""CRKL"", ""KRAS""]"	False	1.0	2	"[""CRKL"", ""KRAS""]"	False	1.0	2	"[""CRKL"", ""KRAS""]"	0	False		1.0
GO:BP	GO:0007266	Rho protein signal transduction	False		0	[]	False		0	[]	False	1.0	2	"[""FERMT2"", ""RHOA""]"	0	False		1.0
GO:BP	GO:0035385	Roundabout signaling pathway	False		0	[]	False		0	[]	False	1.0	1	"[""RHOA""]"	0	False		1.0
GO:BP	GO:1901962	S-adenosyl-L-methionine transmembrane transport	False		0	[]	False	1.0	1	"[""SLC25A26""]"	False	1.0	1	"[""SLC25A26""]"	0	False		1.0
GO:BP	GO:0015805	S-adenosyl-L-methionine transport	False		0	[]	False	1.0	1	"[""SLC25A26""]"	False	1.0	1	"[""SLC25A26""]"	0	False		1.0
GO:BP	GO:0060395	SMAD protein signal transduction	False	1.0	1	"[""CRKL""]"	False	1.0	1	"[""CRKL""]"	False	1.0	1	"[""CRKL""]"	0	False		1.0
GO:BP	GO:0042110	T cell activation	False	1.0	1	"[""BRD2""]"	False	1.0	1	"[""BRD2""]"	False	1.0	5	"[""BRD2"", ""CTPS1"", ""RHOA"", ""SP3"", ""TRAF2""]"	0	False		1.0
GO:BP	GO:0002286	T cell activation involved in immune response	False	1.0	1	"[""BRD2""]"	False	1.0	1	"[""BRD2""]"	False	1.0	1	"[""BRD2""]"	0	False		1.0
GO:BP	GO:0070231	T cell apoptotic process	False		0	[]	False		0	[]	False	1.0	1	"[""ST3GAL1""]"	0	False		1.0
GO:BP	GO:0002369	T cell cytokine production	False		0	[]	False		0	[]	False	1.0	1	"[""TRAF2""]"	0	False		1.0
GO:BP	GO:0030217	T cell differentiation	False	1.0	1	"[""BRD2""]"	False	1.0	1	"[""BRD2""]"	False	1.0	3	"[""BRD2"", ""RHOA"", ""SP3""]"	0	False		1.0
GO:BP	GO:0002292	T cell differentiation involved in immune response	False	1.0	1	"[""BRD2""]"	False	1.0	1	"[""BRD2""]"	False	1.0	1	"[""BRD2""]"	0	False		1.0
GO:BP	GO:0072683	T cell extravasation	False	1.0	1	"[""CRKL""]"	False	1.0	1	"[""CRKL""]"	False	1.0	2	"[""CRK"", ""CRKL""]"	0	False		1.0
GO:BP	GO:0002360	T cell lineage commitment	False	1.0	1	"[""BRD2""]"	False	1.0	1	"[""BRD2""]"	False	1.0	2	"[""BRD2"", ""RHOA""]"	0	False		1.0
GO:BP	GO:0002456	T cell mediated immunity	False		0	[]	False		0	[]	False	1.0	1	"[""TRAF2""]"	0	False		1.0
GO:BP	GO:0072678	T cell migration	False	1.0	1	"[""CRKL""]"	False	1.0	1	"[""CRKL""]"	False	1.0	3	"[""CRK"", ""CRKL"", ""RHOA""]"	0	False		1.0
GO:BP	GO:0042098	T cell proliferation	False		0	[]	False		0	[]	False	1.0	1	"[""CTPS1""]"	0	False		1.0
GO:BP	GO:0050852	T cell receptor signaling pathway	False	1.0	1	"[""CRKL""]"	False	1.0	1	"[""CRKL""]"	False	1.0	1	"[""CRKL""]"	0	False		1.0
GO:BP	GO:0045058	T cell selection	False	1.0	1	"[""BRD2""]"	False	1.0	1	"[""BRD2""]"	False	1.0	2	"[""BRD2"", ""RHOA""]"	0	False		1.0
GO:BP	GO:0072539	T-helper 17 cell differentiation	False	1.0	1	"[""BRD2""]"	False	1.0	1	"[""BRD2""]"	False	1.0	1	"[""BRD2""]"	0	False		1.0
GO:BP	GO:0072540	T-helper 17 cell lineage commitment	False	1.0	1	"[""BRD2""]"	False	1.0	1	"[""BRD2""]"	False	1.0	1	"[""BRD2""]"	0	False		1.0
GO:BP	GO:0072538	T-helper 17 type immune response	False	1.0	1	"[""BRD2""]"	False	1.0	1	"[""BRD2""]"	False	1.0	1	"[""BRD2""]"	0	False		1.0
GO:BP	GO:0042093	T-helper cell differentiation	False	1.0	1	"[""BRD2""]"	False	1.0	1	"[""BRD2""]"	False	1.0	1	"[""BRD2""]"	0	False		1.0
GO:BP	GO:0002295	T-helper cell lineage commitment	False	1.0	1	"[""BRD2""]"	False	1.0	1	"[""BRD2""]"	False	1.0	1	"[""BRD2""]"	0	False		1.0
GO:BP	GO:0031929	TOR signaling	False	1.0	1	"[""MLST8""]"	False	1.0	1	"[""MLST8""]"	False	1.0	1	"[""MLST8""]"	0	False		1.0
GO:BP	GO:1905669	TORC1 complex assembly	False		0	[]	False		0	[]	False	1.0	1	"[""TRAF2""]"	0	False		1.0
GO:BP	GO:0038202	TORC1 signaling	False	1.0	1	"[""MLST8""]"	False	1.0	1	"[""MLST8""]"	False	1.0	1	"[""MLST8""]"	0	False		1.0
GO:BP	GO:1905670	TORC2 complex disassembly	False		0	[]	False		0	[]	False	1.0	1	"[""TRAF2""]"	0	False		1.0
GO:BP	GO:0038203	TORC2 signaling	False	1.0	1	"[""MLST8""]"	False	1.0	1	"[""MLST8""]"	False	1.0	1	"[""MLST8""]"	0	False		1.0
GO:BP	GO:1903241	U2-type prespliceosome assembly	False	1.0	1	"[""SNRPB2""]"	False	1.0	1	"[""SNRPB2""]"	False	1.0	1	"[""SNRPB2""]"	0	False		1.0
GO:BP	GO:0016055	Wnt signaling pathway	False		0	[]	False		0	[]	False	1.0	2	"[""FERMT2"", ""RHOA""]"	0	False		1.0
GO:BP	GO:0060071	Wnt signaling pathway, planar cell polarity pathway	False		0	[]	False		0	[]	False	1.0	1	"[""RHOA""]"	0	False		1.0
GO:BP	GO:0097293	XMP biosynthetic process	False		0	[]	False		0	[]	False	1.0	1	"[""ADSL""]"	0	False		1.0
GO:BP	GO:0097292	XMP metabolic process	False		0	[]	False		0	[]	False	1.0	1	"[""ADSL""]"	0	False		1.0
GO:BP	GO:0095500	acetylcholine receptor signaling pathway	False	1.0	1	"[""CRKL""]"	False	1.0	1	"[""CRKL""]"	False	1.0	1	"[""CRKL""]"	0	False		1.0
GO:BP	GO:0030036	actin cytoskeleton organization	False	1.0	2	"[""KRAS"", ""MLST8""]"	False	1.0	4	"[""ITGB5"", ""KRAS"", ""MLST8"", ""WASHC2C""]"	False	1.0	8	"[""CRK"", ""FERMT2"", ""ITGB5"", ""KRAS"", ""MLST8"", ""RHOA"", ""WASHC2C"", ""WDR1""]"	0	False		1.0
GO:BP	GO:0051017	actin filament bundle assembly	False		0	[]	False	1.0	1	"[""ITGB5""]"	False	1.0	3	"[""FERMT2"", ""ITGB5"", ""RHOA""]"	0	False		1.0
GO:BP	GO:0061572	actin filament bundle organization	False		0	[]	False	1.0	1	"[""ITGB5""]"	False	1.0	3	"[""FERMT2"", ""ITGB5"", ""RHOA""]"	0	False		1.0
GO:BP	GO:0051693	actin filament capping	False		0	[]	False	1.0	1	"[""WASHC2C""]"	False	1.0	1	"[""WASHC2C""]"	0	False		1.0
GO:BP	GO:0030042	actin filament depolymerization	False		0	[]	False	1.0	1	"[""WASHC2C""]"	False	1.0	2	"[""WASHC2C"", ""WDR1""]"	0	False		1.0
GO:BP	GO:0030043	actin filament fragmentation	False		0	[]	False		0	[]	False	1.0	1	"[""WDR1""]"	0	False		1.0
GO:BP	GO:0007015	actin filament organization	False	1.0	1	"[""MLST8""]"	False	1.0	3	"[""ITGB5"", ""MLST8"", ""WASHC2C""]"	False	1.0	6	"[""FERMT2"", ""ITGB5"", ""MLST8"", ""RHOA"", ""WASHC2C"", ""WDR1""]"	0	False		1.0
GO:BP	GO:0030041	actin filament polymerization	False	1.0	1	"[""MLST8""]"	False	1.0	2	"[""MLST8"", ""WASHC2C""]"	False	1.0	2	"[""MLST8"", ""WASHC2C""]"	0	False		1.0
GO:BP	GO:0030029	actin filament-based process	False	1.0	2	"[""KRAS"", ""MLST8""]"	False	1.0	4	"[""ITGB5"", ""KRAS"", ""MLST8"", ""WASHC2C""]"	False	1.0	8	"[""CRK"", ""FERMT2"", ""ITGB5"", ""KRAS"", ""MLST8"", ""RHOA"", ""WASHC2C"", ""WDR1""]"	0	False		1.0
GO:BP	GO:0045010	actin nucleation	False		0	[]	False	1.0	1	"[""WASHC2C""]"	False	1.0	1	"[""WASHC2C""]"	0	False		1.0
GO:BP	GO:0008154	actin polymerization or depolymerization	False	1.0	1	"[""MLST8""]"	False	1.0	2	"[""MLST8"", ""WASHC2C""]"	False	1.0	3	"[""MLST8"", ""WASHC2C"", ""WDR1""]"	0	False		1.0
GO:BP	GO:1905397	activated CD8-positive, alpha-beta T cell apoptotic process	False		0	[]	False		0	[]	False	1.0	1	"[""ST3GAL1""]"	0	False		1.0
GO:BP	GO:0007250	activation of NF-kappaB-inducing kinase activity	False		0	[]	False		0	[]	False	1.0	1	"[""TRAF2""]"	0	False		1.0
GO:BP	GO:0002253	activation of immune response	False	1.0	1	"[""CRKL""]"	False	1.0	2	"[""CRKL"", ""PTK2""]"	False	1.0	3	"[""CRKL"", ""NFKBIA"", ""PTK2""]"	0	False		1.0
GO:BP	GO:0002218	activation of innate immune response	False		0	[]	False		0	[]	False	1.0	1	"[""NFKBIA""]"	0	False		1.0
GO:BP	GO:0032147	activation of protein kinase activity	False		0	[]	False		0	[]	False	1.0	1	"[""TRAF2""]"	0	False		1.0
GO:BP	GO:0031032	actomyosin structure organization	False		0	[]	False	1.0	1	"[""ITGB5""]"	False	1.0	4	"[""FERMT2"", ""ITGB5"", ""RHOA"", ""WDR1""]"	0	False		1.0
GO:BP	GO:0002250	adaptive immune response	False	1.0	1	"[""BRD2""]"	False	1.0	1	"[""BRD2""]"	False	1.0	2	"[""BRD2"", ""TRAF2""]"	0	False		1.0
GO:BP	GO:0002460	adaptive immune response based on somatic recombination of immune receptors built from immunoglobulin superfamily domains	False	1.0	1	"[""BRD2""]"	False	1.0	1	"[""BRD2""]"	False	1.0	2	"[""BRD2"", ""TRAF2""]"	0	False		1.0
GO:BP	GO:0051503	adenine nucleotide transport	False		0	[]	False	1.0	1	"[""SLC35B2""]"	False	1.0	1	"[""SLC35B2""]"	0	False		1.0
GO:BP	GO:0007189	adenylate cyclase-activating G protein-coupled receptor signaling pathway	False		0	[]	False		0	[]	False	1.0	1	"[""MGRN1""]"	0	False		1.0
GO:BP	GO:0007188	adenylate cyclase-modulating G protein-coupled receptor signaling pathway	False		0	[]	False		0	[]	False	1.0	1	"[""MGRN1""]"	0	False		1.0
GO:BP	GO:0034333	adherens junction assembly	False		0	[]	False	1.0	1	"[""VCL""]"	False	1.0	1	"[""VCL""]"	0	False		1.0
GO:BP	GO:0034334	adherens junction maintenance	False		0	[]	False		0	[]	False	1.0	1	"[""FERMT2""]"	0	False		1.0
GO:BP	GO:0034332	adherens junction organization	False		0	[]	False	1.0	1	"[""VCL""]"	False	1.0	2	"[""FERMT2"", ""VCL""]"	0	False		1.0
GO:BP	GO:0044406	adhesion of symbiont to host	False		0	[]	False	1.0	1	"[""HSP90AB1""]"	False	1.0	1	"[""HSP90AB1""]"	0	False		1.0
GO:BP	GO:0044650	adhesion of symbiont to host cell	False		0	[]	False	1.0	1	"[""HSP90AB1""]"	False	1.0	1	"[""HSP90AB1""]"	0	False		1.0
GO:BP	GO:0019646	aerobic electron transport chain	False		0	[]	False	1.0	1	"[""CYC1""]"	False	1.0	1	"[""CYC1""]"	0	False		1.0
GO:BP	GO:0009060	aerobic respiration	False	1.0	3	"[""ATP5ME"", ""ENO1"", ""MLST8""]"	False	1.0	4	"[""ATP5ME"", ""CYC1"", ""ENO1"", ""MLST8""]"	False	1.0	7	"[""ADSL"", ""ATP5ME"", ""CYC1"", ""ENO1"", ""GPI"", ""MLST8"", ""RHOA""]"	0	False		1.0
GO:BP	GO:0046165	alcohol biosynthetic process	False		0	[]	False	1.0	1	"[""G6PD""]"	False	1.0	1	"[""G6PD""]"	0	False		1.0
GO:BP	GO:0006066	alcohol metabolic process	False	1.0	1	"[""FDXR""]"	False	1.0	2	"[""FDXR"", ""G6PD""]"	False	1.0	2	"[""FDXR"", ""G6PD""]"	0	False		1.0
GO:BP	GO:0046631	alpha-beta T cell activation	False	1.0	1	"[""BRD2""]"	False	1.0	1	"[""BRD2""]"	False	1.0	2	"[""BRD2"", ""RHOA""]"	0	False		1.0
GO:BP	GO:0002287	alpha-beta T cell activation involved in immune response	False	1.0	1	"[""BRD2""]"	False	1.0	1	"[""BRD2""]"	False	1.0	1	"[""BRD2""]"	0	False		1.0
GO:BP	GO:0046632	alpha-beta T cell differentiation	False	1.0	1	"[""BRD2""]"	False	1.0	1	"[""BRD2""]"	False	1.0	2	"[""BRD2"", ""RHOA""]"	0	False		1.0
GO:BP	GO:0002363	alpha-beta T cell lineage commitment	False	1.0	1	"[""BRD2""]"	False	1.0	1	"[""BRD2""]"	False	1.0	2	"[""BRD2"", ""RHOA""]"	0	False		1.0
GO:BP	GO:0000380	alternative mRNA splicing, via spliceosome	False	1.0	1	"[""HNRNPA1""]"	False	1.0	2	"[""HNRNPA1"", ""TRA2B""]"	False	1.0	2	"[""HNRNPA1"", ""TRA2B""]"	0	False		1.0
GO:BP	GO:0001667	ameboidal-type cell migration	False		0	[]	False	1.0	2	"[""DOCK5"", ""PTK2""]"	False	1.0	2	"[""DOCK5"", ""PTK2""]"	0	False		1.0
GO:BP	GO:0043038	amino acid activation	False		0	[]	False	1.0	1	"[""TARS2""]"	False	1.0	1	"[""TARS2""]"	0	False		1.0
GO:BP	GO:0006520	amino acid metabolic process	False		0	[]	False	1.0	1	"[""TARS2""]"	False	1.0	1	"[""TARS2""]"	0	False		1.0
GO:BP	GO:0003333	amino acid transmembrane transport	False		0	[]	False	1.0	1	"[""SLC25A26""]"	False	1.0	1	"[""SLC25A26""]"	0	False		1.0
GO:BP	GO:0006865	amino acid transport	False		0	[]	False	1.0	1	"[""SLC25A26""]"	False	1.0	1	"[""SLC25A26""]"	0	False		1.0
GO:BP	GO:0006040	amino sugar metabolic process	False		0	[]	False		0	[]	False	1.0	1	"[""ST3GAL1""]"	0	False		1.0
GO:BP	GO:0106074	aminoacyl-tRNA metabolism involved in translational fidelity	False		0	[]	False	1.0	1	"[""TARS2""]"	False	1.0	1	"[""TARS2""]"	0	False		1.0
GO:BP	GO:0006023	aminoglycan biosynthetic process	False		0	[]	False		0	[]	False	1.0	1	"[""B3GAT3""]"	0	False		1.0
GO:BP	GO:0006022	aminoglycan metabolic process	False		0	[]	False		0	[]	False	1.0	1	"[""B3GAT3""]"	0	False		1.0
GO:BP	GO:1990000	amyloid fibril formation	False		0	[]	False	1.0	1	"[""FURIN""]"	False	1.0	1	"[""FURIN""]"	0	False		1.0
GO:BP	GO:0048856	anatomical structure development	False	1.0	7	"[""BRD2"", ""CRKL"", ""DNM1L"", ""KRAS"", ""PSMG1"", ""UBA5"", ""WDR48""]"	False	1.0	16	"[""BRD2"", ""CRKL"", ""DNM1L"", ""DOCK5"", ""FURIN"", ""G6PD"", ""HEATR3"", ""HSP90AB1"", ""ITGB5"", ""KRAS"", ""PSMG1"", ""PTK2"", ""TRA2B"", ""UBA5"", ""VCL"", ""WDR48""]"	False	1.0	33	"[""AIFM1"", ""BRD2"", ""CNOT1"", ""CRK"", ""CRKL"", ""DNM1L"", ""DOCK5"", ""DPPA2"", ""FERMT2"", ""FURIN"", ""G6PD"", ""GPI"", ""HEATR3"", ""HSP90AB1"", ""ITGAV"", ""ITGB5"", ""KRAS"", ""MGRN1"", ""NFKBIA"", ""PRKRA"", ""PSMG1"", ""PTK2"", ""RCOR1"", ""RHOA"", ""SETD2"", ""SP3"", ""ST3GAL1"", ""TRA2B"", ""UBA5"", ""VCL"", ""WDR1"", ""WDR48"", ""WDR83""]"	0	False		1.0
GO:BP	GO:0048646	anatomical structure formation involved in morphogenesis	False	1.0	1	"[""BRD2""]"	False	1.0	5	"[""BRD2"", ""DOCK5"", ""FURIN"", ""ITGB5"", ""PTK2""]"	False	1.0	13	"[""BRD2"", ""CNOT1"", ""DOCK5"", ""FURIN"", ""GPI"", ""ITGAV"", ""ITGB5"", ""PTK2"", ""RHOA"", ""SETD2"", ""SP3"", ""WDR1"", ""WDR83""]"	0	False		1.0
GO:BP	GO:0060249	anatomical structure homeostasis	False	1.0	1	"[""KRAS""]"	False	1.0	2	"[""KRAS"", ""VCL""]"	False	1.0	2	"[""KRAS"", ""VCL""]"	0	False		1.0
GO:BP	GO:0071695	anatomical structure maturation	False		0	[]	False	1.0	2	"[""G6PD"", ""HEATR3""]"	False	1.0	3	"[""G6PD"", ""HEATR3"", ""RHOA""]"	0	False		1.0
GO:BP	GO:0009653	anatomical structure morphogenesis	False	1.0	5	"[""BRD2"", ""CRKL"", ""DNM1L"", ""KRAS"", ""WDR48""]"	False	1.0	10	"[""BRD2"", ""CRKL"", ""DNM1L"", ""DOCK5"", ""FURIN"", ""ITGB5"", ""KRAS"", ""PTK2"", ""VCL"", ""WDR48""]"	False	1.0	21	"[""BRD2"", ""CNOT1"", ""CRK"", ""CRKL"", ""DNM1L"", ""DOCK5"", ""FERMT2"", ""FURIN"", ""GPI"", ""ITGAV"", ""ITGB5"", ""KRAS"", ""PRKRA"", ""PTK2"", ""RHOA"", ""SETD2"", ""SP3"", ""VCL"", ""WDR1"", ""WDR48"", ""WDR83""]"	0	False		1.0
GO:BP	GO:0030521	androgen receptor signaling pathway	False		0	[]	False		0	[]	False	1.0	1	"[""RHOA""]"	0	False		1.0
GO:BP	GO:0001525	angiogenesis	False		0	[]	False	1.0	1	"[""PTK2""]"	False	1.0	3	"[""ITGAV"", ""PTK2"", ""RHOA""]"	0	False		1.0
GO:BP	GO:0001998	angiotensin-mediated vasoconstriction involved in regulation of systemic arterial blood pressure	False		0	[]	False		0	[]	False	1.0	1	"[""RHOA""]"	0	False		1.0
GO:BP	GO:0048513	animal organ development	False	1.0	4	"[""CRKL"", ""KRAS"", ""PSMG1"", ""WDR48""]"	False	1.0	8	"[""CRKL"", ""G6PD"", ""HSP90AB1"", ""KRAS"", ""PSMG1"", ""PTK2"", ""TRA2B"", ""WDR48""]"	False	1.0	15	"[""CRK"", ""CRKL"", ""FERMT2"", ""G6PD"", ""HSP90AB1"", ""KRAS"", ""MGRN1"", ""PRKRA"", ""PSMG1"", ""PTK2"", ""RHOA"", ""SP3"", ""TRA2B"", ""WDR48"", ""WDR83""]"	0	False		1.0
GO:BP	GO:0048799	animal organ maturation	False		0	[]	False		0	[]	False	1.0	1	"[""RHOA""]"	0	False		1.0
GO:BP	GO:0009887	animal organ morphogenesis	False	1.0	3	"[""CRKL"", ""KRAS"", ""WDR48""]"	False	1.0	4	"[""CRKL"", ""KRAS"", ""PTK2"", ""WDR48""]"	False	1.0	7	"[""CRKL"", ""KRAS"", ""PRKRA"", ""PTK2"", ""RHOA"", ""SP3"", ""WDR48""]"	0	False		1.0
GO:BP	GO:0043276	anoikis	False		0	[]	False	1.0	1	"[""PTK2""]"	False	1.0	1	"[""PTK2""]"	0	False		1.0
GO:BP	GO:0009952	anterior/posterior pattern specification	False	1.0	1	"[""CRKL""]"	False	1.0	1	"[""CRKL""]"	False	1.0	1	"[""CRKL""]"	0	False		1.0
GO:BP	GO:0008089	anterograde axonal transport	False		0	[]	False	1.0	1	"[""KIF4A""]"	False	1.0	1	"[""KIF4A""]"	0	False		1.0
GO:BP	GO:0098916	anterograde trans-synaptic signaling	False	1.0	2	"[""KRAS"", ""SNAP23""]"	False	1.0	2	"[""KRAS"", ""SNAP23""]"	False	1.0	3	"[""KRAS"", ""SNAP23"", ""SV2A""]"	0	False		1.0
GO:BP	GO:0050851	antigen receptor-mediated signaling pathway	False	1.0	1	"[""CRKL""]"	False	1.0	1	"[""CRKL""]"	False	1.0	2	"[""CRKL"", ""NFKBIA""]"	0	False		1.0
GO:BP	GO:0140374	antiviral innate immune response	False		0	[]	False		0	[]	False	1.0	1	"[""PRKRA""]"	0	False		1.0
GO:BP	GO:0003176	aortic valve development	False		0	[]	False		0	[]	False	1.0	1	"[""RHOA""]"	0	False		1.0
GO:BP	GO:0003189	aortic valve formation	False		0	[]	False		0	[]	False	1.0	1	"[""RHOA""]"	0	False		1.0
GO:BP	GO:0003180	aortic valve morphogenesis	False		0	[]	False		0	[]	False	1.0	1	"[""RHOA""]"	0	False		1.0
GO:BP	GO:0043297	apical junction assembly	False		0	[]	False	1.0	1	"[""VCL""]"	False	1.0	3	"[""RHOA"", ""VCL"", ""WDR1""]"	0	False		1.0
GO:BP	GO:0038027	apolipoprotein A-I-mediated signaling pathway	False		0	[]	False		0	[]	False	1.0	2	"[""ITGAV"", ""RHOA""]"	0	False		1.0
GO:BP	GO:0043277	apoptotic cell clearance	False		0	[]	False		0	[]	False	1.0	1	"[""ITGAV""]"	0	False		1.0
GO:BP	GO:0008637	apoptotic mitochondrial changes	False	1.0	1	"[""DNM1L""]"	False	1.0	1	"[""DNM1L""]"	False	1.0	1	"[""DNM1L""]"	0	False		1.0
GO:BP	GO:0006915	apoptotic process	False	1.0	7	"[""C3orf38"", ""CRKL"", ""DNM1L"", ""ENO1"", ""FIS1"", ""KRAS"", ""MLST8""]"	False	1.0	12	"[""C3orf38"", ""CRKL"", ""DNM1L"", ""ENO1"", ""FIS1"", ""G6PD"", ""HSP90AB1"", ""ING3"", ""KRAS"", ""LCMT1"", ""MLST8"", ""PTK2""]"	False	1.0	22	"[""AIFM1"", ""BRAT1"", ""C3orf38"", ""CCAR1"", ""CRKL"", ""DNM1L"", ""ENO1"", ""FIS1"", ""G6PD"", ""GPI"", ""HSP90AB1"", ""ING3"", ""ITGAV"", ""KRAS"", ""LCMT1"", ""MLST8"", ""PRKRA"", ""PTK2"", ""RBM10"", ""RHOA"", ""ST3GAL1"", ""TRAF2""]"	0	False		1.0
GO:BP	GO:0097190	apoptotic signaling pathway	False	1.0	2	"[""ENO1"", ""FIS1""]"	False	1.0	2	"[""ENO1"", ""FIS1""]"	False	1.0	6	"[""AIFM1"", ""ENO1"", ""FIS1"", ""ITGAV"", ""PRKRA"", ""TRAF2""]"	0	False		1.0
GO:BP	GO:0048736	appendage development	False		0	[]	False		0	[]	False	1.0	1	"[""FERMT2""]"	0	False		1.0
GO:BP	GO:0008306	associative learning	False	1.0	1	"[""KRAS""]"	False	1.0	1	"[""KRAS""]"	False	1.0	1	"[""KRAS""]"	0	False		1.0
GO:BP	GO:0014002	astrocyte development	False	1.0	1	"[""KRAS""]"	False	1.0	1	"[""KRAS""]"	False	1.0	1	"[""KRAS""]"	0	False		1.0
GO:BP	GO:0048708	astrocyte differentiation	False	1.0	1	"[""KRAS""]"	False	1.0	1	"[""KRAS""]"	False	1.0	1	"[""KRAS""]"	0	False		1.0
GO:BP	GO:0006914	autophagy	False	1.0	3	"[""DNM1L"", ""MLST8"", ""UBA5""]"	False	1.0	3	"[""DNM1L"", ""MLST8"", ""UBA5""]"	False	1.0	4	"[""DNM1L"", ""MLST8"", ""SETD2"", ""UBA5""]"	0	False		1.0
GO:BP	GO:0000422	autophagy of mitochondrion	False	1.0	1	"[""DNM1L""]"	False	1.0	1	"[""DNM1L""]"	False	1.0	1	"[""DNM1L""]"	0	False		1.0
GO:BP	GO:0008088	axo-dendritic transport	False		0	[]	False	1.0	1	"[""KIF4A""]"	False	1.0	1	"[""KIF4A""]"	0	False		1.0
GO:BP	GO:0061564	axon development	False		0	[]	False	1.0	2	"[""PTK2"", ""VCL""]"	False	1.0	2	"[""PTK2"", ""VCL""]"	0	False		1.0
GO:BP	GO:0048675	axon extension	False		0	[]	False	1.0	1	"[""VCL""]"	False	1.0	1	"[""VCL""]"	0	False		1.0
GO:BP	GO:0007411	axon guidance	False		0	[]	False	1.0	1	"[""PTK2""]"	False	1.0	1	"[""PTK2""]"	0	False		1.0
GO:BP	GO:0098930	axonal transport	False		0	[]	False	1.0	1	"[""KIF4A""]"	False	1.0	1	"[""KIF4A""]"	0	False		1.0
GO:BP	GO:0007409	axonogenesis	False		0	[]	False	1.0	2	"[""PTK2"", ""VCL""]"	False	1.0	2	"[""PTK2"", ""VCL""]"	0	False		1.0
GO:BP	GO:0051016	barbed-end actin filament capping	False		0	[]	False	1.0	1	"[""WASHC2C""]"	False	1.0	1	"[""WASHC2C""]"	0	False		1.0
GO:BP	GO:0006284	base-excision repair	False		0	[]	False		0	[]	False	1.0	1	"[""APEX2""]"	0	False		1.0
GO:BP	GO:0007610	behavior	False	1.0	1	"[""KRAS""]"	False	1.0	1	"[""KRAS""]"	False	1.0	4	"[""DERL2"", ""GPI"", ""KRAS"", ""RMI1""]"	0	False		1.0
GO:BP	GO:0043366	beta selection	False		0	[]	False		0	[]	False	1.0	1	"[""RHOA""]"	0	False		1.0
GO:BP	GO:0051701	biological process involved in interaction with host	False		0	[]	False	1.0	3	"[""FURIN"", ""HSP90AB1"", ""ITGB5""]"	False	1.0	4	"[""FURIN"", ""HSP90AB1"", ""ITGAV"", ""ITGB5""]"	0	False		1.0
GO:BP	GO:0044419	biological process involved in interspecies interaction between organisms	False	1.0	2	"[""ENO1"", ""SYNCRIP""]"	False	1.0	5	"[""ENO1"", ""FURIN"", ""HSP90AB1"", ""ITGB5"", ""SYNCRIP""]"	False	1.0	13	"[""CRK"", ""ENO1"", ""FURIN"", ""HSP90AB1"", ""ITGAV"", ""ITGB5"", ""NFKBIA"", ""PRKRA"", ""RHOA"", ""SETD2"", ""SYNCRIP"", ""TRAF2"", ""WDR83""]"	0	False		1.0
GO:BP	GO:0044403	biological process involved in symbiotic interaction	False		0	[]	False	1.0	3	"[""FURIN"", ""HSP90AB1"", ""ITGB5""]"	False	1.0	4	"[""FURIN"", ""HSP90AB1"", ""ITGAV"", ""ITGB5""]"	0	False		1.0
GO:BP	GO:0065007	biological regulation	False	1.0	15	"[""BRD2"", ""C3orf38"", ""CRKL"", ""DNM1L"", ""EAF1"", ""ENO1"", ""FIS1"", ""HNRNPA1"", ""KRAS"", ""MLST8"", ""SNAP23"", ""SYNCRIP"", ""UBA5"", ""WDR48"", ""ZNF217""]"	False	1.0	31	"[""BRD2"", ""C3orf38"", ""CRKL"", ""DNM1L"", ""DOCK5"", ""EAF1"", ""ENO1"", ""FIS1"", ""FURIN"", ""G6PD"", ""HNRNPA1"", ""HSP90AB1"", ""ING3"", ""ITGB5"", ""KRAS"", ""LCMT1"", ""LTB4R"", ""MLST8"", ""PTK2"", ""SERBP1"", ""SLC35B2"", ""SNAP23"", ""SYNCRIP"", ""TARS2"", ""TGIF1"", ""TRA2B"", ""UBA5"", ""VCL"", ""WASHC2C"", ""WDR48"", ""ZNF217""]"	False	1.0	64	"[""AIFM1"", ""B3GAT3"", ""BRAT1"", ""BRD2"", ""C3orf38"", ""CCAR1"", ""CCDC51"", ""CNOT1"", ""CRK"", ""CRKL"", ""DERL2"", ""DNM1L"", ""DOCK5"", ""EAF1"", ""ENO1"", ""FERMT2"", ""FIS1"", ""FOXO3B"", ""FURIN"", ""G6PD"", ""GCN1"", ""GPI"", ""HNRNPA1"", ""HSP90AB1"", ""ING3"", ""ITGAV"", ""ITGB5"", ""IWS1"", ""KRAS"", ""LCMT1"", ""LTB4R"", ""MED24"", ""MGRN1"", ""MLST8"", ""NACC1"", ""NFKBIA"", ""PRKRA"", ""PTK2"", ""RAB15"", ""RBM10"", ""RBM12"", ""RCOR1"", ""RHOA"", ""SERBP1"", ""SETD2"", ""SLC35B2"", ""SNAP23"", ""SP3"", ""ST3GAL1"", ""SV2A"", ""SYNCRIP"", ""TARS2"", ""TGIF1"", ""TNS3"", ""TRA2B"", ""TRAF2"", ""UBA5"", ""VCL"", ""WASHC2C"", ""WDR1"", ""WDR48"", ""WDR83"", ""ZNF217"", ""ZNF687""]"	0	False		1.0
GO:BP	GO:0008150	biological_process	False	1.0	26	"[""ARL4A"", ""ATP5ME"", ""BRD2"", ""C3orf38"", ""COX18"", ""CRKL"", ""DNM1L"", ""EAF1"", ""EFR3A"", ""ENO1"", ""FDXR"", ""FIS1"", ""HNRNPA1"", ""KRAS"", ""MIPEP"", ""MLST8"", ""MRPS12"", ""MRPS6"", ""PSMG1"", ""SNAP23"", ""SNRPB2"", ""SYNCRIP"", ""UBA5"", ""UBIAD1"", ""WDR48"", ""ZNF217""]"	False	1.0	53	"[""ARL4A"", ""ATP5ME"", ""BRD2"", ""C3orf38"", ""COX18"", ""CRKL"", ""CYC1"", ""DNM1L"", ""DOCK5"", ""DOLK"", ""EAF1"", ""EFR3A"", ""EMC1"", ""EMC7"", ""ENO1"", ""FDXR"", ""FIS1"", ""FURIN"", ""G6PD"", ""HEATR3"", ""HNRNPA1"", ""HSP90AB1"", ""ING3"", ""ITGB5"", ""KIF4A"", ""KRAS"", ""LCMT1"", ""LTB4R"", ""MIPEP"", ""MLST8"", ""MON2"", ""MRPS12"", ""MRPS6"", ""ODR4"", ""PSMG1"", ""PTK2"", ""RNASEH2A"", ""SEC62"", ""SERBP1"", ""SLC25A26"", ""SLC35B2"", ""SNAP23"", ""SNRPB2"", ""SYNCRIP"", ""TARS2"", ""TGIF1"", ""TRA2B"", ""UBA5"", ""UBIAD1"", ""VCL"", ""WASHC2C"", ""WDR48"", ""ZNF217""]"	False	1.0	105	"[""ADSL"", ""AIFM1"", ""ALG8"", ""APEX2"", ""ARL4A"", ""ATP5ME"", ""B3GAT3"", ""BRAT1"", ""BRD2"", ""C3orf38"", ""CCAR1"", ""CCDC51"", ""CNOT1"", ""COX18"", ""CRK"", ""CRKL"", ""CTPS1"", ""CYC1"", ""DERL2"", ""DNM1L"", ""DOCK5"", ""DOLK"", ""DPH5"", ""DPPA2"", ""EAF1"", ""EFR3A"", ""EMC1"", ""EMC7"", ""ENO1"", ""FDXR"", ""FERMT2"", ""FIS1"", ""FOXO3B"", ""FOXRED1"", ""FURIN"", ""G6PD"", ""GCN1"", ""GPI"", ""HEATR3"", ""HNRNPA1"", ""HSP90AB1"", ""HSPA13"", ""ING3"", ""ITGAV"", ""ITGB5"", ""IWS1"", ""KIF4A"", ""KRAS"", ""LCMT1"", ""LTB4R"", ""MED24"", ""MGRN1"", ""MIPEP"", ""MLST8"", ""MON2"", ""MRPL53"", ""MRPS12"", ""MRPS2"", ""MRPS6"", ""MTFMT"", ""NACC1"", ""NDC1"", ""NDUFAF8"", ""NFKBIA"", ""NUP42"", ""ODR4"", ""PIGL"", ""PRKRA"", ""PRRC2A"", ""PSMG1"", ""PTK2"", ""RAB15"", ""RBM10"", ""RBM12"", ""RCOR1"", ""RHOA"", ""RMI1"", ""RNASEH2A"", ""RNASEH2C"", ""SEC62"", ""SERBP1"", ""SETD2"", ""SLC25A26"", ""SLC35B2"", ""SNAP23"", ""SNRPB2"", ""SP3"", ""ST3GAL1"", ""SV2A"", ""SYNCRIP"", ""TARS2"", ""TGIF1"", ""TNS3"", ""TRA2B"", ""TRAF2"", ""UBA5"", ""UBIAD1"", ""VCL"", ""WASHC2C"", ""WDR1"", ""WDR48"", ""WDR83"", ""YPEL5"", ""ZNF217"", ""ZNF687""]"	0	False		1.0
GO:BP	GO:0009058	biosynthetic process	False	1.0	18	"[""ATP5ME"", ""BRD2"", ""CRKL"", ""DNM1L"", ""EAF1"", ""EFR3A"", ""ENO1"", ""FDXR"", ""HNRNPA1"", ""KRAS"", ""MLST8"", ""MRPS12"", ""MRPS6"", ""SNRPB2"", ""SYNCRIP"", ""UBA5"", ""UBIAD1"", ""ZNF217""]"	False	1.0	27	"[""ATP5ME"", ""BRD2"", ""CRKL"", ""DNM1L"", ""DOLK"", ""EAF1"", ""EFR3A"", ""ENO1"", ""FDXR"", ""FURIN"", ""G6PD"", ""HNRNPA1"", ""HSP90AB1"", ""ING3"", ""KRAS"", ""MLST8"", ""MRPS12"", ""MRPS6"", ""SERBP1"", ""SNRPB2"", ""SYNCRIP"", ""TARS2"", ""TGIF1"", ""TRA2B"", ""UBA5"", ""UBIAD1"", ""ZNF217""]"	False	1.0	59	"[""ADSL"", ""AIFM1"", ""ALG8"", ""ATP5ME"", ""B3GAT3"", ""BRD2"", ""CCAR1"", ""CNOT1"", ""CRK"", ""CRKL"", ""CTPS1"", ""DNM1L"", ""DOLK"", ""EAF1"", ""EFR3A"", ""ENO1"", ""FDXR"", ""FOXO3B"", ""FURIN"", ""G6PD"", ""GCN1"", ""GPI"", ""HNRNPA1"", ""HSP90AB1"", ""HSPA13"", ""ING3"", ""ITGAV"", ""IWS1"", ""KRAS"", ""MED24"", ""MLST8"", ""MRPL53"", ""MRPS12"", ""MRPS2"", ""MRPS6"", ""MTFMT"", ""NACC1"", ""NFKBIA"", ""PIGL"", ""PRKRA"", ""RBM10"", ""RBM12"", ""RCOR1"", ""RHOA"", ""SERBP1"", ""SETD2"", ""SNRPB2"", ""SP3"", ""ST3GAL1"", ""SYNCRIP"", ""TARS2"", ""TGIF1"", ""TRA2B"", ""TRAF2"", ""UBA5"", ""UBIAD1"", ""WDR83"", ""ZNF217"", ""ZNF687""]"	0	False		1.0
GO:BP	GO:0001824	blastocyst development	False		0	[]	False	1.0	1	"[""FURIN""]"	False	1.0	3	"[""CNOT1"", ""FURIN"", ""SP3""]"	0	False		1.0
GO:BP	GO:0001825	blastocyst formation	False		0	[]	False	1.0	1	"[""FURIN""]"	False	1.0	3	"[""CNOT1"", ""FURIN"", ""SP3""]"	0	False		1.0
GO:BP	GO:0008015	blood circulation	False	1.0	1	"[""DNM1L""]"	False	1.0	2	"[""DNM1L"", ""DOCK5""]"	False	1.0	4	"[""DNM1L"", ""DOCK5"", ""FERMT2"", ""RHOA""]"	0	False		1.0
GO:BP	GO:0007596	blood coagulation	False		0	[]	False	1.0	1	"[""VCL""]"	False	1.0	1	"[""VCL""]"	0	False		1.0
GO:BP	GO:0001568	blood vessel development	False	1.0	1	"[""CRKL""]"	False	1.0	2	"[""CRKL"", ""PTK2""]"	False	1.0	5	"[""CRKL"", ""ITGAV"", ""PTK2"", ""RHOA"", ""WDR83""]"	0	False		1.0
GO:BP	GO:0097746	blood vessel diameter maintenance	False		0	[]	False	1.0	1	"[""DOCK5""]"	False	1.0	2	"[""DOCK5"", ""RHOA""]"	0	False		1.0
GO:BP	GO:0043534	blood vessel endothelial cell migration	False		0	[]	False		0	[]	False	1.0	1	"[""RHOA""]"	0	False		1.0
GO:BP	GO:0048514	blood vessel morphogenesis	False		0	[]	False	1.0	1	"[""PTK2""]"	False	1.0	3	"[""ITGAV"", ""PTK2"", ""RHOA""]"	0	False		1.0
GO:BP	GO:0060348	bone development	False		0	[]	False		0	[]	False	1.0	1	"[""RHOA""]"	0	False		1.0
GO:BP	GO:0070977	bone maturation	False		0	[]	False		0	[]	False	1.0	1	"[""RHOA""]"	0	False		1.0
GO:BP	GO:0046849	bone remodeling	False		0	[]	False	1.0	1	"[""DOCK5""]"	False	1.0	1	"[""DOCK5""]"	0	False		1.0
GO:BP	GO:0061430	bone trabecula morphogenesis	False		0	[]	False		0	[]	False	1.0	1	"[""RHOA""]"	0	False		1.0
GO:BP	GO:0007420	brain development	False	1.0	3	"[""CRKL"", ""KRAS"", ""PSMG1""]"	False	1.0	5	"[""CRKL"", ""G6PD"", ""KRAS"", ""PSMG1"", ""TRA2B""]"	False	1.0	7	"[""CRK"", ""CRKL"", ""G6PD"", ""KRAS"", ""PSMG1"", ""RHOA"", ""TRA2B""]"	0	False		1.0
GO:BP	GO:0048754	branching morphogenesis of an epithelial tube	False	1.0	1	"[""KRAS""]"	False	1.0	1	"[""KRAS""]"	False	1.0	1	"[""KRAS""]"	0	False		1.0
GO:BP	GO:0050873	brown fat cell differentiation	False	1.0	1	"[""ARL4A""]"	False	1.0	1	"[""ARL4A""]"	False	1.0	1	"[""ARL4A""]"	0	False		1.0
GO:BP	GO:0055074	calcium ion homeostasis	False		0	[]	False		0	[]	False	1.0	1	"[""SV2A""]"	0	False		1.0
GO:BP	GO:0070588	calcium ion transmembrane transport	False		0	[]	False	1.0	1	"[""G6PD""]"	False	1.0	2	"[""G6PD"", ""ITGAV""]"	0	False		1.0
GO:BP	GO:0061577	calcium ion transmembrane transport via high voltage-gated calcium channel	False		0	[]	False	1.0	1	"[""G6PD""]"	False	1.0	1	"[""G6PD""]"	0	False		1.0
GO:BP	GO:0006816	calcium ion transport	False	1.0	1	"[""DNM1L""]"	False	1.0	2	"[""DNM1L"", ""G6PD""]"	False	1.0	3	"[""DNM1L"", ""G6PD"", ""ITGAV""]"	0	False		1.0
GO:BP	GO:0043010	camera-type eye development	False		0	[]	False		0	[]	False	1.0	1	"[""SP3""]"	0	False		1.0
GO:BP	GO:0048593	camera-type eye morphogenesis	False		0	[]	False		0	[]	False	1.0	1	"[""SP3""]"	0	False		1.0
GO:BP	GO:0007249	canonical NF-kappaB signal transduction	False		0	[]	False	1.0	1	"[""SLC35B2""]"	False	1.0	5	"[""NFKBIA"", ""RHOA"", ""SLC35B2"", ""TRAF2"", ""WDR83""]"	0	False		1.0
GO:BP	GO:0061621	canonical glycolysis	False	1.0	1	"[""ENO1""]"	False	1.0	1	"[""ENO1""]"	False	1.0	1	"[""ENO1""]"	0	False		1.0
GO:BP	GO:0016051	carbohydrate biosynthetic process	False	1.0	1	"[""ENO1""]"	False	1.0	2	"[""ENO1"", ""G6PD""]"	False	1.0	3	"[""ENO1"", ""G6PD"", ""GPI""]"	0	False		1.0
GO:BP	GO:0016052	carbohydrate catabolic process	False	1.0	2	"[""ENO1"", ""MLST8""]"	False	1.0	2	"[""ENO1"", ""MLST8""]"	False	1.0	3	"[""ENO1"", ""GPI"", ""MLST8""]"	0	False		1.0
GO:BP	GO:1901137	carbohydrate derivative biosynthetic process	False	1.0	2	"[""ATP5ME"", ""ENO1""]"	False	1.0	4	"[""ATP5ME"", ""DOLK"", ""ENO1"", ""G6PD""]"	False	1.0	10	"[""ADSL"", ""ALG8"", ""ATP5ME"", ""B3GAT3"", ""CTPS1"", ""DOLK"", ""ENO1"", ""G6PD"", ""PIGL"", ""ST3GAL1""]"	0	False		1.0
GO:BP	GO:1901136	carbohydrate derivative catabolic process	False	1.0	2	"[""ENO1"", ""MLST8""]"	False	1.0	2	"[""ENO1"", ""MLST8""]"	False	1.0	3	"[""ENO1"", ""GPI"", ""MLST8""]"	0	False		1.0
GO:BP	GO:1901135	carbohydrate derivative metabolic process	False	1.0	5	"[""ATP5ME"", ""DNM1L"", ""ENO1"", ""FIS1"", ""MLST8""]"	False	1.0	7	"[""ATP5ME"", ""DNM1L"", ""DOLK"", ""ENO1"", ""FIS1"", ""G6PD"", ""MLST8""]"	False	1.0	14	"[""ADSL"", ""ALG8"", ""ATP5ME"", ""B3GAT3"", ""CTPS1"", ""DNM1L"", ""DOLK"", ""ENO1"", ""FIS1"", ""G6PD"", ""GPI"", ""MLST8"", ""PIGL"", ""ST3GAL1""]"	0	False		1.0
GO:BP	GO:1901264	carbohydrate derivative transport	False		0	[]	False	1.0	2	"[""SLC25A26"", ""SLC35B2""]"	False	1.0	2	"[""SLC25A26"", ""SLC35B2""]"	0	False		1.0
GO:BP	GO:0033500	carbohydrate homeostasis	False		0	[]	False	1.0	1	"[""TRA2B""]"	False	1.0	3	"[""GPI"", ""RMI1"", ""TRA2B""]"	0	False		1.0
GO:BP	GO:0005975	carbohydrate metabolic process	False	1.0	2	"[""ENO1"", ""MLST8""]"	False	1.0	4	"[""ENO1"", ""G6PD"", ""LCMT1"", ""MLST8""]"	False	1.0	7	"[""B3GAT3"", ""BRAT1"", ""ENO1"", ""G6PD"", ""GPI"", ""LCMT1"", ""MLST8""]"	0	False		1.0
GO:BP	GO:0019752	carboxylic acid metabolic process	False	1.0	2	"[""ENO1"", ""MLST8""]"	False	1.0	2	"[""ENO1"", ""MLST8""]"	False	1.0	5	"[""CTPS1"", ""ENO1"", ""GPI"", ""MLST8"", ""ST3GAL1""]"	0	False		1.0
GO:BP	GO:1905039	carboxylic acid transmembrane transport	False		0	[]	False	1.0	1	"[""SLC25A26""]"	False	1.0	1	"[""SLC25A26""]"	0	False		1.0
GO:BP	GO:0046942	carboxylic acid transport	False	1.0	1	"[""FIS1""]"	False	1.0	2	"[""FIS1"", ""SLC25A26""]"	False	1.0	2	"[""FIS1"", ""SLC25A26""]"	0	False		1.0
GO:BP	GO:0055006	cardiac cell development	False		0	[]	False	1.0	1	"[""G6PD""]"	False	1.0	1	"[""G6PD""]"	0	False		1.0
GO:BP	GO:0055013	cardiac muscle cell development	False		0	[]	False	1.0	1	"[""G6PD""]"	False	1.0	1	"[""G6PD""]"	0	False		1.0
GO:BP	GO:0055007	cardiac muscle cell differentiation	False		0	[]	False	1.0	1	"[""G6PD""]"	False	1.0	1	"[""G6PD""]"	0	False		1.0
GO:BP	GO:0099622	cardiac muscle cell membrane repolarization	False		0	[]	False		0	[]	False	1.0	1	"[""WDR1""]"	0	False		1.0
GO:BP	GO:0003300	cardiac muscle hypertrophy	False		0	[]	False	1.0	1	"[""G6PD""]"	False	1.0	1	"[""G6PD""]"	0	False		1.0
GO:BP	GO:0048738	cardiac muscle tissue development	False		0	[]	False	1.0	1	"[""G6PD""]"	False	1.0	1	"[""G6PD""]"	0	False		1.0
GO:BP	GO:0055017	cardiac muscle tissue growth	False		0	[]	False	1.0	1	"[""G6PD""]"	False	1.0	1	"[""G6PD""]"	0	False		1.0
GO:BP	GO:0035051	cardiocyte differentiation	False		0	[]	False	1.0	1	"[""G6PD""]"	False	1.0	1	"[""G6PD""]"	0	False		1.0
GO:BP	GO:0009056	catabolic process	False	1.0	5	"[""DNM1L"", ""ENO1"", ""MLST8"", ""SYNCRIP"", ""UBA5""]"	False	1.0	10	"[""DNM1L"", ""ENO1"", ""FURIN"", ""HSP90AB1"", ""MLST8"", ""PTK2"", ""RNASEH2A"", ""SERBP1"", ""SYNCRIP"", ""UBA5""]"	False	1.0	18	"[""CCAR1"", ""CNOT1"", ""DERL2"", ""DNM1L"", ""ENO1"", ""FURIN"", ""GPI"", ""HSP90AB1"", ""MLST8"", ""PTK2"", ""RBM10"", ""RNASEH2A"", ""RNASEH2C"", ""SERBP1"", ""SETD2"", ""SYNCRIP"", ""TRAF2"", ""UBA5""]"	0	False		1.0
GO:BP	GO:0001775	cell activation	False	1.0	2	"[""BRD2"", ""SNAP23""]"	False	1.0	3	"[""BRD2"", ""SNAP23"", ""VCL""]"	False	1.0	8	"[""BRD2"", ""CTPS1"", ""RHOA"", ""SNAP23"", ""SP3"", ""ST3GAL1"", ""TRAF2"", ""VCL""]"	0	False		1.0
GO:BP	GO:0002263	cell activation involved in immune response	False	1.0	2	"[""BRD2"", ""SNAP23""]"	False	1.0	2	"[""BRD2"", ""SNAP23""]"	False	1.0	3	"[""BRD2"", ""SNAP23"", ""ST3GAL1""]"	0	False		1.0
GO:BP	GO:0007155	cell adhesion	False	1.0	2	"[""BRD2"", ""CRKL""]"	False	1.0	7	"[""BRD2"", ""CRKL"", ""DOCK5"", ""ITGB5"", ""PTK2"", ""VCL"", ""WASHC2C""]"	False	1.0	11	"[""BRD2"", ""CRK"", ""CRKL"", ""DOCK5"", ""FERMT2"", ""ITGAV"", ""ITGB5"", ""PTK2"", ""RHOA"", ""VCL"", ""WASHC2C""]"	0	False		1.0
GO:BP	GO:0033627	cell adhesion mediated by integrin	False	1.0	1	"[""CRKL""]"	False	1.0	3	"[""CRKL"", ""ITGB5"", ""PTK2""]"	False	1.0	5	"[""CRK"", ""CRKL"", ""ITGAV"", ""ITGB5"", ""PTK2""]"	0	False		1.0
GO:BP	GO:0060326	cell chemotaxis	False	1.0	2	"[""CRKL"", ""DNM1L""]"	False	1.0	3	"[""CRKL"", ""DNM1L"", ""PTK2""]"	False	1.0	4	"[""CRK"", ""CRKL"", ""DNM1L"", ""PTK2""]"	0	False		1.0
GO:BP	GO:0007154	cell communication	False	1.0	8	"[""CRKL"", ""ENO1"", ""FIS1"", ""KRAS"", ""MLST8"", ""SNAP23"", ""UBA5"", ""WDR48""]"	False	1.0	16	"[""CRKL"", ""DOCK5"", ""ENO1"", ""FIS1"", ""FURIN"", ""HSP90AB1"", ""ITGB5"", ""KRAS"", ""LCMT1"", ""LTB4R"", ""MLST8"", ""PTK2"", ""SLC35B2"", ""SNAP23"", ""UBA5"", ""WDR48""]"	False	1.0	33	"[""AIFM1"", ""CNOT1"", ""CRK"", ""CRKL"", ""DERL2"", ""DOCK5"", ""ENO1"", ""FERMT2"", ""FIS1"", ""FURIN"", ""GCN1"", ""GPI"", ""HSP90AB1"", ""ITGAV"", ""ITGB5"", ""KRAS"", ""LCMT1"", ""LTB4R"", ""MGRN1"", ""MLST8"", ""NFKBIA"", ""PRKRA"", ""PTK2"", ""RAB15"", ""RHOA"", ""SLC35B2"", ""SNAP23"", ""SV2A"", ""TNS3"", ""TRAF2"", ""UBA5"", ""WDR48"", ""WDR83""]"	0	False		1.0
GO:BP	GO:0007049	cell cycle	False		0	[]	False	1.0	4	"[""HSP90AB1"", ""ING3"", ""KIF4A"", ""LCMT1""]"	False	1.0	8	"[""HSP90AB1"", ""ING3"", ""KIF4A"", ""LCMT1"", ""NDC1"", ""RHOA"", ""RMI1"", ""SETD2""]"	0	False		1.0
GO:BP	GO:0044839	cell cycle G2/M phase transition	False		0	[]	False	1.0	1	"[""LCMT1""]"	False	1.0	1	"[""LCMT1""]"	0	False		1.0
GO:BP	GO:0000075	cell cycle checkpoint signaling	False		0	[]	False	1.0	1	"[""LCMT1""]"	False	1.0	1	"[""LCMT1""]"	0	False		1.0
GO:BP	GO:0044770	cell cycle phase transition	False		0	[]	False	1.0	1	"[""LCMT1""]"	False	1.0	1	"[""LCMT1""]"	0	False		1.0
GO:BP	GO:0022402	cell cycle process	False		0	[]	False	1.0	2	"[""KIF4A"", ""LCMT1""]"	False	1.0	6	"[""KIF4A"", ""LCMT1"", ""NDC1"", ""RHOA"", ""RMI1"", ""SETD2""]"	0	False		1.0
GO:BP	GO:0008219	cell death	False	1.0	7	"[""C3orf38"", ""CRKL"", ""DNM1L"", ""ENO1"", ""FIS1"", ""KRAS"", ""MLST8""]"	False	1.0	12	"[""C3orf38"", ""CRKL"", ""DNM1L"", ""ENO1"", ""FIS1"", ""G6PD"", ""HSP90AB1"", ""ING3"", ""KRAS"", ""LCMT1"", ""MLST8"", ""PTK2""]"	False	1.0	22	"[""AIFM1"", ""BRAT1"", ""C3orf38"", ""CCAR1"", ""CRKL"", ""DNM1L"", ""ENO1"", ""FIS1"", ""G6PD"", ""GPI"", ""HSP90AB1"", ""ING3"", ""ITGAV"", ""KRAS"", ""LCMT1"", ""MLST8"", ""PRKRA"", ""PTK2"", ""RBM10"", ""RHOA"", ""ST3GAL1"", ""TRAF2""]"	0	False		1.0
GO:BP	GO:0048468	cell development	False	1.0	4	"[""BRD2"", ""CRKL"", ""KRAS"", ""UBA5""]"	False	1.0	8	"[""BRD2"", ""CRKL"", ""G6PD"", ""HEATR3"", ""KRAS"", ""PTK2"", ""UBA5"", ""VCL""]"	False	1.0	15	"[""BRD2"", ""CRK"", ""CRKL"", ""G6PD"", ""HEATR3"", ""KRAS"", ""NFKBIA"", ""PTK2"", ""RCOR1"", ""RHOA"", ""SP3"", ""ST3GAL1"", ""UBA5"", ""VCL"", ""WDR1""]"	0	False		1.0
GO:BP	GO:0030154	cell differentiation	False	1.0	6	"[""ARL4A"", ""BRD2"", ""CRKL"", ""KRAS"", ""SYNCRIP"", ""UBA5""]"	False	1.0	13	"[""ARL4A"", ""BRD2"", ""CRKL"", ""DOCK5"", ""G6PD"", ""HEATR3"", ""HSP90AB1"", ""ITGB5"", ""KRAS"", ""PTK2"", ""SYNCRIP"", ""UBA5"", ""VCL""]"	False	1.0	26	"[""AIFM1"", ""ARL4A"", ""BRD2"", ""CNOT1"", ""CRK"", ""CRKL"", ""DOCK5"", ""FERMT2"", ""G6PD"", ""HEATR3"", ""HSP90AB1"", ""ITGAV"", ""ITGB5"", ""KRAS"", ""NFKBIA"", ""PRRC2A"", ""PTK2"", ""RCOR1"", ""RHOA"", ""SETD2"", ""SP3"", ""ST3GAL1"", ""SYNCRIP"", ""UBA5"", ""VCL"", ""WDR1""]"	0	False		1.0
GO:BP	GO:0051301	cell division	False		0	[]	False	1.0	1	"[""KIF4A""]"	False	1.0	3	"[""KIF4A"", ""RHOA"", ""SETD2""]"	0	False		1.0
GO:BP	GO:0045165	cell fate commitment	False	1.0	1	"[""BRD2""]"	False	1.0	1	"[""BRD2""]"	False	1.0	2	"[""BRD2"", ""RHOA""]"	0	False		1.0
GO:BP	GO:0016049	cell growth	False	1.0	3	"[""CRKL"", ""ENO1"", ""MLST8""]"	False	1.0	5	"[""CRKL"", ""ENO1"", ""G6PD"", ""MLST8"", ""VCL""]"	False	1.0	8	"[""BRAT1"", ""CRK"", ""CRKL"", ""DERL2"", ""ENO1"", ""G6PD"", ""MLST8"", ""VCL""]"	0	False		1.0
GO:BP	GO:0061049	cell growth involved in cardiac muscle cell development	False		0	[]	False	1.0	1	"[""G6PD""]"	False	1.0	1	"[""G6PD""]"	0	False		1.0
GO:BP	GO:0034329	cell junction assembly	False	1.0	1	"[""CRKL""]"	False	1.0	3	"[""CRKL"", ""PTK2"", ""VCL""]"	False	1.0	7	"[""CRK"", ""CRKL"", ""FERMT2"", ""PTK2"", ""RHOA"", ""VCL"", ""WDR1""]"	0	False		1.0
GO:BP	GO:0034331	cell junction maintenance	False		0	[]	False		0	[]	False	1.0	1	"[""FERMT2""]"	0	False		1.0
GO:BP	GO:0034330	cell junction organization	False	1.0	1	"[""CRKL""]"	False	1.0	3	"[""CRKL"", ""PTK2"", ""VCL""]"	False	1.0	7	"[""CRK"", ""CRKL"", ""FERMT2"", ""PTK2"", ""RHOA"", ""VCL"", ""WDR1""]"	0	False		1.0
GO:BP	GO:0001906	cell killing	False		0	[]	False		0	[]	False	1.0	1	"[""CRK""]"	0	False		1.0
GO:BP	GO:0048469	cell maturation	False		0	[]	False	1.0	2	"[""G6PD"", ""HEATR3""]"	False	1.0	2	"[""G6PD"", ""HEATR3""]"	0	False		1.0
GO:BP	GO:0016477	cell migration	False	1.0	2	"[""CRKL"", ""DNM1L""]"	False	1.0	6	"[""CRKL"", ""DNM1L"", ""DOCK5"", ""ITGB5"", ""PTK2"", ""VCL""]"	False	1.0	14	"[""BRAT1"", ""CCAR1"", ""CRK"", ""CRKL"", ""DNM1L"", ""DOCK5"", ""FERMT2"", ""GPI"", ""ITGAV"", ""ITGB5"", ""PTK2"", ""RHOA"", ""VCL"", ""WDR1""]"	0	False		1.0
GO:BP	GO:0002042	cell migration involved in sprouting angiogenesis	False		0	[]	False		0	[]	False	1.0	1	"[""RHOA""]"	0	False		1.0
GO:BP	GO:0000902	cell morphogenesis	False		0	[]	False	1.0	2	"[""PTK2"", ""VCL""]"	False	1.0	6	"[""CRK"", ""FERMT2"", ""PTK2"", ""RHOA"", ""VCL"", ""WDR1""]"	0	False		1.0
GO:BP	GO:0048667	cell morphogenesis involved in neuron differentiation	False		0	[]	False	1.0	2	"[""PTK2"", ""VCL""]"	False	1.0	2	"[""PTK2"", ""VCL""]"	0	False		1.0
GO:BP	GO:0048870	cell motility	False	1.0	2	"[""CRKL"", ""DNM1L""]"	False	1.0	6	"[""CRKL"", ""DNM1L"", ""DOCK5"", ""ITGB5"", ""PTK2"", ""VCL""]"	False	1.0	14	"[""BRAT1"", ""CCAR1"", ""CRK"", ""CRKL"", ""DNM1L"", ""DOCK5"", ""FERMT2"", ""GPI"", ""ITGAV"", ""ITGB5"", ""PTK2"", ""RHOA"", ""VCL"", ""WDR1""]"	0	False		1.0
GO:BP	GO:0008283	cell population proliferation	False	1.0	4	"[""CRKL"", ""KRAS"", ""PSMG1"", ""WDR48""]"	False	1.0	5	"[""CRKL"", ""KRAS"", ""PSMG1"", ""PTK2"", ""WDR48""]"	False	1.0	18	"[""BRAT1"", ""CCAR1"", ""CRK"", ""CRKL"", ""CTPS1"", ""DERL2"", ""FERMT2"", ""ITGAV"", ""KRAS"", ""NACC1"", ""NFKBIA"", ""PRKRA"", ""PSMG1"", ""PTK2"", ""RBM10"", ""RHOA"", ""WDR48"", ""YPEL5""]"	0	False		1.0
GO:BP	GO:0030031	cell projection assembly	False		0	[]	False	1.0	1	"[""VCL""]"	False	1.0	1	"[""VCL""]"	0	False		1.0
GO:BP	GO:0048858	cell projection morphogenesis	False		0	[]	False	1.0	2	"[""PTK2"", ""VCL""]"	False	1.0	2	"[""PTK2"", ""VCL""]"	0	False		1.0
GO:BP	GO:0030030	cell projection organization	False	1.0	1	"[""CRKL""]"	False	1.0	3	"[""CRKL"", ""PTK2"", ""VCL""]"	False	1.0	5	"[""CRK"", ""CRKL"", ""PTK2"", ""RHOA"", ""VCL""]"	0	False		1.0
GO:BP	GO:0021924	cell proliferation in external granule layer	False	1.0	1	"[""PSMG1""]"	False	1.0	1	"[""PSMG1""]"	False	1.0	1	"[""PSMG1""]"	0	False		1.0
GO:BP	GO:0021534	cell proliferation in hindbrain	False	1.0	1	"[""PSMG1""]"	False	1.0	1	"[""PSMG1""]"	False	1.0	1	"[""PSMG1""]"	0	False		1.0
GO:BP	GO:0002752	cell surface pattern recognition receptor signaling pathway	False		0	[]	False		0	[]	False	1.0	1	"[""NFKBIA""]"	0	False		1.0
GO:BP	GO:0007178	cell surface receptor protein serine/threonine kinase signaling pathway	False	1.0	1	"[""CRKL""]"	False	1.0	5	"[""CRKL"", ""FURIN"", ""HSP90AB1"", ""ITGB5"", ""PTK2""]"	False	1.0	6	"[""CRKL"", ""FERMT2"", ""FURIN"", ""HSP90AB1"", ""ITGB5"", ""PTK2""]"	0	False		1.0
GO:BP	GO:0007169	cell surface receptor protein tyrosine kinase signaling pathway	False	1.0	1	"[""CRKL""]"	False	1.0	2	"[""CRKL"", ""PTK2""]"	False	1.0	3	"[""CRK"", ""CRKL"", ""PTK2""]"	0	False		1.0
GO:BP	GO:0007166	cell surface receptor signaling pathway	False	1.0	2	"[""CRKL"", ""WDR48""]"	False	1.0	6	"[""CRKL"", ""FURIN"", ""HSP90AB1"", ""ITGB5"", ""PTK2"", ""WDR48""]"	False	1.0	13	"[""CRK"", ""CRKL"", ""FERMT2"", ""FURIN"", ""HSP90AB1"", ""ITGAV"", ""ITGB5"", ""MGRN1"", ""NFKBIA"", ""PTK2"", ""RHOA"", ""TRAF2"", ""WDR48""]"	0	False		1.0
GO:BP	GO:0007259	cell surface receptor signaling pathway via JAK-STAT	False	1.0	1	"[""WDR48""]"	False	1.0	1	"[""WDR48""]"	False	1.0	1	"[""WDR48""]"	0	False		1.0
GO:BP	GO:0097696	cell surface receptor signaling pathway via STAT	False	1.0	1	"[""WDR48""]"	False	1.0	1	"[""WDR48""]"	False	1.0	1	"[""WDR48""]"	0	False		1.0
GO:BP	GO:0140895	cell surface toll-like receptor signaling pathway	False		0	[]	False		0	[]	False	1.0	1	"[""NFKBIA""]"	0	False		1.0
GO:BP	GO:0006884	cell volume homeostasis	False		0	[]	False		0	[]	False	1.0	1	"[""CCDC51""]"	0	False		1.0
GO:BP	GO:0098609	cell-cell adhesion	False	1.0	1	"[""BRD2""]"	False	1.0	4	"[""BRD2"", ""ITGB5"", ""PTK2"", ""VCL""]"	False	1.0	6	"[""BRD2"", ""ITGAV"", ""ITGB5"", ""PTK2"", ""RHOA"", ""VCL""]"	0	False		1.0
GO:BP	GO:0140253	cell-cell fusion	False		0	[]	False	1.0	1	"[""DOCK5""]"	False	1.0	1	"[""DOCK5""]"	0	False		1.0
GO:BP	GO:0007043	cell-cell junction assembly	False		0	[]	False	1.0	1	"[""VCL""]"	False	1.0	3	"[""RHOA"", ""VCL"", ""WDR1""]"	0	False		1.0
GO:BP	GO:0045217	cell-cell junction maintenance	False		0	[]	False		0	[]	False	1.0	1	"[""FERMT2""]"	0	False		1.0
GO:BP	GO:0045216	cell-cell junction organization	False		0	[]	False	1.0	1	"[""VCL""]"	False	1.0	4	"[""FERMT2"", ""RHOA"", ""VCL"", ""WDR1""]"	0	False		1.0
GO:BP	GO:0007267	cell-cell signaling	False	1.0	3	"[""CRKL"", ""KRAS"", ""SNAP23""]"	False	1.0	3	"[""CRKL"", ""KRAS"", ""SNAP23""]"	False	1.0	4	"[""CRKL"", ""KRAS"", ""SNAP23"", ""SV2A""]"	0	False		1.0
GO:BP	GO:0007160	cell-matrix adhesion	False		0	[]	False	1.0	3	"[""ITGB5"", ""PTK2"", ""VCL""]"	False	1.0	6	"[""FERMT2"", ""ITGAV"", ""ITGB5"", ""PTK2"", ""RHOA"", ""VCL""]"	0	False		1.0
GO:BP	GO:0031589	cell-substrate adhesion	False	1.0	1	"[""CRKL""]"	False	1.0	6	"[""CRKL"", ""DOCK5"", ""ITGB5"", ""PTK2"", ""VCL"", ""WASHC2C""]"	False	1.0	10	"[""CRK"", ""CRKL"", ""DOCK5"", ""FERMT2"", ""ITGAV"", ""ITGB5"", ""PTK2"", ""RHOA"", ""VCL"", ""WASHC2C""]"	0	False		1.0
GO:BP	GO:0007044	cell-substrate junction assembly	False		0	[]	False	1.0	2	"[""PTK2"", ""VCL""]"	False	1.0	4	"[""FERMT2"", ""PTK2"", ""RHOA"", ""VCL""]"	0	False		1.0
GO:BP	GO:0150115	cell-substrate junction organization	False		0	[]	False	1.0	2	"[""PTK2"", ""VCL""]"	False	1.0	4	"[""FERMT2"", ""PTK2"", ""RHOA"", ""VCL""]"	0	False		1.0
GO:BP	GO:0032989	cellular anatomical entity morphogenesis	False		0	[]	False		0	[]	False	1.0	1	"[""WDR1""]"	0	False		1.0
GO:BP	GO:0022607	cellular component assembly	False	1.0	8	"[""BRD2"", ""COX18"", ""CRKL"", ""DNM1L"", ""MLST8"", ""PSMG1"", ""SNAP23"", ""SNRPB2""]"	False	1.0	16	"[""BRD2"", ""COX18"", ""CRKL"", ""DNM1L"", ""DOCK5"", ""HSP90AB1"", ""ITGB5"", ""KIF4A"", ""LCMT1"", ""MLST8"", ""PSMG1"", ""PTK2"", ""SNAP23"", ""SNRPB2"", ""VCL"", ""WASHC2C""]"	False	1.0	31	"[""AIFM1"", ""BRD2"", ""CNOT1"", ""COX18"", ""CRK"", ""CRKL"", ""DNM1L"", ""DOCK5"", ""FERMT2"", ""FOXRED1"", ""HSP90AB1"", ""ITGB5"", ""KIF4A"", ""LCMT1"", ""MED24"", ""MGRN1"", ""MLST8"", ""MRPS2"", ""NDC1"", ""NDUFAF8"", ""PRKRA"", ""PSMG1"", ""PTK2"", ""RHOA"", ""SNAP23"", ""SNRPB2"", ""SV2A"", ""TRAF2"", ""VCL"", ""WASHC2C"", ""WDR1""]"	0	False		1.0
GO:BP	GO:0010927	cellular component assembly involved in morphogenesis	False		0	[]	False		0	[]	False	1.0	1	"[""WDR1""]"	0	False		1.0
GO:BP	GO:0044085	cellular component biogenesis	False	1.0	8	"[""BRD2"", ""COX18"", ""CRKL"", ""DNM1L"", ""MLST8"", ""PSMG1"", ""SNAP23"", ""SNRPB2""]"	False	1.0	17	"[""BRD2"", ""COX18"", ""CRKL"", ""DNM1L"", ""DOCK5"", ""HEATR3"", ""HSP90AB1"", ""ITGB5"", ""KIF4A"", ""LCMT1"", ""MLST8"", ""PSMG1"", ""PTK2"", ""SNAP23"", ""SNRPB2"", ""VCL"", ""WASHC2C""]"	False	1.0	32	"[""AIFM1"", ""BRD2"", ""CNOT1"", ""COX18"", ""CRK"", ""CRKL"", ""DNM1L"", ""DOCK5"", ""FERMT2"", ""FOXRED1"", ""HEATR3"", ""HSP90AB1"", ""ITGB5"", ""KIF4A"", ""LCMT1"", ""MED24"", ""MGRN1"", ""MLST8"", ""MRPS2"", ""NDC1"", ""NDUFAF8"", ""PRKRA"", ""PSMG1"", ""PTK2"", ""RHOA"", ""SNAP23"", ""SNRPB2"", ""SV2A"", ""TRAF2"", ""VCL"", ""WASHC2C"", ""WDR1""]"	0	False		1.0
GO:BP	GO:0022411	cellular component disassembly	False		0	[]	False	1.0	2	"[""FURIN"", ""WASHC2C""]"	False	1.0	5	"[""FURIN"", ""GCN1"", ""TRAF2"", ""WASHC2C"", ""WDR1""]"	0	False		1.0
GO:BP	GO:0043954	cellular component maintenance	False		0	[]	False		0	[]	False	1.0	1	"[""FERMT2""]"	0	False		1.0
GO:BP	GO:0016043	cellular component organization	False	1.0	12	"[""BRD2"", ""COX18"", ""CRKL"", ""DNM1L"", ""ENO1"", ""FIS1"", ""HNRNPA1"", ""KRAS"", ""MLST8"", ""PSMG1"", ""SNAP23"", ""SNRPB2""]"	False	1.0	26	"[""BRD2"", ""COX18"", ""CRKL"", ""DNM1L"", ""DOCK5"", ""EMC1"", ""EMC7"", ""ENO1"", ""FIS1"", ""FURIN"", ""G6PD"", ""HNRNPA1"", ""HSP90AB1"", ""ING3"", ""ITGB5"", ""KIF4A"", ""KRAS"", ""LCMT1"", ""MLST8"", ""PSMG1"", ""PTK2"", ""SERBP1"", ""SNAP23"", ""SNRPB2"", ""VCL"", ""WASHC2C""]"	False	1.0	50	"[""AIFM1"", ""BRAT1"", ""BRD2"", ""CCDC51"", ""CNOT1"", ""COX18"", ""CRK"", ""CRKL"", ""DERL2"", ""DNM1L"", ""DOCK5"", ""EMC1"", ""EMC7"", ""ENO1"", ""FERMT2"", ""FIS1"", ""FOXRED1"", ""FURIN"", ""G6PD"", ""GCN1"", ""HNRNPA1"", ""HSP90AB1"", ""ING3"", ""ITGAV"", ""ITGB5"", ""IWS1"", ""KIF4A"", ""KRAS"", ""LCMT1"", ""MED24"", ""MGRN1"", ""MLST8"", ""MRPS2"", ""NDC1"", ""NDUFAF8"", ""PRKRA"", ""PSMG1"", ""PTK2"", ""RCOR1"", ""RHOA"", ""RMI1"", ""SERBP1"", ""SETD2"", ""SNAP23"", ""SNRPB2"", ""SV2A"", ""TRAF2"", ""VCL"", ""WASHC2C"", ""WDR1""]"	0	False		1.0
GO:BP	GO:0071840	cellular component organization or biogenesis	False	1.0	12	"[""BRD2"", ""COX18"", ""CRKL"", ""DNM1L"", ""ENO1"", ""FIS1"", ""HNRNPA1"", ""KRAS"", ""MLST8"", ""PSMG1"", ""SNAP23"", ""SNRPB2""]"	False	1.0	27	"[""BRD2"", ""COX18"", ""CRKL"", ""DNM1L"", ""DOCK5"", ""EMC1"", ""EMC7"", ""ENO1"", ""FIS1"", ""FURIN"", ""G6PD"", ""HEATR3"", ""HNRNPA1"", ""HSP90AB1"", ""ING3"", ""ITGB5"", ""KIF4A"", ""KRAS"", ""LCMT1"", ""MLST8"", ""PSMG1"", ""PTK2"", ""SERBP1"", ""SNAP23"", ""SNRPB2"", ""VCL"", ""WASHC2C""]"	False	1.0	51	"[""AIFM1"", ""BRAT1"", ""BRD2"", ""CCDC51"", ""CNOT1"", ""COX18"", ""CRK"", ""CRKL"", ""DERL2"", ""DNM1L"", ""DOCK5"", ""EMC1"", ""EMC7"", ""ENO1"", ""FERMT2"", ""FIS1"", ""FOXRED1"", ""FURIN"", ""G6PD"", ""GCN1"", ""HEATR3"", ""HNRNPA1"", ""HSP90AB1"", ""ING3"", ""ITGAV"", ""ITGB5"", ""IWS1"", ""KIF4A"", ""KRAS"", ""LCMT1"", ""MED24"", ""MGRN1"", ""MLST8"", ""MRPS2"", ""NDC1"", ""NDUFAF8"", ""PRKRA"", ""PSMG1"", ""PTK2"", ""RCOR1"", ""RHOA"", ""RMI1"", ""SERBP1"", ""SETD2"", ""SNAP23"", ""SNRPB2"", ""SV2A"", ""TRAF2"", ""VCL"", ""WASHC2C"", ""WDR1""]"	0	False		1.0
GO:BP	GO:1990748	cellular detoxification	False	1.0	1	"[""UBIAD1""]"	False	1.0	1	"[""UBIAD1""]"	False	1.0	1	"[""UBIAD1""]"	0	False		1.0
GO:BP	GO:0048869	cellular developmental process	False	1.0	6	"[""ARL4A"", ""BRD2"", ""CRKL"", ""KRAS"", ""SYNCRIP"", ""UBA5""]"	False	1.0	13	"[""ARL4A"", ""BRD2"", ""CRKL"", ""DOCK5"", ""G6PD"", ""HEATR3"", ""HSP90AB1"", ""ITGB5"", ""KRAS"", ""PTK2"", ""SYNCRIP"", ""UBA5"", ""VCL""]"	False	1.0	26	"[""AIFM1"", ""ARL4A"", ""BRD2"", ""CNOT1"", ""CRK"", ""CRKL"", ""DOCK5"", ""FERMT2"", ""G6PD"", ""HEATR3"", ""HSP90AB1"", ""ITGAV"", ""ITGB5"", ""KRAS"", ""NFKBIA"", ""PRRC2A"", ""PTK2"", ""RCOR1"", ""RHOA"", ""SETD2"", ""SP3"", ""ST3GAL1"", ""SYNCRIP"", ""UBA5"", ""VCL"", ""WDR1""]"	0	False		1.0
GO:BP	GO:0045123	cellular extravasation	False	1.0	1	"[""CRKL""]"	False	1.0	1	"[""CRKL""]"	False	1.0	2	"[""CRK"", ""CRKL""]"	0	False		1.0
GO:BP	GO:0019725	cellular homeostasis	False		0	[]	False	1.0	1	"[""TRA2B""]"	False	1.0	3	"[""CCDC51"", ""SV2A"", ""TRA2B""]"	0	False		1.0
GO:BP	GO:0051641	cellular localization	False	1.0	6	"[""ARL4A"", ""COX18"", ""CRKL"", ""EFR3A"", ""HNRNPA1"", ""SNAP23""]"	False	1.0	13	"[""ARL4A"", ""COX18"", ""CRKL"", ""EFR3A"", ""EMC1"", ""EMC7"", ""HEATR3"", ""HNRNPA1"", ""KIF4A"", ""MON2"", ""SEC62"", ""SNAP23"", ""WASHC2C""]"	False	1.0	24	"[""ARL4A"", ""B3GAT3"", ""COX18"", ""CRK"", ""CRKL"", ""DERL2"", ""EFR3A"", ""EMC1"", ""EMC7"", ""FERMT2"", ""HEATR3"", ""HNRNPA1"", ""IWS1"", ""KIF4A"", ""MGRN1"", ""MON2"", ""NDC1"", ""NFKBIA"", ""NUP42"", ""SEC62"", ""SETD2"", ""SNAP23"", ""SV2A"", ""WASHC2C""]"	0	False		1.0
GO:BP	GO:0098869	cellular oxidant detoxification	False	1.0	1	"[""UBIAD1""]"	False	1.0	1	"[""UBIAD1""]"	False	1.0	1	"[""UBIAD1""]"	0	False		1.0
GO:BP	GO:0009987	cellular process	False	1.0	26	"[""ARL4A"", ""ATP5ME"", ""BRD2"", ""C3orf38"", ""COX18"", ""CRKL"", ""DNM1L"", ""EAF1"", ""EFR3A"", ""ENO1"", ""FDXR"", ""FIS1"", ""HNRNPA1"", ""KRAS"", ""MIPEP"", ""MLST8"", ""MRPS12"", ""MRPS6"", ""PSMG1"", ""SNAP23"", ""SNRPB2"", ""SYNCRIP"", ""UBA5"", ""UBIAD1"", ""WDR48"", ""ZNF217""]"	False	1.0	52	"[""ARL4A"", ""ATP5ME"", ""BRD2"", ""C3orf38"", ""COX18"", ""CRKL"", ""CYC1"", ""DNM1L"", ""DOCK5"", ""DOLK"", ""EAF1"", ""EFR3A"", ""EMC1"", ""EMC7"", ""ENO1"", ""FDXR"", ""FIS1"", ""FURIN"", ""G6PD"", ""HEATR3"", ""HNRNPA1"", ""HSP90AB1"", ""ING3"", ""ITGB5"", ""KIF4A"", ""KRAS"", ""LCMT1"", ""LTB4R"", ""MIPEP"", ""MLST8"", ""MON2"", ""MRPS12"", ""MRPS6"", ""PSMG1"", ""PTK2"", ""RNASEH2A"", ""SEC62"", ""SERBP1"", ""SLC25A26"", ""SLC35B2"", ""SNAP23"", ""SNRPB2"", ""SYNCRIP"", ""TARS2"", ""TGIF1"", ""TRA2B"", ""UBA5"", ""UBIAD1"", ""VCL"", ""WASHC2C"", ""WDR48"", ""ZNF217""]"	False	1.0	103	"[""ADSL"", ""AIFM1"", ""ALG8"", ""APEX2"", ""ARL4A"", ""ATP5ME"", ""B3GAT3"", ""BRAT1"", ""BRD2"", ""C3orf38"", ""CCAR1"", ""CCDC51"", ""CNOT1"", ""COX18"", ""CRK"", ""CRKL"", ""CTPS1"", ""CYC1"", ""DERL2"", ""DNM1L"", ""DOCK5"", ""DOLK"", ""DPH5"", ""EAF1"", ""EFR3A"", ""EMC1"", ""EMC7"", ""ENO1"", ""FDXR"", ""FERMT2"", ""FIS1"", ""FOXO3B"", ""FOXRED1"", ""FURIN"", ""G6PD"", ""GCN1"", ""GPI"", ""HEATR3"", ""HNRNPA1"", ""HSP90AB1"", ""HSPA13"", ""ING3"", ""ITGAV"", ""ITGB5"", ""IWS1"", ""KIF4A"", ""KRAS"", ""LCMT1"", ""LTB4R"", ""MED24"", ""MGRN1"", ""MIPEP"", ""MLST8"", ""MON2"", ""MRPL53"", ""MRPS12"", ""MRPS2"", ""MRPS6"", ""MTFMT"", ""NACC1"", ""NDC1"", ""NDUFAF8"", ""NFKBIA"", ""NUP42"", ""PIGL"", ""PRKRA"", ""PRRC2A"", ""PSMG1"", ""PTK2"", ""RAB15"", ""RBM10"", ""RBM12"", ""RCOR1"", ""RHOA"", ""RMI1"", ""RNASEH2A"", ""RNASEH2C"", ""SEC62"", ""SERBP1"", ""SETD2"", ""SLC25A26"", ""SLC35B2"", ""SNAP23"", ""SNRPB2"", ""SP3"", ""ST3GAL1"", ""SV2A"", ""SYNCRIP"", ""TARS2"", ""TGIF1"", ""TNS3"", ""TRA2B"", ""TRAF2"", ""UBA5"", ""UBIAD1"", ""VCL"", ""WASHC2C"", ""WDR1"", ""WDR48"", ""WDR83"", ""YPEL5"", ""ZNF217"", ""ZNF687""]"	0	False		1.0
GO:BP	GO:0045333	cellular respiration	False	1.0	3	"[""ATP5ME"", ""ENO1"", ""MLST8""]"	False	1.0	4	"[""ATP5ME"", ""CYC1"", ""ENO1"", ""MLST8""]"	False	1.0	7	"[""ADSL"", ""ATP5ME"", ""CYC1"", ""ENO1"", ""GPI"", ""MLST8"", ""RHOA""]"	0	False		1.0
GO:BP	GO:0071214	cellular response to abiotic stimulus	False	1.0	1	"[""MLST8""]"	False	1.0	1	"[""MLST8""]"	False	1.0	1	"[""MLST8""]"	0	False		1.0
GO:BP	GO:1905145	cellular response to acetylcholine	False	1.0	1	"[""CRKL""]"	False	1.0	1	"[""CRKL""]"	False	1.0	1	"[""CRKL""]"	0	False		1.0
GO:BP	GO:0097306	cellular response to alcohol	False		0	[]	False		0	[]	False	1.0	1	"[""AIFM1""]"	0	False		1.0
GO:BP	GO:0110096	cellular response to aldehyde	False		0	[]	False		0	[]	False	1.0	1	"[""AIFM1""]"	0	False		1.0
GO:BP	GO:1904045	cellular response to aldosterone	False		0	[]	False		0	[]	False	1.0	1	"[""AIFM1""]"	0	False		1.0
GO:BP	GO:0034198	cellular response to amino acid starvation	False		0	[]	False		0	[]	False	1.0	1	"[""GCN1""]"	0	False		1.0
GO:BP	GO:0071243	cellular response to arsenic-containing substance	False	1.0	1	"[""HNRNPA1""]"	False	1.0	1	"[""HNRNPA1""]"	False	1.0	1	"[""HNRNPA1""]"	0	False		1.0
GO:BP	GO:0071216	cellular response to biotic stimulus	False		0	[]	False		0	[]	False	1.0	2	"[""NFKBIA"", ""RHOA""]"	0	False		1.0
GO:BP	GO:0071322	cellular response to carbohydrate stimulus	False		0	[]	False	1.0	1	"[""TRA2B""]"	False	1.0	1	"[""TRA2B""]"	0	False		1.0
GO:BP	GO:0070887	cellular response to chemical stimulus	False	1.0	7	"[""CRKL"", ""DNM1L"", ""ENO1"", ""HNRNPA1"", ""MLST8"", ""UBA5"", ""UBIAD1""]"	False	1.0	10	"[""CRKL"", ""DNM1L"", ""ENO1"", ""G6PD"", ""HNRNPA1"", ""MLST8"", ""PTK2"", ""TRA2B"", ""UBA5"", ""UBIAD1""]"	False	1.0	17	"[""AIFM1"", ""CNOT1"", ""CRK"", ""CRKL"", ""DNM1L"", ""ENO1"", ""G6PD"", ""HNRNPA1"", ""MLST8"", ""NFKBIA"", ""PRKRA"", ""PTK2"", ""RHOA"", ""TRA2B"", ""TRAF2"", ""UBA5"", ""UBIAD1""]"	0	False		1.0
GO:BP	GO:0062197	cellular response to chemical stress	False	1.0	1	"[""MLST8""]"	False	1.0	2	"[""G6PD"", ""MLST8""]"	False	1.0	4	"[""AIFM1"", ""G6PD"", ""MLST8"", ""PRKRA""]"	0	False		1.0
GO:BP	GO:1990869	cellular response to chemokine	False		0	[]	False		0	[]	False	1.0	1	"[""RHOA""]"	0	False		1.0
GO:BP	GO:0070417	cellular response to cold	False		0	[]	False		0	[]	False	1.0	1	"[""NFKBIA""]"	0	False		1.0
GO:BP	GO:0071384	cellular response to corticosteroid stimulus	False		0	[]	False		0	[]	False	1.0	1	"[""AIFM1""]"	0	False		1.0
GO:BP	GO:0071345	cellular response to cytokine stimulus	False	1.0	2	"[""CRKL"", ""SYNCRIP""]"	False	1.0	3	"[""CRKL"", ""HSP90AB1"", ""SYNCRIP""]"	False	1.0	6	"[""CRKL"", ""HSP90AB1"", ""NFKBIA"", ""RHOA"", ""SYNCRIP"", ""TRAF2""]"	0	False		1.0
GO:BP	GO:0036294	cellular response to decreased oxygen levels	False	1.0	2	"[""ENO1"", ""MLST8""]"	False	1.0	2	"[""ENO1"", ""MLST8""]"	False	1.0	3	"[""AIFM1"", ""ENO1"", ""MLST8""]"	0	False		1.0
GO:BP	GO:0071495	cellular response to endogenous stimulus	False	1.0	2	"[""CRKL"", ""UBA5""]"	False	1.0	7	"[""CRKL"", ""FURIN"", ""HSP90AB1"", ""ITGB5"", ""PTK2"", ""TGIF1"", ""UBA5""]"	False	1.0	12	"[""AIFM1"", ""CNOT1"", ""CRK"", ""CRKL"", ""FERMT2"", ""FURIN"", ""HSP90AB1"", ""ITGB5"", ""PTK2"", ""RHOA"", ""TGIF1"", ""UBA5""]"	0	False		1.0
GO:BP	GO:1990859	cellular response to endothelin	False		0	[]	False		0	[]	False	1.0	1	"[""CRK""]"	0	False		1.0
GO:BP	GO:0104004	cellular response to environmental stimulus	False	1.0	1	"[""MLST8""]"	False	1.0	1	"[""MLST8""]"	False	1.0	1	"[""MLST8""]"	0	False		1.0
GO:BP	GO:0071392	cellular response to estradiol stimulus	False		0	[]	False		0	[]	False	1.0	1	"[""AIFM1""]"	0	False		1.0
GO:BP	GO:0044344	cellular response to fibroblast growth factor stimulus	False	1.0	1	"[""CRKL""]"	False	1.0	1	"[""CRKL""]"	False	1.0	1	"[""CRKL""]"	0	False		1.0
GO:BP	GO:0071498	cellular response to fluid shear stress	False		0	[]	False	1.0	1	"[""PTK2""]"	False	1.0	1	"[""PTK2""]"	0	False		1.0
GO:BP	GO:0042149	cellular response to glucose starvation	False	1.0	1	"[""HNRNPA1""]"	False	1.0	1	"[""HNRNPA1""]"	False	1.0	1	"[""HNRNPA1""]"	0	False		1.0
GO:BP	GO:0071333	cellular response to glucose stimulus	False		0	[]	False	1.0	1	"[""TRA2B""]"	False	1.0	1	"[""TRA2B""]"	0	False		1.0
GO:BP	GO:0071363	cellular response to growth factor stimulus	False	1.0	1	"[""CRKL""]"	False	1.0	6	"[""CRKL"", ""FURIN"", ""HSP90AB1"", ""ITGB5"", ""PTK2"", ""TGIF1""]"	False	1.0	8	"[""CRK"", ""CRKL"", ""FERMT2"", ""FURIN"", ""HSP90AB1"", ""ITGB5"", ""PTK2"", ""TGIF1""]"	0	False		1.0
GO:BP	GO:0071378	cellular response to growth hormone stimulus	False		0	[]	False	1.0	1	"[""PTK2""]"	False	1.0	1	"[""PTK2""]"	0	False		1.0
GO:BP	GO:0034605	cellular response to heat	False		0	[]	False	1.0	1	"[""HSP90AB1""]"	False	1.0	1	"[""HSP90AB1""]"	0	False		1.0
GO:BP	GO:0071331	cellular response to hexose stimulus	False		0	[]	False	1.0	1	"[""TRA2B""]"	False	1.0	1	"[""TRA2B""]"	0	False		1.0
GO:BP	GO:0032870	cellular response to hormone stimulus	False	1.0	2	"[""CRKL"", ""UBA5""]"	False	1.0	3	"[""CRKL"", ""PTK2"", ""UBA5""]"	False	1.0	7	"[""AIFM1"", ""CNOT1"", ""CRK"", ""CRKL"", ""PTK2"", ""RHOA"", ""UBA5""]"	0	False		1.0
GO:BP	GO:0070301	cellular response to hydrogen peroxide	False		0	[]	False		0	[]	False	1.0	1	"[""AIFM1""]"	0	False		1.0
GO:BP	GO:0071456	cellular response to hypoxia	False	1.0	2	"[""ENO1"", ""MLST8""]"	False	1.0	2	"[""ENO1"", ""MLST8""]"	False	1.0	3	"[""AIFM1"", ""ENO1"", ""MLST8""]"	0	False		1.0
GO:BP	GO:1990314	cellular response to insulin-like growth factor stimulus	False		0	[]	False		0	[]	False	1.0	1	"[""CRK""]"	0	False		1.0
GO:BP	GO:0071347	cellular response to interleukin-1	False		0	[]	False		0	[]	False	1.0	1	"[""NFKBIA""]"	0	False		1.0
GO:BP	GO:0097398	cellular response to interleukin-17	False		0	[]	False		0	[]	False	1.0	1	"[""TRAF2""]"	0	False		1.0
GO:BP	GO:0071353	cellular response to interleukin-4	False		0	[]	False	1.0	1	"[""HSP90AB1""]"	False	1.0	1	"[""HSP90AB1""]"	0	False		1.0
GO:BP	GO:0098761	cellular response to interleukin-7	False	1.0	1	"[""CRKL""]"	False	1.0	1	"[""CRKL""]"	False	1.0	1	"[""CRKL""]"	0	False		1.0
GO:BP	GO:1901655	cellular response to ketone	False		0	[]	False		0	[]	False	1.0	1	"[""AIFM1""]"	0	False		1.0
GO:BP	GO:0071396	cellular response to lipid	False	1.0	1	"[""UBA5""]"	False	1.0	1	"[""UBA5""]"	False	1.0	5	"[""AIFM1"", ""CNOT1"", ""NFKBIA"", ""RHOA"", ""UBA5""]"	0	False		1.0
GO:BP	GO:0071222	cellular response to lipopolysaccharide	False		0	[]	False		0	[]	False	1.0	2	"[""NFKBIA"", ""RHOA""]"	0	False		1.0
GO:BP	GO:0071389	cellular response to mineralocorticoid stimulus	False		0	[]	False		0	[]	False	1.0	1	"[""AIFM1""]"	0	False		1.0
GO:BP	GO:0071219	cellular response to molecule of bacterial origin	False		0	[]	False		0	[]	False	1.0	2	"[""NFKBIA"", ""RHOA""]"	0	False		1.0
GO:BP	GO:0071326	cellular response to monosaccharide stimulus	False		0	[]	False	1.0	1	"[""TRA2B""]"	False	1.0	1	"[""TRA2B""]"	0	False		1.0
GO:BP	GO:1990090	cellular response to nerve growth factor stimulus	False		0	[]	False		0	[]	False	1.0	1	"[""CRK""]"	0	False		1.0
GO:BP	GO:0071732	cellular response to nitric oxide	False		0	[]	False		0	[]	False	1.0	3	"[""AIFM1"", ""CRK"", ""TRAF2""]"	0	False		1.0
GO:BP	GO:1901699	cellular response to nitrogen compound	False	1.0	1	"[""CRKL""]"	False	1.0	2	"[""CRKL"", ""PTK2""]"	False	1.0	5	"[""AIFM1"", ""CRK"", ""CRKL"", ""PTK2"", ""TRAF2""]"	0	False		1.0
GO:BP	GO:0031669	cellular response to nutrient levels	False	1.0	2	"[""HNRNPA1"", ""MLST8""]"	False	1.0	2	"[""HNRNPA1"", ""MLST8""]"	False	1.0	3	"[""GCN1"", ""HNRNPA1"", ""MLST8""]"	0	False		1.0
GO:BP	GO:0097704	cellular response to oscillatory fluid shear stress	False		0	[]	False	1.0	1	"[""PTK2""]"	False	1.0	1	"[""PTK2""]"	0	False		1.0
GO:BP	GO:0071470	cellular response to osmotic stress	False	1.0	1	"[""MLST8""]"	False	1.0	1	"[""MLST8""]"	False	1.0	1	"[""MLST8""]"	0	False		1.0
GO:BP	GO:0034599	cellular response to oxidative stress	False		0	[]	False	1.0	1	"[""G6PD""]"	False	1.0	3	"[""AIFM1"", ""G6PD"", ""PRKRA""]"	0	False		1.0
GO:BP	GO:0071453	cellular response to oxygen levels	False	1.0	2	"[""ENO1"", ""MLST8""]"	False	1.0	2	"[""ENO1"", ""MLST8""]"	False	1.0	3	"[""AIFM1"", ""ENO1"", ""MLST8""]"	0	False		1.0
GO:BP	GO:1901701	cellular response to oxygen-containing compound	False	1.0	1	"[""CRKL""]"	False	1.0	3	"[""CRKL"", ""PTK2"", ""TRA2B""]"	False	1.0	8	"[""AIFM1"", ""CRK"", ""CRKL"", ""NFKBIA"", ""PTK2"", ""RHOA"", ""TRA2B"", ""TRAF2""]"	0	False		1.0
GO:BP	GO:0071375	cellular response to peptide hormone stimulus	False		0	[]	False	1.0	1	"[""PTK2""]"	False	1.0	2	"[""CRK"", ""PTK2""]"	0	False		1.0
GO:BP	GO:1902170	cellular response to reactive nitrogen species	False		0	[]	False		0	[]	False	1.0	3	"[""AIFM1"", ""CRK"", ""TRAF2""]"	0	False		1.0
GO:BP	GO:0034614	cellular response to reactive oxygen species	False		0	[]	False		0	[]	False	1.0	1	"[""AIFM1""]"	0	False		1.0
GO:BP	GO:1902075	cellular response to salt	False	1.0	1	"[""HNRNPA1""]"	False	1.0	1	"[""HNRNPA1""]"	False	1.0	1	"[""HNRNPA1""]"	0	False		1.0
GO:BP	GO:1903936	cellular response to sodium arsenite	False	1.0	1	"[""HNRNPA1""]"	False	1.0	1	"[""HNRNPA1""]"	False	1.0	1	"[""HNRNPA1""]"	0	False		1.0
GO:BP	GO:0009267	cellular response to starvation	False	1.0	1	"[""HNRNPA1""]"	False	1.0	1	"[""HNRNPA1""]"	False	1.0	2	"[""GCN1"", ""HNRNPA1""]"	0	False		1.0
GO:BP	GO:0071383	cellular response to steroid hormone stimulus	False	1.0	1	"[""UBA5""]"	False	1.0	1	"[""UBA5""]"	False	1.0	4	"[""AIFM1"", ""CNOT1"", ""RHOA"", ""UBA5""]"	0	False		1.0
GO:BP	GO:0051716	cellular response to stimulus	False	1.0	10	"[""CRKL"", ""DNM1L"", ""ENO1"", ""FIS1"", ""HNRNPA1"", ""KRAS"", ""MLST8"", ""UBA5"", ""UBIAD1"", ""WDR48""]"	False	1.0	22	"[""CRKL"", ""DNM1L"", ""DOCK5"", ""ENO1"", ""FIS1"", ""FURIN"", ""G6PD"", ""HNRNPA1"", ""HSP90AB1"", ""ING3"", ""ITGB5"", ""KRAS"", ""LCMT1"", ""LTB4R"", ""MLST8"", ""PTK2"", ""RNASEH2A"", ""SLC35B2"", ""TRA2B"", ""UBA5"", ""UBIAD1"", ""WDR48""]"	False	1.0	43	"[""AIFM1"", ""APEX2"", ""BRAT1"", ""CNOT1"", ""CRK"", ""CRKL"", ""DERL2"", ""DNM1L"", ""DOCK5"", ""ENO1"", ""FERMT2"", ""FIS1"", ""FURIN"", ""G6PD"", ""GCN1"", ""GPI"", ""HNRNPA1"", ""HSP90AB1"", ""ING3"", ""ITGAV"", ""ITGB5"", ""KRAS"", ""LCMT1"", ""LTB4R"", ""MGRN1"", ""MLST8"", ""NFKBIA"", ""PRKRA"", ""PTK2"", ""RAB15"", ""RHOA"", ""RMI1"", ""RNASEH2A"", ""RNASEH2C"", ""SETD2"", ""SLC35B2"", ""TNS3"", ""TRA2B"", ""TRAF2"", ""UBA5"", ""UBIAD1"", ""WDR48"", ""WDR83""]"	0	False		1.0
GO:BP	GO:0033554	cellular response to stress	False	1.0	5	"[""ENO1"", ""HNRNPA1"", ""MLST8"", ""UBA5"", ""WDR48""]"	False	1.0	10	"[""ENO1"", ""G6PD"", ""HNRNPA1"", ""HSP90AB1"", ""ING3"", ""MLST8"", ""PTK2"", ""RNASEH2A"", ""UBA5"", ""WDR48""]"	False	1.0	21	"[""AIFM1"", ""APEX2"", ""BRAT1"", ""DERL2"", ""ENO1"", ""G6PD"", ""GCN1"", ""HNRNPA1"", ""HSP90AB1"", ""ING3"", ""MLST8"", ""NFKBIA"", ""PRKRA"", ""PTK2"", ""RMI1"", ""RNASEH2A"", ""RNASEH2C"", ""SETD2"", ""TRAF2"", ""UBA5"", ""WDR48""]"	0	False		1.0
GO:BP	GO:0035967	cellular response to topologically incorrect protein	False		0	[]	False		0	[]	False	1.0	1	"[""DERL2""]"	0	False		1.0
GO:BP	GO:0097237	cellular response to toxic substance	False	1.0	1	"[""UBIAD1""]"	False	1.0	1	"[""UBIAD1""]"	False	1.0	1	"[""UBIAD1""]"	0	False		1.0
GO:BP	GO:0071560	cellular response to transforming growth factor beta stimulus	False	1.0	1	"[""CRKL""]"	False	1.0	5	"[""CRKL"", ""FURIN"", ""HSP90AB1"", ""ITGB5"", ""PTK2""]"	False	1.0	7	"[""CRK"", ""CRKL"", ""FERMT2"", ""FURIN"", ""HSP90AB1"", ""ITGB5"", ""PTK2""]"	0	False		1.0
GO:BP	GO:0071356	cellular response to tumor necrosis factor	False		0	[]	False		0	[]	False	1.0	2	"[""NFKBIA"", ""TRAF2""]"	0	False		1.0
GO:BP	GO:0071346	cellular response to type II interferon	False	1.0	1	"[""SYNCRIP""]"	False	1.0	1	"[""SYNCRIP""]"	False	1.0	1	"[""SYNCRIP""]"	0	False		1.0
GO:BP	GO:0034620	cellular response to unfolded protein	False		0	[]	False		0	[]	False	1.0	1	"[""DERL2""]"	0	False		1.0
GO:BP	GO:0071466	cellular response to xenobiotic stimulus	False	1.0	1	"[""CRKL""]"	False	1.0	1	"[""CRKL""]"	False	1.0	1	"[""CRKL""]"	0	False		1.0
GO:BP	GO:0007417	central nervous system development	False	1.0	3	"[""CRKL"", ""KRAS"", ""PSMG1""]"	False	1.0	5	"[""CRKL"", ""G6PD"", ""KRAS"", ""PSMG1"", ""TRA2B""]"	False	1.0	8	"[""CRK"", ""CRKL"", ""G6PD"", ""KRAS"", ""PSMG1"", ""RHOA"", ""TRA2B"", ""WDR1""]"	0	False		1.0
GO:BP	GO:0021954	central nervous system neuron development	False	1.0	1	"[""CRKL""]"	False	1.0	1	"[""CRKL""]"	False	1.0	2	"[""CRK"", ""CRKL""]"	0	False		1.0
GO:BP	GO:0021953	central nervous system neuron differentiation	False	1.0	1	"[""CRKL""]"	False	1.0	1	"[""CRKL""]"	False	1.0	2	"[""CRK"", ""CRKL""]"	0	False		1.0
GO:BP	GO:0021930	cerebellar granule cell precursor proliferation	False	1.0	1	"[""PSMG1""]"	False	1.0	1	"[""PSMG1""]"	False	1.0	1	"[""PSMG1""]"	0	False		1.0
GO:BP	GO:0098749	cerebellar neuron development	False	1.0	1	"[""CRKL""]"	False	1.0	1	"[""CRKL""]"	False	1.0	2	"[""CRK"", ""CRKL""]"	0	False		1.0
GO:BP	GO:0021549	cerebellum development	False	1.0	1	"[""CRKL""]"	False	1.0	1	"[""CRKL""]"	False	1.0	2	"[""CRK"", ""CRKL""]"	0	False		1.0
GO:BP	GO:0021795	cerebral cortex cell migration	False		0	[]	False		0	[]	False	1.0	1	"[""RHOA""]"	0	False		1.0
GO:BP	GO:0021987	cerebral cortex development	False	1.0	1	"[""CRKL""]"	False	1.0	2	"[""CRKL"", ""TRA2B""]"	False	1.0	4	"[""CRK"", ""CRKL"", ""RHOA"", ""TRA2B""]"	0	False		1.0
GO:BP	GO:0021796	cerebral cortex regionalization	False		0	[]	False	1.0	1	"[""TRA2B""]"	False	1.0	1	"[""TRA2B""]"	0	False		1.0
GO:BP	GO:0051131	chaperone-mediated protein complex assembly	False	1.0	1	"[""PSMG1""]"	False	1.0	2	"[""HSP90AB1"", ""PSMG1""]"	False	1.0	2	"[""HSP90AB1"", ""PSMG1""]"	0	False		1.0
GO:BP	GO:0019988	charged-tRNA amino acid modification	False		0	[]	False		0	[]	False	1.0	1	"[""MTFMT""]"	0	False		1.0
GO:BP	GO:0048878	chemical homeostasis	False		0	[]	False	1.0	1	"[""TRA2B""]"	False	1.0	4	"[""GPI"", ""RMI1"", ""SV2A"", ""TRA2B""]"	0	False		1.0
GO:BP	GO:0007268	chemical synaptic transmission	False	1.0	2	"[""KRAS"", ""SNAP23""]"	False	1.0	2	"[""KRAS"", ""SNAP23""]"	False	1.0	3	"[""KRAS"", ""SNAP23"", ""SV2A""]"	0	False		1.0
GO:BP	GO:0006935	chemotaxis	False	1.0	2	"[""CRKL"", ""DNM1L""]"	False	1.0	3	"[""CRKL"", ""DNM1L"", ""PTK2""]"	False	1.0	6	"[""CRK"", ""CRKL"", ""DNM1L"", ""ITGAV"", ""PTK2"", ""RHOA""]"	0	False		1.0
GO:BP	GO:0006695	cholesterol biosynthetic process	False		0	[]	False	1.0	1	"[""G6PD""]"	False	1.0	1	"[""G6PD""]"	0	False		1.0
GO:BP	GO:0008203	cholesterol metabolic process	False	1.0	1	"[""FDXR""]"	False	1.0	2	"[""FDXR"", ""G6PD""]"	False	1.0	2	"[""FDXR"", ""G6PD""]"	0	False		1.0
GO:BP	GO:0030301	cholesterol transport	False		0	[]	False	1.0	1	"[""FURIN""]"	False	1.0	2	"[""FURIN"", ""NFKBIA""]"	0	False		1.0
GO:BP	GO:0050650	chondroitin sulfate proteoglycan biosynthetic process	False		0	[]	False		0	[]	False	1.0	1	"[""B3GAT3""]"	0	False		1.0
GO:BP	GO:0050654	chondroitin sulfate proteoglycan metabolic process	False		0	[]	False		0	[]	False	1.0	1	"[""B3GAT3""]"	0	False		1.0
GO:BP	GO:0043009	chordate embryonic development	False	1.0	1	"[""BRD2""]"	False	1.0	2	"[""BRD2"", ""FURIN""]"	False	1.0	6	"[""BRD2"", ""CNOT1"", ""FURIN"", ""GPI"", ""SP3"", ""WDR83""]"	0	False		1.0
GO:BP	GO:0160093	chordate pharynx development	False	1.0	1	"[""CRKL""]"	False	1.0	1	"[""CRKL""]"	False	1.0	1	"[""CRKL""]"	0	False		1.0
GO:BP	GO:0140588	chromatin looping	False	1.0	1	"[""BRD2""]"	False	1.0	1	"[""BRD2""]"	False	1.0	1	"[""BRD2""]"	0	False		1.0
GO:BP	GO:0006325	chromatin organization	False	1.0	1	"[""BRD2""]"	False	1.0	2	"[""BRD2"", ""ING3""]"	False	1.0	5	"[""BRD2"", ""ING3"", ""IWS1"", ""RCOR1"", ""SETD2""]"	0	False		1.0
GO:BP	GO:0006338	chromatin remodeling	False	1.0	1	"[""BRD2""]"	False	1.0	2	"[""BRD2"", ""ING3""]"	False	1.0	4	"[""BRD2"", ""ING3"", ""IWS1"", ""SETD2""]"	0	False		1.0
GO:BP	GO:0141166	chromosomal 5-methylcytosine DNA demethylation pathway	False	1.0	1	"[""SYNCRIP""]"	False	1.0	1	"[""SYNCRIP""]"	False	1.0	1	"[""SYNCRIP""]"	0	False		1.0
GO:BP	GO:0051276	chromosome organization	False	1.0	1	"[""HNRNPA1""]"	False	1.0	4	"[""HNRNPA1"", ""HSP90AB1"", ""KIF4A"", ""LCMT1""]"	False	1.0	6	"[""HNRNPA1"", ""HSP90AB1"", ""KIF4A"", ""LCMT1"", ""NDC1"", ""RHOA""]"	0	False		1.0
GO:BP	GO:0070192	chromosome organization involved in meiotic cell cycle	False		0	[]	False		0	[]	False	1.0	1	"[""NDC1""]"	0	False		1.0
GO:BP	GO:0007059	chromosome segregation	False		0	[]	False	1.0	2	"[""KIF4A"", ""LCMT1""]"	False	1.0	4	"[""KIF4A"", ""LCMT1"", ""NDC1"", ""RHOA""]"	0	False		1.0
GO:BP	GO:0051304	chromosome separation	False		0	[]	False	1.0	1	"[""LCMT1""]"	False	1.0	1	"[""LCMT1""]"	0	False		1.0
GO:BP	GO:0072359	circulatory system development	False	1.0	1	"[""CRKL""]"	False	1.0	3	"[""CRKL"", ""G6PD"", ""PTK2""]"	False	1.0	7	"[""CRKL"", ""G6PD"", ""ITGAV"", ""MGRN1"", ""PTK2"", ""RHOA"", ""WDR83""]"	0	False		1.0
GO:BP	GO:0003013	circulatory system process	False	1.0	1	"[""DNM1L""]"	False	1.0	2	"[""DNM1L"", ""DOCK5""]"	False	1.0	4	"[""DNM1L"", ""DOCK5"", ""FERMT2"", ""RHOA""]"	0	False		1.0
GO:BP	GO:0036089	cleavage furrow formation	False		0	[]	False		0	[]	False	1.0	1	"[""RHOA""]"	0	False		1.0
GO:BP	GO:0050817	coagulation	False		0	[]	False	1.0	1	"[""VCL""]"	False	1.0	1	"[""VCL""]"	0	False		1.0
GO:BP	GO:0050890	cognition	False	1.0	1	"[""KRAS""]"	False	1.0	1	"[""KRAS""]"	False	1.0	2	"[""GPI"", ""KRAS""]"	0	False		1.0
GO:BP	GO:0030574	collagen catabolic process	False		0	[]	False	1.0	1	"[""FURIN""]"	False	1.0	1	"[""FURIN""]"	0	False		1.0
GO:BP	GO:0032963	collagen metabolic process	False		0	[]	False	1.0	1	"[""FURIN""]"	False	1.0	1	"[""FURIN""]"	0	False		1.0
GO:BP	GO:0030038	contractile actin filament bundle assembly	False		0	[]	False	1.0	1	"[""ITGB5""]"	False	1.0	3	"[""FERMT2"", ""ITGB5"", ""RHOA""]"	0	False		1.0
GO:BP	GO:0071951	conversion of methionyl-tRNA to N-formyl-methionyl-tRNA	False		0	[]	False		0	[]	False	1.0	1	"[""MTFMT""]"	0	False		1.0
GO:BP	GO:0030865	cortical cytoskeleton organization	False		0	[]	False		0	[]	False	1.0	1	"[""WDR1""]"	0	False		1.0
GO:BP	GO:0006613	cotranslational protein targeting to membrane	False		0	[]	False	1.0	1	"[""SEC62""]"	False	1.0	1	"[""SEC62""]"	0	False		1.0
GO:BP	GO:1904888	cranial skeletal system development	False	1.0	1	"[""CRKL""]"	False	1.0	1	"[""CRKL""]"	False	1.0	1	"[""CRKL""]"	0	False		1.0
GO:BP	GO:0017004	cytochrome complex assembly	False	1.0	1	"[""COX18""]"	False	1.0	1	"[""COX18""]"	False	1.0	1	"[""COX18""]"	0	False		1.0
GO:BP	GO:0140447	cytokine precursor processing	False		0	[]	False	1.0	1	"[""FURIN""]"	False	1.0	1	"[""FURIN""]"	0	False		1.0
GO:BP	GO:0001816	cytokine production	False	1.0	1	"[""UBA5""]"	False	1.0	2	"[""FURIN"", ""UBA5""]"	False	1.0	6	"[""FURIN"", ""ITGAV"", ""NFKBIA"", ""SETD2"", ""TRAF2"", ""UBA5""]"	0	False		1.0
GO:BP	GO:0002367	cytokine production involved in immune response	False		0	[]	False		0	[]	False	1.0	1	"[""TRAF2""]"	0	False		1.0
GO:BP	GO:0002534	cytokine production involved in inflammatory response	False		0	[]	False		0	[]	False	1.0	1	"[""NFKBIA""]"	0	False		1.0
GO:BP	GO:0019221	cytokine-mediated signaling pathway	False		0	[]	False		0	[]	False	1.0	2	"[""NFKBIA"", ""TRAF2""]"	0	False		1.0
GO:BP	GO:0000910	cytokinesis	False		0	[]	False	1.0	1	"[""KIF4A""]"	False	1.0	3	"[""KIF4A"", ""RHOA"", ""SETD2""]"	0	False		1.0
GO:BP	GO:0032506	cytokinetic process	False		0	[]	False		0	[]	False	1.0	1	"[""RHOA""]"	0	False		1.0
GO:BP	GO:0031122	cytoplasmic microtubule organization	False		0	[]	False		0	[]	False	1.0	1	"[""RHOA""]"	0	False		1.0
GO:BP	GO:0002753	cytoplasmic pattern recognition receptor signaling pathway	False		0	[]	False		0	[]	False	1.0	1	"[""NFKBIA""]"	0	False		1.0
GO:BP	GO:0002181	cytoplasmic translation	False	1.0	1	"[""SYNCRIP""]"	False	1.0	1	"[""SYNCRIP""]"	False	1.0	2	"[""GCN1"", ""SYNCRIP""]"	0	False		1.0
GO:BP	GO:0002182	cytoplasmic translational elongation	False		0	[]	False		0	[]	False	1.0	1	"[""GCN1""]"	0	False		1.0
GO:BP	GO:0007010	cytoskeleton organization	False	1.0	2	"[""KRAS"", ""MLST8""]"	False	1.0	6	"[""ITGB5"", ""KIF4A"", ""KRAS"", ""MLST8"", ""PTK2"", ""WASHC2C""]"	False	1.0	11	"[""CRK"", ""FERMT2"", ""ITGB5"", ""KIF4A"", ""KRAS"", ""MLST8"", ""PTK2"", ""RHOA"", ""SETD2"", ""WASHC2C"", ""WDR1""]"	0	False		1.0
GO:BP	GO:0061640	cytoskeleton-dependent cytokinesis	False		0	[]	False	1.0	1	"[""KIF4A""]"	False	1.0	2	"[""KIF4A"", ""RHOA""]"	0	False		1.0
GO:BP	GO:0030705	cytoskeleton-dependent intracellular transport	False		0	[]	False	1.0	1	"[""KIF4A""]"	False	1.0	1	"[""KIF4A""]"	0	False		1.0
GO:BP	GO:0016482	cytosolic transport	False		0	[]	False	1.0	2	"[""MON2"", ""WASHC2C""]"	False	1.0	2	"[""MON2"", ""WASHC2C""]"	0	False		1.0
GO:BP	GO:0006952	defense response	False	1.0	2	"[""SNAP23"", ""SYNCRIP""]"	False	1.0	4	"[""FURIN"", ""LTB4R"", ""SNAP23"", ""SYNCRIP""]"	False	1.0	10	"[""CRK"", ""FURIN"", ""LTB4R"", ""NFKBIA"", ""PRKRA"", ""SETD2"", ""SNAP23"", ""SYNCRIP"", ""TRAF2"", ""WDR83""]"	0	False		1.0
GO:BP	GO:0098542	defense response to other organism	False	1.0	1	"[""SYNCRIP""]"	False	1.0	1	"[""SYNCRIP""]"	False	1.0	6	"[""CRK"", ""NFKBIA"", ""PRKRA"", ""SETD2"", ""SYNCRIP"", ""TRAF2""]"	0	False		1.0
GO:BP	GO:0140546	defense response to symbiont	False	1.0	1	"[""SYNCRIP""]"	False	1.0	1	"[""SYNCRIP""]"	False	1.0	6	"[""CRK"", ""NFKBIA"", ""PRKRA"", ""SETD2"", ""SYNCRIP"", ""TRAF2""]"	0	False		1.0
GO:BP	GO:0051607	defense response to virus	False		0	[]	False		0	[]	False	1.0	2	"[""PRKRA"", ""SETD2""]"	0	False		1.0
GO:BP	GO:0060216	definitive hemopoiesis	False		0	[]	False		0	[]	False	1.0	1	"[""SP3""]"	0	False		1.0
GO:BP	GO:0016358	dendrite development	False	1.0	1	"[""CRKL""]"	False	1.0	1	"[""CRKL""]"	False	1.0	2	"[""CRK"", ""CRKL""]"	0	False		1.0
GO:BP	GO:0016311	dephosphorylation	False		0	[]	False		0	[]	False	1.0	1	"[""TNS3""]"	0	False		1.0
GO:BP	GO:0050651	dermatan sulfate proteoglycan biosynthetic process	False		0	[]	False		0	[]	False	1.0	1	"[""B3GAT3""]"	0	False		1.0
GO:BP	GO:0050655	dermatan sulfate proteoglycan metabolic process	False		0	[]	False		0	[]	False	1.0	1	"[""B3GAT3""]"	0	False		1.0
GO:BP	GO:0009582	detection of abiotic stimulus	False		0	[]	False	1.0	1	"[""PTK2""]"	False	1.0	1	"[""PTK2""]"	0	False		1.0
GO:BP	GO:0009581	detection of external stimulus	False		0	[]	False	1.0	1	"[""PTK2""]"	False	1.0	1	"[""PTK2""]"	0	False		1.0
GO:BP	GO:0050982	detection of mechanical stimulus	False		0	[]	False	1.0	1	"[""PTK2""]"	False	1.0	1	"[""PTK2""]"	0	False		1.0
GO:BP	GO:0035995	detection of muscle stretch	False		0	[]	False	1.0	1	"[""PTK2""]"	False	1.0	1	"[""PTK2""]"	0	False		1.0
GO:BP	GO:0051606	detection of stimulus	False		0	[]	False	1.0	1	"[""PTK2""]"	False	1.0	1	"[""PTK2""]"	0	False		1.0
GO:BP	GO:0098754	detoxification	False	1.0	1	"[""UBIAD1""]"	False	1.0	1	"[""UBIAD1""]"	False	1.0	1	"[""UBIAD1""]"	0	False		1.0
GO:BP	GO:0046546	development of primary male sexual characteristics	False	1.0	2	"[""CRKL"", ""WDR48""]"	False	1.0	2	"[""CRKL"", ""WDR48""]"	False	1.0	2	"[""CRKL"", ""WDR48""]"	0	False		1.0
GO:BP	GO:0045137	development of primary sexual characteristics	False	1.0	2	"[""CRKL"", ""WDR48""]"	False	1.0	2	"[""CRKL"", ""WDR48""]"	False	1.0	2	"[""CRKL"", ""WDR48""]"	0	False		1.0
GO:BP	GO:0048588	developmental cell growth	False		0	[]	False	1.0	2	"[""G6PD"", ""VCL""]"	False	1.0	2	"[""G6PD"", ""VCL""]"	0	False		1.0
GO:BP	GO:0048589	developmental growth	False	1.0	1	"[""WDR48""]"	False	1.0	3	"[""G6PD"", ""VCL"", ""WDR48""]"	False	1.0	4	"[""G6PD"", ""RMI1"", ""VCL"", ""WDR48""]"	0	False		1.0
GO:BP	GO:0060560	developmental growth involved in morphogenesis	False		0	[]	False	1.0	1	"[""VCL""]"	False	1.0	1	"[""VCL""]"	0	False		1.0
GO:BP	GO:0021700	developmental maturation	False		0	[]	False	1.0	2	"[""G6PD"", ""HEATR3""]"	False	1.0	3	"[""G6PD"", ""HEATR3"", ""RHOA""]"	0	False		1.0
GO:BP	GO:0032502	developmental process	False	1.0	9	"[""ARL4A"", ""BRD2"", ""CRKL"", ""DNM1L"", ""KRAS"", ""PSMG1"", ""SYNCRIP"", ""UBA5"", ""WDR48""]"	False	1.0	18	"[""ARL4A"", ""BRD2"", ""CRKL"", ""DNM1L"", ""DOCK5"", ""FURIN"", ""G6PD"", ""HEATR3"", ""HSP90AB1"", ""ITGB5"", ""KRAS"", ""PSMG1"", ""PTK2"", ""SYNCRIP"", ""TRA2B"", ""UBA5"", ""VCL"", ""WDR48""]"	False	1.0	38	"[""AIFM1"", ""ARL4A"", ""BRD2"", ""CNOT1"", ""CRK"", ""CRKL"", ""DNM1L"", ""DOCK5"", ""DPPA2"", ""FERMT2"", ""FURIN"", ""G6PD"", ""GPI"", ""HEATR3"", ""HSP90AB1"", ""ITGAV"", ""ITGB5"", ""KRAS"", ""MGRN1"", ""NDC1"", ""NFKBIA"", ""PRKRA"", ""PRRC2A"", ""PSMG1"", ""PTK2"", ""RCOR1"", ""RHOA"", ""RMI1"", ""SETD2"", ""SP3"", ""ST3GAL1"", ""SYNCRIP"", ""TRA2B"", ""UBA5"", ""VCL"", ""WDR1"", ""WDR48"", ""WDR83""]"	0	False		1.0
GO:BP	GO:0003006	developmental process involved in reproduction	False	1.0	3	"[""BRD2"", ""CRKL"", ""WDR48""]"	False	1.0	3	"[""BRD2"", ""CRKL"", ""WDR48""]"	False	1.0	4	"[""BRD2"", ""CRKL"", ""NDC1"", ""WDR48""]"	0	False		1.0
GO:BP	GO:0050904	diapedesis	False	1.0	1	"[""CRKL""]"	False	1.0	1	"[""CRKL""]"	False	1.0	2	"[""CRK"", ""CRKL""]"	0	False		1.0
GO:BP	GO:0090472	dibasic protein processing	False		0	[]	False	1.0	1	"[""FURIN""]"	False	1.0	1	"[""FURIN""]"	0	False		1.0
GO:BP	GO:0055123	digestive system development	False	1.0	1	"[""CRKL""]"	False	1.0	1	"[""CRKL""]"	False	1.0	1	"[""CRKL""]"	0	False		1.0
GO:BP	GO:0048565	digestive tract development	False	1.0	1	"[""CRKL""]"	False	1.0	1	"[""CRKL""]"	False	1.0	1	"[""CRKL""]"	0	False		1.0
GO:BP	GO:0180047	dolichol phosphate mannose biosynthetic process	False		0	[]	False	1.0	1	"[""DOLK""]"	False	1.0	1	"[""DOLK""]"	0	False		1.0
GO:BP	GO:0006488	dolichol-linked oligosaccharide biosynthetic process	False		0	[]	False	1.0	1	"[""DOLK""]"	False	1.0	2	"[""ALG8"", ""DOLK""]"	0	False		1.0
GO:BP	GO:0006489	dolichyl diphosphate biosynthetic process	False		0	[]	False	1.0	1	"[""DOLK""]"	False	1.0	1	"[""DOLK""]"	0	False		1.0
GO:BP	GO:0043048	dolichyl monophosphate biosynthetic process	False		0	[]	False	1.0	1	"[""DOLK""]"	False	1.0	1	"[""DOLK""]"	0	False		1.0
GO:BP	GO:0006302	double-strand break repair	False	1.0	1	"[""WDR48""]"	False	1.0	2	"[""ING3"", ""WDR48""]"	False	1.0	4	"[""ING3"", ""RMI1"", ""SETD2"", ""WDR48""]"	0	False		1.0
GO:BP	GO:0000724	double-strand break repair via homologous recombination	False	1.0	1	"[""WDR48""]"	False	1.0	2	"[""ING3"", ""WDR48""]"	False	1.0	4	"[""ING3"", ""RMI1"", ""SETD2"", ""WDR48""]"	0	False		1.0
GO:BP	GO:0043583	ear development	False		0	[]	False		0	[]	False	1.0	1	"[""PRKRA""]"	0	False		1.0
GO:BP	GO:0042471	ear morphogenesis	False		0	[]	False		0	[]	False	1.0	1	"[""PRKRA""]"	0	False		1.0
GO:BP	GO:0042755	eating behavior	False		0	[]	False		0	[]	False	1.0	1	"[""RMI1""]"	0	False		1.0
GO:BP	GO:0022900	electron transport chain	False		0	[]	False	1.0	1	"[""CYC1""]"	False	1.0	1	"[""CYC1""]"	0	False		1.0
GO:BP	GO:0009790	embryo development	False	1.0	2	"[""BRD2"", ""WDR48""]"	False	1.0	5	"[""BRD2"", ""FURIN"", ""ITGB5"", ""TRA2B"", ""WDR48""]"	False	1.0	12	"[""BRD2"", ""CNOT1"", ""FURIN"", ""GPI"", ""ITGAV"", ""ITGB5"", ""PRKRA"", ""SETD2"", ""SP3"", ""TRA2B"", ""WDR48"", ""WDR83""]"	0	False		1.0
GO:BP	GO:0009792	embryo development ending in birth or egg hatching	False	1.0	1	"[""BRD2""]"	False	1.0	2	"[""BRD2"", ""FURIN""]"	False	1.0	6	"[""BRD2"", ""CNOT1"", ""FURIN"", ""GPI"", ""SP3"", ""WDR83""]"	0	False		1.0
GO:BP	GO:1990403	embryonic brain development	False		0	[]	False	1.0	1	"[""TRA2B""]"	False	1.0	1	"[""TRA2B""]"	0	False		1.0
GO:BP	GO:0031076	embryonic camera-type eye development	False		0	[]	False		0	[]	False	1.0	1	"[""SP3""]"	0	False		1.0
GO:BP	GO:0048596	embryonic camera-type eye morphogenesis	False		0	[]	False		0	[]	False	1.0	1	"[""SP3""]"	0	False		1.0
GO:BP	GO:0001838	embryonic epithelial tube formation	False	1.0	1	"[""BRD2""]"	False	1.0	1	"[""BRD2""]"	False	1.0	2	"[""BRD2"", ""WDR83""]"	0	False		1.0
GO:BP	GO:0048048	embryonic eye morphogenesis	False		0	[]	False		0	[]	False	1.0	1	"[""SP3""]"	0	False		1.0
GO:BP	GO:0048598	embryonic morphogenesis	False	1.0	1	"[""BRD2""]"	False	1.0	2	"[""BRD2"", ""ITGB5""]"	False	1.0	8	"[""BRD2"", ""GPI"", ""ITGAV"", ""ITGB5"", ""PRKRA"", ""SETD2"", ""SP3"", ""WDR83""]"	0	False		1.0
GO:BP	GO:0048568	embryonic organ development	False	1.0	1	"[""WDR48""]"	False	1.0	2	"[""TRA2B"", ""WDR48""]"	False	1.0	4	"[""PRKRA"", ""SP3"", ""TRA2B"", ""WDR48""]"	0	False		1.0
GO:BP	GO:0048562	embryonic organ morphogenesis	False		0	[]	False		0	[]	False	1.0	2	"[""PRKRA"", ""SP3""]"	0	False		1.0
GO:BP	GO:0001892	embryonic placenta development	False		0	[]	False		0	[]	False	1.0	1	"[""SP3""]"	0	False		1.0
GO:BP	GO:0060136	embryonic process involved in female pregnancy	False		0	[]	False		0	[]	False	1.0	1	"[""SP3""]"	0	False		1.0
GO:BP	GO:0048706	embryonic skeletal system development	False		0	[]	False		0	[]	False	1.0	1	"[""SP3""]"	0	False		1.0
GO:BP	GO:0050886	endocrine process	False		0	[]	False		0	[]	False	1.0	1	"[""RHOA""]"	0	False		1.0
GO:BP	GO:0035270	endocrine system development	False	1.0	1	"[""CRKL""]"	False	1.0	1	"[""CRKL""]"	False	1.0	1	"[""CRKL""]"	0	False		1.0
GO:BP	GO:0032456	endocytic recycling	False		0	[]	False	1.0	1	"[""WASHC2C""]"	False	1.0	1	"[""WASHC2C""]"	0	False		1.0
GO:BP	GO:0006897	endocytosis	False	1.0	1	"[""DNM1L""]"	False	1.0	2	"[""DNM1L"", ""PTK2""]"	False	1.0	4	"[""DNM1L"", ""ITGAV"", ""PTK2"", ""RAB15""]"	0	False		1.0
GO:BP	GO:0007492	endoderm development	False		0	[]	False	1.0	1	"[""ITGB5""]"	False	1.0	3	"[""ITGAV"", ""ITGB5"", ""SETD2""]"	0	False		1.0
GO:BP	GO:0001706	endoderm formation	False		0	[]	False	1.0	1	"[""ITGB5""]"	False	1.0	3	"[""ITGAV"", ""ITGB5"", ""SETD2""]"	0	False		1.0
GO:BP	GO:0035987	endodermal cell differentiation	False		0	[]	False	1.0	1	"[""ITGB5""]"	False	1.0	3	"[""ITGAV"", ""ITGB5"", ""SETD2""]"	0	False		1.0
GO:BP	GO:0010256	endomembrane system organization	False	1.0	1	"[""SNAP23""]"	False	1.0	3	"[""EMC1"", ""EMC7"", ""SNAP23""]"	False	1.0	3	"[""EMC1"", ""EMC7"", ""SNAP23""]"	0	False		1.0
GO:BP	GO:0007029	endoplasmic reticulum organization	False		0	[]	False	1.0	2	"[""EMC1"", ""EMC7""]"	False	1.0	2	"[""EMC1"", ""EMC7""]"	0	False		1.0
GO:BP	GO:1903513	endoplasmic reticulum to cytosol transport	False		0	[]	False		0	[]	False	1.0	1	"[""DERL2""]"	0	False		1.0
GO:BP	GO:0030968	endoplasmic reticulum unfolded protein response	False		0	[]	False		0	[]	False	1.0	1	"[""DERL2""]"	0	False		1.0
GO:BP	GO:0016197	endosomal transport	False		0	[]	False	1.0	1	"[""WASHC2C""]"	False	1.0	1	"[""WASHC2C""]"	0	False		1.0
GO:BP	GO:0008333	endosome to lysosome transport	False		0	[]	False		0	[]	False	1.0	1	"[""MGRN1""]"	0	False		1.0
GO:BP	GO:0001885	endothelial cell development	False		0	[]	False	1.0	1	"[""VCL""]"	False	1.0	1	"[""VCL""]"	0	False		1.0
GO:BP	GO:0045446	endothelial cell differentiation	False		0	[]	False	1.0	1	"[""VCL""]"	False	1.0	1	"[""VCL""]"	0	False		1.0
GO:BP	GO:0043542	endothelial cell migration	False		0	[]	False	1.0	1	"[""PTK2""]"	False	1.0	3	"[""GPI"", ""PTK2"", ""RHOA""]"	0	False		1.0
GO:BP	GO:0097498	endothelial tube lumen extension	False		0	[]	False		0	[]	False	1.0	1	"[""RHOA""]"	0	False		1.0
GO:BP	GO:0061154	endothelial tube morphogenesis	False		0	[]	False		0	[]	False	1.0	1	"[""RHOA""]"	0	False		1.0
GO:BP	GO:0086100	endothelin receptor signaling pathway	False	1.0	1	"[""CRKL""]"	False	1.0	1	"[""CRKL""]"	False	1.0	1	"[""CRKL""]"	0	False		1.0
GO:BP	GO:0003158	endothelium development	False		0	[]	False	1.0	1	"[""VCL""]"	False	1.0	2	"[""RHOA"", ""VCL""]"	0	False		1.0
GO:BP	GO:0015980	energy derivation by oxidation of organic compounds	False	1.0	3	"[""ATP5ME"", ""ENO1"", ""MLST8""]"	False	1.0	4	"[""ATP5ME"", ""CYC1"", ""ENO1"", ""MLST8""]"	False	1.0	7	"[""ADSL"", ""ATP5ME"", ""CYC1"", ""ENO1"", ""GPI"", ""MLST8"", ""RHOA""]"	0	False		1.0
GO:BP	GO:0097009	energy homeostasis	False		0	[]	False		0	[]	False	1.0	1	"[""RMI1""]"	0	False		1.0
GO:BP	GO:0085017	entry into host cell by a symbiont-containing vacuole	False		0	[]	False		0	[]	False	1.0	1	"[""ITGAV""]"	0	False		1.0
GO:BP	GO:0035635	entry of bacterium into host cell	False		0	[]	False		0	[]	False	1.0	1	"[""ITGAV""]"	0	False		1.0
GO:BP	GO:0043353	enucleate erythrocyte differentiation	False		0	[]	False		0	[]	False	1.0	1	"[""SP3""]"	0	False		1.0
GO:BP	GO:0007167	enzyme-linked receptor protein signaling pathway	False	1.0	1	"[""CRKL""]"	False	1.0	5	"[""CRKL"", ""FURIN"", ""HSP90AB1"", ""ITGB5"", ""PTK2""]"	False	1.0	7	"[""CRK"", ""CRKL"", ""FERMT2"", ""FURIN"", ""HSP90AB1"", ""ITGB5"", ""PTK2""]"	0	False		1.0
GO:BP	GO:0048013	ephrin receptor signaling pathway	False		0	[]	False	1.0	1	"[""PTK2""]"	False	1.0	2	"[""CRK"", ""PTK2""]"	0	False		1.0
GO:BP	GO:0090504	epiboly	False		0	[]	False	1.0	1	"[""ITGB5""]"	False	1.0	4	"[""FERMT2"", ""ITGAV"", ""ITGB5"", ""RHOA""]"	0	False		1.0
GO:BP	GO:0090505	epiboly involved in wound healing	False		0	[]	False	1.0	1	"[""ITGB5""]"	False	1.0	4	"[""FERMT2"", ""ITGAV"", ""ITGB5"", ""RHOA""]"	0	False		1.0
GO:BP	GO:0007173	epidermal growth factor receptor signaling pathway	False		0	[]	False	1.0	1	"[""PTK2""]"	False	1.0	1	"[""PTK2""]"	0	False		1.0
GO:BP	GO:0002064	epithelial cell development	False		0	[]	False	1.0	1	"[""VCL""]"	False	1.0	1	"[""VCL""]"	0	False		1.0
GO:BP	GO:0030855	epithelial cell differentiation	False	1.0	1	"[""KRAS""]"	False	1.0	2	"[""KRAS"", ""VCL""]"	False	1.0	3	"[""KRAS"", ""RHOA"", ""VCL""]"	0	False		1.0
GO:BP	GO:0010631	epithelial cell migration	False		0	[]	False	1.0	2	"[""DOCK5"", ""PTK2""]"	False	1.0	2	"[""DOCK5"", ""PTK2""]"	0	False		1.0
GO:BP	GO:0050673	epithelial cell proliferation	False	1.0	1	"[""WDR48""]"	False	1.0	1	"[""WDR48""]"	False	1.0	1	"[""WDR48""]"	0	False		1.0
GO:BP	GO:0090136	epithelial cell-cell adhesion	False		0	[]	False	1.0	2	"[""ITGB5"", ""VCL""]"	False	1.0	2	"[""ITGB5"", ""VCL""]"	0	False		1.0
GO:BP	GO:0001837	epithelial to mesenchymal transition	False		0	[]	False	1.0	1	"[""PTK2""]"	False	1.0	2	"[""FERMT2"", ""PTK2""]"	0	False		1.0
GO:BP	GO:0060441	epithelial tube branching involved in lung morphogenesis	False	1.0	1	"[""KRAS""]"	False	1.0	1	"[""KRAS""]"	False	1.0	1	"[""KRAS""]"	0	False		1.0
GO:BP	GO:0072175	epithelial tube formation	False	1.0	1	"[""BRD2""]"	False	1.0	1	"[""BRD2""]"	False	1.0	2	"[""BRD2"", ""WDR83""]"	0	False		1.0
GO:BP	GO:0060562	epithelial tube morphogenesis	False	1.0	2	"[""BRD2"", ""KRAS""]"	False	1.0	2	"[""BRD2"", ""KRAS""]"	False	1.0	4	"[""BRD2"", ""KRAS"", ""RHOA"", ""WDR83""]"	0	False		1.0
GO:BP	GO:0060429	epithelium development	False	1.0	2	"[""BRD2"", ""KRAS""]"	False	1.0	4	"[""BRD2"", ""ITGB5"", ""KRAS"", ""VCL""]"	False	1.0	9	"[""BRD2"", ""FERMT2"", ""ITGAV"", ""ITGB5"", ""KRAS"", ""RHOA"", ""VCL"", ""WDR1"", ""WDR83""]"	0	False		1.0
GO:BP	GO:0090132	epithelium migration	False		0	[]	False	1.0	2	"[""DOCK5"", ""PTK2""]"	False	1.0	2	"[""DOCK5"", ""PTK2""]"	0	False		1.0
GO:BP	GO:0048821	erythrocyte development	False		0	[]	False	1.0	2	"[""G6PD"", ""HEATR3""]"	False	1.0	2	"[""G6PD"", ""HEATR3""]"	0	False		1.0
GO:BP	GO:0030218	erythrocyte differentiation	False	1.0	1	"[""UBA5""]"	False	1.0	3	"[""G6PD"", ""HEATR3"", ""UBA5""]"	False	1.0	5	"[""G6PD"", ""HEATR3"", ""RCOR1"", ""SP3"", ""UBA5""]"	0	False		1.0
GO:BP	GO:0034101	erythrocyte homeostasis	False	1.0	1	"[""UBA5""]"	False	1.0	3	"[""G6PD"", ""HEATR3"", ""UBA5""]"	False	1.0	6	"[""G6PD"", ""GPI"", ""HEATR3"", ""RCOR1"", ""SP3"", ""UBA5""]"	0	False		1.0
GO:BP	GO:0043249	erythrocyte maturation	False		0	[]	False	1.0	2	"[""G6PD"", ""HEATR3""]"	False	1.0	2	"[""G6PD"", ""HEATR3""]"	0	False		1.0
GO:BP	GO:0051236	establishment of RNA localization	False	1.0	1	"[""HNRNPA1""]"	False	1.0	1	"[""HNRNPA1""]"	False	1.0	5	"[""HNRNPA1"", ""IWS1"", ""NDC1"", ""NUP42"", ""SETD2""]"	0	False		1.0
GO:BP	GO:0035089	establishment of apical/basal cell polarity	False		0	[]	False		0	[]	False	1.0	1	"[""RHOA""]"	0	False		1.0
GO:BP	GO:0030010	establishment of cell polarity	False	1.0	1	"[""CRKL""]"	False	1.0	2	"[""CRKL"", ""PTK2""]"	False	1.0	4	"[""CRK"", ""CRKL"", ""PTK2"", ""RHOA""]"	0	False		1.0
GO:BP	GO:0061028	establishment of endothelial barrier	False		0	[]	False	1.0	1	"[""VCL""]"	False	1.0	1	"[""VCL""]"	0	False		1.0
GO:BP	GO:0045198	establishment of epithelial cell apical/basal polarity	False		0	[]	False		0	[]	False	1.0	1	"[""RHOA""]"	0	False		1.0
GO:BP	GO:0090162	establishment of epithelial cell polarity	False		0	[]	False		0	[]	False	1.0	1	"[""RHOA""]"	0	False		1.0
GO:BP	GO:0051234	establishment of localization	False	1.0	7	"[""ARL4A"", ""ATP5ME"", ""COX18"", ""DNM1L"", ""FIS1"", ""HNRNPA1"", ""SNAP23""]"	False	1.0	20	"[""ARL4A"", ""ATP5ME"", ""COX18"", ""CYC1"", ""DNM1L"", ""EMC1"", ""EMC7"", ""FIS1"", ""FURIN"", ""G6PD"", ""HEATR3"", ""HNRNPA1"", ""KIF4A"", ""MON2"", ""PTK2"", ""SEC62"", ""SLC25A26"", ""SLC35B2"", ""SNAP23"", ""WASHC2C""]"	False	1.0	33	"[""AIFM1"", ""ARL4A"", ""ATP5ME"", ""B3GAT3"", ""CCDC51"", ""COX18"", ""CYC1"", ""DERL2"", ""DNM1L"", ""EMC1"", ""EMC7"", ""FIS1"", ""FURIN"", ""G6PD"", ""HEATR3"", ""HNRNPA1"", ""ITGAV"", ""IWS1"", ""KIF4A"", ""MGRN1"", ""MON2"", ""NDC1"", ""NFKBIA"", ""NUP42"", ""PTK2"", ""RAB15"", ""SEC62"", ""SETD2"", ""SLC25A26"", ""SLC35B2"", ""SNAP23"", ""SV2A"", ""WASHC2C""]"	0	False		1.0
GO:BP	GO:0051649	establishment of localization in cell	False	1.0	4	"[""ARL4A"", ""COX18"", ""HNRNPA1"", ""SNAP23""]"	False	1.0	9	"[""ARL4A"", ""COX18"", ""HEATR3"", ""HNRNPA1"", ""KIF4A"", ""MON2"", ""SEC62"", ""SNAP23"", ""WASHC2C""]"	False	1.0	18	"[""ARL4A"", ""B3GAT3"", ""COX18"", ""DERL2"", ""HEATR3"", ""HNRNPA1"", ""IWS1"", ""KIF4A"", ""MGRN1"", ""MON2"", ""NDC1"", ""NFKBIA"", ""NUP42"", ""SEC62"", ""SETD2"", ""SNAP23"", ""SV2A"", ""WASHC2C""]"	0	False		1.0
GO:BP	GO:0051654	establishment of mitochondrion localization	False	1.0	1	"[""DNM1L""]"	False	1.0	1	"[""DNM1L""]"	False	1.0	1	"[""DNM1L""]"	0	False		1.0
GO:BP	GO:0061162	establishment of monopolar cell polarity	False		0	[]	False		0	[]	False	1.0	1	"[""RHOA""]"	0	False		1.0
GO:BP	GO:0051656	establishment of organelle localization	False	1.0	2	"[""DNM1L"", ""SNAP23""]"	False	1.0	2	"[""DNM1L"", ""SNAP23""]"	False	1.0	2	"[""DNM1L"", ""SNAP23""]"	0	False		1.0
GO:BP	GO:0001736	establishment of planar polarity	False		0	[]	False		0	[]	False	1.0	1	"[""WDR1""]"	0	False		1.0
GO:BP	GO:0042247	establishment of planar polarity of follicular epithelium	False		0	[]	False		0	[]	False	1.0	1	"[""WDR1""]"	0	False		1.0
GO:BP	GO:0045184	establishment of protein localization	False	1.0	4	"[""ARL4A"", ""COX18"", ""DNM1L"", ""SNAP23""]"	False	1.0	10	"[""ARL4A"", ""COX18"", ""DNM1L"", ""EMC1"", ""EMC7"", ""HEATR3"", ""MON2"", ""SEC62"", ""SNAP23"", ""WASHC2C""]"	False	1.0	17	"[""AIFM1"", ""ARL4A"", ""B3GAT3"", ""COX18"", ""DERL2"", ""DNM1L"", ""EMC1"", ""EMC7"", ""HEATR3"", ""MON2"", ""NDC1"", ""NFKBIA"", ""NUP42"", ""RAB15"", ""SEC62"", ""SNAP23"", ""WASHC2C""]"	0	False		1.0
GO:BP	GO:0072599	establishment of protein localization to endoplasmic reticulum	False		0	[]	False	1.0	1	"[""SEC62""]"	False	1.0	1	"[""SEC62""]"	0	False		1.0
GO:BP	GO:0035592	establishment of protein localization to extracellular region	False	1.0	1	"[""DNM1L""]"	False	1.0	1	"[""DNM1L""]"	False	1.0	1	"[""DNM1L""]"	0	False		1.0
GO:BP	GO:0090150	establishment of protein localization to membrane	False	1.0	1	"[""COX18""]"	False	1.0	4	"[""COX18"", ""EMC1"", ""EMC7"", ""SEC62""]"	False	1.0	4	"[""COX18"", ""EMC1"", ""EMC7"", ""SEC62""]"	0	False		1.0
GO:BP	GO:0072594	establishment of protein localization to organelle	False	1.0	1	"[""COX18""]"	False	1.0	3	"[""COX18"", ""HEATR3"", ""SEC62""]"	False	1.0	5	"[""AIFM1"", ""COX18"", ""HEATR3"", ""NFKBIA"", ""SEC62""]"	0	False		1.0
GO:BP	GO:0007164	establishment of tissue polarity	False		0	[]	False		0	[]	False	1.0	1	"[""WDR1""]"	0	False		1.0
GO:BP	GO:0051650	establishment of vesicle localization	False	1.0	1	"[""SNAP23""]"	False	1.0	1	"[""SNAP23""]"	False	1.0	1	"[""SNAP23""]"	0	False		1.0
GO:BP	GO:0035088	establishment or maintenance of apical/basal cell polarity	False		0	[]	False		0	[]	False	1.0	2	"[""RHOA"", ""WDR1""]"	0	False		1.0
GO:BP	GO:0061245	establishment or maintenance of bipolar cell polarity	False		0	[]	False		0	[]	False	1.0	2	"[""RHOA"", ""WDR1""]"	0	False		1.0
GO:BP	GO:0007163	establishment or maintenance of cell polarity	False	1.0	1	"[""CRKL""]"	False	1.0	2	"[""CRKL"", ""PTK2""]"	False	1.0	5	"[""CRK"", ""CRKL"", ""PTK2"", ""RHOA"", ""WDR1""]"	0	False		1.0
GO:BP	GO:0045197	establishment or maintenance of epithelial cell apical/basal polarity	False		0	[]	False		0	[]	False	1.0	2	"[""RHOA"", ""WDR1""]"	0	False		1.0
GO:BP	GO:0061339	establishment or maintenance of monopolar cell polarity	False		0	[]	False		0	[]	False	1.0	1	"[""RHOA""]"	0	False		1.0
GO:BP	GO:0016334	establishment or maintenance of polarity of follicular epithelium	False		0	[]	False		0	[]	False	1.0	1	"[""WDR1""]"	0	False		1.0
GO:BP	GO:0030520	estrogen receptor signaling pathway	False	1.0	1	"[""UBA5""]"	False	1.0	1	"[""UBA5""]"	False	1.0	2	"[""CNOT1"", ""UBA5""]"	0	False		1.0
GO:BP	GO:0140029	exocytic process	False	1.0	1	"[""SNAP23""]"	False	1.0	1	"[""SNAP23""]"	False	1.0	2	"[""SNAP23"", ""SV2A""]"	0	False		1.0
GO:BP	GO:0006887	exocytosis	False	1.0	1	"[""SNAP23""]"	False	1.0	1	"[""SNAP23""]"	False	1.0	3	"[""RAB15"", ""SNAP23"", ""SV2A""]"	0	False		1.0
GO:BP	GO:0140352	export from cell	False	1.0	2	"[""DNM1L"", ""SNAP23""]"	False	1.0	3	"[""DNM1L"", ""FURIN"", ""SNAP23""]"	False	1.0	5	"[""DNM1L"", ""FURIN"", ""RAB15"", ""SNAP23"", ""SV2A""]"	0	False		1.0
GO:BP	GO:0045229	external encapsulating structure organization	False		0	[]	False	1.0	1	"[""FURIN""]"	False	1.0	1	"[""FURIN""]"	0	False		1.0
GO:BP	GO:0022617	extracellular matrix disassembly	False		0	[]	False	1.0	1	"[""FURIN""]"	False	1.0	1	"[""FURIN""]"	0	False		1.0
GO:BP	GO:0030198	extracellular matrix organization	False		0	[]	False	1.0	1	"[""FURIN""]"	False	1.0	1	"[""FURIN""]"	0	False		1.0
GO:BP	GO:0043062	extracellular structure organization	False		0	[]	False	1.0	1	"[""FURIN""]"	False	1.0	1	"[""FURIN""]"	0	False		1.0
GO:BP	GO:0097191	extrinsic apoptotic signaling pathway	False		0	[]	False		0	[]	False	1.0	2	"[""ITGAV"", ""TRAF2""]"	0	False		1.0
GO:BP	GO:0097192	extrinsic apoptotic signaling pathway in absence of ligand	False		0	[]	False		0	[]	False	1.0	1	"[""ITGAV""]"	0	False		1.0
GO:BP	GO:0001654	eye development	False		0	[]	False		0	[]	False	1.0	1	"[""SP3""]"	0	False		1.0
GO:BP	GO:0048592	eye morphogenesis	False		0	[]	False		0	[]	False	1.0	1	"[""SP3""]"	0	False		1.0
GO:BP	GO:0045444	fat cell differentiation	False	1.0	1	"[""ARL4A""]"	False	1.0	1	"[""ARL4A""]"	False	1.0	2	"[""ARL4A"", ""FERMT2""]"	0	False		1.0
GO:BP	GO:0042362	fat-soluble vitamin biosynthetic process	False	1.0	1	"[""UBIAD1""]"	False	1.0	1	"[""UBIAD1""]"	False	1.0	1	"[""UBIAD1""]"	0	False		1.0
GO:BP	GO:0015908	fatty acid transport	False	1.0	1	"[""FIS1""]"	False	1.0	1	"[""FIS1""]"	False	1.0	1	"[""FIS1""]"	0	False		1.0
GO:BP	GO:0007631	feeding behavior	False		0	[]	False		0	[]	False	1.0	2	"[""DERL2"", ""RMI1""]"	0	False		1.0
GO:BP	GO:0007565	female pregnancy	False		0	[]	False		0	[]	False	1.0	1	"[""SP3""]"	0	False		1.0
GO:BP	GO:0009566	fertilization	False	1.0	2	"[""CRKL"", ""WDR48""]"	False	1.0	2	"[""CRKL"", ""WDR48""]"	False	1.0	2	"[""CRKL"", ""WDR48""]"	0	False		1.0
GO:BP	GO:0008543	fibroblast growth factor receptor signaling pathway	False	1.0	1	"[""CRKL""]"	False	1.0	1	"[""CRKL""]"	False	1.0	1	"[""CRKL""]"	0	False		1.0
GO:BP	GO:0010761	fibroblast migration	False		0	[]	False	1.0	1	"[""PTK2""]"	False	1.0	1	"[""PTK2""]"	0	False		1.0
GO:BP	GO:0090077	foam cell differentiation	False		0	[]	False		0	[]	False	1.0	2	"[""ITGAV"", ""NFKBIA""]"	0	False		1.0
GO:BP	GO:0048041	focal adhesion assembly	False		0	[]	False	1.0	2	"[""PTK2"", ""VCL""]"	False	1.0	4	"[""FERMT2"", ""PTK2"", ""RHOA"", ""VCL""]"	0	False		1.0
GO:BP	GO:0021897	forebrain astrocyte development	False	1.0	1	"[""KRAS""]"	False	1.0	1	"[""KRAS""]"	False	1.0	1	"[""KRAS""]"	0	False		1.0
GO:BP	GO:0021896	forebrain astrocyte differentiation	False	1.0	1	"[""KRAS""]"	False	1.0	1	"[""KRAS""]"	False	1.0	1	"[""KRAS""]"	0	False		1.0
GO:BP	GO:0021885	forebrain cell migration	False		0	[]	False		0	[]	False	1.0	1	"[""RHOA""]"	0	False		1.0
GO:BP	GO:0030900	forebrain development	False	1.0	2	"[""CRKL"", ""KRAS""]"	False	1.0	3	"[""CRKL"", ""KRAS"", ""TRA2B""]"	False	1.0	5	"[""CRK"", ""CRKL"", ""KRAS"", ""RHOA"", ""TRA2B""]"	0	False		1.0
GO:BP	GO:0021872	forebrain generation of neurons	False		0	[]	False		0	[]	False	1.0	1	"[""RHOA""]"	0	False		1.0
GO:BP	GO:0021861	forebrain radial glial cell differentiation	False		0	[]	False		0	[]	False	1.0	1	"[""RHOA""]"	0	False		1.0
GO:BP	GO:0021871	forebrain regionalization	False		0	[]	False	1.0	1	"[""TRA2B""]"	False	1.0	1	"[""TRA2B""]"	0	False		1.0
GO:BP	GO:0001704	formation of primary germ layer	False		0	[]	False	1.0	1	"[""ITGB5""]"	False	1.0	4	"[""GPI"", ""ITGAV"", ""ITGB5"", ""SETD2""]"	0	False		1.0
GO:BP	GO:0006002	fructose 6-phosphate metabolic process	False		0	[]	False		0	[]	False	1.0	1	"[""GPI""]"	0	False		1.0
GO:BP	GO:0007276	gamete generation	False	1.0	3	"[""BRD2"", ""CRKL"", ""WDR48""]"	False	1.0	3	"[""BRD2"", ""CRKL"", ""WDR48""]"	False	1.0	4	"[""BRD2"", ""CRKL"", ""NDC1"", ""WDR48""]"	0	False		1.0
GO:BP	GO:0007369	gastrulation	False		0	[]	False	1.0	1	"[""ITGB5""]"	False	1.0	4	"[""GPI"", ""ITGAV"", ""ITGB5"", ""SETD2""]"	0	False		1.0
GO:BP	GO:0010467	gene expression	False	1.0	13	"[""BRD2"", ""CRKL"", ""DNM1L"", ""EAF1"", ""ENO1"", ""HNRNPA1"", ""KRAS"", ""MRPS12"", ""MRPS6"", ""SNRPB2"", ""SYNCRIP"", ""UBA5"", ""ZNF217""]"	False	1.0	20	"[""BRD2"", ""CRKL"", ""DNM1L"", ""EAF1"", ""ENO1"", ""FURIN"", ""HNRNPA1"", ""HSP90AB1"", ""ING3"", ""KRAS"", ""MRPS12"", ""MRPS6"", ""SERBP1"", ""SNRPB2"", ""SYNCRIP"", ""TARS2"", ""TGIF1"", ""TRA2B"", ""UBA5"", ""ZNF217""]"	False	1.0	47	"[""AIFM1"", ""BRD2"", ""CCAR1"", ""CNOT1"", ""CRK"", ""CRKL"", ""DNM1L"", ""EAF1"", ""ENO1"", ""FOXO3B"", ""FURIN"", ""GCN1"", ""GPI"", ""HNRNPA1"", ""HSP90AB1"", ""HSPA13"", ""ING3"", ""ITGAV"", ""IWS1"", ""KRAS"", ""MED24"", ""MRPL53"", ""MRPS12"", ""MRPS2"", ""MRPS6"", ""MTFMT"", ""NACC1"", ""NFKBIA"", ""PIGL"", ""PRKRA"", ""RBM10"", ""RBM12"", ""RCOR1"", ""RHOA"", ""SERBP1"", ""SETD2"", ""SNRPB2"", ""SP3"", ""SYNCRIP"", ""TARS2"", ""TGIF1"", ""TRA2B"", ""TRAF2"", ""UBA5"", ""WDR83"", ""ZNF217"", ""ZNF687""]"	0	False		1.0
GO:BP	GO:0048699	generation of neurons	False	1.0	1	"[""CRKL""]"	False	1.0	3	"[""CRKL"", ""PTK2"", ""VCL""]"	False	1.0	6	"[""AIFM1"", ""CRK"", ""CRKL"", ""PTK2"", ""RHOA"", ""VCL""]"	0	False		1.0
GO:BP	GO:0006091	generation of precursor metabolites and energy	False	1.0	4	"[""ATP5ME"", ""ENO1"", ""FDXR"", ""MLST8""]"	False	1.0	6	"[""ATP5ME"", ""CYC1"", ""ENO1"", ""FDXR"", ""G6PD"", ""MLST8""]"	False	1.0	9	"[""ADSL"", ""ATP5ME"", ""CYC1"", ""ENO1"", ""FDXR"", ""G6PD"", ""GPI"", ""MLST8"", ""RHOA""]"	0	False		1.0
GO:BP	GO:0048732	gland development	False	1.0	1	"[""CRKL""]"	False	1.0	1	"[""CRKL""]"	False	1.0	2	"[""CRKL"", ""SP3""]"	0	False		1.0
GO:BP	GO:0034349	glial cell apoptotic process	False		0	[]	False		0	[]	False	1.0	1	"[""TRAF2""]"	0	False		1.0
GO:BP	GO:0021782	glial cell development	False	1.0	1	"[""KRAS""]"	False	1.0	1	"[""KRAS""]"	False	1.0	1	"[""KRAS""]"	0	False		1.0
GO:BP	GO:0010001	glial cell differentiation	False	1.0	1	"[""KRAS""]"	False	1.0	1	"[""KRAS""]"	False	1.0	3	"[""KRAS"", ""RHOA"", ""WDR1""]"	0	False		1.0
GO:BP	GO:0008347	glial cell migration	False	1.0	1	"[""CRKL""]"	False	1.0	1	"[""CRKL""]"	False	1.0	1	"[""CRKL""]"	0	False		1.0
GO:BP	GO:0014009	glial cell proliferation	False	1.0	1	"[""KRAS""]"	False	1.0	1	"[""KRAS""]"	False	1.0	1	"[""KRAS""]"	0	False		1.0
GO:BP	GO:0042063	gliogenesis	False	1.0	2	"[""CRKL"", ""KRAS""]"	False	1.0	2	"[""CRKL"", ""KRAS""]"	False	1.0	4	"[""CRKL"", ""KRAS"", ""RHOA"", ""WDR1""]"	0	False		1.0
GO:BP	GO:0006094	gluconeogenesis	False	1.0	1	"[""ENO1""]"	False	1.0	1	"[""ENO1""]"	False	1.0	2	"[""ENO1"", ""GPI""]"	0	False		1.0
GO:BP	GO:0051156	glucose 6-phosphate metabolic process	False	1.0	1	"[""MLST8""]"	False	1.0	2	"[""G6PD"", ""MLST8""]"	False	1.0	3	"[""G6PD"", ""GPI"", ""MLST8""]"	0	False		1.0
GO:BP	GO:0006007	glucose catabolic process	False	1.0	1	"[""ENO1""]"	False	1.0	1	"[""ENO1""]"	False	1.0	1	"[""ENO1""]"	0	False		1.0
GO:BP	GO:0061718	glucose catabolic process to pyruvate	False	1.0	1	"[""ENO1""]"	False	1.0	1	"[""ENO1""]"	False	1.0	1	"[""ENO1""]"	0	False		1.0
GO:BP	GO:0042593	glucose homeostasis	False		0	[]	False	1.0	1	"[""TRA2B""]"	False	1.0	3	"[""GPI"", ""RMI1"", ""TRA2B""]"	0	False		1.0
GO:BP	GO:0006006	glucose metabolic process	False	1.0	1	"[""ENO1""]"	False	1.0	3	"[""ENO1"", ""G6PD"", ""LCMT1""]"	False	1.0	5	"[""BRAT1"", ""ENO1"", ""G6PD"", ""GPI"", ""LCMT1""]"	0	False		1.0
GO:BP	GO:0006541	glutamine metabolic process	False		0	[]	False		0	[]	False	1.0	1	"[""CTPS1""]"	0	False		1.0
GO:BP	GO:0006749	glutathione metabolic process	False		0	[]	False	1.0	1	"[""G6PD""]"	False	1.0	1	"[""G6PD""]"	0	False		1.0
GO:BP	GO:0045017	glycerolipid biosynthetic process	False	1.0	1	"[""EFR3A""]"	False	1.0	1	"[""EFR3A""]"	False	1.0	2	"[""EFR3A"", ""PIGL""]"	0	False		1.0
GO:BP	GO:0046486	glycerolipid metabolic process	False	1.0	1	"[""EFR3A""]"	False	1.0	1	"[""EFR3A""]"	False	1.0	2	"[""EFR3A"", ""PIGL""]"	0	False		1.0
GO:BP	GO:0046474	glycerophospholipid biosynthetic process	False	1.0	1	"[""EFR3A""]"	False	1.0	1	"[""EFR3A""]"	False	1.0	2	"[""EFR3A"", ""PIGL""]"	0	False		1.0
GO:BP	GO:0006650	glycerophospholipid metabolic process	False	1.0	1	"[""EFR3A""]"	False	1.0	1	"[""EFR3A""]"	False	1.0	2	"[""EFR3A"", ""PIGL""]"	0	False		1.0
GO:BP	GO:0009247	glycolipid biosynthetic process	False		0	[]	False	1.0	1	"[""DOLK""]"	False	1.0	2	"[""DOLK"", ""PIGL""]"	0	False		1.0
GO:BP	GO:0006664	glycolipid metabolic process	False		0	[]	False	1.0	1	"[""DOLK""]"	False	1.0	2	"[""DOLK"", ""PIGL""]"	0	False		1.0
GO:BP	GO:0006096	glycolytic process	False	1.0	2	"[""ENO1"", ""MLST8""]"	False	1.0	2	"[""ENO1"", ""MLST8""]"	False	1.0	3	"[""ENO1"", ""GPI"", ""MLST8""]"	0	False		1.0
GO:BP	GO:0061615	glycolytic process through fructose-6-phosphate	False	1.0	1	"[""ENO1""]"	False	1.0	1	"[""ENO1""]"	False	1.0	1	"[""ENO1""]"	0	False		1.0
GO:BP	GO:0061620	glycolytic process through glucose-6-phosphate	False	1.0	1	"[""ENO1""]"	False	1.0	1	"[""ENO1""]"	False	1.0	1	"[""ENO1""]"	0	False		1.0
GO:BP	GO:0009101	glycoprotein biosynthetic process	False		0	[]	False	1.0	1	"[""DOLK""]"	False	1.0	4	"[""ALG8"", ""B3GAT3"", ""DOLK"", ""ST3GAL1""]"	0	False		1.0
GO:BP	GO:0009100	glycoprotein metabolic process	False		0	[]	False	1.0	1	"[""DOLK""]"	False	1.0	4	"[""ALG8"", ""B3GAT3"", ""DOLK"", ""ST3GAL1""]"	0	False		1.0
GO:BP	GO:0006024	glycosaminoglycan biosynthetic process	False		0	[]	False		0	[]	False	1.0	1	"[""B3GAT3""]"	0	False		1.0
GO:BP	GO:0030203	glycosaminoglycan metabolic process	False		0	[]	False		0	[]	False	1.0	1	"[""B3GAT3""]"	0	False		1.0
GO:BP	GO:0008406	gonad development	False	1.0	2	"[""CRKL"", ""WDR48""]"	False	1.0	2	"[""CRKL"", ""WDR48""]"	False	1.0	2	"[""CRKL"", ""WDR48""]"	0	False		1.0
GO:BP	GO:0071621	granulocyte chemotaxis	False	1.0	1	"[""DNM1L""]"	False	1.0	2	"[""DNM1L"", ""PTK2""]"	False	1.0	2	"[""DNM1L"", ""PTK2""]"	0	False		1.0
GO:BP	GO:0030851	granulocyte differentiation	False		0	[]	False		0	[]	False	1.0	1	"[""SP3""]"	0	False		1.0
GO:BP	GO:0097530	granulocyte migration	False	1.0	1	"[""DNM1L""]"	False	1.0	2	"[""DNM1L"", ""PTK2""]"	False	1.0	3	"[""DNM1L"", ""PTK2"", ""WDR1""]"	0	False		1.0
GO:BP	GO:0040007	growth	False	1.0	4	"[""CRKL"", ""ENO1"", ""MLST8"", ""WDR48""]"	False	1.0	6	"[""CRKL"", ""ENO1"", ""G6PD"", ""MLST8"", ""VCL"", ""WDR48""]"	False	1.0	10	"[""BRAT1"", ""CRK"", ""CRKL"", ""DERL2"", ""ENO1"", ""G6PD"", ""MLST8"", ""RMI1"", ""VCL"", ""WDR48""]"	0	False		1.0
GO:BP	GO:0060396	growth hormone receptor signaling pathway	False		0	[]	False	1.0	1	"[""PTK2""]"	False	1.0	1	"[""PTK2""]"	0	False		1.0
GO:BP	GO:0060322	head development	False	1.0	3	"[""CRKL"", ""KRAS"", ""PSMG1""]"	False	1.0	5	"[""CRKL"", ""G6PD"", ""KRAS"", ""PSMG1"", ""TRA2B""]"	False	1.0	7	"[""CRK"", ""CRKL"", ""G6PD"", ""KRAS"", ""PSMG1"", ""RHOA"", ""TRA2B""]"	0	False		1.0
GO:BP	GO:0060047	heart contraction	False	1.0	1	"[""DNM1L""]"	False	1.0	1	"[""DNM1L""]"	False	1.0	1	"[""DNM1L""]"	0	False		1.0
GO:BP	GO:0007507	heart development	False	1.0	1	"[""CRKL""]"	False	1.0	3	"[""CRKL"", ""G6PD"", ""PTK2""]"	False	1.0	5	"[""CRKL"", ""G6PD"", ""MGRN1"", ""PTK2"", ""RHOA""]"	0	False		1.0
GO:BP	GO:0060419	heart growth	False		0	[]	False	1.0	1	"[""G6PD""]"	False	1.0	1	"[""G6PD""]"	0	False		1.0
GO:BP	GO:0003007	heart morphogenesis	False	1.0	1	"[""CRKL""]"	False	1.0	2	"[""CRKL"", ""PTK2""]"	False	1.0	2	"[""CRKL"", ""PTK2""]"	0	False		1.0
GO:BP	GO:0003015	heart process	False	1.0	1	"[""DNM1L""]"	False	1.0	1	"[""DNM1L""]"	False	1.0	1	"[""DNM1L""]"	0	False		1.0
GO:BP	GO:0003170	heart valve development	False		0	[]	False		0	[]	False	1.0	1	"[""RHOA""]"	0	False		1.0
GO:BP	GO:0003188	heart valve formation	False		0	[]	False		0	[]	False	1.0	1	"[""RHOA""]"	0	False		1.0
GO:BP	GO:0003179	heart valve morphogenesis	False		0	[]	False		0	[]	False	1.0	1	"[""RHOA""]"	0	False		1.0
GO:BP	GO:0035685	helper T cell diapedesis	False	1.0	1	"[""CRKL""]"	False	1.0	1	"[""CRKL""]"	False	1.0	2	"[""CRK"", ""CRKL""]"	0	False		1.0
GO:BP	GO:0035684	helper T cell extravasation	False	1.0	1	"[""CRKL""]"	False	1.0	1	"[""CRKL""]"	False	1.0	2	"[""CRK"", ""CRKL""]"	0	False		1.0
GO:BP	GO:0048534	hematopoietic or lymphoid organ development	False	1.0	1	"[""CRKL""]"	False	1.0	1	"[""CRKL""]"	False	1.0	1	"[""CRKL""]"	0	False		1.0
GO:BP	GO:0002244	hematopoietic progenitor cell differentiation	False		0	[]	False		0	[]	False	1.0	1	"[""SP3""]"	0	False		1.0
GO:BP	GO:0030097	hemopoiesis	False	1.0	2	"[""BRD2"", ""UBA5""]"	False	1.0	4	"[""BRD2"", ""G6PD"", ""HEATR3"", ""UBA5""]"	False	1.0	10	"[""BRD2"", ""G6PD"", ""HEATR3"", ""NFKBIA"", ""RCOR1"", ""RHOA"", ""SP3"", ""ST3GAL1"", ""UBA5"", ""WDR1""]"	0	False		1.0
GO:BP	GO:0007599	hemostasis	False		0	[]	False	1.0	1	"[""VCL""]"	False	1.0	2	"[""GPI"", ""VCL""]"	0	False		1.0
GO:BP	GO:0015012	heparan sulfate proteoglycan biosynthetic process	False		0	[]	False		0	[]	False	1.0	1	"[""B3GAT3""]"	0	False		1.0
GO:BP	GO:0030201	heparan sulfate proteoglycan metabolic process	False		0	[]	False		0	[]	False	1.0	1	"[""B3GAT3""]"	0	False		1.0
GO:BP	GO:0061008	hepaticobiliary system development	False		0	[]	False		0	[]	False	1.0	1	"[""SP3""]"	0	False		1.0
GO:BP	GO:0034113	heterotypic cell-cell adhesion	False		0	[]	False		0	[]	False	1.0	1	"[""ITGAV""]"	0	False		1.0
GO:BP	GO:0019319	hexose biosynthetic process	False	1.0	1	"[""ENO1""]"	False	1.0	1	"[""ENO1""]"	False	1.0	2	"[""ENO1"", ""GPI""]"	0	False		1.0
GO:BP	GO:0019320	hexose catabolic process	False	1.0	1	"[""ENO1""]"	False	1.0	1	"[""ENO1""]"	False	1.0	1	"[""ENO1""]"	0	False		1.0
GO:BP	GO:0019318	hexose metabolic process	False	1.0	1	"[""ENO1""]"	False	1.0	3	"[""ENO1"", ""G6PD"", ""LCMT1""]"	False	1.0	5	"[""BRAT1"", ""ENO1"", ""G6PD"", ""GPI"", ""LCMT1""]"	0	False		1.0
GO:BP	GO:0030902	hindbrain development	False	1.0	2	"[""CRKL"", ""PSMG1""]"	False	1.0	2	"[""CRKL"", ""PSMG1""]"	False	1.0	3	"[""CRK"", ""CRKL"", ""PSMG1""]"	0	False		1.0
GO:BP	GO:0021766	hippocampus development	False	1.0	1	"[""CRKL""]"	False	1.0	1	"[""CRKL""]"	False	1.0	2	"[""CRK"", ""CRKL""]"	0	False		1.0
GO:BP	GO:0002349	histamine production involved in inflammatory response	False	1.0	1	"[""SNAP23""]"	False	1.0	1	"[""SNAP23""]"	False	1.0	1	"[""SNAP23""]"	0	False		1.0
GO:BP	GO:0001821	histamine secretion	False	1.0	1	"[""SNAP23""]"	False	1.0	1	"[""SNAP23""]"	False	1.0	1	"[""SNAP23""]"	0	False		1.0
GO:BP	GO:0002553	histamine secretion by mast cell	False	1.0	1	"[""SNAP23""]"	False	1.0	1	"[""SNAP23""]"	False	1.0	1	"[""SNAP23""]"	0	False		1.0
GO:BP	GO:0002441	histamine secretion involved in inflammatory response	False	1.0	1	"[""SNAP23""]"	False	1.0	1	"[""SNAP23""]"	False	1.0	1	"[""SNAP23""]"	0	False		1.0
GO:BP	GO:0051608	histamine transport	False	1.0	1	"[""SNAP23""]"	False	1.0	1	"[""SNAP23""]"	False	1.0	1	"[""SNAP23""]"	0	False		1.0
GO:BP	GO:0048872	homeostasis of number of cells	False	1.0	3	"[""KRAS"", ""UBA5"", ""WDR48""]"	False	1.0	5	"[""G6PD"", ""HEATR3"", ""KRAS"", ""UBA5"", ""WDR48""]"	False	1.0	8	"[""G6PD"", ""GPI"", ""HEATR3"", ""KRAS"", ""RCOR1"", ""SP3"", ""UBA5"", ""WDR48""]"	0	False		1.0
GO:BP	GO:0048873	homeostasis of number of cells within a tissue	False	1.0	1	"[""KRAS""]"	False	1.0	1	"[""KRAS""]"	False	1.0	1	"[""KRAS""]"	0	False		1.0
GO:BP	GO:0042592	homeostatic process	False	1.0	3	"[""KRAS"", ""UBA5"", ""WDR48""]"	False	1.0	7	"[""G6PD"", ""HEATR3"", ""KRAS"", ""TRA2B"", ""UBA5"", ""VCL"", ""WDR48""]"	False	1.0	13	"[""CCDC51"", ""G6PD"", ""GPI"", ""HEATR3"", ""KRAS"", ""RCOR1"", ""RMI1"", ""SP3"", ""SV2A"", ""TRA2B"", ""UBA5"", ""VCL"", ""WDR48""]"	0	False		1.0
GO:BP	GO:0007129	homologous chromosome pairing at meiosis	False		0	[]	False		0	[]	False	1.0	1	"[""NDC1""]"	0	False		1.0
GO:BP	GO:0045143	homologous chromosome segregation	False		0	[]	False		0	[]	False	1.0	1	"[""NDC1""]"	0	False		1.0
GO:BP	GO:0035825	homologous recombination	False		0	[]	False		0	[]	False	1.0	1	"[""RMI1""]"	0	False		1.0
GO:BP	GO:0034109	homotypic cell-cell adhesion	False		0	[]	False	1.0	1	"[""VCL""]"	False	1.0	1	"[""VCL""]"	0	False		1.0
GO:BP	GO:0042445	hormone metabolic process	False		0	[]	False	1.0	1	"[""FURIN""]"	False	1.0	1	"[""FURIN""]"	0	False		1.0
GO:BP	GO:0046879	hormone secretion	False	1.0	1	"[""SNAP23""]"	False	1.0	1	"[""SNAP23""]"	False	1.0	1	"[""SNAP23""]"	0	False		1.0
GO:BP	GO:0009914	hormone transport	False	1.0	1	"[""SNAP23""]"	False	1.0	1	"[""SNAP23""]"	False	1.0	1	"[""SNAP23""]"	0	False		1.0
GO:BP	GO:0009755	hormone-mediated signaling pathway	False	1.0	2	"[""CRKL"", ""UBA5""]"	False	1.0	2	"[""CRKL"", ""UBA5""]"	False	1.0	4	"[""CNOT1"", ""CRKL"", ""RHOA"", ""UBA5""]"	0	False		1.0
GO:BP	GO:0006959	humoral immune response	False		0	[]	False		0	[]	False	1.0	1	"[""GPI""]"	0	False		1.0
GO:BP	GO:0002252	immune effector process	False	1.0	2	"[""BRD2"", ""SNAP23""]"	False	1.0	2	"[""BRD2"", ""SNAP23""]"	False	1.0	7	"[""BRD2"", ""CRK"", ""GPI"", ""SNAP23"", ""ST3GAL1"", ""TRAF2"", ""WDR1""]"	0	False		1.0
GO:BP	GO:0006955	immune response	False	1.0	4	"[""BRD2"", ""CRKL"", ""SNAP23"", ""SYNCRIP""]"	False	1.0	7	"[""BRD2"", ""CRKL"", ""FURIN"", ""LTB4R"", ""PTK2"", ""SNAP23"", ""SYNCRIP""]"	False	1.0	14	"[""BRD2"", ""CRK"", ""CRKL"", ""FURIN"", ""GPI"", ""LTB4R"", ""NFKBIA"", ""PRKRA"", ""PTK2"", ""SETD2"", ""SNAP23"", ""ST3GAL1"", ""SYNCRIP"", ""TRAF2""]"	0	False		1.0
GO:BP	GO:0002429	immune response-activating cell surface receptor signaling pathway	False	1.0	1	"[""CRKL""]"	False	1.0	2	"[""CRKL"", ""PTK2""]"	False	1.0	3	"[""CRKL"", ""NFKBIA"", ""PTK2""]"	0	False		1.0
GO:BP	GO:0002757	immune response-activating signaling pathway	False	1.0	1	"[""CRKL""]"	False	1.0	2	"[""CRKL"", ""PTK2""]"	False	1.0	3	"[""CRKL"", ""NFKBIA"", ""PTK2""]"	0	False		1.0
GO:BP	GO:0002768	immune response-regulating cell surface receptor signaling pathway	False	1.0	1	"[""CRKL""]"	False	1.0	2	"[""CRKL"", ""PTK2""]"	False	1.0	3	"[""CRKL"", ""NFKBIA"", ""PTK2""]"	0	False		1.0
GO:BP	GO:0002764	immune response-regulating signaling pathway	False	1.0	1	"[""CRKL""]"	False	1.0	2	"[""CRKL"", ""PTK2""]"	False	1.0	3	"[""CRKL"", ""NFKBIA"", ""PTK2""]"	0	False		1.0
GO:BP	GO:0002520	immune system development	False	1.0	1	"[""CRKL""]"	False	1.0	1	"[""CRKL""]"	False	1.0	1	"[""CRKL""]"	0	False		1.0
GO:BP	GO:0002376	immune system process	False	1.0	6	"[""BRD2"", ""CRKL"", ""DNM1L"", ""SNAP23"", ""SYNCRIP"", ""UBA5""]"	False	1.0	11	"[""BRD2"", ""CRKL"", ""DNM1L"", ""FURIN"", ""G6PD"", ""HEATR3"", ""LTB4R"", ""PTK2"", ""SNAP23"", ""SYNCRIP"", ""UBA5""]"	False	1.0	23	"[""BRD2"", ""CRK"", ""CRKL"", ""CTPS1"", ""DNM1L"", ""FURIN"", ""G6PD"", ""GPI"", ""HEATR3"", ""LTB4R"", ""NFKBIA"", ""PRKRA"", ""PTK2"", ""RCOR1"", ""RHOA"", ""SETD2"", ""SNAP23"", ""SP3"", ""ST3GAL1"", ""SYNCRIP"", ""TRAF2"", ""UBA5"", ""WDR1""]"	0	False		1.0
GO:BP	GO:0002377	immunoglobulin production	False		0	[]	False		0	[]	False	1.0	2	"[""GPI"", ""TRAF2""]"	0	False		1.0
GO:BP	GO:0090715	immunological memory formation process	False		0	[]	False		0	[]	False	1.0	1	"[""ST3GAL1""]"	0	False		1.0
GO:BP	GO:0090713	immunological memory process	False		0	[]	False		0	[]	False	1.0	1	"[""ST3GAL1""]"	0	False		1.0
GO:BP	GO:0098657	import into cell	False	1.0	1	"[""DNM1L""]"	False	1.0	2	"[""DNM1L"", ""PTK2""]"	False	1.0	4	"[""DNM1L"", ""ITGAV"", ""PTK2"", ""RAB15""]"	0	False		1.0
GO:BP	GO:0051170	import into nucleus	False	1.0	1	"[""HNRNPA1""]"	False	1.0	2	"[""HEATR3"", ""HNRNPA1""]"	False	1.0	3	"[""HEATR3"", ""HNRNPA1"", ""NFKBIA""]"	0	False		1.0
GO:BP	GO:0001701	in utero embryonic development	False		0	[]	False	1.0	1	"[""FURIN""]"	False	1.0	4	"[""CNOT1"", ""FURIN"", ""GPI"", ""SP3""]"	0	False		1.0
GO:BP	GO:0006954	inflammatory response	False	1.0	1	"[""SNAP23""]"	False	1.0	3	"[""FURIN"", ""LTB4R"", ""SNAP23""]"	False	1.0	5	"[""FURIN"", ""LTB4R"", ""NFKBIA"", ""SNAP23"", ""WDR83""]"	0	False		1.0
GO:BP	GO:0002437	inflammatory response to antigenic stimulus	False		0	[]	False	1.0	1	"[""FURIN""]"	False	1.0	1	"[""FURIN""]"	0	False		1.0
GO:BP	GO:0090594	inflammatory response to wounding	False		0	[]	False		0	[]	False	1.0	1	"[""WDR83""]"	0	False		1.0
GO:BP	GO:0045087	innate immune response	False	1.0	1	"[""SYNCRIP""]"	False	1.0	1	"[""SYNCRIP""]"	False	1.0	6	"[""CRK"", ""NFKBIA"", ""PRKRA"", ""SETD2"", ""SYNCRIP"", ""TRAF2""]"	0	False		1.0
GO:BP	GO:0002220	innate immune response activating cell surface receptor signaling pathway	False		0	[]	False		0	[]	False	1.0	1	"[""NFKBIA""]"	0	False		1.0
GO:BP	GO:0002758	innate immune response-activating signaling pathway	False		0	[]	False		0	[]	False	1.0	1	"[""NFKBIA""]"	0	False		1.0
GO:BP	GO:0007007	inner mitochondrial membrane organization	False	1.0	1	"[""COX18""]"	False	1.0	1	"[""COX18""]"	False	1.0	1	"[""COX18""]"	0	False		1.0
GO:BP	GO:0098771	inorganic ion homeostasis	False		0	[]	False		0	[]	False	1.0	1	"[""SV2A""]"	0	False		1.0
GO:BP	GO:0140467	integrated stress response signaling	False		0	[]	False		0	[]	False	1.0	1	"[""GCN1""]"	0	False		1.0
GO:BP	GO:0033622	integrin activation	False		0	[]	False		0	[]	False	1.0	1	"[""FERMT2""]"	0	False		1.0
GO:BP	GO:0007229	integrin-mediated signaling pathway	False		0	[]	False	1.0	2	"[""ITGB5"", ""PTK2""]"	False	1.0	4	"[""FERMT2"", ""ITGAV"", ""ITGB5"", ""PTK2""]"	0	False		1.0
GO:BP	GO:0032607	interferon-alpha production	False		0	[]	False		0	[]	False	1.0	1	"[""SETD2""]"	0	False		1.0
GO:BP	GO:0070498	interleukin-1-mediated signaling pathway	False		0	[]	False		0	[]	False	1.0	1	"[""NFKBIA""]"	0	False		1.0
GO:BP	GO:0097400	interleukin-17-mediated signaling pathway	False		0	[]	False		0	[]	False	1.0	1	"[""TRAF2""]"	0	False		1.0
GO:BP	GO:0032623	interleukin-2 production	False		0	[]	False		0	[]	False	1.0	1	"[""TRAF2""]"	0	False		1.0
GO:BP	GO:0006874	intracellular calcium ion homeostasis	False		0	[]	False		0	[]	False	1.0	1	"[""SV2A""]"	0	False		1.0
GO:BP	GO:0055082	intracellular chemical homeostasis	False		0	[]	False	1.0	1	"[""TRA2B""]"	False	1.0	2	"[""SV2A"", ""TRA2B""]"	0	False		1.0
GO:BP	GO:0048312	intracellular distribution of mitochondria	False	1.0	1	"[""DNM1L""]"	False	1.0	1	"[""DNM1L""]"	False	1.0	1	"[""DNM1L""]"	0	False		1.0
GO:BP	GO:0001678	intracellular glucose homeostasis	False		0	[]	False	1.0	1	"[""TRA2B""]"	False	1.0	1	"[""TRA2B""]"	0	False		1.0
GO:BP	GO:0030003	intracellular monoatomic cation homeostasis	False		0	[]	False		0	[]	False	1.0	1	"[""SV2A""]"	0	False		1.0
GO:BP	GO:0006873	intracellular monoatomic ion homeostasis	False		0	[]	False		0	[]	False	1.0	1	"[""SV2A""]"	0	False		1.0
GO:BP	GO:0008104	intracellular protein localization	False	1.0	7	"[""ARL4A"", ""BRD2"", ""COX18"", ""CRKL"", ""DNM1L"", ""EFR3A"", ""SNAP23""]"	False	1.0	16	"[""ARL4A"", ""BRD2"", ""COX18"", ""CRKL"", ""DNM1L"", ""EFR3A"", ""EMC1"", ""EMC7"", ""HEATR3"", ""HSP90AB1"", ""MON2"", ""ODR4"", ""SEC62"", ""SNAP23"", ""VCL"", ""WASHC2C""]"	False	1.0	26	"[""AIFM1"", ""ARL4A"", ""B3GAT3"", ""BRD2"", ""COX18"", ""CRK"", ""CRKL"", ""DERL2"", ""DNM1L"", ""EFR3A"", ""EMC1"", ""EMC7"", ""FERMT2"", ""HEATR3"", ""HSP90AB1"", ""MON2"", ""NDC1"", ""NFKBIA"", ""NUP42"", ""ODR4"", ""RAB15"", ""SEC62"", ""SETD2"", ""SNAP23"", ""VCL"", ""WASHC2C""]"	0	False		1.0
GO:BP	GO:0065002	intracellular protein transmembrane transport	False		0	[]	False	1.0	1	"[""SEC62""]"	False	1.0	1	"[""SEC62""]"	0	False		1.0
GO:BP	GO:0006886	intracellular protein transport	False	1.0	1	"[""ARL4A""]"	False	1.0	3	"[""ARL4A"", ""HEATR3"", ""SEC62""]"	False	1.0	7	"[""ARL4A"", ""B3GAT3"", ""DERL2"", ""HEATR3"", ""NFKBIA"", ""NUP42"", ""SEC62""]"	0	False		1.0
GO:BP	GO:0030522	intracellular receptor signaling pathway	False	1.0	2	"[""CRKL"", ""UBA5""]"	False	1.0	2	"[""CRKL"", ""UBA5""]"	False	1.0	5	"[""CNOT1"", ""CRKL"", ""NFKBIA"", ""RHOA"", ""UBA5""]"	0	False		1.0
GO:BP	GO:0035556	intracellular signal transduction	False	1.0	6	"[""CRKL"", ""ENO1"", ""FIS1"", ""KRAS"", ""MLST8"", ""UBA5""]"	False	1.0	10	"[""CRKL"", ""DOCK5"", ""ENO1"", ""FIS1"", ""KRAS"", ""LCMT1"", ""MLST8"", ""PTK2"", ""SLC35B2"", ""UBA5""]"	False	1.0	24	"[""AIFM1"", ""CNOT1"", ""CRK"", ""CRKL"", ""DERL2"", ""DOCK5"", ""ENO1"", ""FERMT2"", ""FIS1"", ""GCN1"", ""ITGAV"", ""KRAS"", ""LCMT1"", ""MLST8"", ""NFKBIA"", ""PRKRA"", ""PTK2"", ""RAB15"", ""RHOA"", ""SLC35B2"", ""TNS3"", ""TRAF2"", ""UBA5"", ""WDR83""]"	0	False		1.0
GO:BP	GO:0141124	intracellular signaling cassette	False	1.0	2	"[""CRKL"", ""KRAS""]"	False	1.0	5	"[""CRKL"", ""DOCK5"", ""KRAS"", ""PTK2"", ""SLC35B2""]"	False	1.0	15	"[""CRK"", ""CRKL"", ""DOCK5"", ""FERMT2"", ""GCN1"", ""ITGAV"", ""KRAS"", ""NFKBIA"", ""PTK2"", ""RAB15"", ""RHOA"", ""SLC35B2"", ""TNS3"", ""TRAF2"", ""WDR83""]"	0	False		1.0
GO:BP	GO:0046907	intracellular transport	False	1.0	2	"[""ARL4A"", ""HNRNPA1""]"	False	1.0	7	"[""ARL4A"", ""HEATR3"", ""HNRNPA1"", ""KIF4A"", ""MON2"", ""SEC62"", ""WASHC2C""]"	False	1.0	15	"[""ARL4A"", ""B3GAT3"", ""DERL2"", ""HEATR3"", ""HNRNPA1"", ""IWS1"", ""KIF4A"", ""MGRN1"", ""MON2"", ""NDC1"", ""NFKBIA"", ""NUP42"", ""SEC62"", ""SETD2"", ""WASHC2C""]"	0	False		1.0
GO:BP	GO:0097193	intrinsic apoptotic signaling pathway	False	1.0	2	"[""ENO1"", ""FIS1""]"	False	1.0	2	"[""ENO1"", ""FIS1""]"	False	1.0	5	"[""AIFM1"", ""ENO1"", ""FIS1"", ""PRKRA"", ""TRAF2""]"	0	False		1.0
GO:BP	GO:0070059	intrinsic apoptotic signaling pathway in response to endoplasmic reticulum stress	False		0	[]	False		0	[]	False	1.0	2	"[""AIFM1"", ""TRAF2""]"	0	False		1.0
GO:BP	GO:1990144	intrinsic apoptotic signaling pathway in response to hypoxia	False	1.0	1	"[""ENO1""]"	False	1.0	1	"[""ENO1""]"	False	1.0	1	"[""ENO1""]"	0	False		1.0
GO:BP	GO:0008299	isoprenoid biosynthetic process	False		0	[]	False	1.0	1	"[""DOLK""]"	False	1.0	1	"[""DOLK""]"	0	False		1.0
GO:BP	GO:0006720	isoprenoid metabolic process	False		0	[]	False	1.0	1	"[""DOLK""]"	False	1.0	1	"[""DOLK""]"	0	False		1.0
GO:BP	GO:0018146	keratan sulfate proteoglycan biosynthetic process	False		0	[]	False		0	[]	False	1.0	1	"[""ST3GAL1""]"	0	False		1.0
GO:BP	GO:0042339	keratan sulfate proteoglycan metabolic process	False		0	[]	False		0	[]	False	1.0	1	"[""ST3GAL1""]"	0	False		1.0
GO:BP	GO:0042181	ketone biosynthetic process	False	1.0	1	"[""UBIAD1""]"	False	1.0	1	"[""UBIAD1""]"	False	1.0	1	"[""UBIAD1""]"	0	False		1.0
GO:BP	GO:0042180	ketone metabolic process	False	1.0	1	"[""UBIAD1""]"	False	1.0	1	"[""UBIAD1""]"	False	1.0	1	"[""UBIAD1""]"	0	False		1.0
GO:BP	GO:0001822	kidney development	False		0	[]	False		0	[]	False	1.0	1	"[""RHOA""]"	0	False		1.0
GO:BP	GO:0030032	lamellipodium assembly	False		0	[]	False	1.0	1	"[""VCL""]"	False	1.0	1	"[""VCL""]"	0	False		1.0
GO:BP	GO:0097581	lamellipodium organization	False		0	[]	False	1.0	1	"[""VCL""]"	False	1.0	1	"[""VCL""]"	0	False		1.0
GO:BP	GO:0007612	learning	False	1.0	1	"[""KRAS""]"	False	1.0	1	"[""KRAS""]"	False	1.0	1	"[""KRAS""]"	0	False		1.0
GO:BP	GO:0007611	learning or memory	False	1.0	1	"[""KRAS""]"	False	1.0	1	"[""KRAS""]"	False	1.0	2	"[""GPI"", ""KRAS""]"	0	False		1.0
GO:BP	GO:0045321	leukocyte activation	False	1.0	2	"[""BRD2"", ""SNAP23""]"	False	1.0	2	"[""BRD2"", ""SNAP23""]"	False	1.0	7	"[""BRD2"", ""CTPS1"", ""RHOA"", ""SNAP23"", ""SP3"", ""ST3GAL1"", ""TRAF2""]"	0	False		1.0
GO:BP	GO:0002366	leukocyte activation involved in immune response	False	1.0	2	"[""BRD2"", ""SNAP23""]"	False	1.0	2	"[""BRD2"", ""SNAP23""]"	False	1.0	3	"[""BRD2"", ""SNAP23"", ""ST3GAL1""]"	0	False		1.0
GO:BP	GO:0061756	leukocyte adhesion to vascular endothelial cell	False		0	[]	False		0	[]	False	1.0	1	"[""RHOA""]"	0	False		1.0
GO:BP	GO:0071887	leukocyte apoptotic process	False	1.0	1	"[""CRKL""]"	False	1.0	1	"[""CRKL""]"	False	1.0	2	"[""CRKL"", ""ST3GAL1""]"	0	False		1.0
GO:BP	GO:0007159	leukocyte cell-cell adhesion	False	1.0	1	"[""BRD2""]"	False	1.0	1	"[""BRD2""]"	False	1.0	2	"[""BRD2"", ""RHOA""]"	0	False		1.0
GO:BP	GO:0030595	leukocyte chemotaxis	False	1.0	1	"[""DNM1L""]"	False	1.0	2	"[""DNM1L"", ""PTK2""]"	False	1.0	2	"[""DNM1L"", ""PTK2""]"	0	False		1.0
GO:BP	GO:0043299	leukocyte degranulation	False	1.0	1	"[""SNAP23""]"	False	1.0	1	"[""SNAP23""]"	False	1.0	1	"[""SNAP23""]"	0	False		1.0
GO:BP	GO:0002521	leukocyte differentiation	False	1.0	1	"[""BRD2""]"	False	1.0	1	"[""BRD2""]"	False	1.0	4	"[""BRD2"", ""RHOA"", ""SP3"", ""ST3GAL1""]"	0	False		1.0
GO:BP	GO:0001909	leukocyte mediated cytotoxicity	False		0	[]	False		0	[]	False	1.0	1	"[""CRK""]"	0	False		1.0
GO:BP	GO:0002443	leukocyte mediated immunity	False	1.0	1	"[""SNAP23""]"	False	1.0	1	"[""SNAP23""]"	False	1.0	4	"[""CRK"", ""SNAP23"", ""TRAF2"", ""WDR1""]"	0	False		1.0
GO:BP	GO:0050900	leukocyte migration	False	1.0	2	"[""CRKL"", ""DNM1L""]"	False	1.0	3	"[""CRKL"", ""DNM1L"", ""PTK2""]"	False	1.0	6	"[""CRK"", ""CRKL"", ""DNM1L"", ""PTK2"", ""RHOA"", ""WDR1""]"	0	False		1.0
GO:BP	GO:0070661	leukocyte proliferation	False		0	[]	False	1.0	1	"[""PTK2""]"	False	1.0	2	"[""CTPS1"", ""PTK2""]"	0	False		1.0
GO:BP	GO:0061737	leukotriene signaling pathway	False		0	[]	False	1.0	1	"[""LTB4R""]"	False	1.0	1	"[""LTB4R""]"	0	False		1.0
GO:BP	GO:0060173	limb development	False		0	[]	False		0	[]	False	1.0	1	"[""FERMT2""]"	0	False		1.0
GO:BP	GO:0021761	limbic system development	False	1.0	1	"[""CRKL""]"	False	1.0	1	"[""CRKL""]"	False	1.0	2	"[""CRK"", ""CRKL""]"	0	False		1.0
GO:BP	GO:0008610	lipid biosynthetic process	False	1.0	3	"[""EFR3A"", ""FDXR"", ""MLST8""]"	False	1.0	5	"[""DOLK"", ""EFR3A"", ""FDXR"", ""G6PD"", ""MLST8""]"	False	1.0	6	"[""DOLK"", ""EFR3A"", ""FDXR"", ""G6PD"", ""MLST8"", ""PIGL""]"	0	False		1.0
GO:BP	GO:0010876	lipid localization	False	1.0	1	"[""FIS1""]"	False	1.0	2	"[""FIS1"", ""FURIN""]"	False	1.0	4	"[""FIS1"", ""FURIN"", ""ITGAV"", ""NFKBIA""]"	0	False		1.0
GO:BP	GO:0006629	lipid metabolic process	False	1.0	4	"[""CRKL"", ""EFR3A"", ""FDXR"", ""MLST8""]"	False	1.0	6	"[""CRKL"", ""DOLK"", ""EFR3A"", ""FDXR"", ""G6PD"", ""MLST8""]"	False	1.0	9	"[""CRK"", ""CRKL"", ""DOLK"", ""EFR3A"", ""FDXR"", ""G6PD"", ""MLST8"", ""PIGL"", ""ST3GAL1""]"	0	False		1.0
GO:BP	GO:0019915	lipid storage	False		0	[]	False		0	[]	False	1.0	2	"[""ITGAV"", ""NFKBIA""]"	0	False		1.0
GO:BP	GO:0006869	lipid transport	False	1.0	1	"[""FIS1""]"	False	1.0	2	"[""FIS1"", ""FURIN""]"	False	1.0	4	"[""FIS1"", ""FURIN"", ""ITGAV"", ""NFKBIA""]"	0	False		1.0
GO:BP	GO:0031663	lipopolysaccharide-mediated signaling pathway	False		0	[]	False		0	[]	False	1.0	1	"[""NFKBIA""]"	0	False		1.0
GO:BP	GO:0042157	lipoprotein metabolic process	False		0	[]	False		0	[]	False	1.0	1	"[""ITGAV""]"	0	False		1.0
GO:BP	GO:1903509	liposaccharide metabolic process	False		0	[]	False	1.0	1	"[""DOLK""]"	False	1.0	2	"[""DOLK"", ""PIGL""]"	0	False		1.0
GO:BP	GO:0001889	liver development	False		0	[]	False		0	[]	False	1.0	1	"[""SP3""]"	0	False		1.0
GO:BP	GO:0051179	localization	False	1.0	10	"[""ARL4A"", ""ATP5ME"", ""BRD2"", ""COX18"", ""CRKL"", ""DNM1L"", ""EFR3A"", ""FIS1"", ""HNRNPA1"", ""SNAP23""]"	False	1.0	26	"[""ARL4A"", ""ATP5ME"", ""BRD2"", ""COX18"", ""CRKL"", ""CYC1"", ""DNM1L"", ""EFR3A"", ""EMC1"", ""EMC7"", ""FIS1"", ""FURIN"", ""G6PD"", ""HEATR3"", ""HNRNPA1"", ""HSP90AB1"", ""KIF4A"", ""MON2"", ""ODR4"", ""PTK2"", ""SEC62"", ""SLC25A26"", ""SLC35B2"", ""SNAP23"", ""VCL"", ""WASHC2C""]"	False	1.0	42	"[""AIFM1"", ""ARL4A"", ""ATP5ME"", ""B3GAT3"", ""BRAT1"", ""BRD2"", ""CCDC51"", ""COX18"", ""CRK"", ""CRKL"", ""CYC1"", ""DERL2"", ""DNM1L"", ""EFR3A"", ""EMC1"", ""EMC7"", ""FERMT2"", ""FIS1"", ""FURIN"", ""G6PD"", ""HEATR3"", ""HNRNPA1"", ""HSP90AB1"", ""ITGAV"", ""IWS1"", ""KIF4A"", ""MGRN1"", ""MON2"", ""NDC1"", ""NFKBIA"", ""NUP42"", ""ODR4"", ""PTK2"", ""RAB15"", ""SEC62"", ""SETD2"", ""SLC25A26"", ""SLC35B2"", ""SNAP23"", ""SV2A"", ""VCL"", ""WASHC2C""]"	0	False		1.0
GO:BP	GO:0051668	localization within membrane	False	1.0	3	"[""COX18"", ""CRKL"", ""EFR3A""]"	False	1.0	7	"[""COX18"", ""CRKL"", ""EFR3A"", ""EMC1"", ""EMC7"", ""SEC62"", ""WASHC2C""]"	False	1.0	10	"[""COX18"", ""CRK"", ""CRKL"", ""EFR3A"", ""EMC1"", ""EMC7"", ""FERMT2"", ""NDC1"", ""SEC62"", ""WASHC2C""]"	0	False		1.0
GO:BP	GO:0040011	locomotion	False	1.0	2	"[""CRKL"", ""DNM1L""]"	False	1.0	5	"[""CRKL"", ""DNM1L"", ""DOCK5"", ""PTK2"", ""VCL""]"	False	1.0	12	"[""CCAR1"", ""CRK"", ""CRKL"", ""DNM1L"", ""DOCK5"", ""FERMT2"", ""GPI"", ""ITGAV"", ""PTK2"", ""RHOA"", ""VCL"", ""WDR1""]"	0	False		1.0
GO:BP	GO:0032802	low-density lipoprotein particle receptor catabolic process	False		0	[]	False	1.0	1	"[""FURIN""]"	False	1.0	1	"[""FURIN""]"	0	False		1.0
GO:BP	GO:0032799	low-density lipoprotein receptor particle metabolic process	False		0	[]	False	1.0	1	"[""FURIN""]"	False	1.0	1	"[""FURIN""]"	0	False		1.0
GO:BP	GO:0060479	lung cell differentiation	False	1.0	1	"[""KRAS""]"	False	1.0	1	"[""KRAS""]"	False	1.0	1	"[""KRAS""]"	0	False		1.0
GO:BP	GO:0030324	lung development	False	1.0	1	"[""KRAS""]"	False	1.0	1	"[""KRAS""]"	False	1.0	2	"[""KRAS"", ""SP3""]"	0	False		1.0
GO:BP	GO:0060487	lung epithelial cell differentiation	False	1.0	1	"[""KRAS""]"	False	1.0	1	"[""KRAS""]"	False	1.0	1	"[""KRAS""]"	0	False		1.0
GO:BP	GO:0060428	lung epithelium development	False	1.0	1	"[""KRAS""]"	False	1.0	1	"[""KRAS""]"	False	1.0	1	"[""KRAS""]"	0	False		1.0
GO:BP	GO:0060425	lung morphogenesis	False	1.0	1	"[""KRAS""]"	False	1.0	1	"[""KRAS""]"	False	1.0	1	"[""KRAS""]"	0	False		1.0
GO:BP	GO:0046649	lymphocyte activation	False	1.0	1	"[""BRD2""]"	False	1.0	1	"[""BRD2""]"	False	1.0	6	"[""BRD2"", ""CTPS1"", ""RHOA"", ""SP3"", ""ST3GAL1"", ""TRAF2""]"	0	False		1.0
GO:BP	GO:0002285	lymphocyte activation involved in immune response	False	1.0	1	"[""BRD2""]"	False	1.0	1	"[""BRD2""]"	False	1.0	2	"[""BRD2"", ""ST3GAL1""]"	0	False		1.0
GO:BP	GO:0070227	lymphocyte apoptotic process	False	1.0	1	"[""CRKL""]"	False	1.0	1	"[""CRKL""]"	False	1.0	2	"[""CRKL"", ""ST3GAL1""]"	0	False		1.0
GO:BP	GO:0030098	lymphocyte differentiation	False	1.0	1	"[""BRD2""]"	False	1.0	1	"[""BRD2""]"	False	1.0	4	"[""BRD2"", ""RHOA"", ""SP3"", ""ST3GAL1""]"	0	False		1.0
GO:BP	GO:0002449	lymphocyte mediated immunity	False		0	[]	False		0	[]	False	1.0	2	"[""CRK"", ""TRAF2""]"	0	False		1.0
GO:BP	GO:0072676	lymphocyte migration	False	1.0	1	"[""CRKL""]"	False	1.0	1	"[""CRKL""]"	False	1.0	3	"[""CRK"", ""CRKL"", ""RHOA""]"	0	False		1.0
GO:BP	GO:0046651	lymphocyte proliferation	False		0	[]	False		0	[]	False	1.0	1	"[""CTPS1""]"	0	False		1.0
GO:BP	GO:0007041	lysosomal transport	False		0	[]	False		0	[]	False	1.0	1	"[""MGRN1""]"	0	False		1.0
GO:BP	GO:0032418	lysosome localization	False	1.0	1	"[""SNAP23""]"	False	1.0	1	"[""SNAP23""]"	False	1.0	1	"[""SNAP23""]"	0	False		1.0
GO:BP	GO:0006402	mRNA catabolic process	False	1.0	1	"[""SYNCRIP""]"	False	1.0	2	"[""SERBP1"", ""SYNCRIP""]"	False	1.0	5	"[""CNOT1"", ""RBM10"", ""SERBP1"", ""SYNCRIP"", ""TRAF2""]"	0	False		1.0
GO:BP	GO:0061157	mRNA destabilization	False	1.0	1	"[""SYNCRIP""]"	False	1.0	1	"[""SYNCRIP""]"	False	1.0	2	"[""CNOT1"", ""SYNCRIP""]"	0	False		1.0
GO:BP	GO:0006406	mRNA export from nucleus	False		0	[]	False		0	[]	False	1.0	2	"[""IWS1"", ""SETD2""]"	0	False		1.0
GO:BP	GO:0016071	mRNA metabolic process	False	1.0	3	"[""HNRNPA1"", ""SNRPB2"", ""SYNCRIP""]"	False	1.0	5	"[""HNRNPA1"", ""SERBP1"", ""SNRPB2"", ""SYNCRIP"", ""TRA2B""]"	False	1.0	10	"[""CNOT1"", ""HNRNPA1"", ""IWS1"", ""RBM10"", ""SERBP1"", ""SNRPB2"", ""SYNCRIP"", ""TRA2B"", ""TRAF2"", ""WDR83""]"	0	False		1.0
GO:BP	GO:0016556	mRNA modification	False	1.0	1	"[""SYNCRIP""]"	False	1.0	1	"[""SYNCRIP""]"	False	1.0	1	"[""SYNCRIP""]"	0	False		1.0
GO:BP	GO:0006397	mRNA processing	False	1.0	3	"[""HNRNPA1"", ""SNRPB2"", ""SYNCRIP""]"	False	1.0	4	"[""HNRNPA1"", ""SNRPB2"", ""SYNCRIP"", ""TRA2B""]"	False	1.0	7	"[""HNRNPA1"", ""IWS1"", ""RBM10"", ""SNRPB2"", ""SYNCRIP"", ""TRA2B"", ""WDR83""]"	0	False		1.0
GO:BP	GO:0000398	mRNA splicing, via spliceosome	False	1.0	3	"[""HNRNPA1"", ""SNRPB2"", ""SYNCRIP""]"	False	1.0	4	"[""HNRNPA1"", ""SNRPB2"", ""SYNCRIP"", ""TRA2B""]"	False	1.0	6	"[""HNRNPA1"", ""RBM10"", ""SNRPB2"", ""SYNCRIP"", ""TRA2B"", ""WDR83""]"	0	False		1.0
GO:BP	GO:0048255	mRNA stabilization	False	1.0	1	"[""SYNCRIP""]"	False	1.0	1	"[""SYNCRIP""]"	False	1.0	3	"[""RBM10"", ""SYNCRIP"", ""TRAF2""]"	0	False		1.0
GO:BP	GO:0051028	mRNA transport	False	1.0	1	"[""HNRNPA1""]"	False	1.0	1	"[""HNRNPA1""]"	False	1.0	5	"[""HNRNPA1"", ""IWS1"", ""NDC1"", ""NUP42"", ""SETD2""]"	0	False		1.0
GO:BP	GO:0016236	macroautophagy	False	1.0	2	"[""DNM1L"", ""UBA5""]"	False	1.0	2	"[""DNM1L"", ""UBA5""]"	False	1.0	2	"[""DNM1L"", ""UBA5""]"	0	False		1.0
GO:BP	GO:0009059	macromolecule biosynthetic process	False	1.0	13	"[""BRD2"", ""CRKL"", ""DNM1L"", ""EAF1"", ""ENO1"", ""HNRNPA1"", ""KRAS"", ""MRPS12"", ""MRPS6"", ""SNRPB2"", ""SYNCRIP"", ""UBA5"", ""ZNF217""]"	False	1.0	21	"[""BRD2"", ""CRKL"", ""DNM1L"", ""DOLK"", ""EAF1"", ""ENO1"", ""FURIN"", ""HNRNPA1"", ""HSP90AB1"", ""ING3"", ""KRAS"", ""MRPS12"", ""MRPS6"", ""SERBP1"", ""SNRPB2"", ""SYNCRIP"", ""TARS2"", ""TGIF1"", ""TRA2B"", ""UBA5"", ""ZNF217""]"	False	1.0	51	"[""AIFM1"", ""ALG8"", ""B3GAT3"", ""BRD2"", ""CCAR1"", ""CNOT1"", ""CRK"", ""CRKL"", ""DNM1L"", ""DOLK"", ""EAF1"", ""ENO1"", ""FOXO3B"", ""FURIN"", ""GCN1"", ""GPI"", ""HNRNPA1"", ""HSP90AB1"", ""HSPA13"", ""ING3"", ""ITGAV"", ""IWS1"", ""KRAS"", ""MED24"", ""MRPL53"", ""MRPS12"", ""MRPS2"", ""MRPS6"", ""MTFMT"", ""NACC1"", ""NFKBIA"", ""PIGL"", ""PRKRA"", ""RBM10"", ""RBM12"", ""RCOR1"", ""RHOA"", ""SERBP1"", ""SETD2"", ""SNRPB2"", ""SP3"", ""ST3GAL1"", ""SYNCRIP"", ""TARS2"", ""TGIF1"", ""TRA2B"", ""TRAF2"", ""UBA5"", ""WDR83"", ""ZNF217"", ""ZNF687""]"	0	False		1.0
GO:BP	GO:0009057	macromolecule catabolic process	False	1.0	1	"[""SYNCRIP""]"	False	1.0	6	"[""FURIN"", ""HSP90AB1"", ""PTK2"", ""RNASEH2A"", ""SERBP1"", ""SYNCRIP""]"	False	1.0	12	"[""CCAR1"", ""CNOT1"", ""DERL2"", ""FURIN"", ""HSP90AB1"", ""PTK2"", ""RBM10"", ""RNASEH2A"", ""RNASEH2C"", ""SERBP1"", ""SYNCRIP"", ""TRAF2""]"	0	False		1.0
GO:BP	GO:0033036	macromolecule localization	False	1.0	9	"[""ARL4A"", ""BRD2"", ""COX18"", ""CRKL"", ""DNM1L"", ""EFR3A"", ""FIS1"", ""HNRNPA1"", ""SNAP23""]"	False	1.0	19	"[""ARL4A"", ""BRD2"", ""COX18"", ""CRKL"", ""DNM1L"", ""EFR3A"", ""EMC1"", ""EMC7"", ""FIS1"", ""FURIN"", ""HEATR3"", ""HNRNPA1"", ""HSP90AB1"", ""MON2"", ""ODR4"", ""SEC62"", ""SNAP23"", ""VCL"", ""WASHC2C""]"	False	1.0	31	"[""AIFM1"", ""ARL4A"", ""B3GAT3"", ""BRD2"", ""COX18"", ""CRK"", ""CRKL"", ""DERL2"", ""DNM1L"", ""EFR3A"", ""EMC1"", ""EMC7"", ""FERMT2"", ""FIS1"", ""FURIN"", ""HEATR3"", ""HNRNPA1"", ""HSP90AB1"", ""ITGAV"", ""IWS1"", ""MON2"", ""NDC1"", ""NFKBIA"", ""NUP42"", ""ODR4"", ""RAB15"", ""SEC62"", ""SETD2"", ""SNAP23"", ""VCL"", ""WASHC2C""]"	0	False		1.0
GO:BP	GO:0043170	macromolecule metabolic process	False	1.0	15	"[""BRD2"", ""CRKL"", ""DNM1L"", ""EAF1"", ""ENO1"", ""HNRNPA1"", ""KRAS"", ""MIPEP"", ""MRPS12"", ""MRPS6"", ""SNRPB2"", ""SYNCRIP"", ""UBA5"", ""WDR48"", ""ZNF217""]"	False	1.0	27	"[""BRD2"", ""CRKL"", ""DNM1L"", ""DOLK"", ""EAF1"", ""ENO1"", ""FURIN"", ""HNRNPA1"", ""HSP90AB1"", ""ING3"", ""KRAS"", ""LCMT1"", ""MIPEP"", ""MRPS12"", ""MRPS6"", ""PTK2"", ""RNASEH2A"", ""SERBP1"", ""SLC25A26"", ""SNRPB2"", ""SYNCRIP"", ""TARS2"", ""TGIF1"", ""TRA2B"", ""UBA5"", ""WDR48"", ""ZNF217""]"	False	1.0	64	"[""AIFM1"", ""ALG8"", ""APEX2"", ""B3GAT3"", ""BRAT1"", ""BRD2"", ""CCAR1"", ""CNOT1"", ""CRK"", ""CRKL"", ""DERL2"", ""DNM1L"", ""DOLK"", ""DPH5"", ""EAF1"", ""ENO1"", ""FOXO3B"", ""FURIN"", ""GCN1"", ""GPI"", ""HNRNPA1"", ""HSP90AB1"", ""HSPA13"", ""ING3"", ""ITGAV"", ""IWS1"", ""KRAS"", ""LCMT1"", ""MED24"", ""MGRN1"", ""MIPEP"", ""MRPL53"", ""MRPS12"", ""MRPS2"", ""MRPS6"", ""MTFMT"", ""NACC1"", ""NFKBIA"", ""PIGL"", ""PRKRA"", ""PTK2"", ""RBM10"", ""RBM12"", ""RCOR1"", ""RHOA"", ""RMI1"", ""RNASEH2A"", ""RNASEH2C"", ""SERBP1"", ""SETD2"", ""SLC25A26"", ""SNRPB2"", ""SP3"", ""ST3GAL1"", ""SYNCRIP"", ""TARS2"", ""TGIF1"", ""TRA2B"", ""TRAF2"", ""UBA5"", ""WDR48"", ""WDR83"", ""ZNF217"", ""ZNF687""]"	0	False		1.0
GO:BP	GO:0043414	macromolecule methylation	False		0	[]	False	1.0	2	"[""LCMT1"", ""SLC25A26""]"	False	1.0	3	"[""LCMT1"", ""SETD2"", ""SLC25A26""]"	0	False		1.0
GO:BP	GO:0043412	macromolecule modification	False	1.0	3	"[""SYNCRIP"", ""UBA5"", ""WDR48""]"	False	1.0	7	"[""HSP90AB1"", ""LCMT1"", ""PTK2"", ""SLC25A26"", ""SYNCRIP"", ""UBA5"", ""WDR48""]"	False	1.0	16	"[""BRAT1"", ""CCAR1"", ""DPH5"", ""HSP90AB1"", ""LCMT1"", ""MGRN1"", ""MTFMT"", ""PTK2"", ""RHOA"", ""SETD2"", ""SLC25A26"", ""ST3GAL1"", ""SYNCRIP"", ""TRAF2"", ""UBA5"", ""WDR48""]"	0	False		1.0
GO:BP	GO:0048246	macrophage chemotaxis	False		0	[]	False	1.0	1	"[""PTK2""]"	False	1.0	1	"[""PTK2""]"	0	False		1.0
GO:BP	GO:0010742	macrophage derived foam cell differentiation	False		0	[]	False		0	[]	False	1.0	2	"[""ITGAV"", ""NFKBIA""]"	0	False		1.0
GO:BP	GO:1905517	macrophage migration	False		0	[]	False	1.0	1	"[""PTK2""]"	False	1.0	1	"[""PTK2""]"	0	False		1.0
GO:BP	GO:0061517	macrophage proliferation	False		0	[]	False	1.0	1	"[""PTK2""]"	False	1.0	1	"[""PTK2""]"	0	False		1.0
GO:BP	GO:0035090	maintenance of apical/basal cell polarity	False		0	[]	False		0	[]	False	1.0	1	"[""WDR1""]"	0	False		1.0
GO:BP	GO:0002034	maintenance of blood vessel diameter homeostasis by renin-angiotensin	False		0	[]	False		0	[]	False	1.0	1	"[""RHOA""]"	0	False		1.0
GO:BP	GO:0035633	maintenance of blood-brain barrier	False		0	[]	False	1.0	1	"[""VCL""]"	False	1.0	1	"[""VCL""]"	0	False		1.0
GO:BP	GO:0098727	maintenance of cell number	False		0	[]	False		0	[]	False	1.0	1	"[""CNOT1""]"	0	False		1.0
GO:BP	GO:0030011	maintenance of cell polarity	False		0	[]	False		0	[]	False	1.0	1	"[""WDR1""]"	0	False		1.0
GO:BP	GO:0045199	maintenance of epithelial cell apical/basal polarity	False		0	[]	False		0	[]	False	1.0	1	"[""WDR1""]"	0	False		1.0
GO:BP	GO:0048232	male gamete generation	False	1.0	3	"[""BRD2"", ""CRKL"", ""WDR48""]"	False	1.0	3	"[""BRD2"", ""CRKL"", ""WDR48""]"	False	1.0	4	"[""BRD2"", ""CRKL"", ""NDC1"", ""WDR48""]"	0	False		1.0
GO:BP	GO:0008584	male gonad development	False	1.0	2	"[""CRKL"", ""WDR48""]"	False	1.0	2	"[""CRKL"", ""WDR48""]"	False	1.0	2	"[""CRKL"", ""WDR48""]"	0	False		1.0
GO:BP	GO:0046661	male sex differentiation	False	1.0	2	"[""CRKL"", ""WDR48""]"	False	1.0	2	"[""CRKL"", ""WDR48""]"	False	1.0	2	"[""CRKL"", ""WDR48""]"	0	False		1.0
GO:BP	GO:0045576	mast cell activation	False	1.0	1	"[""SNAP23""]"	False	1.0	1	"[""SNAP23""]"	False	1.0	1	"[""SNAP23""]"	0	False		1.0
GO:BP	GO:0002279	mast cell activation involved in immune response	False	1.0	1	"[""SNAP23""]"	False	1.0	1	"[""SNAP23""]"	False	1.0	1	"[""SNAP23""]"	0	False		1.0
GO:BP	GO:0043303	mast cell degranulation	False	1.0	1	"[""SNAP23""]"	False	1.0	1	"[""SNAP23""]"	False	1.0	1	"[""SNAP23""]"	0	False		1.0
GO:BP	GO:0002448	mast cell mediated immunity	False	1.0	1	"[""SNAP23""]"	False	1.0	1	"[""SNAP23""]"	False	1.0	1	"[""SNAP23""]"	0	False		1.0
GO:BP	GO:0002335	mature B cell differentiation	False		0	[]	False		0	[]	False	1.0	1	"[""ST3GAL1""]"	0	False		1.0
GO:BP	GO:0002313	mature B cell differentiation involved in immune response	False		0	[]	False		0	[]	False	1.0	1	"[""ST3GAL1""]"	0	False		1.0
GO:BP	GO:0030219	megakaryocyte differentiation	False	1.0	1	"[""UBA5""]"	False	1.0	1	"[""UBA5""]"	False	1.0	3	"[""RCOR1"", ""SP3"", ""UBA5""]"	0	False		1.0
GO:BP	GO:0007127	meiosis I	False		0	[]	False		0	[]	False	1.0	2	"[""NDC1"", ""RMI1""]"	0	False		1.0
GO:BP	GO:0061982	meiosis I cell cycle process	False		0	[]	False		0	[]	False	1.0	2	"[""NDC1"", ""RMI1""]"	0	False		1.0
GO:BP	GO:0051321	meiotic cell cycle	False		0	[]	False		0	[]	False	1.0	2	"[""NDC1"", ""RMI1""]"	0	False		1.0
GO:BP	GO:1903046	meiotic cell cycle process	False		0	[]	False		0	[]	False	1.0	2	"[""NDC1"", ""RMI1""]"	0	False		1.0
GO:BP	GO:0045132	meiotic chromosome segregation	False		0	[]	False		0	[]	False	1.0	1	"[""NDC1""]"	0	False		1.0
GO:BP	GO:0140013	meiotic nuclear division	False		0	[]	False		0	[]	False	1.0	2	"[""NDC1"", ""RMI1""]"	0	False		1.0
GO:BP	GO:0090148	membrane fission	False	1.0	1	"[""DNM1L""]"	False	1.0	1	"[""DNM1L""]"	False	1.0	1	"[""DNM1L""]"	0	False		1.0
GO:BP	GO:0061025	membrane fusion	False	1.0	1	"[""SNAP23""]"	False	1.0	1	"[""SNAP23""]"	False	1.0	1	"[""SNAP23""]"	0	False		1.0
GO:BP	GO:0010324	membrane invagination	False		0	[]	False		0	[]	False	1.0	1	"[""RHOA""]"	0	False		1.0
GO:BP	GO:0061024	membrane organization	False	1.0	4	"[""COX18"", ""CRKL"", ""DNM1L"", ""SNAP23""]"	False	1.0	6	"[""COX18"", ""CRKL"", ""DNM1L"", ""EMC1"", ""EMC7"", ""SNAP23""]"	False	1.0	8	"[""COX18"", ""CRK"", ""CRKL"", ""DNM1L"", ""EMC1"", ""EMC7"", ""RHOA"", ""SNAP23""]"	0	False		1.0
GO:BP	GO:0006509	membrane protein ectodomain proteolysis	False		0	[]	False	1.0	1	"[""FURIN""]"	False	1.0	1	"[""FURIN""]"	0	False		1.0
GO:BP	GO:0033619	membrane protein proteolysis	False		0	[]	False	1.0	1	"[""FURIN""]"	False	1.0	1	"[""FURIN""]"	0	False		1.0
GO:BP	GO:0086009	membrane repolarization	False		0	[]	False		0	[]	False	1.0	1	"[""WDR1""]"	0	False		1.0
GO:BP	GO:0140694	membraneless organelle assembly	False		0	[]	False	1.0	2	"[""DOCK5"", ""KIF4A""]"	False	1.0	6	"[""CNOT1"", ""DOCK5"", ""KIF4A"", ""MRPS2"", ""RHOA"", ""WDR1""]"	0	False		1.0
GO:BP	GO:0002319	memory B cell differentiation	False		0	[]	False		0	[]	False	1.0	1	"[""ST3GAL1""]"	0	False		1.0
GO:BP	GO:0009234	menaquinone biosynthetic process	False	1.0	1	"[""UBIAD1""]"	False	1.0	1	"[""UBIAD1""]"	False	1.0	1	"[""UBIAD1""]"	0	False		1.0
GO:BP	GO:0009233	menaquinone metabolic process	False	1.0	1	"[""UBIAD1""]"	False	1.0	1	"[""UBIAD1""]"	False	1.0	1	"[""UBIAD1""]"	0	False		1.0
GO:BP	GO:0048762	mesenchymal cell differentiation	False		0	[]	False	1.0	1	"[""PTK2""]"	False	1.0	2	"[""FERMT2"", ""PTK2""]"	0	False		1.0
GO:BP	GO:0097168	mesenchymal stem cell proliferation	False		0	[]	False		0	[]	False	1.0	1	"[""FERMT2""]"	0	False		1.0
GO:BP	GO:0060485	mesenchyme development	False		0	[]	False	1.0	1	"[""PTK2""]"	False	1.0	2	"[""FERMT2"", ""PTK2""]"	0	False		1.0
GO:BP	GO:0007498	mesoderm development	False		0	[]	False		0	[]	False	1.0	1	"[""GPI""]"	0	False		1.0
GO:BP	GO:0001707	mesoderm formation	False		0	[]	False		0	[]	False	1.0	1	"[""GPI""]"	0	False		1.0
GO:BP	GO:0048332	mesoderm morphogenesis	False		0	[]	False		0	[]	False	1.0	1	"[""GPI""]"	0	False		1.0
GO:BP	GO:0043094	metabolic compound salvage	False		0	[]	False		0	[]	False	1.0	1	"[""ADSL""]"	0	False		1.0
GO:BP	GO:0008152	metabolic process	False	1.0	21	"[""ATP5ME"", ""BRD2"", ""CRKL"", ""DNM1L"", ""EAF1"", ""EFR3A"", ""ENO1"", ""FDXR"", ""FIS1"", ""HNRNPA1"", ""KRAS"", ""MIPEP"", ""MLST8"", ""MRPS12"", ""MRPS6"", ""SNRPB2"", ""SYNCRIP"", ""UBA5"", ""UBIAD1"", ""WDR48"", ""ZNF217""]"	False	1.0	35	"[""ATP5ME"", ""BRD2"", ""CRKL"", ""CYC1"", ""DNM1L"", ""DOLK"", ""EAF1"", ""EFR3A"", ""ENO1"", ""FDXR"", ""FIS1"", ""FURIN"", ""G6PD"", ""HNRNPA1"", ""HSP90AB1"", ""ING3"", ""KRAS"", ""LCMT1"", ""MIPEP"", ""MLST8"", ""MRPS12"", ""MRPS6"", ""PTK2"", ""RNASEH2A"", ""SERBP1"", ""SLC25A26"", ""SNRPB2"", ""SYNCRIP"", ""TARS2"", ""TGIF1"", ""TRA2B"", ""UBA5"", ""UBIAD1"", ""WDR48"", ""ZNF217""]"	False	1.0	75	"[""ADSL"", ""AIFM1"", ""ALG8"", ""APEX2"", ""ATP5ME"", ""B3GAT3"", ""BRAT1"", ""BRD2"", ""CCAR1"", ""CNOT1"", ""CRK"", ""CRKL"", ""CTPS1"", ""CYC1"", ""DERL2"", ""DNM1L"", ""DOLK"", ""DPH5"", ""EAF1"", ""EFR3A"", ""ENO1"", ""FDXR"", ""FIS1"", ""FOXO3B"", ""FURIN"", ""G6PD"", ""GCN1"", ""GPI"", ""HNRNPA1"", ""HSP90AB1"", ""HSPA13"", ""ING3"", ""ITGAV"", ""IWS1"", ""KRAS"", ""LCMT1"", ""MED24"", ""MGRN1"", ""MIPEP"", ""MLST8"", ""MRPL53"", ""MRPS12"", ""MRPS2"", ""MRPS6"", ""MTFMT"", ""NACC1"", ""NFKBIA"", ""PIGL"", ""PRKRA"", ""PTK2"", ""RBM10"", ""RBM12"", ""RCOR1"", ""RHOA"", ""RMI1"", ""RNASEH2A"", ""RNASEH2C"", ""SERBP1"", ""SETD2"", ""SLC25A26"", ""SNRPB2"", ""SP3"", ""ST3GAL1"", ""SYNCRIP"", ""TARS2"", ""TGIF1"", ""TNS3"", ""TRA2B"", ""TRAF2"", ""UBA5"", ""UBIAD1"", ""WDR48"", ""WDR83"", ""ZNF217"", ""ZNF687""]"	0	False		1.0
GO:BP	GO:0030001	metal ion transport	False	1.0	1	"[""DNM1L""]"	False	1.0	2	"[""DNM1L"", ""G6PD""]"	False	1.0	4	"[""CCDC51"", ""DNM1L"", ""G6PD"", ""ITGAV""]"	0	False		1.0
GO:BP	GO:0044784	metaphase/anaphase transition of cell cycle	False		0	[]	False	1.0	1	"[""LCMT1""]"	False	1.0	1	"[""LCMT1""]"	0	False		1.0
GO:BP	GO:0007091	metaphase/anaphase transition of mitotic cell cycle	False		0	[]	False	1.0	1	"[""LCMT1""]"	False	1.0	1	"[""LCMT1""]"	0	False		1.0
GO:BP	GO:0022037	metencephalon development	False	1.0	1	"[""CRKL""]"	False	1.0	1	"[""CRKL""]"	False	1.0	2	"[""CRK"", ""CRKL""]"	0	False		1.0
GO:BP	GO:0032259	methylation	False		0	[]	False	1.0	2	"[""LCMT1"", ""SLC25A26""]"	False	1.0	4	"[""DPH5"", ""LCMT1"", ""SETD2"", ""SLC25A26""]"	0	False		1.0
GO:BP	GO:0035196	miRNA processing	False		0	[]	False		0	[]	False	1.0	1	"[""PRKRA""]"	0	False		1.0
GO:BP	GO:0035195	miRNA-mediated post-transcriptional gene silencing	False		0	[]	False		0	[]	False	1.0	1	"[""CNOT1""]"	0	False		1.0
GO:BP	GO:0000226	microtubule cytoskeleton organization	False		0	[]	False	1.0	1	"[""KIF4A""]"	False	1.0	3	"[""KIF4A"", ""RHOA"", ""SETD2""]"	0	False		1.0
GO:BP	GO:1902850	microtubule cytoskeleton organization involved in mitosis	False		0	[]	False	1.0	1	"[""KIF4A""]"	False	1.0	3	"[""KIF4A"", ""RHOA"", ""SETD2""]"	0	False		1.0
GO:BP	GO:0007018	microtubule-based movement	False		0	[]	False	1.0	1	"[""KIF4A""]"	False	1.0	1	"[""KIF4A""]"	0	False		1.0
GO:BP	GO:0007017	microtubule-based process	False		0	[]	False	1.0	1	"[""KIF4A""]"	False	1.0	3	"[""KIF4A"", ""RHOA"", ""SETD2""]"	0	False		1.0
GO:BP	GO:0099111	microtubule-based transport	False		0	[]	False	1.0	1	"[""KIF4A""]"	False	1.0	1	"[""KIF4A""]"	0	False		1.0
GO:BP	GO:0030901	midbrain development	False		0	[]	False	1.0	1	"[""G6PD""]"	False	1.0	2	"[""G6PD"", ""RHOA""]"	0	False		1.0
GO:BP	GO:0042474	middle ear morphogenesis	False		0	[]	False		0	[]	False	1.0	1	"[""PRKRA""]"	0	False		1.0
GO:BP	GO:0140495	migracytosis	False	1.0	1	"[""DNM1L""]"	False	1.0	1	"[""DNM1L""]"	False	1.0	1	"[""DNM1L""]"	0	False		1.0
GO:BP	GO:0006298	mismatch repair	False		0	[]	False	1.0	1	"[""RNASEH2A""]"	False	1.0	3	"[""RNASEH2A"", ""RNASEH2C"", ""SETD2""]"	0	False		1.0
GO:BP	GO:0042775	mitochondrial ATP synthesis coupled electron transport	False		0	[]	False	1.0	1	"[""CYC1""]"	False	1.0	1	"[""CYC1""]"	0	False		1.0
GO:BP	GO:0000959	mitochondrial RNA metabolic process	False		0	[]	False	1.0	1	"[""TARS2""]"	False	1.0	1	"[""TARS2""]"	0	False		1.0
GO:BP	GO:1990543	mitochondrial S-adenosyl-L-methionine transmembrane transport	False		0	[]	False	1.0	1	"[""SLC25A26""]"	False	1.0	1	"[""SLC25A26""]"	0	False		1.0
GO:BP	GO:0160203	mitochondrial disulfide relay system	False		0	[]	False		0	[]	False	1.0	1	"[""AIFM1""]"	0	False		1.0
GO:BP	GO:0006122	mitochondrial electron transport, ubiquinol to cytochrome c	False		0	[]	False	1.0	1	"[""CYC1""]"	False	1.0	1	"[""CYC1""]"	0	False		1.0
GO:BP	GO:0000266	mitochondrial fission	False	1.0	2	"[""DNM1L"", ""FIS1""]"	False	1.0	2	"[""DNM1L"", ""FIS1""]"	False	1.0	2	"[""DNM1L"", ""FIS1""]"	0	False		1.0
GO:BP	GO:0043653	mitochondrial fragmentation involved in apoptotic process	False	1.0	1	"[""DNM1L""]"	False	1.0	1	"[""DNM1L""]"	False	1.0	1	"[""DNM1L""]"	0	False		1.0
GO:BP	GO:0140053	mitochondrial gene expression	False	1.0	2	"[""MRPS12"", ""MRPS6""]"	False	1.0	3	"[""MRPS12"", ""MRPS6"", ""TARS2""]"	False	1.0	5	"[""MRPL53"", ""MRPS12"", ""MRPS2"", ""MRPS6"", ""TARS2""]"	0	False		1.0
GO:BP	GO:0090149	mitochondrial membrane fission	False	1.0	1	"[""DNM1L""]"	False	1.0	1	"[""DNM1L""]"	False	1.0	1	"[""DNM1L""]"	0	False		1.0
GO:BP	GO:0007006	mitochondrial membrane organization	False	1.0	1	"[""COX18""]"	False	1.0	1	"[""COX18""]"	False	1.0	1	"[""COX18""]"	0	False		1.0
GO:BP	GO:0140141	mitochondrial potassium ion transmembrane transport	False		0	[]	False		0	[]	False	1.0	1	"[""CCDC51""]"	0	False		1.0
GO:BP	GO:0032981	mitochondrial respiratory chain complex I assembly	False		0	[]	False		0	[]	False	1.0	2	"[""FOXRED1"", ""NDUFAF8""]"	0	False		1.0
GO:BP	GO:0033617	mitochondrial respiratory chain complex IV assembly	False	1.0	1	"[""COX18""]"	False	1.0	1	"[""COX18""]"	False	1.0	1	"[""COX18""]"	0	False		1.0
GO:BP	GO:0033108	mitochondrial respiratory chain complex assembly	False	1.0	1	"[""COX18""]"	False	1.0	1	"[""COX18""]"	False	1.0	4	"[""AIFM1"", ""COX18"", ""FOXRED1"", ""NDUFAF8""]"	0	False		1.0
GO:BP	GO:0061668	mitochondrial ribosome assembly	False		0	[]	False		0	[]	False	1.0	1	"[""MRPS2""]"	0	False		1.0
GO:BP	GO:0070159	mitochondrial threonyl-tRNA aminoacylation	False		0	[]	False	1.0	1	"[""TARS2""]"	False	1.0	1	"[""TARS2""]"	0	False		1.0
GO:BP	GO:0032543	mitochondrial translation	False	1.0	2	"[""MRPS12"", ""MRPS6""]"	False	1.0	3	"[""MRPS12"", ""MRPS6"", ""TARS2""]"	False	1.0	5	"[""MRPL53"", ""MRPS12"", ""MRPS2"", ""MRPS6"", ""TARS2""]"	0	False		1.0
GO:BP	GO:0048311	mitochondrion distribution	False	1.0	1	"[""DNM1L""]"	False	1.0	1	"[""DNM1L""]"	False	1.0	1	"[""DNM1L""]"	0	False		1.0
GO:BP	GO:0051646	mitochondrion localization	False	1.0	1	"[""DNM1L""]"	False	1.0	1	"[""DNM1L""]"	False	1.0	2	"[""BRAT1"", ""DNM1L""]"	0	False		1.0
GO:BP	GO:0007005	mitochondrion organization	False	1.0	3	"[""COX18"", ""DNM1L"", ""FIS1""]"	False	1.0	3	"[""COX18"", ""DNM1L"", ""FIS1""]"	False	1.0	6	"[""AIFM1"", ""COX18"", ""DNM1L"", ""FIS1"", ""FOXRED1"", ""NDUFAF8""]"	0	False		1.0
GO:BP	GO:0160040	mitocytosis	False	1.0	1	"[""DNM1L""]"	False	1.0	1	"[""DNM1L""]"	False	1.0	1	"[""DNM1L""]"	0	False		1.0
GO:BP	GO:0000423	mitophagy	False	1.0	1	"[""DNM1L""]"	False	1.0	1	"[""DNM1L""]"	False	1.0	1	"[""DNM1L""]"	0	False		1.0
GO:BP	GO:0000278	mitotic cell cycle	False		0	[]	False	1.0	2	"[""KIF4A"", ""LCMT1""]"	False	1.0	4	"[""KIF4A"", ""LCMT1"", ""RHOA"", ""SETD2""]"	0	False		1.0
GO:BP	GO:0007093	mitotic cell cycle checkpoint signaling	False		0	[]	False	1.0	1	"[""LCMT1""]"	False	1.0	1	"[""LCMT1""]"	0	False		1.0
GO:BP	GO:0044772	mitotic cell cycle phase transition	False		0	[]	False	1.0	1	"[""LCMT1""]"	False	1.0	1	"[""LCMT1""]"	0	False		1.0
GO:BP	GO:1903047	mitotic cell cycle process	False		0	[]	False	1.0	2	"[""KIF4A"", ""LCMT1""]"	False	1.0	4	"[""KIF4A"", ""LCMT1"", ""RHOA"", ""SETD2""]"	0	False		1.0
GO:BP	GO:1903673	mitotic cleavage furrow formation	False		0	[]	False		0	[]	False	1.0	1	"[""RHOA""]"	0	False		1.0
GO:BP	GO:0000281	mitotic cytokinesis	False		0	[]	False	1.0	1	"[""KIF4A""]"	False	1.0	2	"[""KIF4A"", ""RHOA""]"	0	False		1.0
GO:BP	GO:1902410	mitotic cytokinetic process	False		0	[]	False		0	[]	False	1.0	1	"[""RHOA""]"	0	False		1.0
GO:BP	GO:0140014	mitotic nuclear division	False		0	[]	False	1.0	2	"[""KIF4A"", ""LCMT1""]"	False	1.0	3	"[""KIF4A"", ""LCMT1"", ""RHOA""]"	0	False		1.0
GO:BP	GO:0000070	mitotic sister chromatid segregation	False		0	[]	False	1.0	2	"[""KIF4A"", ""LCMT1""]"	False	1.0	3	"[""KIF4A"", ""LCMT1"", ""RHOA""]"	0	False		1.0
GO:BP	GO:0051306	mitotic sister chromatid separation	False		0	[]	False	1.0	1	"[""LCMT1""]"	False	1.0	1	"[""LCMT1""]"	0	False		1.0
GO:BP	GO:0090307	mitotic spindle assembly	False		0	[]	False	1.0	1	"[""KIF4A""]"	False	1.0	2	"[""KIF4A"", ""RHOA""]"	0	False		1.0
GO:BP	GO:0007094	mitotic spindle assembly checkpoint signaling	False		0	[]	False	1.0	1	"[""LCMT1""]"	False	1.0	1	"[""LCMT1""]"	0	False		1.0
GO:BP	GO:0071174	mitotic spindle checkpoint signaling	False		0	[]	False	1.0	1	"[""LCMT1""]"	False	1.0	1	"[""LCMT1""]"	0	False		1.0
GO:BP	GO:0000022	mitotic spindle elongation	False		0	[]	False	1.0	1	"[""KIF4A""]"	False	1.0	1	"[""KIF4A""]"	0	False		1.0
GO:BP	GO:0051256	mitotic spindle midzone assembly	False		0	[]	False	1.0	1	"[""KIF4A""]"	False	1.0	1	"[""KIF4A""]"	0	False		1.0
GO:BP	GO:0007052	mitotic spindle organization	False		0	[]	False	1.0	1	"[""KIF4A""]"	False	1.0	2	"[""KIF4A"", ""RHOA""]"	0	False		1.0
GO:BP	GO:0098885	modification of postsynaptic actin cytoskeleton	False		0	[]	False		0	[]	False	1.0	1	"[""RHOA""]"	0	False		1.0
GO:BP	GO:0099010	modification of postsynaptic structure	False		0	[]	False		0	[]	False	1.0	1	"[""RHOA""]"	0	False		1.0
GO:BP	GO:0099563	modification of synaptic structure	False		0	[]	False		0	[]	False	1.0	1	"[""RHOA""]"	0	False		1.0
GO:BP	GO:0043632	modification-dependent macromolecule catabolic process	False		0	[]	False	1.0	2	"[""HSP90AB1"", ""PTK2""]"	False	1.0	3	"[""CCAR1"", ""HSP90AB1"", ""PTK2""]"	0	False		1.0
GO:BP	GO:0019941	modification-dependent protein catabolic process	False		0	[]	False	1.0	2	"[""HSP90AB1"", ""PTK2""]"	False	1.0	3	"[""CCAR1"", ""HSP90AB1"", ""PTK2""]"	0	False		1.0
GO:BP	GO:0006575	modified amino acid metabolic process	False		0	[]	False	1.0	1	"[""G6PD""]"	False	1.0	1	"[""G6PD""]"	0	False		1.0
GO:BP	GO:0052372	modulation by symbiont of entry into host	False		0	[]	False	1.0	1	"[""FURIN""]"	False	1.0	2	"[""FURIN"", ""ITGAV""]"	0	False		1.0
GO:BP	GO:0050804	modulation of chemical synaptic transmission	False	1.0	1	"[""KRAS""]"	False	1.0	1	"[""KRAS""]"	False	1.0	1	"[""KRAS""]"	0	False		1.0
GO:BP	GO:0035821	modulation of process of another organism	False		0	[]	False	1.0	1	"[""FURIN""]"	False	1.0	1	"[""FURIN""]"	0	False		1.0
GO:BP	GO:0055080	monoatomic cation homeostasis	False		0	[]	False		0	[]	False	1.0	1	"[""SV2A""]"	0	False		1.0
GO:BP	GO:0098655	monoatomic cation transmembrane transport	False	1.0	1	"[""ATP5ME""]"	False	1.0	3	"[""ATP5ME"", ""CYC1"", ""G6PD""]"	False	1.0	5	"[""ATP5ME"", ""CCDC51"", ""CYC1"", ""G6PD"", ""ITGAV""]"	0	False		1.0
GO:BP	GO:0006812	monoatomic cation transport	False	1.0	2	"[""ATP5ME"", ""DNM1L""]"	False	1.0	4	"[""ATP5ME"", ""CYC1"", ""DNM1L"", ""G6PD""]"	False	1.0	6	"[""ATP5ME"", ""CCDC51"", ""CYC1"", ""DNM1L"", ""G6PD"", ""ITGAV""]"	0	False		1.0
GO:BP	GO:0050801	monoatomic ion homeostasis	False		0	[]	False		0	[]	False	1.0	1	"[""SV2A""]"	0	False		1.0
GO:BP	GO:0034220	monoatomic ion transmembrane transport	False	1.0	1	"[""ATP5ME""]"	False	1.0	3	"[""ATP5ME"", ""CYC1"", ""G6PD""]"	False	1.0	5	"[""ATP5ME"", ""CCDC51"", ""CYC1"", ""G6PD"", ""ITGAV""]"	0	False		1.0
GO:BP	GO:0006811	monoatomic ion transport	False	1.0	2	"[""ATP5ME"", ""DNM1L""]"	False	1.0	5	"[""ATP5ME"", ""CYC1"", ""DNM1L"", ""G6PD"", ""SLC25A26""]"	False	1.0	7	"[""ATP5ME"", ""CCDC51"", ""CYC1"", ""DNM1L"", ""G6PD"", ""ITGAV"", ""SLC25A26""]"	0	False		1.0
GO:BP	GO:0032787	monocarboxylic acid metabolic process	False	1.0	2	"[""ENO1"", ""MLST8""]"	False	1.0	2	"[""ENO1"", ""MLST8""]"	False	1.0	3	"[""ENO1"", ""GPI"", ""MLST8""]"	0	False		1.0
GO:BP	GO:0015718	monocarboxylic acid transport	False	1.0	1	"[""FIS1""]"	False	1.0	1	"[""FIS1""]"	False	1.0	1	"[""FIS1""]"	0	False		1.0
GO:BP	GO:0030224	monocyte differentiation	False		0	[]	False		0	[]	False	1.0	1	"[""SP3""]"	0	False		1.0
GO:BP	GO:1903131	mononuclear cell differentiation	False	1.0	1	"[""BRD2""]"	False	1.0	1	"[""BRD2""]"	False	1.0	4	"[""BRD2"", ""RHOA"", ""SP3"", ""ST3GAL1""]"	0	False		1.0
GO:BP	GO:0071674	mononuclear cell migration	False	1.0	1	"[""CRKL""]"	False	1.0	2	"[""CRKL"", ""PTK2""]"	False	1.0	4	"[""CRK"", ""CRKL"", ""PTK2"", ""RHOA""]"	0	False		1.0
GO:BP	GO:0032943	mononuclear cell proliferation	False		0	[]	False		0	[]	False	1.0	1	"[""CTPS1""]"	0	False		1.0
GO:BP	GO:0046364	monosaccharide biosynthetic process	False	1.0	1	"[""ENO1""]"	False	1.0	2	"[""ENO1"", ""G6PD""]"	False	1.0	3	"[""ENO1"", ""G6PD"", ""GPI""]"	0	False		1.0
GO:BP	GO:0046365	monosaccharide catabolic process	False	1.0	1	"[""ENO1""]"	False	1.0	1	"[""ENO1""]"	False	1.0	1	"[""ENO1""]"	0	False		1.0
GO:BP	GO:0005996	monosaccharide metabolic process	False	1.0	1	"[""ENO1""]"	False	1.0	3	"[""ENO1"", ""G6PD"", ""LCMT1""]"	False	1.0	5	"[""BRAT1"", ""ENO1"", ""G6PD"", ""GPI"", ""LCMT1""]"	0	False		1.0
GO:BP	GO:0061138	morphogenesis of a branching epithelium	False	1.0	1	"[""KRAS""]"	False	1.0	1	"[""KRAS""]"	False	1.0	1	"[""KRAS""]"	0	False		1.0
GO:BP	GO:0001763	morphogenesis of a branching structure	False	1.0	1	"[""KRAS""]"	False	1.0	1	"[""KRAS""]"	False	1.0	1	"[""KRAS""]"	0	False		1.0
GO:BP	GO:0001738	morphogenesis of a polarized epithelium	False		0	[]	False		0	[]	False	1.0	2	"[""RHOA"", ""WDR1""]"	0	False		1.0
GO:BP	GO:0003159	morphogenesis of an endothelium	False		0	[]	False		0	[]	False	1.0	1	"[""RHOA""]"	0	False		1.0
GO:BP	GO:0002011	morphogenesis of an epithelial sheet	False		0	[]	False	1.0	1	"[""ITGB5""]"	False	1.0	4	"[""FERMT2"", ""ITGAV"", ""ITGB5"", ""RHOA""]"	0	False		1.0
GO:BP	GO:0002009	morphogenesis of an epithelium	False	1.0	2	"[""BRD2"", ""KRAS""]"	False	1.0	4	"[""BRD2"", ""ITGB5"", ""KRAS"", ""VCL""]"	False	1.0	9	"[""BRD2"", ""FERMT2"", ""ITGAV"", ""ITGB5"", ""KRAS"", ""RHOA"", ""VCL"", ""WDR1"", ""WDR83""]"	0	False		1.0
GO:BP	GO:0016331	morphogenesis of embryonic epithelium	False	1.0	1	"[""BRD2""]"	False	1.0	1	"[""BRD2""]"	False	1.0	2	"[""BRD2"", ""WDR83""]"	0	False		1.0
GO:BP	GO:0016333	morphogenesis of follicular epithelium	False		0	[]	False		0	[]	False	1.0	1	"[""WDR1""]"	0	False		1.0
GO:BP	GO:0097049	motor neuron apoptotic process	False		0	[]	False		0	[]	False	1.0	1	"[""RHOA""]"	0	False		1.0
GO:BP	GO:0044706	multi-multicellular organism process	False		0	[]	False		0	[]	False	1.0	1	"[""SP3""]"	0	False		1.0
GO:BP	GO:0044703	multi-organism reproductive process	False		0	[]	False		0	[]	False	1.0	1	"[""SP3""]"	0	False		1.0
GO:BP	GO:0007275	multicellular organism development	False	1.0	5	"[""BRD2"", ""CRKL"", ""KRAS"", ""PSMG1"", ""WDR48""]"	False	1.0	11	"[""BRD2"", ""CRKL"", ""FURIN"", ""G6PD"", ""ITGB5"", ""KRAS"", ""PSMG1"", ""PTK2"", ""TRA2B"", ""VCL"", ""WDR48""]"	False	1.0	27	"[""AIFM1"", ""BRD2"", ""CNOT1"", ""CRK"", ""CRKL"", ""DPPA2"", ""FERMT2"", ""FURIN"", ""G6PD"", ""GPI"", ""ITGAV"", ""ITGB5"", ""KRAS"", ""MGRN1"", ""NFKBIA"", ""PRKRA"", ""PSMG1"", ""PTK2"", ""RCOR1"", ""RHOA"", ""SETD2"", ""SP3"", ""TRA2B"", ""VCL"", ""WDR1"", ""WDR48"", ""WDR83""]"	0	False		1.0
GO:BP	GO:0035264	multicellular organism growth	False	1.0	1	"[""WDR48""]"	False	1.0	1	"[""WDR48""]"	False	1.0	2	"[""RMI1"", ""WDR48""]"	0	False		1.0
GO:BP	GO:0032501	multicellular organismal process	False	1.0	10	"[""BRD2"", ""CRKL"", ""DNM1L"", ""ENO1"", ""KRAS"", ""PSMG1"", ""SNAP23"", ""SYNCRIP"", ""UBA5"", ""WDR48""]"	False	1.0	19	"[""BRD2"", ""CRKL"", ""DNM1L"", ""DOCK5"", ""ENO1"", ""FURIN"", ""G6PD"", ""HEATR3"", ""ITGB5"", ""KRAS"", ""LTB4R"", ""PSMG1"", ""PTK2"", ""SNAP23"", ""SYNCRIP"", ""TRA2B"", ""UBA5"", ""VCL"", ""WDR48""]"	False	1.0	40	"[""AIFM1"", ""BRD2"", ""CNOT1"", ""CRK"", ""CRKL"", ""CTPS1"", ""DERL2"", ""DNM1L"", ""DOCK5"", ""DPPA2"", ""ENO1"", ""FERMT2"", ""FURIN"", ""G6PD"", ""GPI"", ""HEATR3"", ""ITGAV"", ""ITGB5"", ""KRAS"", ""LTB4R"", ""MGRN1"", ""NFKBIA"", ""PRKRA"", ""PSMG1"", ""PTK2"", ""RCOR1"", ""RHOA"", ""RMI1"", ""SETD2"", ""SNAP23"", ""SP3"", ""ST3GAL1"", ""SYNCRIP"", ""TRA2B"", ""TRAF2"", ""UBA5"", ""VCL"", ""WDR1"", ""WDR48"", ""WDR83""]"	0	False		1.0
GO:BP	GO:0048609	multicellular organismal reproductive process	False	1.0	3	"[""BRD2"", ""CRKL"", ""WDR48""]"	False	1.0	3	"[""BRD2"", ""CRKL"", ""WDR48""]"	False	1.0	5	"[""BRD2"", ""CRKL"", ""NDC1"", ""SP3"", ""WDR48""]"	0	False		1.0
GO:BP	GO:0048871	multicellular organismal-level homeostasis	False	1.0	3	"[""KRAS"", ""UBA5"", ""WDR48""]"	False	1.0	6	"[""G6PD"", ""HEATR3"", ""KRAS"", ""UBA5"", ""VCL"", ""WDR48""]"	False	1.0	10	"[""G6PD"", ""GPI"", ""HEATR3"", ""KRAS"", ""RCOR1"", ""RMI1"", ""SP3"", ""UBA5"", ""VCL"", ""WDR48""]"	0	False		1.0
GO:BP	GO:0043500	muscle adaptation	False		0	[]	False	1.0	1	"[""G6PD""]"	False	1.0	1	"[""G6PD""]"	0	False		1.0
GO:BP	GO:0010657	muscle cell apoptotic process	False		0	[]	False		0	[]	False	1.0	1	"[""RBM10""]"	0	False		1.0
GO:BP	GO:0055001	muscle cell development	False		0	[]	False	1.0	1	"[""G6PD""]"	False	1.0	2	"[""G6PD"", ""WDR1""]"	0	False		1.0
GO:BP	GO:0042692	muscle cell differentiation	False	1.0	1	"[""KRAS""]"	False	1.0	3	"[""DOCK5"", ""G6PD"", ""KRAS""]"	False	1.0	4	"[""DOCK5"", ""G6PD"", ""KRAS"", ""WDR1""]"	0	False		1.0
GO:BP	GO:0014812	muscle cell migration	False		0	[]	False	1.0	1	"[""DOCK5""]"	False	1.0	2	"[""CRK"", ""DOCK5""]"	0	False		1.0
GO:BP	GO:0033002	muscle cell proliferation	False		0	[]	False		0	[]	False	1.0	1	"[""RBM10""]"	0	False		1.0
GO:BP	GO:0006936	muscle contraction	False	1.0	1	"[""ENO1""]"	False	1.0	3	"[""DOCK5"", ""ENO1"", ""LTB4R""]"	False	1.0	4	"[""DOCK5"", ""ENO1"", ""LTB4R"", ""RHOA""]"	0	False		1.0
GO:BP	GO:0014896	muscle hypertrophy	False		0	[]	False	1.0	1	"[""G6PD""]"	False	1.0	1	"[""G6PD""]"	0	False		1.0
GO:BP	GO:0007517	muscle organ development	False	1.0	1	"[""KRAS""]"	False	1.0	1	"[""KRAS""]"	False	1.0	2	"[""KRAS"", ""RHOA""]"	0	False		1.0
GO:BP	GO:0061061	muscle structure development	False	1.0	1	"[""KRAS""]"	False	1.0	3	"[""DOCK5"", ""G6PD"", ""KRAS""]"	False	1.0	5	"[""DOCK5"", ""G6PD"", ""KRAS"", ""RHOA"", ""WDR1""]"	0	False		1.0
GO:BP	GO:0003012	muscle system process	False	1.0	1	"[""ENO1""]"	False	1.0	4	"[""DOCK5"", ""ENO1"", ""G6PD"", ""LTB4R""]"	False	1.0	5	"[""DOCK5"", ""ENO1"", ""G6PD"", ""LTB4R"", ""RHOA""]"	0	False		1.0
GO:BP	GO:0060537	muscle tissue development	False	1.0	1	"[""KRAS""]"	False	1.0	2	"[""G6PD"", ""KRAS""]"	False	1.0	3	"[""G6PD"", ""KRAS"", ""RHOA""]"	0	False		1.0
GO:BP	GO:0002275	myeloid cell activation involved in immune response	False	1.0	1	"[""SNAP23""]"	False	1.0	1	"[""SNAP23""]"	False	1.0	1	"[""SNAP23""]"	0	False		1.0
GO:BP	GO:0061515	myeloid cell development	False		0	[]	False	1.0	2	"[""G6PD"", ""HEATR3""]"	False	1.0	2	"[""G6PD"", ""HEATR3""]"	0	False		1.0
GO:BP	GO:0030099	myeloid cell differentiation	False	1.0	1	"[""UBA5""]"	False	1.0	3	"[""G6PD"", ""HEATR3"", ""UBA5""]"	False	1.0	7	"[""G6PD"", ""HEATR3"", ""NFKBIA"", ""RCOR1"", ""SP3"", ""UBA5"", ""WDR1""]"	0	False		1.0
GO:BP	GO:0002262	myeloid cell homeostasis	False	1.0	1	"[""UBA5""]"	False	1.0	3	"[""G6PD"", ""HEATR3"", ""UBA5""]"	False	1.0	6	"[""G6PD"", ""GPI"", ""HEATR3"", ""RCOR1"", ""SP3"", ""UBA5""]"	0	False		1.0
GO:BP	GO:0002274	myeloid leukocyte activation	False	1.0	1	"[""SNAP23""]"	False	1.0	1	"[""SNAP23""]"	False	1.0	1	"[""SNAP23""]"	0	False		1.0
GO:BP	GO:0002573	myeloid leukocyte differentiation	False		0	[]	False		0	[]	False	1.0	1	"[""SP3""]"	0	False		1.0
GO:BP	GO:0002444	myeloid leukocyte mediated immunity	False	1.0	1	"[""SNAP23""]"	False	1.0	1	"[""SNAP23""]"	False	1.0	2	"[""SNAP23"", ""WDR1""]"	0	False		1.0
GO:BP	GO:0097529	myeloid leukocyte migration	False	1.0	1	"[""DNM1L""]"	False	1.0	2	"[""DNM1L"", ""PTK2""]"	False	1.0	3	"[""DNM1L"", ""PTK2"", ""WDR1""]"	0	False		1.0
GO:BP	GO:0002318	myeloid progenitor cell differentiation	False		0	[]	False		0	[]	False	1.0	1	"[""SP3""]"	0	False		1.0
GO:BP	GO:0007520	myoblast fusion	False		0	[]	False	1.0	1	"[""DOCK5""]"	False	1.0	1	"[""DOCK5""]"	0	False		1.0
GO:BP	GO:0030239	myofibril assembly	False		0	[]	False		0	[]	False	1.0	1	"[""WDR1""]"	0	False		1.0
GO:BP	GO:0014902	myotube differentiation	False		0	[]	False	1.0	1	"[""DOCK5""]"	False	1.0	1	"[""DOCK5""]"	0	False		1.0
GO:BP	GO:0030101	natural killer cell activation	False		0	[]	False		0	[]	False	1.0	1	"[""SP3""]"	0	False		1.0
GO:BP	GO:0001779	natural killer cell differentiation	False		0	[]	False		0	[]	False	1.0	1	"[""SP3""]"	0	False		1.0
GO:BP	GO:0042267	natural killer cell mediated cytotoxicity	False		0	[]	False		0	[]	False	1.0	1	"[""CRK""]"	0	False		1.0
GO:BP	GO:0002228	natural killer cell mediated immunity	False		0	[]	False		0	[]	False	1.0	1	"[""CRK""]"	0	False		1.0
GO:BP	GO:0070266	necroptotic process	False		0	[]	False		0	[]	False	1.0	1	"[""AIFM1""]"	0	False		1.0
GO:BP	GO:0050919	negative chemotaxis	False		0	[]	False		0	[]	False	1.0	2	"[""ITGAV"", ""RHOA""]"	0	False		1.0
GO:BP	GO:1903579	negative regulation of ATP metabolic process	False	1.0	1	"[""FIS1""]"	False	1.0	1	"[""FIS1""]"	False	1.0	1	"[""FIS1""]"	0	False		1.0
GO:BP	GO:2000279	negative regulation of DNA biosynthetic process	False	1.0	1	"[""HNRNPA1""]"	False	1.0	1	"[""HNRNPA1""]"	False	1.0	1	"[""HNRNPA1""]"	0	False		1.0
GO:BP	GO:0051053	negative regulation of DNA metabolic process	False	1.0	1	"[""HNRNPA1""]"	False	1.0	1	"[""HNRNPA1""]"	False	1.0	1	"[""HNRNPA1""]"	0	False		1.0
GO:BP	GO:0045892	negative regulation of DNA-templated transcription	False	1.0	2	"[""ENO1"", ""ZNF217""]"	False	1.0	3	"[""ENO1"", ""TGIF1"", ""ZNF217""]"	False	1.0	10	"[""CCAR1"", ""CNOT1"", ""ENO1"", ""NACC1"", ""NFKBIA"", ""RBM10"", ""RCOR1"", ""SP3"", ""TGIF1"", ""ZNF217""]"	0	False		1.0
GO:BP	GO:0045744	negative regulation of G protein-coupled receptor signaling pathway	False		0	[]	False		0	[]	False	1.0	1	"[""MGRN1""]"	0	False		1.0
GO:BP	GO:0045746	negative regulation of Notch signaling pathway	False		0	[]	False		0	[]	False	1.0	1	"[""NFKBIA""]"	0	False		1.0
GO:BP	GO:1902679	negative regulation of RNA biosynthetic process	False	1.0	2	"[""ENO1"", ""ZNF217""]"	False	1.0	3	"[""ENO1"", ""TGIF1"", ""ZNF217""]"	False	1.0	10	"[""CCAR1"", ""CNOT1"", ""ENO1"", ""NACC1"", ""NFKBIA"", ""RBM10"", ""RCOR1"", ""SP3"", ""TGIF1"", ""ZNF217""]"	0	False		1.0
GO:BP	GO:1902369	negative regulation of RNA catabolic process	False	1.0	1	"[""SYNCRIP""]"	False	1.0	1	"[""SYNCRIP""]"	False	1.0	3	"[""RBM10"", ""SYNCRIP"", ""TRAF2""]"	0	False		1.0
GO:BP	GO:0051253	negative regulation of RNA metabolic process	False	1.0	3	"[""ENO1"", ""SYNCRIP"", ""ZNF217""]"	False	1.0	4	"[""ENO1"", ""SYNCRIP"", ""TGIF1"", ""ZNF217""]"	False	1.0	12	"[""CCAR1"", ""CNOT1"", ""ENO1"", ""NACC1"", ""NFKBIA"", ""RBM10"", ""RCOR1"", ""SP3"", ""SYNCRIP"", ""TGIF1"", ""TRAF2"", ""ZNF217""]"	0	False		1.0
GO:BP	GO:0033119	negative regulation of RNA splicing	False		0	[]	False		0	[]	False	1.0	1	"[""RBM10""]"	0	False		1.0
GO:BP	GO:0060392	negative regulation of SMAD protein signal transduction	False	1.0	1	"[""CRKL""]"	False	1.0	1	"[""CRKL""]"	False	1.0	1	"[""CRKL""]"	0	False		1.0
GO:BP	GO:0070233	negative regulation of T cell apoptotic process	False		0	[]	False		0	[]	False	1.0	1	"[""ST3GAL1""]"	0	False		1.0
GO:BP	GO:0030835	negative regulation of actin filament depolymerization	False		0	[]	False	1.0	1	"[""WASHC2C""]"	False	1.0	1	"[""WASHC2C""]"	0	False		1.0
GO:BP	GO:0030837	negative regulation of actin filament polymerization	False		0	[]	False	1.0	1	"[""WASHC2C""]"	False	1.0	1	"[""WASHC2C""]"	0	False		1.0
GO:BP	GO:1905403	negative regulation of activated CD8-positive, alpha-beta T cell apoptotic process	False		0	[]	False		0	[]	False	1.0	1	"[""ST3GAL1""]"	0	False		1.0
GO:BP	GO:0106072	negative regulation of adenylate cyclase-activating G protein-coupled receptor signaling pathway	False		0	[]	False		0	[]	False	1.0	1	"[""MGRN1""]"	0	False		1.0
GO:BP	GO:2000811	negative regulation of anoikis	False		0	[]	False	1.0	1	"[""PTK2""]"	False	1.0	1	"[""PTK2""]"	0	False		1.0
GO:BP	GO:0043066	negative regulation of apoptotic process	False	1.0	3	"[""ENO1"", ""KRAS"", ""MLST8""]"	False	1.0	5	"[""ENO1"", ""HSP90AB1"", ""KRAS"", ""MLST8"", ""PTK2""]"	False	1.0	10	"[""ENO1"", ""GPI"", ""HSP90AB1"", ""ITGAV"", ""KRAS"", ""MLST8"", ""PTK2"", ""RHOA"", ""ST3GAL1"", ""TRAF2""]"	0	False		1.0
GO:BP	GO:2001234	negative regulation of apoptotic signaling pathway	False	1.0	1	"[""ENO1""]"	False	1.0	1	"[""ENO1""]"	False	1.0	2	"[""ENO1"", ""ITGAV""]"	0	False		1.0
GO:BP	GO:0010507	negative regulation of autophagy	False	1.0	1	"[""MLST8""]"	False	1.0	1	"[""MLST8""]"	False	1.0	1	"[""MLST8""]"	0	False		1.0
GO:BP	GO:2000813	negative regulation of barbed-end actin filament capping	False		0	[]	False	1.0	1	"[""WASHC2C""]"	False	1.0	1	"[""WASHC2C""]"	0	False		1.0
GO:BP	GO:0048519	negative regulation of biological process	False	1.0	8	"[""CRKL"", ""ENO1"", ""FIS1"", ""HNRNPA1"", ""KRAS"", ""MLST8"", ""SYNCRIP"", ""ZNF217""]"	False	1.0	18	"[""CRKL"", ""DOCK5"", ""ENO1"", ""FIS1"", ""FURIN"", ""G6PD"", ""HNRNPA1"", ""HSP90AB1"", ""KRAS"", ""LCMT1"", ""MLST8"", ""PTK2"", ""SERBP1"", ""SYNCRIP"", ""TGIF1"", ""VCL"", ""WASHC2C"", ""ZNF217""]"	False	1.0	35	"[""CCAR1"", ""CNOT1"", ""CRK"", ""CRKL"", ""DERL2"", ""DOCK5"", ""ENO1"", ""FERMT2"", ""FIS1"", ""FURIN"", ""G6PD"", ""GPI"", ""HNRNPA1"", ""HSP90AB1"", ""ITGAV"", ""KRAS"", ""LCMT1"", ""MGRN1"", ""MLST8"", ""NACC1"", ""NFKBIA"", ""PRKRA"", ""PTK2"", ""RBM10"", ""RCOR1"", ""RHOA"", ""SERBP1"", ""SP3"", ""ST3GAL1"", ""SYNCRIP"", ""TGIF1"", ""TRAF2"", ""VCL"", ""WASHC2C"", ""ZNF217""]"	0	False		1.0
GO:BP	GO:0009890	negative regulation of biosynthetic process	False	1.0	5	"[""CRKL"", ""ENO1"", ""HNRNPA1"", ""SYNCRIP"", ""ZNF217""]"	False	1.0	8	"[""CRKL"", ""ENO1"", ""FURIN"", ""HNRNPA1"", ""SERBP1"", ""SYNCRIP"", ""TGIF1"", ""ZNF217""]"	False	1.0	18	"[""CCAR1"", ""CNOT1"", ""CRKL"", ""ENO1"", ""FURIN"", ""HNRNPA1"", ""NACC1"", ""NFKBIA"", ""PRKRA"", ""RBM10"", ""RCOR1"", ""RHOA"", ""SERBP1"", ""SP3"", ""SYNCRIP"", ""TGIF1"", ""TRAF2"", ""ZNF217""]"	0	False		1.0
GO:BP	GO:0043537	negative regulation of blood vessel endothelial cell migration	False		0	[]	False		0	[]	False	1.0	1	"[""RHOA""]"	0	False		1.0
GO:BP	GO:0043124	negative regulation of canonical NF-kappaB signal transduction	False		0	[]	False		0	[]	False	1.0	1	"[""NFKBIA""]"	0	False		1.0
GO:BP	GO:0010614	negative regulation of cardiac muscle hypertrophy	False		0	[]	False	1.0	1	"[""G6PD""]"	False	1.0	1	"[""G6PD""]"	0	False		1.0
GO:BP	GO:0055022	negative regulation of cardiac muscle tissue growth	False		0	[]	False	1.0	1	"[""G6PD""]"	False	1.0	1	"[""G6PD""]"	0	False		1.0
GO:BP	GO:0009895	negative regulation of catabolic process	False	1.0	2	"[""MLST8"", ""SYNCRIP""]"	False	1.0	4	"[""FURIN"", ""HSP90AB1"", ""MLST8"", ""SYNCRIP""]"	False	1.0	6	"[""FURIN"", ""HSP90AB1"", ""MLST8"", ""RBM10"", ""SYNCRIP"", ""TRAF2""]"	0	False		1.0
GO:BP	GO:0007162	negative regulation of cell adhesion	False		0	[]	False	1.0	1	"[""PTK2""]"	False	1.0	2	"[""PTK2"", ""RHOA""]"	0	False		1.0
GO:BP	GO:0010648	negative regulation of cell communication	False	1.0	2	"[""CRKL"", ""ENO1""]"	False	1.0	2	"[""CRKL"", ""ENO1""]"	False	1.0	7	"[""CNOT1"", ""CRKL"", ""ENO1"", ""ITGAV"", ""MGRN1"", ""NFKBIA"", ""RHOA""]"	0	False		1.0
GO:BP	GO:0045786	negative regulation of cell cycle	False		0	[]	False	1.0	1	"[""LCMT1""]"	False	1.0	1	"[""LCMT1""]"	0	False		1.0
GO:BP	GO:1901988	negative regulation of cell cycle phase transition	False		0	[]	False	1.0	1	"[""LCMT1""]"	False	1.0	1	"[""LCMT1""]"	0	False		1.0
GO:BP	GO:0010948	negative regulation of cell cycle process	False		0	[]	False	1.0	1	"[""LCMT1""]"	False	1.0	1	"[""LCMT1""]"	0	False		1.0
GO:BP	GO:0045596	negative regulation of cell differentiation	False	1.0	1	"[""KRAS""]"	False	1.0	2	"[""G6PD"", ""KRAS""]"	False	1.0	5	"[""FERMT2"", ""G6PD"", ""ITGAV"", ""KRAS"", ""NFKBIA""]"	0	False		1.0
GO:BP	GO:0030308	negative regulation of cell growth	False	1.0	1	"[""ENO1""]"	False	1.0	2	"[""ENO1"", ""G6PD""]"	False	1.0	2	"[""ENO1"", ""G6PD""]"	0	False		1.0
GO:BP	GO:0061052	negative regulation of cell growth involved in cardiac muscle cell development	False		0	[]	False	1.0	1	"[""G6PD""]"	False	1.0	1	"[""G6PD""]"	0	False		1.0
GO:BP	GO:0031342	negative regulation of cell killing	False		0	[]	False		0	[]	False	1.0	1	"[""CRK""]"	0	False		1.0
GO:BP	GO:0030336	negative regulation of cell migration	False		0	[]	False	1.0	1	"[""VCL""]"	False	1.0	2	"[""RHOA"", ""VCL""]"	0	False		1.0
GO:BP	GO:0090051	negative regulation of cell migration involved in sprouting angiogenesis	False		0	[]	False		0	[]	False	1.0	1	"[""RHOA""]"	0	False		1.0
GO:BP	GO:2000146	negative regulation of cell motility	False		0	[]	False	1.0	1	"[""VCL""]"	False	1.0	3	"[""CRK"", ""RHOA"", ""VCL""]"	0	False		1.0
GO:BP	GO:0008285	negative regulation of cell population proliferation	False		0	[]	False		0	[]	False	1.0	2	"[""PRKRA"", ""RBM10""]"	0	False		1.0
GO:BP	GO:0045792	negative regulation of cell size	False		0	[]	False		0	[]	False	1.0	1	"[""RHOA""]"	0	False		1.0
GO:BP	GO:0022408	negative regulation of cell-cell adhesion	False		0	[]	False	1.0	1	"[""PTK2""]"	False	1.0	1	"[""PTK2""]"	0	False		1.0
GO:BP	GO:0010812	negative regulation of cell-substrate adhesion	False		0	[]	False		0	[]	False	1.0	1	"[""RHOA""]"	0	False		1.0
GO:BP	GO:0051129	negative regulation of cellular component organization	False	1.0	1	"[""HNRNPA1""]"	False	1.0	3	"[""HNRNPA1"", ""LCMT1"", ""WASHC2C""]"	False	1.0	3	"[""HNRNPA1"", ""LCMT1"", ""WASHC2C""]"	0	False		1.0
GO:BP	GO:0048523	negative regulation of cellular process	False	1.0	8	"[""CRKL"", ""ENO1"", ""FIS1"", ""HNRNPA1"", ""KRAS"", ""MLST8"", ""SYNCRIP"", ""ZNF217""]"	False	1.0	17	"[""CRKL"", ""ENO1"", ""FIS1"", ""FURIN"", ""G6PD"", ""HNRNPA1"", ""HSP90AB1"", ""KRAS"", ""LCMT1"", ""MLST8"", ""PTK2"", ""SERBP1"", ""SYNCRIP"", ""TGIF1"", ""VCL"", ""WASHC2C"", ""ZNF217""]"	False	1.0	34	"[""CCAR1"", ""CNOT1"", ""CRK"", ""CRKL"", ""DERL2"", ""ENO1"", ""FERMT2"", ""FIS1"", ""FURIN"", ""G6PD"", ""GPI"", ""HNRNPA1"", ""HSP90AB1"", ""ITGAV"", ""KRAS"", ""LCMT1"", ""MGRN1"", ""MLST8"", ""NACC1"", ""NFKBIA"", ""PRKRA"", ""PTK2"", ""RBM10"", ""RCOR1"", ""RHOA"", ""SERBP1"", ""SP3"", ""ST3GAL1"", ""SYNCRIP"", ""TGIF1"", ""TRAF2"", ""VCL"", ""WASHC2C"", ""ZNF217""]"	0	False		1.0
GO:BP	GO:1901856	negative regulation of cellular respiration	False		0	[]	False		0	[]	False	1.0	1	"[""RHOA""]"	0	False		1.0
GO:BP	GO:1900038	negative regulation of cellular response to hypoxia	False	1.0	1	"[""ENO1""]"	False	1.0	1	"[""ENO1""]"	False	1.0	1	"[""ENO1""]"	0	False		1.0
GO:BP	GO:0032375	negative regulation of cholesterol transport	False		0	[]	False		0	[]	False	1.0	1	"[""NFKBIA""]"	0	False		1.0
GO:BP	GO:2001251	negative regulation of chromosome organization	False	1.0	1	"[""HNRNPA1""]"	False	1.0	2	"[""HNRNPA1"", ""LCMT1""]"	False	1.0	2	"[""HNRNPA1"", ""LCMT1""]"	0	False		1.0
GO:BP	GO:0051985	negative regulation of chromosome segregation	False		0	[]	False	1.0	1	"[""LCMT1""]"	False	1.0	1	"[""LCMT1""]"	0	False		1.0
GO:BP	GO:1905819	negative regulation of chromosome separation	False		0	[]	False	1.0	1	"[""LCMT1""]"	False	1.0	1	"[""LCMT1""]"	0	False		1.0
GO:BP	GO:0001818	negative regulation of cytokine production	False		0	[]	False	1.0	1	"[""FURIN""]"	False	1.0	2	"[""FURIN"", ""NFKBIA""]"	0	False		1.0
GO:BP	GO:1900016	negative regulation of cytokine production involved in inflammatory response	False		0	[]	False		0	[]	False	1.0	1	"[""NFKBIA""]"	0	False		1.0
GO:BP	GO:0051494	negative regulation of cytoskeleton organization	False		0	[]	False	1.0	1	"[""WASHC2C""]"	False	1.0	1	"[""WASHC2C""]"	0	False		1.0
GO:BP	GO:0031348	negative regulation of defense response	False		0	[]	False	1.0	1	"[""FURIN""]"	False	1.0	2	"[""CRK"", ""FURIN""]"	0	False		1.0
GO:BP	GO:0048640	negative regulation of developmental growth	False		0	[]	False	1.0	1	"[""G6PD""]"	False	1.0	1	"[""G6PD""]"	0	False		1.0
GO:BP	GO:0051093	negative regulation of developmental process	False	1.0	1	"[""KRAS""]"	False	1.0	2	"[""G6PD"", ""KRAS""]"	False	1.0	5	"[""FERMT2"", ""G6PD"", ""ITGAV"", ""KRAS"", ""NFKBIA""]"	0	False		1.0
GO:BP	GO:0010596	negative regulation of endothelial cell migration	False		0	[]	False		0	[]	False	1.0	1	"[""RHOA""]"	0	False		1.0
GO:BP	GO:2000536	negative regulation of entry of bacterium into host cell	False		0	[]	False		0	[]	False	1.0	1	"[""ITGAV""]"	0	False		1.0
GO:BP	GO:0030857	negative regulation of epithelial cell differentiation	False	1.0	1	"[""KRAS""]"	False	1.0	1	"[""KRAS""]"	False	1.0	1	"[""KRAS""]"	0	False		1.0
GO:BP	GO:1904950	negative regulation of establishment of protein localization	False		0	[]	False		0	[]	False	1.0	2	"[""DERL2"", ""NFKBIA""]"	0	False		1.0
GO:BP	GO:2001237	negative regulation of extrinsic apoptotic signaling pathway	False		0	[]	False		0	[]	False	1.0	1	"[""ITGAV""]"	0	False		1.0
GO:BP	GO:0045599	negative regulation of fat cell differentiation	False		0	[]	False		0	[]	False	1.0	1	"[""FERMT2""]"	0	False		1.0
GO:BP	GO:2000192	negative regulation of fatty acid transport	False	1.0	1	"[""FIS1""]"	False	1.0	1	"[""FIS1""]"	False	1.0	1	"[""FIS1""]"	0	False		1.0
GO:BP	GO:0010629	negative regulation of gene expression	False	1.0	2	"[""CRKL"", ""SYNCRIP""]"	False	1.0	5	"[""CRKL"", ""FURIN"", ""SERBP1"", ""SYNCRIP"", ""TGIF1""]"	False	1.0	11	"[""CNOT1"", ""CRKL"", ""FURIN"", ""NFKBIA"", ""PRKRA"", ""RBM10"", ""RCOR1"", ""SERBP1"", ""SYNCRIP"", ""TGIF1"", ""TRAF2""]"	0	False		1.0
GO:BP	GO:0034351	negative regulation of glial cell apoptotic process	False		0	[]	False		0	[]	False	1.0	1	"[""TRAF2""]"	0	False		1.0
GO:BP	GO:0045926	negative regulation of growth	False	1.0	1	"[""ENO1""]"	False	1.0	2	"[""ENO1"", ""G6PD""]"	False	1.0	2	"[""ENO1"", ""G6PD""]"	0	False		1.0
GO:BP	GO:0061117	negative regulation of heart growth	False		0	[]	False	1.0	1	"[""G6PD""]"	False	1.0	1	"[""G6PD""]"	0	False		1.0
GO:BP	GO:1903298	negative regulation of hypoxia-induced intrinsic apoptotic signaling pathway	False	1.0	1	"[""ENO1""]"	False	1.0	1	"[""ENO1""]"	False	1.0	1	"[""ENO1""]"	0	False		1.0
GO:BP	GO:0002698	negative regulation of immune effector process	False		0	[]	False		0	[]	False	1.0	1	"[""CRK""]"	0	False		1.0
GO:BP	GO:0050777	negative regulation of immune response	False		0	[]	False	1.0	1	"[""FURIN""]"	False	1.0	2	"[""CRK"", ""FURIN""]"	0	False		1.0
GO:BP	GO:0002683	negative regulation of immune system process	False		0	[]	False	1.0	1	"[""FURIN""]"	False	1.0	2	"[""CRK"", ""FURIN""]"	0	False		1.0
GO:BP	GO:0050728	negative regulation of inflammatory response	False		0	[]	False	1.0	1	"[""FURIN""]"	False	1.0	1	"[""FURIN""]"	0	False		1.0
GO:BP	GO:0002862	negative regulation of inflammatory response to antigenic stimulus	False		0	[]	False	1.0	1	"[""FURIN""]"	False	1.0	1	"[""FURIN""]"	0	False		1.0
GO:BP	GO:0045824	negative regulation of innate immune response	False		0	[]	False		0	[]	False	1.0	1	"[""CRK""]"	0	False		1.0
GO:BP	GO:0033147	negative regulation of intracellular estrogen receptor signaling pathway	False		0	[]	False		0	[]	False	1.0	1	"[""CNOT1""]"	0	False		1.0
GO:BP	GO:0090317	negative regulation of intracellular protein transport	False		0	[]	False		0	[]	False	1.0	2	"[""DERL2"", ""NFKBIA""]"	0	False		1.0
GO:BP	GO:1902532	negative regulation of intracellular signal transduction	False	1.0	2	"[""CRKL"", ""ENO1""]"	False	1.0	2	"[""CRKL"", ""ENO1""]"	False	1.0	5	"[""CNOT1"", ""CRKL"", ""ENO1"", ""NFKBIA"", ""RHOA""]"	0	False		1.0
GO:BP	GO:0033144	negative regulation of intracellular steroid hormone receptor signaling pathway	False		0	[]	False		0	[]	False	1.0	2	"[""CNOT1"", ""RHOA""]"	0	False		1.0
GO:BP	GO:0032387	negative regulation of intracellular transport	False		0	[]	False		0	[]	False	1.0	2	"[""DERL2"", ""NFKBIA""]"	0	False		1.0
GO:BP	GO:2001243	negative regulation of intrinsic apoptotic signaling pathway	False	1.0	1	"[""ENO1""]"	False	1.0	1	"[""ENO1""]"	False	1.0	1	"[""ENO1""]"	0	False		1.0
GO:BP	GO:2000107	negative regulation of leukocyte apoptotic process	False		0	[]	False		0	[]	False	1.0	1	"[""ST3GAL1""]"	0	False		1.0
GO:BP	GO:0001911	negative regulation of leukocyte mediated cytotoxicity	False		0	[]	False		0	[]	False	1.0	1	"[""CRK""]"	0	False		1.0
GO:BP	GO:0002704	negative regulation of leukocyte mediated immunity	False		0	[]	False		0	[]	False	1.0	1	"[""CRK""]"	0	False		1.0
GO:BP	GO:1905953	negative regulation of lipid localization	False	1.0	1	"[""FIS1""]"	False	1.0	1	"[""FIS1""]"	False	1.0	3	"[""FIS1"", ""ITGAV"", ""NFKBIA""]"	0	False		1.0
GO:BP	GO:0010888	negative regulation of lipid storage	False		0	[]	False		0	[]	False	1.0	2	"[""ITGAV"", ""NFKBIA""]"	0	False		1.0
GO:BP	GO:0032369	negative regulation of lipid transport	False	1.0	1	"[""FIS1""]"	False	1.0	1	"[""FIS1""]"	False	1.0	3	"[""FIS1"", ""ITGAV"", ""NFKBIA""]"	0	False		1.0
GO:BP	GO:0050748	negative regulation of lipoprotein metabolic process	False		0	[]	False		0	[]	False	1.0	1	"[""ITGAV""]"	0	False		1.0
GO:BP	GO:0040013	negative regulation of locomotion	False		0	[]	False	1.0	1	"[""VCL""]"	False	1.0	3	"[""CRK"", ""RHOA"", ""VCL""]"	0	False		1.0
GO:BP	GO:0032804	negative regulation of low-density lipoprotein particle receptor catabolic process	False		0	[]	False	1.0	1	"[""FURIN""]"	False	1.0	1	"[""FURIN""]"	0	False		1.0
GO:BP	GO:0070229	negative regulation of lymphocyte apoptotic process	False		0	[]	False		0	[]	False	1.0	1	"[""ST3GAL1""]"	0	False		1.0
GO:BP	GO:0002707	negative regulation of lymphocyte mediated immunity	False		0	[]	False		0	[]	False	1.0	1	"[""CRK""]"	0	False		1.0
GO:BP	GO:1902373	negative regulation of mRNA catabolic process	False	1.0	1	"[""SYNCRIP""]"	False	1.0	1	"[""SYNCRIP""]"	False	1.0	3	"[""RBM10"", ""SYNCRIP"", ""TRAF2""]"	0	False		1.0
GO:BP	GO:1903312	negative regulation of mRNA metabolic process	False	1.0	1	"[""SYNCRIP""]"	False	1.0	1	"[""SYNCRIP""]"	False	1.0	3	"[""RBM10"", ""SYNCRIP"", ""TRAF2""]"	0	False		1.0
GO:BP	GO:0050686	negative regulation of mRNA processing	False		0	[]	False		0	[]	False	1.0	1	"[""RBM10""]"	0	False		1.0
GO:BP	GO:0048025	negative regulation of mRNA splicing, via spliceosome	False		0	[]	False		0	[]	False	1.0	1	"[""RBM10""]"	0	False		1.0
GO:BP	GO:0010558	negative regulation of macromolecule biosynthetic process	False	1.0	5	"[""CRKL"", ""ENO1"", ""HNRNPA1"", ""SYNCRIP"", ""ZNF217""]"	False	1.0	8	"[""CRKL"", ""ENO1"", ""FURIN"", ""HNRNPA1"", ""SERBP1"", ""SYNCRIP"", ""TGIF1"", ""ZNF217""]"	False	1.0	17	"[""CCAR1"", ""CNOT1"", ""CRKL"", ""ENO1"", ""FURIN"", ""HNRNPA1"", ""NACC1"", ""NFKBIA"", ""PRKRA"", ""RBM10"", ""RCOR1"", ""SERBP1"", ""SP3"", ""SYNCRIP"", ""TGIF1"", ""TRAF2"", ""ZNF217""]"	0	False		1.0
GO:BP	GO:0010605	negative regulation of macromolecule metabolic process	False	1.0	5	"[""CRKL"", ""ENO1"", ""HNRNPA1"", ""SYNCRIP"", ""ZNF217""]"	False	1.0	9	"[""CRKL"", ""ENO1"", ""FURIN"", ""HNRNPA1"", ""HSP90AB1"", ""SERBP1"", ""SYNCRIP"", ""TGIF1"", ""ZNF217""]"	False	1.0	19	"[""CCAR1"", ""CNOT1"", ""CRKL"", ""ENO1"", ""FURIN"", ""HNRNPA1"", ""HSP90AB1"", ""ITGAV"", ""NACC1"", ""NFKBIA"", ""PRKRA"", ""RBM10"", ""RCOR1"", ""SERBP1"", ""SP3"", ""SYNCRIP"", ""TGIF1"", ""TRAF2"", ""ZNF217""]"	0	False		1.0
GO:BP	GO:0010745	negative regulation of macrophage derived foam cell differentiation	False		0	[]	False		0	[]	False	1.0	2	"[""ITGAV"", ""NFKBIA""]"	0	False		1.0
GO:BP	GO:0009892	negative regulation of metabolic process	False	1.0	7	"[""CRKL"", ""ENO1"", ""FIS1"", ""HNRNPA1"", ""MLST8"", ""SYNCRIP"", ""ZNF217""]"	False	1.0	12	"[""CRKL"", ""ENO1"", ""FIS1"", ""FURIN"", ""G6PD"", ""HNRNPA1"", ""HSP90AB1"", ""MLST8"", ""SERBP1"", ""SYNCRIP"", ""TGIF1"", ""ZNF217""]"	False	1.0	23	"[""CCAR1"", ""CNOT1"", ""CRKL"", ""ENO1"", ""FIS1"", ""FURIN"", ""G6PD"", ""HNRNPA1"", ""HSP90AB1"", ""ITGAV"", ""MLST8"", ""NACC1"", ""NFKBIA"", ""PRKRA"", ""RBM10"", ""RCOR1"", ""RHOA"", ""SERBP1"", ""SP3"", ""SYNCRIP"", ""TGIF1"", ""TRAF2"", ""ZNF217""]"	0	False		1.0
GO:BP	GO:1902100	negative regulation of metaphase/anaphase transition of cell cycle	False		0	[]	False	1.0	1	"[""LCMT1""]"	False	1.0	1	"[""LCMT1""]"	0	False		1.0
GO:BP	GO:0045930	negative regulation of mitotic cell cycle	False		0	[]	False	1.0	1	"[""LCMT1""]"	False	1.0	1	"[""LCMT1""]"	0	False		1.0
GO:BP	GO:1901991	negative regulation of mitotic cell cycle phase transition	False		0	[]	False	1.0	1	"[""LCMT1""]"	False	1.0	1	"[""LCMT1""]"	0	False		1.0
GO:BP	GO:0045841	negative regulation of mitotic metaphase/anaphase transition	False		0	[]	False	1.0	1	"[""LCMT1""]"	False	1.0	1	"[""LCMT1""]"	0	False		1.0
GO:BP	GO:0045839	negative regulation of mitotic nuclear division	False		0	[]	False	1.0	1	"[""LCMT1""]"	False	1.0	1	"[""LCMT1""]"	0	False		1.0
GO:BP	GO:0033048	negative regulation of mitotic sister chromatid segregation	False		0	[]	False	1.0	1	"[""LCMT1""]"	False	1.0	1	"[""LCMT1""]"	0	False		1.0
GO:BP	GO:2000816	negative regulation of mitotic sister chromatid separation	False		0	[]	False	1.0	1	"[""LCMT1""]"	False	1.0	1	"[""LCMT1""]"	0	False		1.0
GO:BP	GO:2000672	negative regulation of motor neuron apoptotic process	False		0	[]	False		0	[]	False	1.0	1	"[""RHOA""]"	0	False		1.0
GO:BP	GO:0051241	negative regulation of multicellular organismal process	False		0	[]	False	1.0	3	"[""DOCK5"", ""FURIN"", ""G6PD""]"	False	1.0	4	"[""DOCK5"", ""FURIN"", ""G6PD"", ""NFKBIA""]"	0	False		1.0
GO:BP	GO:0051148	negative regulation of muscle cell differentiation	False		0	[]	False	1.0	1	"[""G6PD""]"	False	1.0	1	"[""G6PD""]"	0	False		1.0
GO:BP	GO:0045932	negative regulation of muscle contraction	False		0	[]	False	1.0	1	"[""DOCK5""]"	False	1.0	1	"[""DOCK5""]"	0	False		1.0
GO:BP	GO:0014741	negative regulation of muscle hypertrophy	False		0	[]	False	1.0	1	"[""G6PD""]"	False	1.0	1	"[""G6PD""]"	0	False		1.0
GO:BP	GO:0045638	negative regulation of myeloid cell differentiation	False		0	[]	False		0	[]	False	1.0	1	"[""NFKBIA""]"	0	False		1.0
GO:BP	GO:0045953	negative regulation of natural killer cell mediated cytotoxicity	False		0	[]	False		0	[]	False	1.0	1	"[""CRK""]"	0	False		1.0
GO:BP	GO:0002716	negative regulation of natural killer cell mediated immunity	False		0	[]	False		0	[]	False	1.0	1	"[""CRK""]"	0	False		1.0
GO:BP	GO:0043524	negative regulation of neuron apoptotic process	False	1.0	1	"[""KRAS""]"	False	1.0	1	"[""KRAS""]"	False	1.0	2	"[""KRAS"", ""RHOA""]"	0	False		1.0
GO:BP	GO:0051784	negative regulation of nuclear division	False		0	[]	False	1.0	1	"[""LCMT1""]"	False	1.0	1	"[""LCMT1""]"	0	False		1.0
GO:BP	GO:1900152	negative regulation of nuclear-transcribed mRNA catabolic process, deadenylation-dependent decay	False	1.0	1	"[""SYNCRIP""]"	False	1.0	1	"[""SYNCRIP""]"	False	1.0	1	"[""SYNCRIP""]"	0	False		1.0
GO:BP	GO:2000623	negative regulation of nuclear-transcribed mRNA catabolic process, nonsense-mediated decay	False	1.0	1	"[""SYNCRIP""]"	False	1.0	1	"[""SYNCRIP""]"	False	1.0	1	"[""SYNCRIP""]"	0	False		1.0
GO:BP	GO:0045934	negative regulation of nucleobase-containing compound metabolic process	False	1.0	5	"[""ENO1"", ""FIS1"", ""HNRNPA1"", ""SYNCRIP"", ""ZNF217""]"	False	1.0	6	"[""ENO1"", ""FIS1"", ""HNRNPA1"", ""SYNCRIP"", ""TGIF1"", ""ZNF217""]"	False	1.0	14	"[""CCAR1"", ""CNOT1"", ""ENO1"", ""FIS1"", ""HNRNPA1"", ""NACC1"", ""NFKBIA"", ""RBM10"", ""RCOR1"", ""SP3"", ""SYNCRIP"", ""TGIF1"", ""TRAF2"", ""ZNF217""]"	0	False		1.0
GO:BP	GO:0046823	negative regulation of nucleocytoplasmic transport	False		0	[]	False		0	[]	False	1.0	1	"[""NFKBIA""]"	0	False		1.0
GO:BP	GO:0045980	negative regulation of nucleotide metabolic process	False	1.0	1	"[""FIS1""]"	False	1.0	1	"[""FIS1""]"	False	1.0	1	"[""FIS1""]"	0	False		1.0
GO:BP	GO:0046621	negative regulation of organ growth	False		0	[]	False	1.0	1	"[""G6PD""]"	False	1.0	1	"[""G6PD""]"	0	False		1.0
GO:BP	GO:0010639	negative regulation of organelle organization	False	1.0	1	"[""HNRNPA1""]"	False	1.0	3	"[""HNRNPA1"", ""LCMT1"", ""WASHC2C""]"	False	1.0	3	"[""HNRNPA1"", ""LCMT1"", ""WASHC2C""]"	0	False		1.0
GO:BP	GO:0032891	negative regulation of organic acid transport	False	1.0	1	"[""FIS1""]"	False	1.0	1	"[""FIS1""]"	False	1.0	1	"[""FIS1""]"	0	False		1.0
GO:BP	GO:0090324	negative regulation of oxidative phosphorylation	False		0	[]	False		0	[]	False	1.0	1	"[""RHOA""]"	0	False		1.0
GO:BP	GO:0045936	negative regulation of phosphate metabolic process	False	1.0	1	"[""FIS1""]"	False	1.0	1	"[""FIS1""]"	False	1.0	1	"[""FIS1""]"	0	False		1.0
GO:BP	GO:0010563	negative regulation of phosphorus metabolic process	False	1.0	1	"[""FIS1""]"	False	1.0	1	"[""FIS1""]"	False	1.0	1	"[""FIS1""]"	0	False		1.0
GO:BP	GO:0043069	negative regulation of programmed cell death	False	1.0	3	"[""ENO1"", ""KRAS"", ""MLST8""]"	False	1.0	5	"[""ENO1"", ""HSP90AB1"", ""KRAS"", ""MLST8"", ""PTK2""]"	False	1.0	10	"[""ENO1"", ""GPI"", ""HSP90AB1"", ""ITGAV"", ""KRAS"", ""MLST8"", ""PTK2"", ""RHOA"", ""ST3GAL1"", ""TRAF2""]"	0	False		1.0
GO:BP	GO:1901799	negative regulation of proteasomal protein catabolic process	False		0	[]	False	1.0	1	"[""HSP90AB1""]"	False	1.0	1	"[""HSP90AB1""]"	0	False		1.0
GO:BP	GO:0032435	negative regulation of proteasomal ubiquitin-dependent protein catabolic process	False		0	[]	False	1.0	1	"[""HSP90AB1""]"	False	1.0	1	"[""HSP90AB1""]"	0	False		1.0
GO:BP	GO:0042177	negative regulation of protein catabolic process	False		0	[]	False	1.0	2	"[""FURIN"", ""HSP90AB1""]"	False	1.0	2	"[""FURIN"", ""HSP90AB1""]"	0	False		1.0
GO:BP	GO:1901880	negative regulation of protein depolymerization	False		0	[]	False	1.0	1	"[""WASHC2C""]"	False	1.0	1	"[""WASHC2C""]"	0	False		1.0
GO:BP	GO:0070862	negative regulation of protein exit from endoplasmic reticulum	False		0	[]	False		0	[]	False	1.0	1	"[""DERL2""]"	0	False		1.0
GO:BP	GO:0042308	negative regulation of protein import into nucleus	False		0	[]	False		0	[]	False	1.0	1	"[""NFKBIA""]"	0	False		1.0
GO:BP	GO:1903828	negative regulation of protein localization	False		0	[]	False		0	[]	False	1.0	2	"[""DERL2"", ""NFKBIA""]"	0	False		1.0
GO:BP	GO:1900181	negative regulation of protein localization to nucleus	False		0	[]	False		0	[]	False	1.0	1	"[""NFKBIA""]"	0	False		1.0
GO:BP	GO:0051248	negative regulation of protein metabolic process	False	1.0	1	"[""SYNCRIP""]"	False	1.0	4	"[""FURIN"", ""HSP90AB1"", ""SERBP1"", ""SYNCRIP""]"	False	1.0	6	"[""CNOT1"", ""FURIN"", ""HSP90AB1"", ""ITGAV"", ""SERBP1"", ""SYNCRIP""]"	0	False		1.0
GO:BP	GO:0032272	negative regulation of protein polymerization	False		0	[]	False	1.0	1	"[""WASHC2C""]"	False	1.0	1	"[""WASHC2C""]"	0	False		1.0
GO:BP	GO:0051224	negative regulation of protein transport	False		0	[]	False		0	[]	False	1.0	2	"[""DERL2"", ""NFKBIA""]"	0	False		1.0
GO:BP	GO:0031333	negative regulation of protein-containing complex assembly	False		0	[]	False	1.0	2	"[""LCMT1"", ""WASHC2C""]"	False	1.0	2	"[""LCMT1"", ""WASHC2C""]"	0	False		1.0
GO:BP	GO:0043242	negative regulation of protein-containing complex disassembly	False		0	[]	False	1.0	1	"[""WASHC2C""]"	False	1.0	1	"[""WASHC2C""]"	0	False		1.0
GO:BP	GO:1900543	negative regulation of purine nucleotide metabolic process	False	1.0	1	"[""FIS1""]"	False	1.0	1	"[""FIS1""]"	False	1.0	1	"[""FIS1""]"	0	False		1.0
GO:BP	GO:1903427	negative regulation of reactive oxygen species biosynthetic process	False		0	[]	False		0	[]	False	1.0	1	"[""RHOA""]"	0	False		1.0
GO:BP	GO:2000378	negative regulation of reactive oxygen species metabolic process	False		0	[]	False	1.0	1	"[""G6PD""]"	False	1.0	2	"[""G6PD"", ""RHOA""]"	0	False		1.0
GO:BP	GO:2000645	negative regulation of receptor catabolic process	False		0	[]	False	1.0	1	"[""FURIN""]"	False	1.0	1	"[""FURIN""]"	0	False		1.0
GO:BP	GO:0002832	negative regulation of response to biotic stimulus	False		0	[]	False		0	[]	False	1.0	1	"[""CRK""]"	0	False		1.0
GO:BP	GO:0032102	negative regulation of response to external stimulus	False		0	[]	False	1.0	1	"[""FURIN""]"	False	1.0	2	"[""CRK"", ""FURIN""]"	0	False		1.0
GO:BP	GO:0048585	negative regulation of response to stimulus	False	1.0	2	"[""CRKL"", ""ENO1""]"	False	1.0	3	"[""CRKL"", ""ENO1"", ""FURIN""]"	False	1.0	9	"[""CNOT1"", ""CRK"", ""CRKL"", ""ENO1"", ""FURIN"", ""ITGAV"", ""MGRN1"", ""NFKBIA"", ""RHOA""]"	0	False		1.0
GO:BP	GO:1903035	negative regulation of response to wounding	False		0	[]	False		0	[]	False	1.0	1	"[""CRK""]"	0	False		1.0
GO:BP	GO:0048387	negative regulation of retinoic acid receptor signaling pathway	False		0	[]	False		0	[]	False	1.0	1	"[""CNOT1""]"	0	False		1.0
GO:BP	GO:1904153	negative regulation of retrograde protein transport, ER to cytosol	False		0	[]	False		0	[]	False	1.0	1	"[""DERL2""]"	0	False		1.0
GO:BP	GO:0009968	negative regulation of signal transduction	False	1.0	2	"[""CRKL"", ""ENO1""]"	False	1.0	2	"[""CRKL"", ""ENO1""]"	False	1.0	7	"[""CNOT1"", ""CRKL"", ""ENO1"", ""ITGAV"", ""MGRN1"", ""NFKBIA"", ""RHOA""]"	0	False		1.0
GO:BP	GO:0023057	negative regulation of signaling	False	1.0	2	"[""CRKL"", ""ENO1""]"	False	1.0	2	"[""CRKL"", ""ENO1""]"	False	1.0	7	"[""CNOT1"", ""CRKL"", ""ENO1"", ""ITGAV"", ""MGRN1"", ""NFKBIA"", ""RHOA""]"	0	False		1.0
GO:BP	GO:0033046	negative regulation of sister chromatid segregation	False		0	[]	False	1.0	1	"[""LCMT1""]"	False	1.0	1	"[""LCMT1""]"	0	False		1.0
GO:BP	GO:0062014	negative regulation of small molecule metabolic process	False	1.0	1	"[""FIS1""]"	False	1.0	1	"[""FIS1""]"	False	1.0	1	"[""FIS1""]"	0	False		1.0
GO:BP	GO:0048662	negative regulation of smooth muscle cell proliferation	False		0	[]	False		0	[]	False	1.0	1	"[""RBM10""]"	0	False		1.0
GO:BP	GO:0045986	negative regulation of smooth muscle contraction	False		0	[]	False	1.0	1	"[""DOCK5""]"	False	1.0	1	"[""DOCK5""]"	0	False		1.0
GO:BP	GO:0045879	negative regulation of smoothened signaling pathway	False		0	[]	False		0	[]	False	1.0	1	"[""MGRN1""]"	0	False		1.0
GO:BP	GO:0032372	negative regulation of sterol transport	False		0	[]	False		0	[]	False	1.0	1	"[""NFKBIA""]"	0	False		1.0
GO:BP	GO:0051154	negative regulation of striated muscle cell differentiation	False		0	[]	False	1.0	1	"[""G6PD""]"	False	1.0	1	"[""G6PD""]"	0	False		1.0
GO:BP	GO:1902904	negative regulation of supramolecular fiber organization	False		0	[]	False	1.0	1	"[""WASHC2C""]"	False	1.0	1	"[""WASHC2C""]"	0	False		1.0
GO:BP	GO:0032205	negative regulation of telomere maintenance	False	1.0	1	"[""HNRNPA1""]"	False	1.0	1	"[""HNRNPA1""]"	False	1.0	1	"[""HNRNPA1""]"	0	False		1.0
GO:BP	GO:0032211	negative regulation of telomere maintenance via telomerase	False	1.0	1	"[""HNRNPA1""]"	False	1.0	1	"[""HNRNPA1""]"	False	1.0	1	"[""HNRNPA1""]"	0	False		1.0
GO:BP	GO:1904357	negative regulation of telomere maintenance via telomere lengthening	False	1.0	1	"[""HNRNPA1""]"	False	1.0	1	"[""HNRNPA1""]"	False	1.0	1	"[""HNRNPA1""]"	0	False		1.0
GO:BP	GO:0000122	negative regulation of transcription by RNA polymerase II	False	1.0	2	"[""ENO1"", ""ZNF217""]"	False	1.0	3	"[""ENO1"", ""TGIF1"", ""ZNF217""]"	False	1.0	8	"[""CNOT1"", ""ENO1"", ""NACC1"", ""NFKBIA"", ""RBM10"", ""SP3"", ""TGIF1"", ""ZNF217""]"	0	False		1.0
GO:BP	GO:0071635	negative regulation of transforming growth factor beta production	False		0	[]	False	1.0	1	"[""FURIN""]"	False	1.0	1	"[""FURIN""]"	0	False		1.0
GO:BP	GO:0032911	negative regulation of transforming growth factor beta1 production	False		0	[]	False	1.0	1	"[""FURIN""]"	False	1.0	1	"[""FURIN""]"	0	False		1.0
GO:BP	GO:0017148	negative regulation of translation	False	1.0	1	"[""SYNCRIP""]"	False	1.0	2	"[""SERBP1"", ""SYNCRIP""]"	False	1.0	3	"[""CNOT1"", ""SERBP1"", ""SYNCRIP""]"	0	False		1.0
GO:BP	GO:0090101	negative regulation of transmembrane receptor protein serine/threonine kinase signaling pathway	False	1.0	1	"[""CRKL""]"	False	1.0	1	"[""CRKL""]"	False	1.0	1	"[""CRKL""]"	0	False		1.0
GO:BP	GO:0051051	negative regulation of transport	False	1.0	1	"[""FIS1""]"	False	1.0	1	"[""FIS1""]"	False	1.0	4	"[""DERL2"", ""FIS1"", ""ITGAV"", ""NFKBIA""]"	0	False		1.0
GO:BP	GO:2000059	negative regulation of ubiquitin-dependent protein catabolic process	False		0	[]	False	1.0	1	"[""HSP90AB1""]"	False	1.0	1	"[""HSP90AB1""]"	0	False		1.0
GO:BP	GO:1904706	negative regulation of vascular associated smooth muscle cell proliferation	False		0	[]	False		0	[]	False	1.0	1	"[""RBM10""]"	0	False		1.0
GO:BP	GO:1904694	negative regulation of vascular associated smooth muscle contraction	False		0	[]	False	1.0	1	"[""DOCK5""]"	False	1.0	1	"[""DOCK5""]"	0	False		1.0
GO:BP	GO:0043116	negative regulation of vascular permeability	False		0	[]	False		0	[]	False	1.0	1	"[""FERMT2""]"	0	False		1.0
GO:BP	GO:0045906	negative regulation of vasoconstriction	False		0	[]	False	1.0	1	"[""DOCK5""]"	False	1.0	1	"[""DOCK5""]"	0	False		1.0
GO:BP	GO:0061045	negative regulation of wound healing	False		0	[]	False		0	[]	False	1.0	1	"[""CRK""]"	0	False		1.0
GO:BP	GO:0032902	nerve growth factor production	False		0	[]	False	1.0	1	"[""FURIN""]"	False	1.0	1	"[""FURIN""]"	0	False		1.0
GO:BP	GO:0007399	nervous system development	False	1.0	4	"[""BRD2"", ""CRKL"", ""KRAS"", ""PSMG1""]"	False	1.0	8	"[""BRD2"", ""CRKL"", ""G6PD"", ""KRAS"", ""PSMG1"", ""PTK2"", ""TRA2B"", ""VCL""]"	False	1.0	13	"[""AIFM1"", ""BRD2"", ""CRK"", ""CRKL"", ""G6PD"", ""KRAS"", ""PSMG1"", ""PTK2"", ""RHOA"", ""TRA2B"", ""VCL"", ""WDR1"", ""WDR83""]"	0	False		1.0
GO:BP	GO:0050877	nervous system process	False	1.0	2	"[""KRAS"", ""UBA5""]"	False	1.0	2	"[""KRAS"", ""UBA5""]"	False	1.0	4	"[""GPI"", ""KRAS"", ""UBA5"", ""WDR1""]"	0	False		1.0
GO:BP	GO:0038007	netrin-activated signaling pathway	False		0	[]	False	1.0	1	"[""PTK2""]"	False	1.0	1	"[""PTK2""]"	0	False		1.0
GO:BP	GO:0048857	neural nucleus development	False		0	[]	False	1.0	1	"[""G6PD""]"	False	1.0	2	"[""G6PD"", ""RHOA""]"	0	False		1.0
GO:BP	GO:0061351	neural precursor cell proliferation	False	1.0	1	"[""PSMG1""]"	False	1.0	1	"[""PSMG1""]"	False	1.0	2	"[""PSMG1"", ""RHOA""]"	0	False		1.0
GO:BP	GO:0001843	neural tube closure	False	1.0	1	"[""BRD2""]"	False	1.0	1	"[""BRD2""]"	False	1.0	2	"[""BRD2"", ""WDR83""]"	0	False		1.0
GO:BP	GO:0021915	neural tube development	False	1.0	1	"[""BRD2""]"	False	1.0	1	"[""BRD2""]"	False	1.0	2	"[""BRD2"", ""WDR83""]"	0	False		1.0
GO:BP	GO:0001841	neural tube formation	False	1.0	1	"[""BRD2""]"	False	1.0	1	"[""BRD2""]"	False	1.0	2	"[""BRD2"", ""WDR83""]"	0	False		1.0
GO:BP	GO:0022008	neurogenesis	False	1.0	2	"[""CRKL"", ""KRAS""]"	False	1.0	4	"[""CRKL"", ""KRAS"", ""PTK2"", ""VCL""]"	False	1.0	8	"[""AIFM1"", ""CRK"", ""CRKL"", ""KRAS"", ""PTK2"", ""RHOA"", ""VCL"", ""WDR1""]"	0	False		1.0
GO:BP	GO:0007528	neuromuscular junction development	False	1.0	1	"[""CRKL""]"	False	1.0	1	"[""CRKL""]"	False	1.0	2	"[""CRK"", ""CRKL""]"	0	False		1.0
GO:BP	GO:0050905	neuromuscular process	False	1.0	1	"[""UBA5""]"	False	1.0	1	"[""UBA5""]"	False	1.0	1	"[""UBA5""]"	0	False		1.0
GO:BP	GO:0051402	neuron apoptotic process	False	1.0	1	"[""KRAS""]"	False	1.0	2	"[""G6PD"", ""KRAS""]"	False	1.0	4	"[""AIFM1"", ""G6PD"", ""KRAS"", ""RHOA""]"	0	False		1.0
GO:BP	GO:0048666	neuron development	False	1.0	1	"[""CRKL""]"	False	1.0	3	"[""CRKL"", ""PTK2"", ""VCL""]"	False	1.0	5	"[""CRK"", ""CRKL"", ""PTK2"", ""RHOA"", ""VCL""]"	0	False		1.0
GO:BP	GO:0030182	neuron differentiation	False	1.0	1	"[""CRKL""]"	False	1.0	3	"[""CRKL"", ""PTK2"", ""VCL""]"	False	1.0	6	"[""AIFM1"", ""CRK"", ""CRKL"", ""PTK2"", ""RHOA"", ""VCL""]"	0	False		1.0
GO:BP	GO:0001764	neuron migration	False	1.0	1	"[""CRKL""]"	False	1.0	1	"[""CRKL""]"	False	1.0	3	"[""CRK"", ""CRKL"", ""RHOA""]"	0	False		1.0
GO:BP	GO:0031175	neuron projection development	False	1.0	1	"[""CRKL""]"	False	1.0	3	"[""CRKL"", ""PTK2"", ""VCL""]"	False	1.0	5	"[""CRK"", ""CRKL"", ""PTK2"", ""RHOA"", ""VCL""]"	0	False		1.0
GO:BP	GO:1990138	neuron projection extension	False		0	[]	False	1.0	1	"[""VCL""]"	False	1.0	1	"[""VCL""]"	0	False		1.0
GO:BP	GO:0097485	neuron projection guidance	False		0	[]	False	1.0	1	"[""PTK2""]"	False	1.0	1	"[""PTK2""]"	0	False		1.0
GO:BP	GO:0048812	neuron projection morphogenesis	False		0	[]	False	1.0	2	"[""PTK2"", ""VCL""]"	False	1.0	2	"[""PTK2"", ""VCL""]"	0	False		1.0
GO:BP	GO:0007218	neuropeptide signaling pathway	False		0	[]	False	1.0	1	"[""LTB4R""]"	False	1.0	1	"[""LTB4R""]"	0	False		1.0
GO:BP	GO:0007269	neurotransmitter secretion	False	1.0	1	"[""SNAP23""]"	False	1.0	1	"[""SNAP23""]"	False	1.0	2	"[""SNAP23"", ""SV2A""]"	0	False		1.0
GO:BP	GO:0006836	neurotransmitter transport	False	1.0	1	"[""SNAP23""]"	False	1.0	1	"[""SNAP23""]"	False	1.0	2	"[""SNAP23"", ""SV2A""]"	0	False		1.0
GO:BP	GO:0032898	neurotrophin production	False		0	[]	False	1.0	1	"[""FURIN""]"	False	1.0	1	"[""FURIN""]"	0	False		1.0
GO:BP	GO:0030593	neutrophil chemotaxis	False	1.0	1	"[""DNM1L""]"	False	1.0	1	"[""DNM1L""]"	False	1.0	1	"[""DNM1L""]"	0	False		1.0
GO:BP	GO:0002446	neutrophil mediated immunity	False		0	[]	False		0	[]	False	1.0	1	"[""WDR1""]"	0	False		1.0
GO:BP	GO:1990266	neutrophil migration	False	1.0	1	"[""DNM1L""]"	False	1.0	1	"[""DNM1L""]"	False	1.0	2	"[""DNM1L"", ""WDR1""]"	0	False		1.0
GO:BP	GO:0046496	nicotinamide nucleotide metabolic process	False	1.0	2	"[""ENO1"", ""MLST8""]"	False	1.0	3	"[""ENO1"", ""G6PD"", ""MLST8""]"	False	1.0	4	"[""ENO1"", ""G6PD"", ""GPI"", ""MLST8""]"	0	False		1.0
GO:BP	GO:0006809	nitric oxide biosynthetic process	False		0	[]	False	1.0	1	"[""HSP90AB1""]"	False	1.0	1	"[""HSP90AB1""]"	0	False		1.0
GO:BP	GO:0046209	nitric oxide metabolic process	False		0	[]	False	1.0	1	"[""HSP90AB1""]"	False	1.0	1	"[""HSP90AB1""]"	0	False		1.0
GO:BP	GO:0071705	nitrogen compound transport	False	1.0	2	"[""HNRNPA1"", ""SNAP23""]"	False	1.0	4	"[""HNRNPA1"", ""SLC25A26"", ""SLC35B2"", ""SNAP23""]"	False	1.0	8	"[""HNRNPA1"", ""IWS1"", ""NDC1"", ""NUP42"", ""SETD2"", ""SLC25A26"", ""SLC35B2"", ""SNAP23""]"	0	False		1.0
GO:BP	GO:0038061	non-canonical NF-kappaB signal transduction	False		0	[]	False		0	[]	False	1.0	3	"[""NFKBIA"", ""RHOA"", ""TRAF2""]"	0	False		1.0
GO:BP	GO:0035567	non-canonical Wnt signaling pathway	False		0	[]	False		0	[]	False	1.0	1	"[""RHOA""]"	0	False		1.0
GO:BP	GO:0030575	nuclear body organization	False		0	[]	False	1.0	1	"[""SERBP1""]"	False	1.0	1	"[""SERBP1""]"	0	False		1.0
GO:BP	GO:0098813	nuclear chromosome segregation	False		0	[]	False	1.0	2	"[""KIF4A"", ""LCMT1""]"	False	1.0	4	"[""KIF4A"", ""LCMT1"", ""NDC1"", ""RHOA""]"	0	False		1.0
GO:BP	GO:0000280	nuclear division	False		0	[]	False	1.0	2	"[""KIF4A"", ""LCMT1""]"	False	1.0	5	"[""KIF4A"", ""LCMT1"", ""NDC1"", ""RHOA"", ""RMI1""]"	0	False		1.0
GO:BP	GO:0051168	nuclear export	False	1.0	1	"[""HNRNPA1""]"	False	1.0	1	"[""HNRNPA1""]"	False	1.0	4	"[""HNRNPA1"", ""IWS1"", ""NUP42"", ""SETD2""]"	0	False		1.0
GO:BP	GO:0051292	nuclear pore complex assembly	False		0	[]	False		0	[]	False	1.0	1	"[""NDC1""]"	0	False		1.0
GO:BP	GO:0051664	nuclear pore localization	False		0	[]	False		0	[]	False	1.0	1	"[""NDC1""]"	0	False		1.0
GO:BP	GO:0006999	nuclear pore organization	False		0	[]	False		0	[]	False	1.0	1	"[""NDC1""]"	0	False		1.0
GO:BP	GO:0141193	nuclear receptor-mediated signaling pathway	False	1.0	2	"[""CRKL"", ""UBA5""]"	False	1.0	2	"[""CRKL"", ""UBA5""]"	False	1.0	4	"[""CNOT1"", ""CRKL"", ""RHOA"", ""UBA5""]"	0	False		1.0
GO:BP	GO:0030518	nuclear receptor-mediated steroid hormone signaling pathway	False	1.0	1	"[""UBA5""]"	False	1.0	1	"[""UBA5""]"	False	1.0	3	"[""CNOT1"", ""RHOA"", ""UBA5""]"	0	False		1.0
GO:BP	GO:0051169	nuclear transport	False	1.0	1	"[""HNRNPA1""]"	False	1.0	2	"[""HEATR3"", ""HNRNPA1""]"	False	1.0	7	"[""HEATR3"", ""HNRNPA1"", ""IWS1"", ""NDC1"", ""NFKBIA"", ""NUP42"", ""SETD2""]"	0	False		1.0
GO:BP	GO:0000956	nuclear-transcribed mRNA catabolic process	False	1.0	1	"[""SYNCRIP""]"	False	1.0	1	"[""SYNCRIP""]"	False	1.0	2	"[""CNOT1"", ""SYNCRIP""]"	0	False		1.0
GO:BP	GO:0000288	nuclear-transcribed mRNA catabolic process, deadenylation-dependent decay	False	1.0	1	"[""SYNCRIP""]"	False	1.0	1	"[""SYNCRIP""]"	False	1.0	2	"[""CNOT1"", ""SYNCRIP""]"	0	False		1.0
GO:BP	GO:0000184	nuclear-transcribed mRNA catabolic process, nonsense-mediated decay	False	1.0	1	"[""SYNCRIP""]"	False	1.0	1	"[""SYNCRIP""]"	False	1.0	1	"[""SYNCRIP""]"	0	False		1.0
GO:BP	GO:0000289	nuclear-transcribed mRNA poly(A) tail shortening	False		0	[]	False		0	[]	False	1.0	1	"[""CNOT1""]"	0	False		1.0
GO:BP	GO:0141187	nucleic acid biosynthetic process	False	1.0	7	"[""BRD2"", ""EAF1"", ""ENO1"", ""HNRNPA1"", ""SNRPB2"", ""SYNCRIP"", ""ZNF217""]"	False	1.0	11	"[""BRD2"", ""EAF1"", ""ENO1"", ""HNRNPA1"", ""HSP90AB1"", ""ING3"", ""SNRPB2"", ""SYNCRIP"", ""TGIF1"", ""TRA2B"", ""ZNF217""]"	False	1.0	29	"[""BRD2"", ""CCAR1"", ""CNOT1"", ""CRK"", ""EAF1"", ""ENO1"", ""FOXO3B"", ""HNRNPA1"", ""HSP90AB1"", ""ING3"", ""IWS1"", ""MED24"", ""MTFMT"", ""NACC1"", ""NFKBIA"", ""PRKRA"", ""RBM10"", ""RBM12"", ""RCOR1"", ""RHOA"", ""SETD2"", ""SNRPB2"", ""SP3"", ""SYNCRIP"", ""TGIF1"", ""TRA2B"", ""WDR83"", ""ZNF217"", ""ZNF687""]"	0	False		1.0
GO:BP	GO:0141188	nucleic acid catabolic process	False	1.0	1	"[""SYNCRIP""]"	False	1.0	3	"[""RNASEH2A"", ""SERBP1"", ""SYNCRIP""]"	False	1.0	7	"[""CNOT1"", ""RBM10"", ""RNASEH2A"", ""RNASEH2C"", ""SERBP1"", ""SYNCRIP"", ""TRAF2""]"	0	False		1.0
GO:BP	GO:0090304	nucleic acid metabolic process	False	1.0	8	"[""BRD2"", ""EAF1"", ""ENO1"", ""HNRNPA1"", ""SNRPB2"", ""SYNCRIP"", ""WDR48"", ""ZNF217""]"	False	1.0	15	"[""BRD2"", ""EAF1"", ""ENO1"", ""HNRNPA1"", ""HSP90AB1"", ""ING3"", ""RNASEH2A"", ""SERBP1"", ""SNRPB2"", ""SYNCRIP"", ""TARS2"", ""TGIF1"", ""TRA2B"", ""WDR48"", ""ZNF217""]"	False	1.0	37	"[""APEX2"", ""BRD2"", ""CCAR1"", ""CNOT1"", ""CRK"", ""EAF1"", ""ENO1"", ""FOXO3B"", ""HNRNPA1"", ""HSP90AB1"", ""ING3"", ""IWS1"", ""MED24"", ""MTFMT"", ""NACC1"", ""NFKBIA"", ""PRKRA"", ""RBM10"", ""RBM12"", ""RCOR1"", ""RHOA"", ""RMI1"", ""RNASEH2A"", ""RNASEH2C"", ""SERBP1"", ""SETD2"", ""SNRPB2"", ""SP3"", ""SYNCRIP"", ""TARS2"", ""TGIF1"", ""TRA2B"", ""TRAF2"", ""WDR48"", ""WDR83"", ""ZNF217"", ""ZNF687""]"	0	False		1.0
GO:BP	GO:0050657	nucleic acid transport	False	1.0	1	"[""HNRNPA1""]"	False	1.0	1	"[""HNRNPA1""]"	False	1.0	5	"[""HNRNPA1"", ""IWS1"", ""NDC1"", ""NUP42"", ""SETD2""]"	0	False		1.0
GO:BP	GO:0046112	nucleobase biosynthetic process	False		0	[]	False		0	[]	False	1.0	1	"[""CTPS1""]"	0	False		1.0
GO:BP	GO:0009112	nucleobase metabolic process	False		0	[]	False		0	[]	False	1.0	1	"[""CTPS1""]"	0	False		1.0
GO:BP	GO:0034654	nucleobase-containing compound biosynthetic process	False	1.0	8	"[""ATP5ME"", ""BRD2"", ""EAF1"", ""ENO1"", ""HNRNPA1"", ""SNRPB2"", ""SYNCRIP"", ""ZNF217""]"	False	1.0	12	"[""ATP5ME"", ""BRD2"", ""EAF1"", ""ENO1"", ""HNRNPA1"", ""HSP90AB1"", ""ING3"", ""SNRPB2"", ""SYNCRIP"", ""TGIF1"", ""TRA2B"", ""ZNF217""]"	False	1.0	32	"[""ADSL"", ""ATP5ME"", ""BRD2"", ""CCAR1"", ""CNOT1"", ""CRK"", ""CTPS1"", ""EAF1"", ""ENO1"", ""FOXO3B"", ""HNRNPA1"", ""HSP90AB1"", ""ING3"", ""IWS1"", ""MED24"", ""MTFMT"", ""NACC1"", ""NFKBIA"", ""PRKRA"", ""RBM10"", ""RBM12"", ""RCOR1"", ""RHOA"", ""SETD2"", ""SNRPB2"", ""SP3"", ""SYNCRIP"", ""TGIF1"", ""TRA2B"", ""WDR83"", ""ZNF217"", ""ZNF687""]"	0	False		1.0
GO:BP	GO:0034655	nucleobase-containing compound catabolic process	False	1.0	3	"[""ENO1"", ""MLST8"", ""SYNCRIP""]"	False	1.0	5	"[""ENO1"", ""MLST8"", ""RNASEH2A"", ""SERBP1"", ""SYNCRIP""]"	False	1.0	10	"[""CNOT1"", ""ENO1"", ""GPI"", ""MLST8"", ""RBM10"", ""RNASEH2A"", ""RNASEH2C"", ""SERBP1"", ""SYNCRIP"", ""TRAF2""]"	0	False		1.0
GO:BP	GO:0006139	nucleobase-containing compound metabolic process	False	1.0	12	"[""ATP5ME"", ""BRD2"", ""DNM1L"", ""EAF1"", ""ENO1"", ""FIS1"", ""HNRNPA1"", ""MLST8"", ""SNRPB2"", ""SYNCRIP"", ""WDR48"", ""ZNF217""]"	False	1.0	20	"[""ATP5ME"", ""BRD2"", ""DNM1L"", ""EAF1"", ""ENO1"", ""FIS1"", ""G6PD"", ""HNRNPA1"", ""HSP90AB1"", ""ING3"", ""MLST8"", ""RNASEH2A"", ""SERBP1"", ""SNRPB2"", ""SYNCRIP"", ""TARS2"", ""TGIF1"", ""TRA2B"", ""WDR48"", ""ZNF217""]"	False	1.0	45	"[""ADSL"", ""APEX2"", ""ATP5ME"", ""BRD2"", ""CCAR1"", ""CNOT1"", ""CRK"", ""CTPS1"", ""DNM1L"", ""EAF1"", ""ENO1"", ""FIS1"", ""FOXO3B"", ""G6PD"", ""GPI"", ""HNRNPA1"", ""HSP90AB1"", ""ING3"", ""IWS1"", ""MED24"", ""MLST8"", ""MTFMT"", ""NACC1"", ""NFKBIA"", ""PRKRA"", ""RBM10"", ""RBM12"", ""RCOR1"", ""RHOA"", ""RMI1"", ""RNASEH2A"", ""RNASEH2C"", ""SERBP1"", ""SETD2"", ""SNRPB2"", ""SP3"", ""SYNCRIP"", ""TARS2"", ""TGIF1"", ""TRA2B"", ""TRAF2"", ""WDR48"", ""WDR83"", ""ZNF217"", ""ZNF687""]"	0	False		1.0
GO:BP	GO:0015931	nucleobase-containing compound transport	False	1.0	1	"[""HNRNPA1""]"	False	1.0	3	"[""HNRNPA1"", ""SLC25A26"", ""SLC35B2""]"	False	1.0	7	"[""HNRNPA1"", ""IWS1"", ""NDC1"", ""NUP42"", ""SETD2"", ""SLC25A26"", ""SLC35B2""]"	0	False		1.0
GO:BP	GO:0055086	nucleobase-containing small molecule metabolic process	False	1.0	5	"[""ATP5ME"", ""DNM1L"", ""ENO1"", ""FIS1"", ""MLST8""]"	False	1.0	6	"[""ATP5ME"", ""DNM1L"", ""ENO1"", ""FIS1"", ""G6PD"", ""MLST8""]"	False	1.0	9	"[""ADSL"", ""ATP5ME"", ""CTPS1"", ""DNM1L"", ""ENO1"", ""FIS1"", ""G6PD"", ""GPI"", ""MLST8""]"	0	False		1.0
GO:BP	GO:0006913	nucleocytoplasmic transport	False	1.0	1	"[""HNRNPA1""]"	False	1.0	2	"[""HEATR3"", ""HNRNPA1""]"	False	1.0	7	"[""HEATR3"", ""HNRNPA1"", ""IWS1"", ""NDC1"", ""NFKBIA"", ""NUP42"", ""SETD2""]"	0	False		1.0
GO:BP	GO:0009134	nucleoside diphosphate catabolic process	False	1.0	2	"[""ENO1"", ""MLST8""]"	False	1.0	2	"[""ENO1"", ""MLST8""]"	False	1.0	3	"[""ENO1"", ""GPI"", ""MLST8""]"	0	False		1.0
GO:BP	GO:0009132	nucleoside diphosphate metabolic process	False	1.0	2	"[""ENO1"", ""MLST8""]"	False	1.0	2	"[""ENO1"", ""MLST8""]"	False	1.0	3	"[""ENO1"", ""GPI"", ""MLST8""]"	0	False		1.0
GO:BP	GO:0009124	nucleoside monophosphate biosynthetic process	False		0	[]	False		0	[]	False	1.0	1	"[""ADSL""]"	0	False		1.0
GO:BP	GO:0009123	nucleoside monophosphate metabolic process	False		0	[]	False		0	[]	False	1.0	1	"[""ADSL""]"	0	False		1.0
GO:BP	GO:1901293	nucleoside phosphate biosynthetic process	False	1.0	2	"[""ATP5ME"", ""ENO1""]"	False	1.0	2	"[""ATP5ME"", ""ENO1""]"	False	1.0	4	"[""ADSL"", ""ATP5ME"", ""CTPS1"", ""ENO1""]"	0	False		1.0
GO:BP	GO:1901292	nucleoside phosphate catabolic process	False	1.0	2	"[""ENO1"", ""MLST8""]"	False	1.0	2	"[""ENO1"", ""MLST8""]"	False	1.0	3	"[""ENO1"", ""GPI"", ""MLST8""]"	0	False		1.0
GO:BP	GO:0006753	nucleoside phosphate metabolic process	False	1.0	5	"[""ATP5ME"", ""DNM1L"", ""ENO1"", ""FIS1"", ""MLST8""]"	False	1.0	6	"[""ATP5ME"", ""DNM1L"", ""ENO1"", ""FIS1"", ""G6PD"", ""MLST8""]"	False	1.0	9	"[""ADSL"", ""ATP5ME"", ""CTPS1"", ""DNM1L"", ""ENO1"", ""FIS1"", ""G6PD"", ""GPI"", ""MLST8""]"	0	False		1.0
GO:BP	GO:1901642	nucleoside transmembrane transport	False		0	[]	False	1.0	1	"[""SLC25A26""]"	False	1.0	1	"[""SLC25A26""]"	0	False		1.0
GO:BP	GO:0015858	nucleoside transport	False		0	[]	False	1.0	1	"[""SLC25A26""]"	False	1.0	1	"[""SLC25A26""]"	0	False		1.0
GO:BP	GO:0009142	nucleoside triphosphate biosynthetic process	False	1.0	2	"[""ATP5ME"", ""ENO1""]"	False	1.0	2	"[""ATP5ME"", ""ENO1""]"	False	1.0	3	"[""ATP5ME"", ""CTPS1"", ""ENO1""]"	0	False		1.0
GO:BP	GO:0009141	nucleoside triphosphate metabolic process	False	1.0	5	"[""ATP5ME"", ""DNM1L"", ""ENO1"", ""FIS1"", ""MLST8""]"	False	1.0	5	"[""ATP5ME"", ""DNM1L"", ""ENO1"", ""FIS1"", ""MLST8""]"	False	1.0	7	"[""ATP5ME"", ""CTPS1"", ""DNM1L"", ""ENO1"", ""FIS1"", ""GPI"", ""MLST8""]"	0	False		1.0
GO:BP	GO:0006334	nucleosome assembly	False	1.0	1	"[""BRD2""]"	False	1.0	1	"[""BRD2""]"	False	1.0	1	"[""BRD2""]"	0	False		1.0
GO:BP	GO:0034728	nucleosome organization	False	1.0	1	"[""BRD2""]"	False	1.0	1	"[""BRD2""]"	False	1.0	2	"[""BRD2"", ""SETD2""]"	0	False		1.0
GO:BP	GO:0009165	nucleotide biosynthetic process	False	1.0	2	"[""ATP5ME"", ""ENO1""]"	False	1.0	2	"[""ATP5ME"", ""ENO1""]"	False	1.0	4	"[""ADSL"", ""ATP5ME"", ""CTPS1"", ""ENO1""]"	0	False		1.0
GO:BP	GO:0009166	nucleotide catabolic process	False	1.0	2	"[""ENO1"", ""MLST8""]"	False	1.0	2	"[""ENO1"", ""MLST8""]"	False	1.0	3	"[""ENO1"", ""GPI"", ""MLST8""]"	0	False		1.0
GO:BP	GO:0009117	nucleotide metabolic process	False	1.0	5	"[""ATP5ME"", ""DNM1L"", ""ENO1"", ""FIS1"", ""MLST8""]"	False	1.0	6	"[""ATP5ME"", ""DNM1L"", ""ENO1"", ""FIS1"", ""G6PD"", ""MLST8""]"	False	1.0	9	"[""ADSL"", ""ATP5ME"", ""CTPS1"", ""DNM1L"", ""ENO1"", ""FIS1"", ""G6PD"", ""GPI"", ""MLST8""]"	0	False		1.0
GO:BP	GO:0043173	nucleotide salvage	False		0	[]	False		0	[]	False	1.0	1	"[""ADSL""]"	0	False		1.0
GO:BP	GO:1901679	nucleotide transmembrane transport	False		0	[]	False	1.0	1	"[""SLC35B2""]"	False	1.0	1	"[""SLC35B2""]"	0	False		1.0
GO:BP	GO:0006862	nucleotide transport	False		0	[]	False	1.0	1	"[""SLC35B2""]"	False	1.0	1	"[""SLC35B2""]"	0	False		1.0
GO:BP	GO:0035872	nucleotide-binding domain, leucine rich repeat containing receptor signaling pathway	False		0	[]	False		0	[]	False	1.0	1	"[""NFKBIA""]"	0	False		1.0
GO:BP	GO:0070427	nucleotide-binding oligomerization domain containing 1 signaling pathway	False		0	[]	False		0	[]	False	1.0	1	"[""NFKBIA""]"	0	False		1.0
GO:BP	GO:0070431	nucleotide-binding oligomerization domain containing 2 signaling pathway	False		0	[]	False		0	[]	False	1.0	1	"[""NFKBIA""]"	0	False		1.0
GO:BP	GO:0006997	nucleus organization	False		0	[]	False	1.0	1	"[""SERBP1""]"	False	1.0	2	"[""NDC1"", ""SERBP1""]"	0	False		1.0
GO:BP	GO:0170062	nutrient storage	False		0	[]	False		0	[]	False	1.0	2	"[""ITGAV"", ""NFKBIA""]"	0	False		1.0
GO:BP	GO:0042476	odontogenesis	False		0	[]	False		0	[]	False	1.0	1	"[""RHOA""]"	0	False		1.0
GO:BP	GO:0048709	oligodendrocyte differentiation	False		0	[]	False		0	[]	False	1.0	1	"[""WDR1""]"	0	False		1.0
GO:BP	GO:0035265	organ growth	False		0	[]	False	1.0	1	"[""G6PD""]"	False	1.0	1	"[""G6PD""]"	0	False		1.0
GO:BP	GO:0070925	organelle assembly	False	1.0	1	"[""CRKL""]"	False	1.0	3	"[""CRKL"", ""DOCK5"", ""KIF4A""]"	False	1.0	8	"[""CNOT1"", ""CRK"", ""CRKL"", ""DOCK5"", ""KIF4A"", ""MRPS2"", ""RHOA"", ""WDR1""]"	0	False		1.0
GO:BP	GO:1903008	organelle disassembly	False		0	[]	False		0	[]	False	1.0	1	"[""GCN1""]"	0	False		1.0
GO:BP	GO:0048285	organelle fission	False	1.0	2	"[""DNM1L"", ""FIS1""]"	False	1.0	4	"[""DNM1L"", ""FIS1"", ""KIF4A"", ""LCMT1""]"	False	1.0	7	"[""DNM1L"", ""FIS1"", ""KIF4A"", ""LCMT1"", ""NDC1"", ""RHOA"", ""RMI1""]"	0	False		1.0
GO:BP	GO:0048284	organelle fusion	False	1.0	1	"[""SNAP23""]"	False	1.0	1	"[""SNAP23""]"	False	1.0	1	"[""SNAP23""]"	0	False		1.0
GO:BP	GO:0051640	organelle localization	False	1.0	2	"[""DNM1L"", ""SNAP23""]"	False	1.0	2	"[""DNM1L"", ""SNAP23""]"	False	1.0	3	"[""BRAT1"", ""DNM1L"", ""SNAP23""]"	0	False		1.0
GO:BP	GO:0090174	organelle membrane fusion	False	1.0	1	"[""SNAP23""]"	False	1.0	1	"[""SNAP23""]"	False	1.0	1	"[""SNAP23""]"	0	False		1.0
GO:BP	GO:0006996	organelle organization	False	1.0	8	"[""COX18"", ""CRKL"", ""DNM1L"", ""FIS1"", ""HNRNPA1"", ""KRAS"", ""MLST8"", ""SNAP23""]"	False	1.0	18	"[""COX18"", ""CRKL"", ""DNM1L"", ""DOCK5"", ""EMC1"", ""EMC7"", ""FIS1"", ""HNRNPA1"", ""HSP90AB1"", ""ITGB5"", ""KIF4A"", ""KRAS"", ""LCMT1"", ""MLST8"", ""PTK2"", ""SERBP1"", ""SNAP23"", ""WASHC2C""]"	False	1.0	31	"[""AIFM1"", ""CNOT1"", ""COX18"", ""CRK"", ""CRKL"", ""DNM1L"", ""DOCK5"", ""EMC1"", ""EMC7"", ""FERMT2"", ""FIS1"", ""FOXRED1"", ""GCN1"", ""HNRNPA1"", ""HSP90AB1"", ""ITGB5"", ""KIF4A"", ""KRAS"", ""LCMT1"", ""MLST8"", ""MRPS2"", ""NDC1"", ""NDUFAF8"", ""PTK2"", ""RHOA"", ""RMI1"", ""SERBP1"", ""SETD2"", ""SNAP23"", ""WASHC2C"", ""WDR1""]"	0	False		1.0
GO:BP	GO:0006082	organic acid metabolic process	False	1.0	2	"[""ENO1"", ""MLST8""]"	False	1.0	2	"[""ENO1"", ""MLST8""]"	False	1.0	5	"[""CTPS1"", ""ENO1"", ""GPI"", ""MLST8"", ""ST3GAL1""]"	0	False		1.0
GO:BP	GO:0015849	organic acid transport	False	1.0	1	"[""FIS1""]"	False	1.0	2	"[""FIS1"", ""SLC25A26""]"	False	1.0	2	"[""FIS1"", ""SLC25A26""]"	0	False		1.0
GO:BP	GO:0015711	organic anion transport	False	1.0	1	"[""FIS1""]"	False	1.0	3	"[""FIS1"", ""SLC25A26"", ""SLC35B2""]"	False	1.0	3	"[""FIS1"", ""SLC25A26"", ""SLC35B2""]"	0	False		1.0
GO:BP	GO:0015695	organic cation transport	False		0	[]	False	1.0	1	"[""SLC25A26""]"	False	1.0	1	"[""SLC25A26""]"	0	False		1.0
GO:BP	GO:0015850	organic hydroxy compound transport	False		0	[]	False	1.0	1	"[""FURIN""]"	False	1.0	2	"[""FURIN"", ""NFKBIA""]"	0	False		1.0
GO:BP	GO:0090407	organophosphate biosynthetic process	False	1.0	3	"[""ATP5ME"", ""EFR3A"", ""ENO1""]"	False	1.0	5	"[""ATP5ME"", ""DOLK"", ""EFR3A"", ""ENO1"", ""G6PD""]"	False	1.0	8	"[""ADSL"", ""ATP5ME"", ""CTPS1"", ""DOLK"", ""EFR3A"", ""ENO1"", ""G6PD"", ""PIGL""]"	0	False		1.0
GO:BP	GO:0046434	organophosphate catabolic process	False	1.0	2	"[""ENO1"", ""MLST8""]"	False	1.0	2	"[""ENO1"", ""MLST8""]"	False	1.0	3	"[""ENO1"", ""GPI"", ""MLST8""]"	0	False		1.0
GO:BP	GO:0015748	organophosphate ester transport	False		0	[]	False	1.0	1	"[""SLC35B2""]"	False	1.0	1	"[""SLC35B2""]"	0	False		1.0
GO:BP	GO:0019637	organophosphate metabolic process	False	1.0	6	"[""ATP5ME"", ""DNM1L"", ""EFR3A"", ""ENO1"", ""FIS1"", ""MLST8""]"	False	1.0	8	"[""ATP5ME"", ""DNM1L"", ""DOLK"", ""EFR3A"", ""ENO1"", ""FIS1"", ""G6PD"", ""MLST8""]"	False	1.0	12	"[""ADSL"", ""ATP5ME"", ""CTPS1"", ""DNM1L"", ""DOLK"", ""EFR3A"", ""ENO1"", ""FIS1"", ""G6PD"", ""GPI"", ""MLST8"", ""PIGL""]"	0	False		1.0
GO:BP	GO:0001503	ossification	False	1.0	1	"[""SYNCRIP""]"	False	1.0	2	"[""PTK2"", ""SYNCRIP""]"	False	1.0	5	"[""FERMT2"", ""PTK2"", ""RHOA"", ""SP3"", ""SYNCRIP""]"	0	False		1.0
GO:BP	GO:0043931	ossification involved in bone maturation	False		0	[]	False		0	[]	False	1.0	1	"[""RHOA""]"	0	False		1.0
GO:BP	GO:0001649	osteoblast differentiation	False	1.0	1	"[""SYNCRIP""]"	False	1.0	2	"[""PTK2"", ""SYNCRIP""]"	False	1.0	3	"[""FERMT2"", ""PTK2"", ""SYNCRIP""]"	0	False		1.0
GO:BP	GO:0033687	osteoblast proliferation	False		0	[]	False		0	[]	False	1.0	2	"[""ITGAV"", ""RHOA""]"	0	False		1.0
GO:BP	GO:0042473	outer ear morphogenesis	False		0	[]	False		0	[]	False	1.0	1	"[""PRKRA""]"	0	False		1.0
GO:BP	GO:0003151	outflow tract morphogenesis	False	1.0	1	"[""CRKL""]"	False	1.0	1	"[""CRKL""]"	False	1.0	1	"[""CRKL""]"	0	False		1.0
GO:BP	GO:0006119	oxidative phosphorylation	False	1.0	1	"[""ATP5ME""]"	False	1.0	2	"[""ATP5ME"", ""CYC1""]"	False	1.0	3	"[""ATP5ME"", ""CYC1"", ""RHOA""]"	0	False		1.0
GO:BP	GO:0043436	oxoacid metabolic process	False	1.0	2	"[""ENO1"", ""MLST8""]"	False	1.0	2	"[""ENO1"", ""MLST8""]"	False	1.0	5	"[""CTPS1"", ""ENO1"", ""GPI"", ""MLST8"", ""ST3GAL1""]"	0	False		1.0
GO:BP	GO:0021543	pallium development	False	1.0	1	"[""CRKL""]"	False	1.0	2	"[""CRKL"", ""TRA2B""]"	False	1.0	4	"[""CRK"", ""CRKL"", ""RHOA"", ""TRA2B""]"	0	False		1.0
GO:BP	GO:0060017	parathyroid gland development	False	1.0	1	"[""CRKL""]"	False	1.0	1	"[""CRKL""]"	False	1.0	1	"[""CRKL""]"	0	False		1.0
GO:BP	GO:0002221	pattern recognition receptor signaling pathway	False		0	[]	False		0	[]	False	1.0	1	"[""NFKBIA""]"	0	False		1.0
GO:BP	GO:0007389	pattern specification process	False	1.0	1	"[""CRKL""]"	False	1.0	2	"[""CRKL"", ""TRA2B""]"	False	1.0	2	"[""CRKL"", ""TRA2B""]"	0	False		1.0
GO:BP	GO:0019322	pentose biosynthetic process	False		0	[]	False	1.0	1	"[""G6PD""]"	False	1.0	1	"[""G6PD""]"	0	False		1.0
GO:BP	GO:0019321	pentose metabolic process	False		0	[]	False	1.0	1	"[""G6PD""]"	False	1.0	1	"[""G6PD""]"	0	False		1.0
GO:BP	GO:0006098	pentose-phosphate shunt	False	1.0	1	"[""MLST8""]"	False	1.0	2	"[""G6PD"", ""MLST8""]"	False	1.0	2	"[""G6PD"", ""MLST8""]"	0	False		1.0
GO:BP	GO:0009051	pentose-phosphate shunt, oxidative branch	False		0	[]	False	1.0	1	"[""G6PD""]"	False	1.0	1	"[""G6PD""]"	0	False		1.0
GO:BP	GO:0043043	peptide biosynthetic process	False		0	[]	False	1.0	1	"[""FURIN""]"	False	1.0	1	"[""FURIN""]"	0	False		1.0
GO:BP	GO:0016486	peptide hormone processing	False		0	[]	False	1.0	1	"[""FURIN""]"	False	1.0	1	"[""FURIN""]"	0	False		1.0
GO:BP	GO:0006518	peptide metabolic process	False	1.0	1	"[""MIPEP""]"	False	1.0	2	"[""FURIN"", ""MIPEP""]"	False	1.0	2	"[""FURIN"", ""MIPEP""]"	0	False		1.0
GO:BP	GO:0018193	peptidyl-amino acid modification	False		0	[]	False	1.0	1	"[""PTK2""]"	False	1.0	3	"[""DPH5"", ""PTK2"", ""SETD2""]"	0	False		1.0
GO:BP	GO:0018202	peptidyl-histidine modification	False		0	[]	False		0	[]	False	1.0	1	"[""DPH5""]"	0	False		1.0
GO:BP	GO:0018022	peptidyl-lysine methylation	False		0	[]	False		0	[]	False	1.0	1	"[""SETD2""]"	0	False		1.0
GO:BP	GO:0018205	peptidyl-lysine modification	False		0	[]	False		0	[]	False	1.0	1	"[""SETD2""]"	0	False		1.0
GO:BP	GO:0018023	peptidyl-lysine trimethylation	False		0	[]	False		0	[]	False	1.0	1	"[""SETD2""]"	0	False		1.0
GO:BP	GO:0018212	peptidyl-tyrosine modification	False		0	[]	False	1.0	1	"[""PTK2""]"	False	1.0	1	"[""PTK2""]"	0	False		1.0
GO:BP	GO:0018108	peptidyl-tyrosine phosphorylation	False		0	[]	False	1.0	1	"[""PTK2""]"	False	1.0	1	"[""PTK2""]"	0	False		1.0
GO:BP	GO:0016559	peroxisome fission	False	1.0	2	"[""DNM1L"", ""FIS1""]"	False	1.0	2	"[""DNM1L"", ""FIS1""]"	False	1.0	2	"[""DNM1L"", ""FIS1""]"	0	False		1.0
GO:BP	GO:0007031	peroxisome organization	False	1.0	2	"[""DNM1L"", ""FIS1""]"	False	1.0	2	"[""DNM1L"", ""FIS1""]"	False	1.0	2	"[""DNM1L"", ""FIS1""]"	0	False		1.0
GO:BP	GO:0006909	phagocytosis	False		0	[]	False	1.0	1	"[""PTK2""]"	False	1.0	2	"[""ITGAV"", ""PTK2""]"	0	False		1.0
GO:BP	GO:0060465	pharynx development	False	1.0	1	"[""CRKL""]"	False	1.0	1	"[""CRKL""]"	False	1.0	1	"[""CRKL""]"	0	False		1.0
GO:BP	GO:0006796	phosphate-containing compound metabolic process	False	1.0	6	"[""ATP5ME"", ""DNM1L"", ""EFR3A"", ""ENO1"", ""FIS1"", ""MLST8""]"	False	1.0	9	"[""ATP5ME"", ""DNM1L"", ""DOLK"", ""EFR3A"", ""ENO1"", ""FIS1"", ""G6PD"", ""MLST8"", ""PTK2""]"	False	1.0	17	"[""ADSL"", ""ATP5ME"", ""BRAT1"", ""CTPS1"", ""DNM1L"", ""DOLK"", ""EFR3A"", ""ENO1"", ""FIS1"", ""G6PD"", ""GPI"", ""MLST8"", ""PIGL"", ""PTK2"", ""RHOA"", ""TNS3"", ""TRAF2""]"	0	False		1.0
GO:BP	GO:0043491	phosphatidylinositol 3-kinase/protein kinase B signal transduction	False		0	[]	False	1.0	1	"[""PTK2""]"	False	1.0	2	"[""FERMT2"", ""PTK2""]"	0	False		1.0
GO:BP	GO:0006661	phosphatidylinositol biosynthetic process	False	1.0	1	"[""EFR3A""]"	False	1.0	1	"[""EFR3A""]"	False	1.0	2	"[""EFR3A"", ""PIGL""]"	0	False		1.0
GO:BP	GO:0046488	phosphatidylinositol metabolic process	False	1.0	1	"[""EFR3A""]"	False	1.0	1	"[""EFR3A""]"	False	1.0	2	"[""EFR3A"", ""PIGL""]"	0	False		1.0
GO:BP	GO:0046854	phosphatidylinositol phosphate biosynthetic process	False	1.0	1	"[""EFR3A""]"	False	1.0	1	"[""EFR3A""]"	False	1.0	1	"[""EFR3A""]"	0	False		1.0
GO:BP	GO:0007200	phospholipase C-activating G protein-coupled receptor signaling pathway	False		0	[]	False	1.0	1	"[""LTB4R""]"	False	1.0	1	"[""LTB4R""]"	0	False		1.0
GO:BP	GO:0008654	phospholipid biosynthetic process	False	1.0	1	"[""EFR3A""]"	False	1.0	2	"[""DOLK"", ""EFR3A""]"	False	1.0	3	"[""DOLK"", ""EFR3A"", ""PIGL""]"	0	False		1.0
GO:BP	GO:0006644	phospholipid metabolic process	False	1.0	1	"[""EFR3A""]"	False	1.0	2	"[""DOLK"", ""EFR3A""]"	False	1.0	3	"[""DOLK"", ""EFR3A"", ""PIGL""]"	0	False		1.0
GO:BP	GO:0006793	phosphorus metabolic process	False	1.0	6	"[""ATP5ME"", ""DNM1L"", ""EFR3A"", ""ENO1"", ""FIS1"", ""MLST8""]"	False	1.0	9	"[""ATP5ME"", ""DNM1L"", ""DOLK"", ""EFR3A"", ""ENO1"", ""FIS1"", ""G6PD"", ""MLST8"", ""PTK2""]"	False	1.0	17	"[""ADSL"", ""ATP5ME"", ""BRAT1"", ""CTPS1"", ""DNM1L"", ""DOLK"", ""EFR3A"", ""ENO1"", ""FIS1"", ""G6PD"", ""GPI"", ""MLST8"", ""PIGL"", ""PTK2"", ""RHOA"", ""TNS3"", ""TRAF2""]"	0	False		1.0
GO:BP	GO:0016310	phosphorylation	False		0	[]	False	1.0	1	"[""PTK2""]"	False	1.0	4	"[""BRAT1"", ""PTK2"", ""RHOA"", ""TRAF2""]"	0	False		1.0
GO:BP	GO:0003301	physiological cardiac muscle hypertrophy	False		0	[]	False	1.0	1	"[""G6PD""]"	False	1.0	1	"[""G6PD""]"	0	False		1.0
GO:BP	GO:0003298	physiological muscle hypertrophy	False		0	[]	False	1.0	1	"[""G6PD""]"	False	1.0	1	"[""G6PD""]"	0	False		1.0
GO:BP	GO:0060674	placenta blood vessel development	False		0	[]	False		0	[]	False	1.0	1	"[""WDR83""]"	0	False		1.0
GO:BP	GO:0001890	placenta development	False		0	[]	False	1.0	2	"[""HSP90AB1"", ""PTK2""]"	False	1.0	4	"[""HSP90AB1"", ""PTK2"", ""SP3"", ""WDR83""]"	0	False		1.0
GO:BP	GO:0071827	plasma lipoprotein particle organization	False		0	[]	False	1.0	1	"[""FURIN""]"	False	1.0	1	"[""FURIN""]"	0	False		1.0
GO:BP	GO:0034369	plasma lipoprotein particle remodeling	False		0	[]	False	1.0	1	"[""FURIN""]"	False	1.0	1	"[""FURIN""]"	0	False		1.0
GO:BP	GO:0120031	plasma membrane bounded cell projection assembly	False		0	[]	False	1.0	1	"[""VCL""]"	False	1.0	1	"[""VCL""]"	0	False		1.0
GO:BP	GO:0120039	plasma membrane bounded cell projection morphogenesis	False		0	[]	False	1.0	2	"[""PTK2"", ""VCL""]"	False	1.0	2	"[""PTK2"", ""VCL""]"	0	False		1.0
GO:BP	GO:0120036	plasma membrane bounded cell projection organization	False	1.0	1	"[""CRKL""]"	False	1.0	3	"[""CRKL"", ""PTK2"", ""VCL""]"	False	1.0	5	"[""CRK"", ""CRKL"", ""PTK2"", ""RHOA"", ""VCL""]"	0	False		1.0
GO:BP	GO:0099024	plasma membrane invagination	False		0	[]	False		0	[]	False	1.0	1	"[""RHOA""]"	0	False		1.0
GO:BP	GO:0031639	plasminogen activation	False	1.0	1	"[""ENO1""]"	False	1.0	1	"[""ENO1""]"	False	1.0	1	"[""ENO1""]"	0	False		1.0
GO:BP	GO:0030168	platelet activation	False		0	[]	False	1.0	1	"[""VCL""]"	False	1.0	1	"[""VCL""]"	0	False		1.0
GO:BP	GO:0070527	platelet aggregation	False		0	[]	False	1.0	1	"[""VCL""]"	False	1.0	1	"[""VCL""]"	0	False		1.0
GO:BP	GO:0030220	platelet formation	False		0	[]	False		0	[]	False	1.0	1	"[""WDR1""]"	0	False		1.0
GO:BP	GO:0036344	platelet morphogenesis	False		0	[]	False		0	[]	False	1.0	1	"[""WDR1""]"	0	False		1.0
GO:BP	GO:0071800	podosome assembly	False		0	[]	False	1.0	1	"[""DOCK5""]"	False	1.0	2	"[""DOCK5"", ""RHOA""]"	0	False		1.0
GO:BP	GO:0030859	polarized epithelial cell differentiation	False		0	[]	False		0	[]	False	1.0	1	"[""RHOA""]"	0	False		1.0
GO:BP	GO:0016973	poly(A)+ mRNA export from nucleus	False		0	[]	False		0	[]	False	1.0	1	"[""IWS1""]"	0	False		1.0
GO:BP	GO:0046931	pore complex assembly	False		0	[]	False		0	[]	False	1.0	1	"[""NDC1""]"	0	False		1.0
GO:BP	GO:0043368	positive T cell selection	False	1.0	1	"[""BRD2""]"	False	1.0	1	"[""BRD2""]"	False	1.0	1	"[""BRD2""]"	0	False		1.0
GO:BP	GO:0075294	positive regulation by symbiont of entry into host	False		0	[]	False	1.0	1	"[""FURIN""]"	False	1.0	1	"[""FURIN""]"	0	False		1.0
GO:BP	GO:2001171	positive regulation of ATP biosynthetic process	False	1.0	1	"[""ENO1""]"	False	1.0	1	"[""ENO1""]"	False	1.0	1	"[""ENO1""]"	0	False		1.0
GO:BP	GO:1903580	positive regulation of ATP metabolic process	False	1.0	2	"[""ENO1"", ""MLST8""]"	False	1.0	2	"[""ENO1"", ""MLST8""]"	False	1.0	2	"[""ENO1"", ""MLST8""]"	0	False		1.0
GO:BP	GO:2000516	positive regulation of CD4-positive, alpha-beta T cell activation	False	1.0	1	"[""BRD2""]"	False	1.0	1	"[""BRD2""]"	False	1.0	1	"[""BRD2""]"	0	False		1.0
GO:BP	GO:0043372	positive regulation of CD4-positive, alpha-beta T cell differentiation	False	1.0	1	"[""BRD2""]"	False	1.0	1	"[""BRD2""]"	False	1.0	1	"[""BRD2""]"	0	False		1.0
GO:BP	GO:2000573	positive regulation of DNA biosynthetic process	False	1.0	1	"[""HNRNPA1""]"	False	1.0	1	"[""HNRNPA1""]"	False	1.0	1	"[""HNRNPA1""]"	0	False		1.0
GO:BP	GO:0051054	positive regulation of DNA metabolic process	False	1.0	2	"[""HNRNPA1"", ""WDR48""]"	False	1.0	3	"[""HNRNPA1"", ""ING3"", ""WDR48""]"	False	1.0	3	"[""HNRNPA1"", ""ING3"", ""WDR48""]"	0	False		1.0
GO:BP	GO:0045911	positive regulation of DNA recombination	False	1.0	1	"[""WDR48""]"	False	1.0	2	"[""ING3"", ""WDR48""]"	False	1.0	2	"[""ING3"", ""WDR48""]"	0	False		1.0
GO:BP	GO:0045739	positive regulation of DNA repair	False	1.0	1	"[""WDR48""]"	False	1.0	2	"[""ING3"", ""WDR48""]"	False	1.0	2	"[""ING3"", ""WDR48""]"	0	False		1.0
GO:BP	GO:0045893	positive regulation of DNA-templated transcription	False		0	[]	False	1.0	1	"[""ING3""]"	False	1.0	5	"[""CCAR1"", ""ING3"", ""MED24"", ""NFKBIA"", ""SP3""]"	0	False		1.0
GO:BP	GO:2000144	positive regulation of DNA-templated transcription initiation	False		0	[]	False		0	[]	False	1.0	2	"[""MED24"", ""NFKBIA""]"	0	False		1.0
GO:BP	GO:0032786	positive regulation of DNA-templated transcription, elongation	False		0	[]	False		0	[]	False	1.0	1	"[""MED24""]"	0	False		1.0
GO:BP	GO:0070374	positive regulation of ERK1 and ERK2 cascade	False	1.0	1	"[""CRKL""]"	False	1.0	1	"[""CRKL""]"	False	1.0	2	"[""CRKL"", ""FERMT2""]"	0	False		1.0
GO:BP	GO:0046330	positive regulation of JNK cascade	False		0	[]	False		0	[]	False	1.0	1	"[""CRK""]"	0	False		1.0
GO:BP	GO:0043507	positive regulation of JUN kinase activity	False		0	[]	False		0	[]	False	1.0	1	"[""TRAF2""]"	0	False		1.0
GO:BP	GO:0043406	positive regulation of MAP kinase activity	False		0	[]	False		0	[]	False	1.0	1	"[""TRAF2""]"	0	False		1.0
GO:BP	GO:0043410	positive regulation of MAPK cascade	False	1.0	1	"[""CRKL""]"	False	1.0	1	"[""CRKL""]"	False	1.0	4	"[""CRK"", ""CRKL"", ""FERMT2"", ""TRAF2""]"	0	False		1.0
GO:BP	GO:1902680	positive regulation of RNA biosynthetic process	False		0	[]	False	1.0	1	"[""ING3""]"	False	1.0	5	"[""CCAR1"", ""ING3"", ""MED24"", ""NFKBIA"", ""SP3""]"	0	False		1.0
GO:BP	GO:0051254	positive regulation of RNA metabolic process	False	1.0	1	"[""SYNCRIP""]"	False	1.0	3	"[""ING3"", ""SYNCRIP"", ""TRA2B""]"	False	1.0	8	"[""CCAR1"", ""CNOT1"", ""ING3"", ""MED24"", ""NFKBIA"", ""SP3"", ""SYNCRIP"", ""TRA2B""]"	0	False		1.0
GO:BP	GO:0033120	positive regulation of RNA splicing	False		0	[]	False	1.0	1	"[""TRA2B""]"	False	1.0	1	"[""TRA2B""]"	0	False		1.0
GO:BP	GO:0035025	positive regulation of Rho protein signal transduction	False		0	[]	False		0	[]	False	1.0	1	"[""FERMT2""]"	0	False		1.0
GO:BP	GO:0050870	positive regulation of T cell activation	False	1.0	1	"[""BRD2""]"	False	1.0	1	"[""BRD2""]"	False	1.0	2	"[""BRD2"", ""RHOA""]"	0	False		1.0
GO:BP	GO:0002726	positive regulation of T cell cytokine production	False		0	[]	False		0	[]	False	1.0	1	"[""TRAF2""]"	0	False		1.0
GO:BP	GO:0045582	positive regulation of T cell differentiation	False	1.0	1	"[""BRD2""]"	False	1.0	1	"[""BRD2""]"	False	1.0	2	"[""BRD2"", ""RHOA""]"	0	False		1.0
GO:BP	GO:0002711	positive regulation of T cell mediated immunity	False		0	[]	False		0	[]	False	1.0	1	"[""TRAF2""]"	0	False		1.0
GO:BP	GO:2000406	positive regulation of T cell migration	False		0	[]	False		0	[]	False	1.0	1	"[""RHOA""]"	0	False		1.0
GO:BP	GO:2000321	positive regulation of T-helper 17 cell differentiation	False	1.0	1	"[""BRD2""]"	False	1.0	1	"[""BRD2""]"	False	1.0	1	"[""BRD2""]"	0	False		1.0
GO:BP	GO:2000330	positive regulation of T-helper 17 cell lineage commitment	False	1.0	1	"[""BRD2""]"	False	1.0	1	"[""BRD2""]"	False	1.0	1	"[""BRD2""]"	0	False		1.0
GO:BP	GO:2000318	positive regulation of T-helper 17 type immune response	False	1.0	1	"[""BRD2""]"	False	1.0	1	"[""BRD2""]"	False	1.0	1	"[""BRD2""]"	0	False		1.0
GO:BP	GO:0045624	positive regulation of T-helper cell differentiation	False	1.0	1	"[""BRD2""]"	False	1.0	1	"[""BRD2""]"	False	1.0	1	"[""BRD2""]"	0	False		1.0
GO:BP	GO:0032008	positive regulation of TOR signaling	False	1.0	1	"[""MLST8""]"	False	1.0	1	"[""MLST8""]"	False	1.0	1	"[""MLST8""]"	0	False		1.0
GO:BP	GO:0032233	positive regulation of actin filament bundle assembly	False		0	[]	False		0	[]	False	1.0	2	"[""FERMT2"", ""RHOA""]"	0	False		1.0
GO:BP	GO:0030836	positive regulation of actin filament depolymerization	False		0	[]	False	1.0	1	"[""WASHC2C""]"	False	1.0	2	"[""WASHC2C"", ""WDR1""]"	0	False		1.0
GO:BP	GO:0030838	positive regulation of actin filament polymerization	False	1.0	1	"[""MLST8""]"	False	1.0	2	"[""MLST8"", ""WASHC2C""]"	False	1.0	2	"[""MLST8"", ""WASHC2C""]"	0	False		1.0
GO:BP	GO:0002821	positive regulation of adaptive immune response	False	1.0	1	"[""BRD2""]"	False	1.0	1	"[""BRD2""]"	False	1.0	2	"[""BRD2"", ""TRAF2""]"	0	False		1.0
GO:BP	GO:0002824	positive regulation of adaptive immune response based on somatic recombination of immune receptors built from immunoglobulin superfamily domains	False	1.0	1	"[""BRD2""]"	False	1.0	1	"[""BRD2""]"	False	1.0	2	"[""BRD2"", ""TRAF2""]"	0	False		1.0
GO:BP	GO:0046635	positive regulation of alpha-beta T cell activation	False	1.0	1	"[""BRD2""]"	False	1.0	1	"[""BRD2""]"	False	1.0	2	"[""BRD2"", ""RHOA""]"	0	False		1.0
GO:BP	GO:0046638	positive regulation of alpha-beta T cell differentiation	False	1.0	1	"[""BRD2""]"	False	1.0	1	"[""BRD2""]"	False	1.0	2	"[""BRD2"", ""RHOA""]"	0	False		1.0
GO:BP	GO:0043065	positive regulation of apoptotic process	False	1.0	2	"[""C3orf38"", ""FIS1""]"	False	1.0	2	"[""C3orf38"", ""FIS1""]"	False	1.0	7	"[""AIFM1"", ""C3orf38"", ""CCAR1"", ""FIS1"", ""PRKRA"", ""RBM10"", ""TRAF2""]"	0	False		1.0
GO:BP	GO:2001235	positive regulation of apoptotic signaling pathway	False	1.0	1	"[""FIS1""]"	False	1.0	1	"[""FIS1""]"	False	1.0	3	"[""FIS1"", ""PRKRA"", ""TRAF2""]"	0	False		1.0
GO:BP	GO:0010508	positive regulation of autophagy	False		0	[]	False		0	[]	False	1.0	1	"[""SETD2""]"	0	False		1.0
GO:BP	GO:0048518	positive regulation of biological process	False	1.0	11	"[""BRD2"", ""C3orf38"", ""CRKL"", ""DNM1L"", ""ENO1"", ""FIS1"", ""HNRNPA1"", ""KRAS"", ""MLST8"", ""SYNCRIP"", ""WDR48""]"	False	1.0	20	"[""BRD2"", ""C3orf38"", ""CRKL"", ""DNM1L"", ""DOCK5"", ""ENO1"", ""FIS1"", ""FURIN"", ""G6PD"", ""HNRNPA1"", ""HSP90AB1"", ""ING3"", ""KRAS"", ""MLST8"", ""PTK2"", ""SLC35B2"", ""SYNCRIP"", ""TRA2B"", ""WASHC2C"", ""WDR48""]"	False	1.0	43	"[""AIFM1"", ""B3GAT3"", ""BRAT1"", ""BRD2"", ""C3orf38"", ""CCAR1"", ""CNOT1"", ""CRK"", ""CRKL"", ""DERL2"", ""DNM1L"", ""DOCK5"", ""ENO1"", ""FERMT2"", ""FIS1"", ""FURIN"", ""G6PD"", ""GPI"", ""HNRNPA1"", ""HSP90AB1"", ""ING3"", ""ITGAV"", ""KRAS"", ""MED24"", ""MLST8"", ""NACC1"", ""NFKBIA"", ""PRKRA"", ""PTK2"", ""RAB15"", ""RBM10"", ""RCOR1"", ""RHOA"", ""SETD2"", ""SLC35B2"", ""SP3"", ""SYNCRIP"", ""TNS3"", ""TRA2B"", ""TRAF2"", ""WASHC2C"", ""WDR1"", ""WDR48""]"	0	False		1.0
GO:BP	GO:0009891	positive regulation of biosynthetic process	False	1.0	5	"[""ENO1"", ""HNRNPA1"", ""KRAS"", ""MLST8"", ""SYNCRIP""]"	False	1.0	8	"[""ENO1"", ""HNRNPA1"", ""HSP90AB1"", ""ING3"", ""KRAS"", ""MLST8"", ""SYNCRIP"", ""TRA2B""]"	False	1.0	16	"[""CCAR1"", ""ENO1"", ""GPI"", ""HNRNPA1"", ""HSP90AB1"", ""ING3"", ""KRAS"", ""MED24"", ""MLST8"", ""NFKBIA"", ""RBM10"", ""SETD2"", ""SP3"", ""SYNCRIP"", ""TRA2B"", ""TRAF2""]"	0	False		1.0
GO:BP	GO:0045777	positive regulation of blood pressure	False		0	[]	False		0	[]	False	1.0	1	"[""RHOA""]"	0	False		1.0
GO:BP	GO:1904427	positive regulation of calcium ion transmembrane transport	False		0	[]	False	1.0	1	"[""G6PD""]"	False	1.0	1	"[""G6PD""]"	0	False		1.0
GO:BP	GO:1904879	positive regulation of calcium ion transmembrane transport via high voltage-gated calcium channel	False		0	[]	False	1.0	1	"[""G6PD""]"	False	1.0	1	"[""G6PD""]"	0	False		1.0
GO:BP	GO:0051928	positive regulation of calcium ion transport	False		0	[]	False	1.0	1	"[""G6PD""]"	False	1.0	1	"[""G6PD""]"	0	False		1.0
GO:BP	GO:0043123	positive regulation of canonical NF-kappaB signal transduction	False		0	[]	False	1.0	1	"[""SLC35B2""]"	False	1.0	3	"[""RHOA"", ""SLC35B2"", ""TRAF2""]"	0	False		1.0
GO:BP	GO:0045913	positive regulation of carbohydrate metabolic process	False	1.0	1	"[""MLST8""]"	False	1.0	1	"[""MLST8""]"	False	1.0	1	"[""MLST8""]"	0	False		1.0
GO:BP	GO:0009896	positive regulation of catabolic process	False	1.0	2	"[""MLST8"", ""SYNCRIP""]"	False	1.0	4	"[""FURIN"", ""MLST8"", ""PTK2"", ""SYNCRIP""]"	False	1.0	6	"[""CNOT1"", ""FURIN"", ""MLST8"", ""PTK2"", ""SETD2"", ""SYNCRIP""]"	0	False		1.0
GO:BP	GO:0043085	positive regulation of catalytic activity	False		0	[]	False	1.0	1	"[""PTK2""]"	False	1.0	4	"[""B3GAT3"", ""PTK2"", ""RHOA"", ""TRAF2""]"	0	False		1.0
GO:BP	GO:1904064	positive regulation of cation transmembrane transport	False		0	[]	False	1.0	1	"[""G6PD""]"	False	1.0	1	"[""G6PD""]"	0	False		1.0
GO:BP	GO:0050867	positive regulation of cell activation	False	1.0	1	"[""BRD2""]"	False	1.0	1	"[""BRD2""]"	False	1.0	2	"[""BRD2"", ""RHOA""]"	0	False		1.0
GO:BP	GO:0045785	positive regulation of cell adhesion	False	1.0	2	"[""BRD2"", ""CRKL""]"	False	1.0	3	"[""BRD2"", ""CRKL"", ""DOCK5""]"	False	1.0	7	"[""BRD2"", ""CRK"", ""CRKL"", ""DOCK5"", ""FERMT2"", ""ITGAV"", ""RHOA""]"	0	False		1.0
GO:BP	GO:0010647	positive regulation of cell communication	False	1.0	5	"[""CRKL"", ""FIS1"", ""KRAS"", ""MLST8"", ""WDR48""]"	False	1.0	8	"[""CRKL"", ""FIS1"", ""HSP90AB1"", ""KRAS"", ""MLST8"", ""PTK2"", ""SLC35B2"", ""WDR48""]"	False	1.0	15	"[""CRK"", ""CRKL"", ""FERMT2"", ""FIS1"", ""HSP90AB1"", ""ITGAV"", ""KRAS"", ""MLST8"", ""PRKRA"", ""PTK2"", ""RHOA"", ""SLC35B2"", ""TNS3"", ""TRAF2"", ""WDR48""]"	0	False		1.0
GO:BP	GO:0045787	positive regulation of cell cycle	False		0	[]	False		0	[]	False	1.0	1	"[""RHOA""]"	0	False		1.0
GO:BP	GO:0090068	positive regulation of cell cycle process	False		0	[]	False		0	[]	False	1.0	1	"[""RHOA""]"	0	False		1.0
GO:BP	GO:0010720	positive regulation of cell development	False	1.0	2	"[""BRD2"", ""KRAS""]"	False	1.0	2	"[""BRD2"", ""KRAS""]"	False	1.0	3	"[""BRD2"", ""KRAS"", ""RHOA""]"	0	False		1.0
GO:BP	GO:0045597	positive regulation of cell differentiation	False	1.0	2	"[""BRD2"", ""KRAS""]"	False	1.0	4	"[""BRD2"", ""HSP90AB1"", ""KRAS"", ""PTK2""]"	False	1.0	7	"[""BRD2"", ""FERMT2"", ""HSP90AB1"", ""KRAS"", ""PTK2"", ""RCOR1"", ""RHOA""]"	0	False		1.0
GO:BP	GO:0051781	positive regulation of cell division	False		0	[]	False		0	[]	False	1.0	1	"[""RHOA""]"	0	False		1.0
GO:BP	GO:0010455	positive regulation of cell fate commitment	False	1.0	1	"[""BRD2""]"	False	1.0	1	"[""BRD2""]"	False	1.0	1	"[""BRD2""]"	0	False		1.0
GO:BP	GO:0030307	positive regulation of cell growth	False	1.0	1	"[""MLST8""]"	False	1.0	1	"[""MLST8""]"	False	1.0	4	"[""BRAT1"", ""CRK"", ""DERL2"", ""MLST8""]"	0	False		1.0
GO:BP	GO:1901890	positive regulation of cell junction assembly	False		0	[]	False		0	[]	False	1.0	1	"[""FERMT2""]"	0	False		1.0
GO:BP	GO:0030335	positive regulation of cell migration	False	1.0	2	"[""CRKL"", ""DNM1L""]"	False	1.0	4	"[""CRKL"", ""DNM1L"", ""DOCK5"", ""PTK2""]"	False	1.0	10	"[""CCAR1"", ""CRK"", ""CRKL"", ""DNM1L"", ""DOCK5"", ""FERMT2"", ""GPI"", ""ITGAV"", ""PTK2"", ""RHOA""]"	0	False		1.0
GO:BP	GO:2000147	positive regulation of cell motility	False	1.0	2	"[""CRKL"", ""DNM1L""]"	False	1.0	4	"[""CRKL"", ""DNM1L"", ""DOCK5"", ""PTK2""]"	False	1.0	10	"[""CCAR1"", ""CRK"", ""CRKL"", ""DNM1L"", ""DOCK5"", ""FERMT2"", ""GPI"", ""ITGAV"", ""PTK2"", ""RHOA""]"	0	False		1.0
GO:BP	GO:0008284	positive regulation of cell population proliferation	False	1.0	3	"[""CRKL"", ""KRAS"", ""WDR48""]"	False	1.0	4	"[""CRKL"", ""KRAS"", ""PTK2"", ""WDR48""]"	False	1.0	9	"[""CCAR1"", ""CRKL"", ""DERL2"", ""FERMT2"", ""ITGAV"", ""KRAS"", ""NACC1"", ""PTK2"", ""WDR48""]"	0	False		1.0
GO:BP	GO:0022409	positive regulation of cell-cell adhesion	False	1.0	1	"[""BRD2""]"	False	1.0	1	"[""BRD2""]"	False	1.0	2	"[""BRD2"", ""RHOA""]"	0	False		1.0
GO:BP	GO:0001954	positive regulation of cell-matrix adhesion	False		0	[]	False		0	[]	False	1.0	1	"[""FERMT2""]"	0	False		1.0
GO:BP	GO:0010811	positive regulation of cell-substrate adhesion	False	1.0	1	"[""CRKL""]"	False	1.0	2	"[""CRKL"", ""DOCK5""]"	False	1.0	4	"[""CRK"", ""CRKL"", ""DOCK5"", ""FERMT2""]"	0	False		1.0
GO:BP	GO:0150117	positive regulation of cell-substrate junction organization	False		0	[]	False		0	[]	False	1.0	1	"[""FERMT2""]"	0	False		1.0
GO:BP	GO:0044089	positive regulation of cellular component biogenesis	False	1.0	1	"[""MLST8""]"	False	1.0	2	"[""MLST8"", ""WASHC2C""]"	False	1.0	5	"[""CNOT1"", ""FERMT2"", ""MLST8"", ""RHOA"", ""WASHC2C""]"	0	False		1.0
GO:BP	GO:0051130	positive regulation of cellular component organization	False	1.0	3	"[""DNM1L"", ""HNRNPA1"", ""MLST8""]"	False	1.0	4	"[""DNM1L"", ""HNRNPA1"", ""MLST8"", ""WASHC2C""]"	False	1.0	8	"[""CNOT1"", ""DNM1L"", ""FERMT2"", ""HNRNPA1"", ""MLST8"", ""RHOA"", ""WASHC2C"", ""WDR1""]"	0	False		1.0
GO:BP	GO:0048522	positive regulation of cellular process	False	1.0	11	"[""BRD2"", ""C3orf38"", ""CRKL"", ""DNM1L"", ""ENO1"", ""FIS1"", ""HNRNPA1"", ""KRAS"", ""MLST8"", ""SYNCRIP"", ""WDR48""]"	False	1.0	20	"[""BRD2"", ""C3orf38"", ""CRKL"", ""DNM1L"", ""DOCK5"", ""ENO1"", ""FIS1"", ""FURIN"", ""G6PD"", ""HNRNPA1"", ""HSP90AB1"", ""ING3"", ""KRAS"", ""MLST8"", ""PTK2"", ""SLC35B2"", ""SYNCRIP"", ""TRA2B"", ""WASHC2C"", ""WDR48""]"	False	1.0	43	"[""AIFM1"", ""B3GAT3"", ""BRAT1"", ""BRD2"", ""C3orf38"", ""CCAR1"", ""CNOT1"", ""CRK"", ""CRKL"", ""DERL2"", ""DNM1L"", ""DOCK5"", ""ENO1"", ""FERMT2"", ""FIS1"", ""FURIN"", ""G6PD"", ""GPI"", ""HNRNPA1"", ""HSP90AB1"", ""ING3"", ""ITGAV"", ""KRAS"", ""MED24"", ""MLST8"", ""NACC1"", ""NFKBIA"", ""PRKRA"", ""PTK2"", ""RAB15"", ""RBM10"", ""RCOR1"", ""RHOA"", ""SETD2"", ""SLC35B2"", ""SP3"", ""SYNCRIP"", ""TNS3"", ""TRA2B"", ""TRAF2"", ""WASHC2C"", ""WDR1"", ""WDR48""]"	0	False		1.0
GO:BP	GO:1903846	positive regulation of cellular response to transforming growth factor beta stimulus	False		0	[]	False	1.0	1	"[""HSP90AB1""]"	False	1.0	1	"[""HSP90AB1""]"	0	False		1.0
GO:BP	GO:0050921	positive regulation of chemotaxis	False	1.0	1	"[""DNM1L""]"	False	1.0	2	"[""DNM1L"", ""PTK2""]"	False	1.0	2	"[""DNM1L"", ""PTK2""]"	0	False		1.0
GO:BP	GO:2001252	positive regulation of chromosome organization	False	1.0	1	"[""HNRNPA1""]"	False	1.0	1	"[""HNRNPA1""]"	False	1.0	1	"[""HNRNPA1""]"	0	False		1.0
GO:BP	GO:0001819	positive regulation of cytokine production	False		0	[]	False		0	[]	False	1.0	2	"[""SETD2"", ""TRAF2""]"	0	False		1.0
GO:BP	GO:0002720	positive regulation of cytokine production involved in immune response	False		0	[]	False		0	[]	False	1.0	1	"[""TRAF2""]"	0	False		1.0
GO:BP	GO:0001961	positive regulation of cytokine-mediated signaling pathway	False		0	[]	False		0	[]	False	1.0	1	"[""TRAF2""]"	0	False		1.0
GO:BP	GO:0032467	positive regulation of cytokinesis	False		0	[]	False		0	[]	False	1.0	1	"[""RHOA""]"	0	False		1.0
GO:BP	GO:0010606	positive regulation of cytoplasmic mRNA processing body assembly	False		0	[]	False		0	[]	False	1.0	1	"[""CNOT1""]"	0	False		1.0
GO:BP	GO:2000767	positive regulation of cytoplasmic translation	False	1.0	1	"[""SYNCRIP""]"	False	1.0	1	"[""SYNCRIP""]"	False	1.0	1	"[""SYNCRIP""]"	0	False		1.0
GO:BP	GO:0051495	positive regulation of cytoskeleton organization	False	1.0	1	"[""MLST8""]"	False	1.0	2	"[""MLST8"", ""WASHC2C""]"	False	1.0	5	"[""FERMT2"", ""MLST8"", ""RHOA"", ""WASHC2C"", ""WDR1""]"	0	False		1.0
GO:BP	GO:0007204	positive regulation of cytosolic calcium ion concentration	False		0	[]	False		0	[]	False	1.0	1	"[""ITGAV""]"	0	False		1.0
GO:BP	GO:0031349	positive regulation of defense response	False		0	[]	False		0	[]	False	1.0	1	"[""NFKBIA""]"	0	False		1.0
GO:BP	GO:0051094	positive regulation of developmental process	False	1.0	3	"[""BRD2"", ""DNM1L"", ""KRAS""]"	False	1.0	5	"[""BRD2"", ""DNM1L"", ""HSP90AB1"", ""KRAS"", ""PTK2""]"	False	1.0	8	"[""BRD2"", ""DNM1L"", ""FERMT2"", ""HSP90AB1"", ""KRAS"", ""PTK2"", ""RCOR1"", ""RHOA""]"	0	False		1.0
GO:BP	GO:2000781	positive regulation of double-strand break repair	False	1.0	1	"[""WDR48""]"	False	1.0	2	"[""ING3"", ""WDR48""]"	False	1.0	2	"[""ING3"", ""WDR48""]"	0	False		1.0
GO:BP	GO:1905168	positive regulation of double-strand break repair via homologous recombination	False	1.0	1	"[""WDR48""]"	False	1.0	2	"[""ING3"", ""WDR48""]"	False	1.0	2	"[""ING3"", ""WDR48""]"	0	False		1.0
GO:BP	GO:0010595	positive regulation of endothelial cell migration	False		0	[]	False		0	[]	False	1.0	1	"[""GPI""]"	0	False		1.0
GO:BP	GO:0010634	positive regulation of epithelial cell migration	False		0	[]	False	1.0	2	"[""DOCK5"", ""PTK2""]"	False	1.0	2	"[""DOCK5"", ""PTK2""]"	0	False		1.0
GO:BP	GO:0050679	positive regulation of epithelial cell proliferation	False	1.0	1	"[""WDR48""]"	False	1.0	1	"[""WDR48""]"	False	1.0	1	"[""WDR48""]"	0	False		1.0
GO:BP	GO:0010718	positive regulation of epithelial to mesenchymal transition	False		0	[]	False	1.0	1	"[""PTK2""]"	False	1.0	2	"[""FERMT2"", ""PTK2""]"	0	False		1.0
GO:BP	GO:1904951	positive regulation of establishment of protein localization	False	1.0	1	"[""DNM1L""]"	False	1.0	1	"[""DNM1L""]"	False	1.0	2	"[""B3GAT3"", ""DNM1L""]"	0	False		1.0
GO:BP	GO:0045921	positive regulation of exocytosis	False		0	[]	False		0	[]	False	1.0	1	"[""RAB15""]"	0	False		1.0
GO:BP	GO:2001238	positive regulation of extrinsic apoptotic signaling pathway	False		0	[]	False		0	[]	False	1.0	1	"[""TRAF2""]"	0	False		1.0
GO:BP	GO:0010763	positive regulation of fibroblast migration	False		0	[]	False	1.0	1	"[""PTK2""]"	False	1.0	1	"[""PTK2""]"	0	False		1.0
GO:BP	GO:0051894	positive regulation of focal adhesion assembly	False		0	[]	False		0	[]	False	1.0	1	"[""FERMT2""]"	0	False		1.0
GO:BP	GO:0010628	positive regulation of gene expression	False	1.0	3	"[""ENO1"", ""KRAS"", ""SYNCRIP""]"	False	1.0	4	"[""ENO1"", ""KRAS"", ""SYNCRIP"", ""TRA2B""]"	False	1.0	8	"[""ENO1"", ""GPI"", ""KRAS"", ""RBM10"", ""SETD2"", ""SYNCRIP"", ""TRA2B"", ""TRAF2""]"	0	False		1.0
GO:BP	GO:1903977	positive regulation of glial cell migration	False	1.0	1	"[""CRKL""]"	False	1.0	1	"[""CRKL""]"	False	1.0	1	"[""CRKL""]"	0	False		1.0
GO:BP	GO:0060252	positive regulation of glial cell proliferation	False	1.0	1	"[""KRAS""]"	False	1.0	1	"[""KRAS""]"	False	1.0	1	"[""KRAS""]"	0	False		1.0
GO:BP	GO:0014015	positive regulation of gliogenesis	False	1.0	1	"[""KRAS""]"	False	1.0	1	"[""KRAS""]"	False	1.0	1	"[""KRAS""]"	0	False		1.0
GO:BP	GO:0045821	positive regulation of glycolytic process	False	1.0	1	"[""MLST8""]"	False	1.0	1	"[""MLST8""]"	False	1.0	1	"[""MLST8""]"	0	False		1.0
GO:BP	GO:0071624	positive regulation of granulocyte chemotaxis	False	1.0	1	"[""DNM1L""]"	False	1.0	1	"[""DNM1L""]"	False	1.0	1	"[""DNM1L""]"	0	False		1.0
GO:BP	GO:0045927	positive regulation of growth	False	1.0	1	"[""MLST8""]"	False	1.0	1	"[""MLST8""]"	False	1.0	4	"[""BRAT1"", ""CRK"", ""DERL2"", ""MLST8""]"	0	False		1.0
GO:BP	GO:1903708	positive regulation of hemopoiesis	False	1.0	1	"[""BRD2""]"	False	1.0	1	"[""BRD2""]"	False	1.0	2	"[""BRD2"", ""RHOA""]"	0	False		1.0
GO:BP	GO:0051345	positive regulation of hydrolase activity	False		0	[]	False		0	[]	False	1.0	1	"[""RHOA""]"	0	False		1.0
GO:BP	GO:0002699	positive regulation of immune effector process	False	1.0	1	"[""BRD2""]"	False	1.0	1	"[""BRD2""]"	False	1.0	3	"[""BRD2"", ""GPI"", ""TRAF2""]"	0	False		1.0
GO:BP	GO:0050778	positive regulation of immune response	False	1.0	2	"[""BRD2"", ""CRKL""]"	False	1.0	3	"[""BRD2"", ""CRKL"", ""PTK2""]"	False	1.0	5	"[""BRD2"", ""CRKL"", ""NFKBIA"", ""PTK2"", ""TRAF2""]"	0	False		1.0
GO:BP	GO:0002684	positive regulation of immune system process	False	1.0	3	"[""BRD2"", ""CRKL"", ""DNM1L""]"	False	1.0	4	"[""BRD2"", ""CRKL"", ""DNM1L"", ""PTK2""]"	False	1.0	8	"[""BRD2"", ""CRKL"", ""DNM1L"", ""GPI"", ""NFKBIA"", ""PTK2"", ""RHOA"", ""TRAF2""]"	0	False		1.0
GO:BP	GO:0002639	positive regulation of immunoglobulin production	False		0	[]	False		0	[]	False	1.0	1	"[""GPI""]"	0	False		1.0
GO:BP	GO:0050729	positive regulation of inflammatory response	False		0	[]	False		0	[]	False	1.0	1	"[""NFKBIA""]"	0	False		1.0
GO:BP	GO:0045089	positive regulation of innate immune response	False		0	[]	False		0	[]	False	1.0	1	"[""NFKBIA""]"	0	False		1.0
GO:BP	GO:0033625	positive regulation of integrin activation	False		0	[]	False		0	[]	False	1.0	1	"[""FERMT2""]"	0	False		1.0
GO:BP	GO:0032727	positive regulation of interferon-alpha production	False		0	[]	False		0	[]	False	1.0	1	"[""SETD2""]"	0	False		1.0
GO:BP	GO:0032743	positive regulation of interleukin-2 production	False		0	[]	False		0	[]	False	1.0	1	"[""TRAF2""]"	0	False		1.0
GO:BP	GO:0090316	positive regulation of intracellular protein transport	False		0	[]	False		0	[]	False	1.0	1	"[""B3GAT3""]"	0	False		1.0
GO:BP	GO:1902533	positive regulation of intracellular signal transduction	False	1.0	4	"[""CRKL"", ""FIS1"", ""KRAS"", ""MLST8""]"	False	1.0	6	"[""CRKL"", ""FIS1"", ""KRAS"", ""MLST8"", ""PTK2"", ""SLC35B2""]"	False	1.0	13	"[""CRK"", ""CRKL"", ""FERMT2"", ""FIS1"", ""ITGAV"", ""KRAS"", ""MLST8"", ""PRKRA"", ""PTK2"", ""RHOA"", ""SLC35B2"", ""TNS3"", ""TRAF2""]"	0	False		1.0
GO:BP	GO:0032388	positive regulation of intracellular transport	False		0	[]	False		0	[]	False	1.0	1	"[""B3GAT3""]"	0	False		1.0
GO:BP	GO:2001244	positive regulation of intrinsic apoptotic signaling pathway	False	1.0	1	"[""FIS1""]"	False	1.0	1	"[""FIS1""]"	False	1.0	2	"[""FIS1"", ""PRKRA""]"	0	False		1.0
GO:BP	GO:0033674	positive regulation of kinase activity	False		0	[]	False	1.0	1	"[""PTK2""]"	False	1.0	3	"[""PTK2"", ""RHOA"", ""TRAF2""]"	0	False		1.0
GO:BP	GO:0002696	positive regulation of leukocyte activation	False	1.0	1	"[""BRD2""]"	False	1.0	1	"[""BRD2""]"	False	1.0	2	"[""BRD2"", ""RHOA""]"	0	False		1.0
GO:BP	GO:1904996	positive regulation of leukocyte adhesion to vascular endothelial cell	False		0	[]	False		0	[]	False	1.0	1	"[""RHOA""]"	0	False		1.0
GO:BP	GO:1903039	positive regulation of leukocyte cell-cell adhesion	False	1.0	1	"[""BRD2""]"	False	1.0	1	"[""BRD2""]"	False	1.0	2	"[""BRD2"", ""RHOA""]"	0	False		1.0
GO:BP	GO:0002690	positive regulation of leukocyte chemotaxis	False	1.0	1	"[""DNM1L""]"	False	1.0	2	"[""DNM1L"", ""PTK2""]"	False	1.0	2	"[""DNM1L"", ""PTK2""]"	0	False		1.0
GO:BP	GO:1902107	positive regulation of leukocyte differentiation	False	1.0	1	"[""BRD2""]"	False	1.0	1	"[""BRD2""]"	False	1.0	2	"[""BRD2"", ""RHOA""]"	0	False		1.0
GO:BP	GO:0002705	positive regulation of leukocyte mediated immunity	False		0	[]	False		0	[]	False	1.0	1	"[""TRAF2""]"	0	False		1.0
GO:BP	GO:0002687	positive regulation of leukocyte migration	False	1.0	1	"[""DNM1L""]"	False	1.0	2	"[""DNM1L"", ""PTK2""]"	False	1.0	3	"[""DNM1L"", ""PTK2"", ""RHOA""]"	0	False		1.0
GO:BP	GO:0070665	positive regulation of leukocyte proliferation	False		0	[]	False	1.0	1	"[""PTK2""]"	False	1.0	1	"[""PTK2""]"	0	False		1.0
GO:BP	GO:0060193	positive regulation of lipase activity	False		0	[]	False		0	[]	False	1.0	1	"[""RHOA""]"	0	False		1.0
GO:BP	GO:0046889	positive regulation of lipid biosynthetic process	False	1.0	1	"[""MLST8""]"	False	1.0	1	"[""MLST8""]"	False	1.0	1	"[""MLST8""]"	0	False		1.0
GO:BP	GO:0045834	positive regulation of lipid metabolic process	False	1.0	1	"[""MLST8""]"	False	1.0	1	"[""MLST8""]"	False	1.0	1	"[""MLST8""]"	0	False		1.0
GO:BP	GO:0040017	positive regulation of locomotion	False	1.0	2	"[""CRKL"", ""DNM1L""]"	False	1.0	4	"[""CRKL"", ""DNM1L"", ""DOCK5"", ""PTK2""]"	False	1.0	10	"[""CCAR1"", ""CRK"", ""CRKL"", ""DNM1L"", ""DOCK5"", ""FERMT2"", ""GPI"", ""ITGAV"", ""PTK2"", ""RHOA""]"	0	False		1.0
GO:BP	GO:0051251	positive regulation of lymphocyte activation	False	1.0	1	"[""BRD2""]"	False	1.0	1	"[""BRD2""]"	False	1.0	2	"[""BRD2"", ""RHOA""]"	0	False		1.0
GO:BP	GO:0045621	positive regulation of lymphocyte differentiation	False	1.0	1	"[""BRD2""]"	False	1.0	1	"[""BRD2""]"	False	1.0	2	"[""BRD2"", ""RHOA""]"	0	False		1.0
GO:BP	GO:0002708	positive regulation of lymphocyte mediated immunity	False		0	[]	False		0	[]	False	1.0	1	"[""TRAF2""]"	0	False		1.0
GO:BP	GO:2000403	positive regulation of lymphocyte migration	False		0	[]	False		0	[]	False	1.0	1	"[""RHOA""]"	0	False		1.0
GO:BP	GO:0061014	positive regulation of mRNA catabolic process	False	1.0	1	"[""SYNCRIP""]"	False	1.0	1	"[""SYNCRIP""]"	False	1.0	2	"[""CNOT1"", ""SYNCRIP""]"	0	False		1.0
GO:BP	GO:1903313	positive regulation of mRNA metabolic process	False	1.0	1	"[""SYNCRIP""]"	False	1.0	2	"[""SYNCRIP"", ""TRA2B""]"	False	1.0	3	"[""CNOT1"", ""SYNCRIP"", ""TRA2B""]"	0	False		1.0
GO:BP	GO:0050685	positive regulation of mRNA processing	False		0	[]	False	1.0	1	"[""TRA2B""]"	False	1.0	1	"[""TRA2B""]"	0	False		1.0
GO:BP	GO:0048026	positive regulation of mRNA splicing, via spliceosome	False		0	[]	False	1.0	1	"[""TRA2B""]"	False	1.0	1	"[""TRA2B""]"	0	False		1.0
GO:BP	GO:0010557	positive regulation of macromolecule biosynthetic process	False	1.0	4	"[""ENO1"", ""HNRNPA1"", ""KRAS"", ""SYNCRIP""]"	False	1.0	6	"[""ENO1"", ""HNRNPA1"", ""ING3"", ""KRAS"", ""SYNCRIP"", ""TRA2B""]"	False	1.0	14	"[""CCAR1"", ""ENO1"", ""GPI"", ""HNRNPA1"", ""ING3"", ""KRAS"", ""MED24"", ""NFKBIA"", ""RBM10"", ""SETD2"", ""SP3"", ""SYNCRIP"", ""TRA2B"", ""TRAF2""]"	0	False		1.0
GO:BP	GO:0010604	positive regulation of macromolecule metabolic process	False	1.0	5	"[""ENO1"", ""HNRNPA1"", ""KRAS"", ""SYNCRIP"", ""WDR48""]"	False	1.0	9	"[""ENO1"", ""FURIN"", ""HNRNPA1"", ""ING3"", ""KRAS"", ""PTK2"", ""SYNCRIP"", ""TRA2B"", ""WDR48""]"	False	1.0	20	"[""BRAT1"", ""CCAR1"", ""CNOT1"", ""ENO1"", ""FURIN"", ""GPI"", ""HNRNPA1"", ""ING3"", ""KRAS"", ""MED24"", ""NFKBIA"", ""PTK2"", ""RBM10"", ""RHOA"", ""SETD2"", ""SP3"", ""SYNCRIP"", ""TRA2B"", ""TRAF2"", ""WDR48""]"	0	False		1.0
GO:BP	GO:0010759	positive regulation of macrophage chemotaxis	False		0	[]	False	1.0	1	"[""PTK2""]"	False	1.0	1	"[""PTK2""]"	0	False		1.0
GO:BP	GO:1905523	positive regulation of macrophage migration	False		0	[]	False	1.0	1	"[""PTK2""]"	False	1.0	1	"[""PTK2""]"	0	False		1.0
GO:BP	GO:0120041	positive regulation of macrophage proliferation	False		0	[]	False	1.0	1	"[""PTK2""]"	False	1.0	1	"[""PTK2""]"	0	False		1.0
GO:BP	GO:0045654	positive regulation of megakaryocyte differentiation	False		0	[]	False		0	[]	False	1.0	1	"[""RCOR1""]"	0	False		1.0
GO:BP	GO:0051044	positive regulation of membrane protein ectodomain proteolysis	False		0	[]	False	1.0	1	"[""FURIN""]"	False	1.0	1	"[""FURIN""]"	0	False		1.0
GO:BP	GO:1902462	positive regulation of mesenchymal stem cell proliferation	False		0	[]	False		0	[]	False	1.0	1	"[""FERMT2""]"	0	False		1.0
GO:BP	GO:0009893	positive regulation of metabolic process	False	1.0	6	"[""ENO1"", ""HNRNPA1"", ""KRAS"", ""MLST8"", ""SYNCRIP"", ""WDR48""]"	False	1.0	11	"[""ENO1"", ""FURIN"", ""HNRNPA1"", ""HSP90AB1"", ""ING3"", ""KRAS"", ""MLST8"", ""PTK2"", ""SYNCRIP"", ""TRA2B"", ""WDR48""]"	False	1.0	22	"[""BRAT1"", ""CCAR1"", ""CNOT1"", ""ENO1"", ""FURIN"", ""GPI"", ""HNRNPA1"", ""HSP90AB1"", ""ING3"", ""KRAS"", ""MED24"", ""MLST8"", ""NFKBIA"", ""PTK2"", ""RBM10"", ""RHOA"", ""SETD2"", ""SP3"", ""SYNCRIP"", ""TRA2B"", ""TRAF2"", ""WDR48""]"	0	False		1.0
GO:BP	GO:0090141	positive regulation of mitochondrial fission	False	1.0	1	"[""DNM1L""]"	False	1.0	1	"[""DNM1L""]"	False	1.0	1	"[""DNM1L""]"	0	False		1.0
GO:BP	GO:0044093	positive regulation of molecular function	False		0	[]	False	1.0	1	"[""PTK2""]"	False	1.0	4	"[""B3GAT3"", ""PTK2"", ""RHOA"", ""TRAF2""]"	0	False		1.0
GO:BP	GO:0034767	positive regulation of monoatomic ion transmembrane transport	False		0	[]	False	1.0	1	"[""G6PD""]"	False	1.0	1	"[""G6PD""]"	0	False		1.0
GO:BP	GO:0043270	positive regulation of monoatomic ion transport	False		0	[]	False	1.0	1	"[""G6PD""]"	False	1.0	1	"[""G6PD""]"	0	False		1.0
GO:BP	GO:0071677	positive regulation of mononuclear cell migration	False		0	[]	False	1.0	1	"[""PTK2""]"	False	1.0	2	"[""PTK2"", ""RHOA""]"	0	False		1.0
GO:BP	GO:0051240	positive regulation of multicellular organismal process	False	1.0	3	"[""BRD2"", ""ENO1"", ""KRAS""]"	False	1.0	4	"[""BRD2"", ""ENO1"", ""KRAS"", ""PTK2""]"	False	1.0	8	"[""BRD2"", ""ENO1"", ""FERMT2"", ""KRAS"", ""PTK2"", ""RHOA"", ""SETD2"", ""TRAF2""]"	0	False		1.0
GO:BP	GO:0010661	positive regulation of muscle cell apoptotic process	False		0	[]	False		0	[]	False	1.0	1	"[""RBM10""]"	0	False		1.0
GO:BP	GO:0045933	positive regulation of muscle contraction	False	1.0	1	"[""ENO1""]"	False	1.0	1	"[""ENO1""]"	False	1.0	2	"[""ENO1"", ""RHOA""]"	0	False		1.0
GO:BP	GO:0045639	positive regulation of myeloid cell differentiation	False		0	[]	False		0	[]	False	1.0	1	"[""RCOR1""]"	0	False		1.0
GO:BP	GO:0060545	positive regulation of necroptotic process	False		0	[]	False		0	[]	False	1.0	1	"[""AIFM1""]"	0	False		1.0
GO:BP	GO:0051962	positive regulation of nervous system development	False	1.0	1	"[""KRAS""]"	False	1.0	1	"[""KRAS""]"	False	1.0	1	"[""KRAS""]"	0	False		1.0
GO:BP	GO:0050769	positive regulation of neurogenesis	False	1.0	1	"[""KRAS""]"	False	1.0	1	"[""KRAS""]"	False	1.0	1	"[""KRAS""]"	0	False		1.0
GO:BP	GO:0043525	positive regulation of neuron apoptotic process	False		0	[]	False		0	[]	False	1.0	1	"[""AIFM1""]"	0	False		1.0
GO:BP	GO:0045666	positive regulation of neuron differentiation	False		0	[]	False		0	[]	False	1.0	1	"[""RHOA""]"	0	False		1.0
GO:BP	GO:0090023	positive regulation of neutrophil chemotaxis	False	1.0	1	"[""DNM1L""]"	False	1.0	1	"[""DNM1L""]"	False	1.0	1	"[""DNM1L""]"	0	False		1.0
GO:BP	GO:1902624	positive regulation of neutrophil migration	False	1.0	1	"[""DNM1L""]"	False	1.0	1	"[""DNM1L""]"	False	1.0	1	"[""DNM1L""]"	0	False		1.0
GO:BP	GO:0045429	positive regulation of nitric oxide biosynthetic process	False		0	[]	False	1.0	1	"[""HSP90AB1""]"	False	1.0	1	"[""HSP90AB1""]"	0	False		1.0
GO:BP	GO:1901224	positive regulation of non-canonical NF-kappaB signal transduction	False		0	[]	False		0	[]	False	1.0	1	"[""RHOA""]"	0	False		1.0
GO:BP	GO:1900153	positive regulation of nuclear-transcribed mRNA catabolic process, deadenylation-dependent decay	False		0	[]	False		0	[]	False	1.0	1	"[""CNOT1""]"	0	False		1.0
GO:BP	GO:0060213	positive regulation of nuclear-transcribed mRNA poly(A) tail shortening	False		0	[]	False		0	[]	False	1.0	1	"[""CNOT1""]"	0	False		1.0
GO:BP	GO:0030810	positive regulation of nucleotide biosynthetic process	False	1.0	1	"[""ENO1""]"	False	1.0	1	"[""ENO1""]"	False	1.0	1	"[""ENO1""]"	0	False		1.0
GO:BP	GO:0030813	positive regulation of nucleotide catabolic process	False	1.0	1	"[""MLST8""]"	False	1.0	1	"[""MLST8""]"	False	1.0	1	"[""MLST8""]"	0	False		1.0
GO:BP	GO:0045981	positive regulation of nucleotide metabolic process	False	1.0	2	"[""ENO1"", ""MLST8""]"	False	1.0	2	"[""ENO1"", ""MLST8""]"	False	1.0	2	"[""ENO1"", ""MLST8""]"	0	False		1.0
GO:BP	GO:1902117	positive regulation of organelle assembly	False		0	[]	False		0	[]	False	1.0	2	"[""CNOT1"", ""RHOA""]"	0	False		1.0
GO:BP	GO:0010638	positive regulation of organelle organization	False	1.0	3	"[""DNM1L"", ""HNRNPA1"", ""MLST8""]"	False	1.0	4	"[""DNM1L"", ""HNRNPA1"", ""MLST8"", ""WASHC2C""]"	False	1.0	8	"[""CNOT1"", ""DNM1L"", ""FERMT2"", ""HNRNPA1"", ""MLST8"", ""RHOA"", ""WASHC2C"", ""WDR1""]"	0	False		1.0
GO:BP	GO:0045669	positive regulation of osteoblast differentiation	False		0	[]	False		0	[]	False	1.0	1	"[""FERMT2""]"	0	False		1.0
GO:BP	GO:0033690	positive regulation of osteoblast proliferation	False		0	[]	False		0	[]	False	1.0	1	"[""ITGAV""]"	0	False		1.0
GO:BP	GO:1905857	positive regulation of pentose-phosphate shunt	False	1.0	1	"[""MLST8""]"	False	1.0	1	"[""MLST8""]"	False	1.0	1	"[""MLST8""]"	0	False		1.0
GO:BP	GO:0045937	positive regulation of phosphate metabolic process	False	1.0	2	"[""ENO1"", ""MLST8""]"	False	1.0	3	"[""ENO1"", ""MLST8"", ""PTK2""]"	False	1.0	6	"[""BRAT1"", ""ENO1"", ""MLST8"", ""PTK2"", ""RHOA"", ""TRAF2""]"	0	False		1.0
GO:BP	GO:0051897	positive regulation of phosphatidylinositol 3-kinase/protein kinase B signal transduction	False		0	[]	False	1.0	1	"[""PTK2""]"	False	1.0	2	"[""FERMT2"", ""PTK2""]"	0	False		1.0
GO:BP	GO:0010562	positive regulation of phosphorus metabolic process	False	1.0	2	"[""ENO1"", ""MLST8""]"	False	1.0	3	"[""ENO1"", ""MLST8"", ""PTK2""]"	False	1.0	6	"[""BRAT1"", ""ENO1"", ""MLST8"", ""PTK2"", ""RHOA"", ""TRAF2""]"	0	False		1.0
GO:BP	GO:0042327	positive regulation of phosphorylation	False		0	[]	False	1.0	1	"[""PTK2""]"	False	1.0	4	"[""BRAT1"", ""PTK2"", ""RHOA"", ""TRAF2""]"	0	False		1.0
GO:BP	GO:0010756	positive regulation of plasminogen activation	False	1.0	1	"[""ENO1""]"	False	1.0	1	"[""ENO1""]"	False	1.0	1	"[""ENO1""]"	0	False		1.0
GO:BP	GO:0071803	positive regulation of podosome assembly	False		0	[]	False		0	[]	False	1.0	1	"[""RHOA""]"	0	False		1.0
GO:BP	GO:0002702	positive regulation of production of molecular mediator of immune response	False		0	[]	False		0	[]	False	1.0	2	"[""GPI"", ""TRAF2""]"	0	False		1.0
GO:BP	GO:0043068	positive regulation of programmed cell death	False	1.0	2	"[""C3orf38"", ""FIS1""]"	False	1.0	2	"[""C3orf38"", ""FIS1""]"	False	1.0	7	"[""AIFM1"", ""C3orf38"", ""CCAR1"", ""FIS1"", ""PRKRA"", ""RBM10"", ""TRAF2""]"	0	False		1.0
GO:BP	GO:0062100	positive regulation of programmed necrotic cell death	False		0	[]	False		0	[]	False	1.0	1	"[""AIFM1""]"	0	False		1.0
GO:BP	GO:0045732	positive regulation of protein catabolic process	False		0	[]	False	1.0	2	"[""FURIN"", ""PTK2""]"	False	1.0	2	"[""FURIN"", ""PTK2""]"	0	False		1.0
GO:BP	GO:1901881	positive regulation of protein depolymerization	False		0	[]	False	1.0	1	"[""WASHC2C""]"	False	1.0	2	"[""WASHC2C"", ""WDR1""]"	0	False		1.0
GO:BP	GO:0045860	positive regulation of protein kinase activity	False		0	[]	False	1.0	1	"[""PTK2""]"	False	1.0	3	"[""PTK2"", ""RHOA"", ""TRAF2""]"	0	False		1.0
GO:BP	GO:1903829	positive regulation of protein localization	False	1.0	2	"[""CRKL"", ""DNM1L""]"	False	1.0	3	"[""CRKL"", ""DNM1L"", ""HSP90AB1""]"	False	1.0	6	"[""B3GAT3"", ""CRK"", ""CRKL"", ""DNM1L"", ""FERMT2"", ""HSP90AB1""]"	0	False		1.0
GO:BP	GO:2000010	positive regulation of protein localization to cell surface	False		0	[]	False	1.0	1	"[""HSP90AB1""]"	False	1.0	1	"[""HSP90AB1""]"	0	False		1.0
GO:BP	GO:1905477	positive regulation of protein localization to membrane	False	1.0	1	"[""CRKL""]"	False	1.0	1	"[""CRKL""]"	False	1.0	2	"[""CRK"", ""CRKL""]"	0	False		1.0
GO:BP	GO:1900182	positive regulation of protein localization to nucleus	False		0	[]	False		0	[]	False	1.0	1	"[""FERMT2""]"	0	False		1.0
GO:BP	GO:1903319	positive regulation of protein maturation	False	1.0	1	"[""ENO1""]"	False	1.0	1	"[""ENO1""]"	False	1.0	1	"[""ENO1""]"	0	False		1.0
GO:BP	GO:0051247	positive regulation of protein metabolic process	False	1.0	2	"[""ENO1"", ""SYNCRIP""]"	False	1.0	4	"[""ENO1"", ""FURIN"", ""PTK2"", ""SYNCRIP""]"	False	1.0	7	"[""BRAT1"", ""ENO1"", ""FURIN"", ""PTK2"", ""RHOA"", ""SYNCRIP"", ""TRAF2""]"	0	False		1.0
GO:BP	GO:0031401	positive regulation of protein modification process	False		0	[]	False	1.0	1	"[""PTK2""]"	False	1.0	4	"[""BRAT1"", ""PTK2"", ""RHOA"", ""TRAF2""]"	0	False		1.0
GO:BP	GO:0001934	positive regulation of protein phosphorylation	False		0	[]	False	1.0	1	"[""PTK2""]"	False	1.0	4	"[""BRAT1"", ""PTK2"", ""RHOA"", ""TRAF2""]"	0	False		1.0
GO:BP	GO:0032273	positive regulation of protein polymerization	False	1.0	1	"[""MLST8""]"	False	1.0	2	"[""MLST8"", ""WASHC2C""]"	False	1.0	2	"[""MLST8"", ""WASHC2C""]"	0	False		1.0
GO:BP	GO:0010954	positive regulation of protein processing	False	1.0	1	"[""ENO1""]"	False	1.0	1	"[""ENO1""]"	False	1.0	1	"[""ENO1""]"	0	False		1.0
GO:BP	GO:0050714	positive regulation of protein secretion	False	1.0	1	"[""DNM1L""]"	False	1.0	1	"[""DNM1L""]"	False	1.0	1	"[""DNM1L""]"	0	False		1.0
GO:BP	GO:0071902	positive regulation of protein serine/threonine kinase activity	False		0	[]	False		0	[]	False	1.0	2	"[""RHOA"", ""TRAF2""]"	0	False		1.0
GO:BP	GO:0051222	positive regulation of protein transport	False	1.0	1	"[""DNM1L""]"	False	1.0	1	"[""DNM1L""]"	False	1.0	2	"[""B3GAT3"", ""DNM1L""]"	0	False		1.0
GO:BP	GO:0031334	positive regulation of protein-containing complex assembly	False	1.0	1	"[""MLST8""]"	False	1.0	2	"[""MLST8"", ""WASHC2C""]"	False	1.0	4	"[""FERMT2"", ""MLST8"", ""RHOA"", ""WASHC2C""]"	0	False		1.0
GO:BP	GO:0043243	positive regulation of protein-containing complex disassembly	False		0	[]	False	1.0	1	"[""WASHC2C""]"	False	1.0	2	"[""WASHC2C"", ""WDR1""]"	0	False		1.0
GO:BP	GO:0045862	positive regulation of proteolysis	False	1.0	1	"[""ENO1""]"	False	1.0	2	"[""ENO1"", ""FURIN""]"	False	1.0	2	"[""ENO1"", ""FURIN""]"	0	False		1.0
GO:BP	GO:1900373	positive regulation of purine nucleotide biosynthetic process	False	1.0	1	"[""ENO1""]"	False	1.0	1	"[""ENO1""]"	False	1.0	1	"[""ENO1""]"	0	False		1.0
GO:BP	GO:0033123	positive regulation of purine nucleotide catabolic process	False	1.0	1	"[""MLST8""]"	False	1.0	1	"[""MLST8""]"	False	1.0	1	"[""MLST8""]"	0	False		1.0
GO:BP	GO:1900544	positive regulation of purine nucleotide metabolic process	False	1.0	2	"[""ENO1"", ""MLST8""]"	False	1.0	2	"[""ENO1"", ""MLST8""]"	False	1.0	2	"[""ENO1"", ""MLST8""]"	0	False		1.0
GO:BP	GO:1903911	positive regulation of receptor clustering	False	1.0	1	"[""CRKL""]"	False	1.0	1	"[""CRKL""]"	False	1.0	2	"[""CRK"", ""CRKL""]"	0	False		1.0
GO:BP	GO:0046427	positive regulation of receptor signaling pathway via JAK-STAT	False	1.0	1	"[""WDR48""]"	False	1.0	1	"[""WDR48""]"	False	1.0	1	"[""WDR48""]"	0	False		1.0
GO:BP	GO:1904894	positive regulation of receptor signaling pathway via STAT	False	1.0	1	"[""WDR48""]"	False	1.0	1	"[""WDR48""]"	False	1.0	1	"[""WDR48""]"	0	False		1.0
GO:BP	GO:1903307	positive regulation of regulated secretory pathway	False		0	[]	False		0	[]	False	1.0	1	"[""RAB15""]"	0	False		1.0
GO:BP	GO:0002833	positive regulation of response to biotic stimulus	False		0	[]	False		0	[]	False	1.0	1	"[""NFKBIA""]"	0	False		1.0
GO:BP	GO:0060760	positive regulation of response to cytokine stimulus	False		0	[]	False		0	[]	False	1.0	1	"[""TRAF2""]"	0	False		1.0
GO:BP	GO:0032103	positive regulation of response to external stimulus	False	1.0	1	"[""DNM1L""]"	False	1.0	2	"[""DNM1L"", ""PTK2""]"	False	1.0	3	"[""DNM1L"", ""NFKBIA"", ""PTK2""]"	0	False		1.0
GO:BP	GO:0048584	positive regulation of response to stimulus	False	1.0	7	"[""BRD2"", ""CRKL"", ""DNM1L"", ""FIS1"", ""KRAS"", ""MLST8"", ""WDR48""]"	False	1.0	11	"[""BRD2"", ""CRKL"", ""DNM1L"", ""FIS1"", ""HSP90AB1"", ""ING3"", ""KRAS"", ""MLST8"", ""PTK2"", ""SLC35B2"", ""WDR48""]"	False	1.0	19	"[""BRD2"", ""CRK"", ""CRKL"", ""DNM1L"", ""FERMT2"", ""FIS1"", ""HSP90AB1"", ""ING3"", ""ITGAV"", ""KRAS"", ""MLST8"", ""NFKBIA"", ""PRKRA"", ""PTK2"", ""RHOA"", ""SLC35B2"", ""TNS3"", ""TRAF2"", ""WDR48""]"	0	False		1.0
GO:BP	GO:1903036	positive regulation of response to wounding	False		0	[]	False	1.0	1	"[""PTK2""]"	False	1.0	2	"[""FERMT2"", ""PTK2""]"	0	False		1.0
GO:BP	GO:0051047	positive regulation of secretion	False	1.0	1	"[""DNM1L""]"	False	1.0	1	"[""DNM1L""]"	False	1.0	2	"[""DNM1L"", ""RAB15""]"	0	False		1.0
GO:BP	GO:1903532	positive regulation of secretion by cell	False	1.0	1	"[""DNM1L""]"	False	1.0	1	"[""DNM1L""]"	False	1.0	2	"[""DNM1L"", ""RAB15""]"	0	False		1.0
GO:BP	GO:0009967	positive regulation of signal transduction	False	1.0	5	"[""CRKL"", ""FIS1"", ""KRAS"", ""MLST8"", ""WDR48""]"	False	1.0	8	"[""CRKL"", ""FIS1"", ""HSP90AB1"", ""KRAS"", ""MLST8"", ""PTK2"", ""SLC35B2"", ""WDR48""]"	False	1.0	15	"[""CRK"", ""CRKL"", ""FERMT2"", ""FIS1"", ""HSP90AB1"", ""ITGAV"", ""KRAS"", ""MLST8"", ""PRKRA"", ""PTK2"", ""RHOA"", ""SLC35B2"", ""TNS3"", ""TRAF2"", ""WDR48""]"	0	False		1.0
GO:BP	GO:0023056	positive regulation of signaling	False	1.0	5	"[""CRKL"", ""FIS1"", ""KRAS"", ""MLST8"", ""WDR48""]"	False	1.0	8	"[""CRKL"", ""FIS1"", ""HSP90AB1"", ""KRAS"", ""MLST8"", ""PTK2"", ""SLC35B2"", ""WDR48""]"	False	1.0	15	"[""CRK"", ""CRKL"", ""FERMT2"", ""FIS1"", ""HSP90AB1"", ""ITGAV"", ""KRAS"", ""MLST8"", ""PRKRA"", ""PTK2"", ""RHOA"", ""SLC35B2"", ""TNS3"", ""TRAF2"", ""WDR48""]"	0	False		1.0
GO:BP	GO:1904395	positive regulation of skeletal muscle acetylcholine-gated channel clustering	False	1.0	1	"[""CRKL""]"	False	1.0	1	"[""CRKL""]"	False	1.0	2	"[""CRK"", ""CRKL""]"	0	False		1.0
GO:BP	GO:0062013	positive regulation of small molecule metabolic process	False	1.0	2	"[""ENO1"", ""MLST8""]"	False	1.0	2	"[""ENO1"", ""MLST8""]"	False	1.0	2	"[""ENO1"", ""MLST8""]"	0	False		1.0
GO:BP	GO:0034393	positive regulation of smooth muscle cell apoptotic process	False		0	[]	False		0	[]	False	1.0	1	"[""RBM10""]"	0	False		1.0
GO:BP	GO:0014911	positive regulation of smooth muscle cell migration	False		0	[]	False	1.0	1	"[""DOCK5""]"	False	1.0	2	"[""CRK"", ""DOCK5""]"	0	False		1.0
GO:BP	GO:0045987	positive regulation of smooth muscle contraction	False		0	[]	False		0	[]	False	1.0	1	"[""RHOA""]"	0	False		1.0
GO:BP	GO:2000648	positive regulation of stem cell proliferation	False		0	[]	False		0	[]	False	1.0	1	"[""FERMT2""]"	0	False		1.0
GO:BP	GO:0051496	positive regulation of stress fiber assembly	False		0	[]	False		0	[]	False	1.0	2	"[""FERMT2"", ""RHOA""]"	0	False		1.0
GO:BP	GO:1900026	positive regulation of substrate adhesion-dependent cell spreading	False	1.0	1	"[""CRKL""]"	False	1.0	2	"[""CRKL"", ""DOCK5""]"	False	1.0	4	"[""CRK"", ""CRKL"", ""DOCK5"", ""FERMT2""]"	0	False		1.0
GO:BP	GO:1902905	positive regulation of supramolecular fiber organization	False	1.0	1	"[""MLST8""]"	False	1.0	2	"[""MLST8"", ""WASHC2C""]"	False	1.0	5	"[""FERMT2"", ""MLST8"", ""RHOA"", ""WASHC2C"", ""WDR1""]"	0	False		1.0
GO:BP	GO:0003084	positive regulation of systemic arterial blood pressure	False		0	[]	False		0	[]	False	1.0	1	"[""RHOA""]"	0	False		1.0
GO:BP	GO:0032206	positive regulation of telomere maintenance	False	1.0	1	"[""HNRNPA1""]"	False	1.0	1	"[""HNRNPA1""]"	False	1.0	1	"[""HNRNPA1""]"	0	False		1.0
GO:BP	GO:0032212	positive regulation of telomere maintenance via telomerase	False	1.0	1	"[""HNRNPA1""]"	False	1.0	1	"[""HNRNPA1""]"	False	1.0	1	"[""HNRNPA1""]"	0	False		1.0
GO:BP	GO:1904358	positive regulation of telomere maintenance via telomere lengthening	False	1.0	1	"[""HNRNPA1""]"	False	1.0	1	"[""HNRNPA1""]"	False	1.0	1	"[""HNRNPA1""]"	0	False		1.0
GO:BP	GO:0045944	positive regulation of transcription by RNA polymerase II	False		0	[]	False	1.0	1	"[""ING3""]"	False	1.0	4	"[""ING3"", ""MED24"", ""NFKBIA"", ""SP3""]"	0	False		1.0
GO:BP	GO:0032968	positive regulation of transcription elongation by RNA polymerase II	False		0	[]	False		0	[]	False	1.0	1	"[""MED24""]"	0	False		1.0
GO:BP	GO:0060261	positive regulation of transcription initiation by RNA polymerase II	False		0	[]	False		0	[]	False	1.0	2	"[""MED24"", ""NFKBIA""]"	0	False		1.0
GO:BP	GO:0030511	positive regulation of transforming growth factor beta receptor signaling pathway	False		0	[]	False	1.0	1	"[""HSP90AB1""]"	False	1.0	1	"[""HSP90AB1""]"	0	False		1.0
GO:BP	GO:0045727	positive regulation of translation	False	1.0	1	"[""SYNCRIP""]"	False	1.0	1	"[""SYNCRIP""]"	False	1.0	1	"[""SYNCRIP""]"	0	False		1.0
GO:BP	GO:0090100	positive regulation of transmembrane receptor protein serine/threonine kinase signaling pathway	False		0	[]	False	1.0	1	"[""HSP90AB1""]"	False	1.0	1	"[""HSP90AB1""]"	0	False		1.0
GO:BP	GO:0034764	positive regulation of transmembrane transport	False		0	[]	False	1.0	1	"[""G6PD""]"	False	1.0	1	"[""G6PD""]"	0	False		1.0
GO:BP	GO:0051050	positive regulation of transport	False	1.0	1	"[""DNM1L""]"	False	1.0	2	"[""DNM1L"", ""G6PD""]"	False	1.0	4	"[""B3GAT3"", ""DNM1L"", ""G6PD"", ""RAB15""]"	0	False		1.0
GO:BP	GO:1903265	positive regulation of tumor necrosis factor-mediated signaling pathway	False		0	[]	False		0	[]	False	1.0	1	"[""TRAF2""]"	0	False		1.0
GO:BP	GO:0032481	positive regulation of type I interferon production	False		0	[]	False		0	[]	False	1.0	1	"[""SETD2""]"	0	False		1.0
GO:BP	GO:2000060	positive regulation of ubiquitin-dependent protein catabolic process	False		0	[]	False	1.0	1	"[""PTK2""]"	False	1.0	1	"[""PTK2""]"	0	False		1.0
GO:BP	GO:1905461	positive regulation of vascular associated smooth muscle cell apoptotic process	False		0	[]	False		0	[]	False	1.0	1	"[""RBM10""]"	0	False		1.0
GO:BP	GO:1904754	positive regulation of vascular associated smooth muscle cell migration	False		0	[]	False	1.0	1	"[""DOCK5""]"	False	1.0	1	"[""DOCK5""]"	0	False		1.0
GO:BP	GO:1904695	positive regulation of vascular associated smooth muscle contraction	False		0	[]	False		0	[]	False	1.0	1	"[""RHOA""]"	0	False		1.0
GO:BP	GO:0045907	positive regulation of vasoconstriction	False		0	[]	False		0	[]	False	1.0	1	"[""RHOA""]"	0	False		1.0
GO:BP	GO:0046598	positive regulation of viral entry into host cell	False		0	[]	False	1.0	1	"[""FURIN""]"	False	1.0	1	"[""FURIN""]"	0	False		1.0
GO:BP	GO:1903902	positive regulation of viral life cycle	False		0	[]	False	1.0	1	"[""FURIN""]"	False	1.0	1	"[""FURIN""]"	0	False		1.0
GO:BP	GO:0048524	positive regulation of viral process	False		0	[]	False	1.0	1	"[""FURIN""]"	False	1.0	1	"[""FURIN""]"	0	False		1.0
GO:BP	GO:0090303	positive regulation of wound healing	False		0	[]	False	1.0	1	"[""PTK2""]"	False	1.0	2	"[""FERMT2"", ""PTK2""]"	0	False		1.0
GO:BP	GO:1903691	positive regulation of wound healing, spreading of epidermal cells	False		0	[]	False		0	[]	False	1.0	1	"[""FERMT2""]"	0	False		1.0
GO:BP	GO:0006892	post-Golgi vesicle-mediated transport	False	1.0	1	"[""SNAP23""]"	False	1.0	2	"[""MON2"", ""SNAP23""]"	False	1.0	2	"[""MON2"", ""SNAP23""]"	0	False		1.0
GO:BP	GO:0016441	post-transcriptional gene silencing	False		0	[]	False		0	[]	False	1.0	1	"[""CNOT1""]"	0	False		1.0
GO:BP	GO:0010608	post-transcriptional regulation of gene expression	False	1.0	1	"[""SYNCRIP""]"	False	1.0	2	"[""SERBP1"", ""SYNCRIP""]"	False	1.0	6	"[""CNOT1"", ""GCN1"", ""RBM10"", ""SERBP1"", ""SYNCRIP"", ""TRAF2""]"	0	False		1.0
GO:BP	GO:0043687	post-translational protein modification	False	1.0	2	"[""UBA5"", ""WDR48""]"	False	1.0	4	"[""HSP90AB1"", ""LCMT1"", ""UBA5"", ""WDR48""]"	False	1.0	7	"[""CCAR1"", ""HSP90AB1"", ""LCMT1"", ""MGRN1"", ""TRAF2"", ""UBA5"", ""WDR48""]"	0	False		1.0
GO:BP	GO:0006620	post-translational protein targeting to endoplasmic reticulum membrane	False		0	[]	False	1.0	1	"[""SEC62""]"	False	1.0	1	"[""SEC62""]"	0	False		1.0
GO:BP	GO:0031204	post-translational protein targeting to membrane, translocation	False		0	[]	False	1.0	1	"[""SEC62""]"	False	1.0	1	"[""SEC62""]"	0	False		1.0
GO:BP	GO:0099068	postsynapse assembly	False	1.0	1	"[""CRKL""]"	False	1.0	1	"[""CRKL""]"	False	1.0	2	"[""CRK"", ""CRKL""]"	0	False		1.0
GO:BP	GO:0099173	postsynapse organization	False	1.0	1	"[""CRKL""]"	False	1.0	1	"[""CRKL""]"	False	1.0	2	"[""CRK"", ""CRKL""]"	0	False		1.0
GO:BP	GO:0001941	postsynaptic membrane organization	False	1.0	1	"[""CRKL""]"	False	1.0	1	"[""CRKL""]"	False	1.0	2	"[""CRK"", ""CRKL""]"	0	False		1.0
GO:BP	GO:0098926	postsynaptic signal transduction	False	1.0	1	"[""CRKL""]"	False	1.0	1	"[""CRKL""]"	False	1.0	1	"[""CRKL""]"	0	False		1.0
GO:BP	GO:0098698	postsynaptic specialization assembly	False	1.0	1	"[""CRKL""]"	False	1.0	1	"[""CRKL""]"	False	1.0	2	"[""CRK"", ""CRKL""]"	0	False		1.0
GO:BP	GO:0099084	postsynaptic specialization organization	False	1.0	1	"[""CRKL""]"	False	1.0	1	"[""CRKL""]"	False	1.0	2	"[""CRK"", ""CRKL""]"	0	False		1.0
GO:BP	GO:0071805	potassium ion transmembrane transport	False		0	[]	False		0	[]	False	1.0	1	"[""CCDC51""]"	0	False		1.0
GO:BP	GO:0006813	potassium ion transport	False		0	[]	False		0	[]	False	1.0	1	"[""CCDC51""]"	0	False		1.0
GO:BP	GO:0031054	pre-miRNA processing	False		0	[]	False		0	[]	False	1.0	1	"[""PRKRA""]"	0	False		1.0
GO:BP	GO:0044238	primary metabolic process	False	1.0	19	"[""ATP5ME"", ""BRD2"", ""CRKL"", ""DNM1L"", ""EAF1"", ""EFR3A"", ""ENO1"", ""FDXR"", ""FIS1"", ""HNRNPA1"", ""MIPEP"", ""MLST8"", ""MRPS12"", ""MRPS6"", ""SNRPB2"", ""SYNCRIP"", ""UBA5"", ""WDR48"", ""ZNF217""]"	False	1.0	31	"[""ATP5ME"", ""BRD2"", ""CRKL"", ""DNM1L"", ""DOLK"", ""EAF1"", ""EFR3A"", ""ENO1"", ""FDXR"", ""FIS1"", ""FURIN"", ""G6PD"", ""HNRNPA1"", ""HSP90AB1"", ""ING3"", ""LCMT1"", ""MIPEP"", ""MLST8"", ""MRPS12"", ""MRPS6"", ""PTK2"", ""RNASEH2A"", ""SERBP1"", ""SNRPB2"", ""SYNCRIP"", ""TARS2"", ""TGIF1"", ""TRA2B"", ""UBA5"", ""WDR48"", ""ZNF217""]"	False	1.0	70	"[""ADSL"", ""AIFM1"", ""ALG8"", ""APEX2"", ""ATP5ME"", ""B3GAT3"", ""BRAT1"", ""BRD2"", ""CCAR1"", ""CNOT1"", ""CRK"", ""CRKL"", ""CTPS1"", ""DERL2"", ""DNM1L"", ""DOLK"", ""DPH5"", ""EAF1"", ""EFR3A"", ""ENO1"", ""FDXR"", ""FIS1"", ""FOXO3B"", ""FURIN"", ""G6PD"", ""GCN1"", ""GPI"", ""HNRNPA1"", ""HSP90AB1"", ""HSPA13"", ""ING3"", ""ITGAV"", ""IWS1"", ""LCMT1"", ""MED24"", ""MGRN1"", ""MIPEP"", ""MLST8"", ""MRPL53"", ""MRPS12"", ""MRPS2"", ""MRPS6"", ""MTFMT"", ""NACC1"", ""NFKBIA"", ""PIGL"", ""PRKRA"", ""PTK2"", ""RBM10"", ""RBM12"", ""RCOR1"", ""RHOA"", ""RMI1"", ""RNASEH2A"", ""RNASEH2C"", ""SERBP1"", ""SETD2"", ""SNRPB2"", ""SP3"", ""ST3GAL1"", ""SYNCRIP"", ""TARS2"", ""TGIF1"", ""TRA2B"", ""TRAF2"", ""UBA5"", ""WDR48"", ""WDR83"", ""ZNF217"", ""ZNF687""]"	0	False		1.0
GO:BP	GO:0014020	primary neural tube formation	False	1.0	1	"[""BRD2""]"	False	1.0	1	"[""BRD2""]"	False	1.0	2	"[""BRD2"", ""WDR83""]"	0	False		1.0
GO:BP	GO:0061919	process utilizing autophagic mechanism	False	1.0	3	"[""DNM1L"", ""MLST8"", ""UBA5""]"	False	1.0	3	"[""DNM1L"", ""MLST8"", ""UBA5""]"	False	1.0	4	"[""DNM1L"", ""MLST8"", ""SETD2"", ""UBA5""]"	0	False		1.0
GO:BP	GO:0002532	production of molecular mediator involved in inflammatory response	False	1.0	1	"[""SNAP23""]"	False	1.0	1	"[""SNAP23""]"	False	1.0	2	"[""NFKBIA"", ""SNAP23""]"	0	False		1.0
GO:BP	GO:0002440	production of molecular mediator of immune response	False		0	[]	False		0	[]	False	1.0	2	"[""GPI"", ""TRAF2""]"	0	False		1.0
GO:BP	GO:0012501	programmed cell death	False	1.0	7	"[""C3orf38"", ""CRKL"", ""DNM1L"", ""ENO1"", ""FIS1"", ""KRAS"", ""MLST8""]"	False	1.0	12	"[""C3orf38"", ""CRKL"", ""DNM1L"", ""ENO1"", ""FIS1"", ""G6PD"", ""HSP90AB1"", ""ING3"", ""KRAS"", ""LCMT1"", ""MLST8"", ""PTK2""]"	False	1.0	22	"[""AIFM1"", ""BRAT1"", ""C3orf38"", ""CCAR1"", ""CRKL"", ""DNM1L"", ""ENO1"", ""FIS1"", ""G6PD"", ""GPI"", ""HSP90AB1"", ""ING3"", ""ITGAV"", ""KRAS"", ""LCMT1"", ""MLST8"", ""PRKRA"", ""PTK2"", ""RBM10"", ""RHOA"", ""ST3GAL1"", ""TRAF2""]"	0	False		1.0
GO:BP	GO:0097300	programmed necrotic cell death	False		0	[]	False		0	[]	False	1.0	2	"[""AIFM1"", ""TRAF2""]"	0	False		1.0
GO:BP	GO:0010498	proteasomal protein catabolic process	False		0	[]	False	1.0	1	"[""HSP90AB1""]"	False	1.0	2	"[""DERL2"", ""HSP90AB1""]"	0	False		1.0
GO:BP	GO:0043248	proteasome assembly	False	1.0	1	"[""PSMG1""]"	False	1.0	1	"[""PSMG1""]"	False	1.0	1	"[""PSMG1""]"	0	False		1.0
GO:BP	GO:0080129	proteasome core complex assembly	False	1.0	1	"[""PSMG1""]"	False	1.0	1	"[""PSMG1""]"	False	1.0	1	"[""PSMG1""]"	0	False		1.0
GO:BP	GO:0043161	proteasome-mediated ubiquitin-dependent protein catabolic process	False		0	[]	False	1.0	1	"[""HSP90AB1""]"	False	1.0	1	"[""HSP90AB1""]"	0	False		1.0
GO:BP	GO:0070534	protein K63-linked ubiquitination	False		0	[]	False		0	[]	False	1.0	1	"[""TRAF2""]"	0	False		1.0
GO:BP	GO:1990592	protein K69-linked ufmylation	False	1.0	1	"[""UBA5""]"	False	1.0	1	"[""UBA5""]"	False	1.0	1	"[""UBA5""]"	0	False		1.0
GO:BP	GO:0006487	protein N-linked glycosylation	False		0	[]	False	1.0	1	"[""DOLK""]"	False	1.0	3	"[""ALG8"", ""DOLK"", ""ST3GAL1""]"	0	False		1.0
GO:BP	GO:0006493	protein O-linked glycosylation	False		0	[]	False		0	[]	False	1.0	2	"[""B3GAT3"", ""ST3GAL1""]"	0	False		1.0
GO:BP	GO:0016266	protein O-linked glycosylation via N-acetyl-galactosamine	False		0	[]	False		0	[]	False	1.0	1	"[""ST3GAL1""]"	0	False		1.0
GO:BP	GO:0180064	protein O-linked glycosylation via xylose	False		0	[]	False		0	[]	False	1.0	1	"[""B3GAT3""]"	0	False		1.0
GO:BP	GO:0008213	protein alkylation	False		0	[]	False	1.0	1	"[""LCMT1""]"	False	1.0	2	"[""LCMT1"", ""SETD2""]"	0	False		1.0
GO:BP	GO:0046777	protein autophosphorylation	False		0	[]	False	1.0	1	"[""PTK2""]"	False	1.0	1	"[""PTK2""]"	0	False		1.0
GO:BP	GO:0051865	protein autoubiquitination	False		0	[]	False		0	[]	False	1.0	1	"[""TRAF2""]"	0	False		1.0
GO:BP	GO:0160307	protein biosynthetic process	False	1.0	3	"[""MRPS12"", ""MRPS6"", ""SYNCRIP""]"	False	1.0	5	"[""MRPS12"", ""MRPS6"", ""SERBP1"", ""SYNCRIP"", ""TARS2""]"	False	1.0	10	"[""CNOT1"", ""GCN1"", ""MRPL53"", ""MRPS12"", ""MRPS2"", ""MRPS6"", ""MTFMT"", ""SERBP1"", ""SYNCRIP"", ""TARS2""]"	0	False		1.0
GO:BP	GO:0030163	protein catabolic process	False		0	[]	False	1.0	3	"[""FURIN"", ""HSP90AB1"", ""PTK2""]"	False	1.0	6	"[""CCAR1"", ""DERL2"", ""FURIN"", ""HSP90AB1"", ""PTK2"", ""TRAF2""]"	0	False		1.0
GO:BP	GO:0051259	protein complex oligomerization	False	1.0	1	"[""DNM1L""]"	False	1.0	1	"[""DNM1L""]"	False	1.0	1	"[""DNM1L""]"	0	False		1.0
GO:BP	GO:0051261	protein depolymerization	False		0	[]	False	1.0	1	"[""WASHC2C""]"	False	1.0	2	"[""WASHC2C"", ""WDR1""]"	0	False		1.0
GO:BP	GO:0032527	protein exit from endoplasmic reticulum	False		0	[]	False		0	[]	False	1.0	1	"[""DERL2""]"	0	False		1.0
GO:BP	GO:0006611	protein export from nucleus	False		0	[]	False		0	[]	False	1.0	1	"[""NUP42""]"	0	False		1.0
GO:BP	GO:0006457	protein folding	False		0	[]	False	1.0	1	"[""HSP90AB1""]"	False	1.0	3	"[""AIFM1"", ""HSP90AB1"", ""HSPA13""]"	0	False		1.0
GO:BP	GO:0017183	protein histidyl modification to diphthamide	False		0	[]	False		0	[]	False	1.0	1	"[""DPH5""]"	0	False		1.0
GO:BP	GO:0045041	protein import into mitochondrial intermembrane space	False		0	[]	False		0	[]	False	1.0	1	"[""AIFM1""]"	0	False		1.0
GO:BP	GO:0006606	protein import into nucleus	False		0	[]	False	1.0	1	"[""HEATR3""]"	False	1.0	2	"[""HEATR3"", ""NFKBIA""]"	0	False		1.0
GO:BP	GO:0045048	protein insertion into ER membrane	False		0	[]	False	1.0	2	"[""EMC1"", ""EMC7""]"	False	1.0	2	"[""EMC1"", ""EMC7""]"	0	False		1.0
GO:BP	GO:0045050	protein insertion into ER membrane by stop-transfer membrane-anchor sequence	False		0	[]	False	1.0	2	"[""EMC1"", ""EMC7""]"	False	1.0	2	"[""EMC1"", ""EMC7""]"	0	False		1.0
GO:BP	GO:0051205	protein insertion into membrane	False	1.0	1	"[""COX18""]"	False	1.0	3	"[""COX18"", ""EMC1"", ""EMC7""]"	False	1.0	3	"[""COX18"", ""EMC1"", ""EMC7""]"	0	False		1.0
GO:BP	GO:0045039	protein insertion into mitochondrial inner membrane	False	1.0	1	"[""COX18""]"	False	1.0	1	"[""COX18""]"	False	1.0	1	"[""COX18""]"	0	False		1.0
GO:BP	GO:0032979	protein insertion into mitochondrial inner membrane from matrix	False	1.0	1	"[""COX18""]"	False	1.0	1	"[""COX18""]"	False	1.0	1	"[""COX18""]"	0	False		1.0
GO:BP	GO:0051204	protein insertion into mitochondrial membrane	False	1.0	1	"[""COX18""]"	False	1.0	1	"[""COX18""]"	False	1.0	1	"[""COX18""]"	0	False		1.0
GO:BP	GO:0071896	protein localization to adherens junction	False		0	[]	False	1.0	1	"[""VCL""]"	False	1.0	1	"[""VCL""]"	0	False		1.0
GO:BP	GO:1902414	protein localization to cell junction	False		0	[]	False	1.0	1	"[""VCL""]"	False	1.0	2	"[""FERMT2"", ""VCL""]"	0	False		1.0
GO:BP	GO:1990778	protein localization to cell periphery	False	1.0	1	"[""EFR3A""]"	False	1.0	1	"[""EFR3A""]"	False	1.0	1	"[""EFR3A""]"	0	False		1.0
GO:BP	GO:0034394	protein localization to cell surface	False		0	[]	False	1.0	2	"[""HSP90AB1"", ""VCL""]"	False	1.0	2	"[""HSP90AB1"", ""VCL""]"	0	False		1.0
GO:BP	GO:0150105	protein localization to cell-cell junction	False		0	[]	False	1.0	1	"[""VCL""]"	False	1.0	1	"[""VCL""]"	0	False		1.0
GO:BP	GO:0071168	protein localization to chromatin	False	1.0	1	"[""BRD2""]"	False	1.0	1	"[""BRD2""]"	False	1.0	2	"[""BRD2"", ""SETD2""]"	0	False		1.0
GO:BP	GO:0034502	protein localization to chromosome	False	1.0	1	"[""BRD2""]"	False	1.0	1	"[""BRD2""]"	False	1.0	2	"[""BRD2"", ""SETD2""]"	0	False		1.0
GO:BP	GO:0036010	protein localization to endosome	False		0	[]	False	1.0	1	"[""WASHC2C""]"	False	1.0	1	"[""WASHC2C""]"	0	False		1.0
GO:BP	GO:0071692	protein localization to extracellular region	False	1.0	1	"[""DNM1L""]"	False	1.0	1	"[""DNM1L""]"	False	1.0	1	"[""DNM1L""]"	0	False		1.0
GO:BP	GO:0072657	protein localization to membrane	False	1.0	2	"[""CRKL"", ""EFR3A""]"	False	1.0	2	"[""CRKL"", ""EFR3A""]"	False	1.0	4	"[""CRK"", ""CRKL"", ""EFR3A"", ""FERMT2""]"	0	False		1.0
GO:BP	GO:0070585	protein localization to mitochondrion	False	1.0	2	"[""COX18"", ""DNM1L""]"	False	1.0	2	"[""COX18"", ""DNM1L""]"	False	1.0	3	"[""AIFM1"", ""COX18"", ""DNM1L""]"	0	False		1.0
GO:BP	GO:0034504	protein localization to nucleus	False		0	[]	False	1.0	1	"[""HEATR3""]"	False	1.0	3	"[""FERMT2"", ""HEATR3"", ""NFKBIA""]"	0	False		1.0
GO:BP	GO:0033365	protein localization to organelle	False	1.0	3	"[""BRD2"", ""COX18"", ""DNM1L""]"	False	1.0	7	"[""BRD2"", ""COX18"", ""DNM1L"", ""EMC1"", ""EMC7"", ""HEATR3"", ""WASHC2C""]"	False	1.0	11	"[""AIFM1"", ""BRD2"", ""COX18"", ""DNM1L"", ""EMC1"", ""EMC7"", ""FERMT2"", ""HEATR3"", ""NFKBIA"", ""SETD2"", ""WASHC2C""]"	0	False		1.0
GO:BP	GO:0072659	protein localization to plasma membrane	False	1.0	1	"[""EFR3A""]"	False	1.0	1	"[""EFR3A""]"	False	1.0	1	"[""EFR3A""]"	0	False		1.0
GO:BP	GO:0051604	protein maturation	False	1.0	1	"[""ENO1""]"	False	1.0	3	"[""ENO1"", ""FURIN"", ""HSP90AB1""]"	False	1.0	6	"[""AIFM1"", ""ENO1"", ""FURIN"", ""HSP90AB1"", ""HSPA13"", ""PIGL""]"	0	False		1.0
GO:BP	GO:0019538	protein metabolic process	False	1.0	7	"[""ENO1"", ""MIPEP"", ""MRPS12"", ""MRPS6"", ""SYNCRIP"", ""UBA5"", ""WDR48""]"	False	1.0	14	"[""DOLK"", ""ENO1"", ""FURIN"", ""HSP90AB1"", ""LCMT1"", ""MIPEP"", ""MRPS12"", ""MRPS6"", ""PTK2"", ""SERBP1"", ""SYNCRIP"", ""TARS2"", ""UBA5"", ""WDR48""]"	False	1.0	34	"[""AIFM1"", ""ALG8"", ""B3GAT3"", ""BRAT1"", ""CCAR1"", ""CNOT1"", ""DERL2"", ""DOLK"", ""DPH5"", ""ENO1"", ""FURIN"", ""GCN1"", ""HSP90AB1"", ""HSPA13"", ""ITGAV"", ""LCMT1"", ""MGRN1"", ""MIPEP"", ""MRPL53"", ""MRPS12"", ""MRPS2"", ""MRPS6"", ""MTFMT"", ""PIGL"", ""PTK2"", ""RHOA"", ""SERBP1"", ""SETD2"", ""ST3GAL1"", ""SYNCRIP"", ""TARS2"", ""TRAF2"", ""UBA5"", ""WDR48""]"	0	False		1.0
GO:BP	GO:0006479	protein methylation	False		0	[]	False	1.0	1	"[""LCMT1""]"	False	1.0	2	"[""LCMT1"", ""SETD2""]"	0	False		1.0
GO:BP	GO:0032446	protein modification by small protein conjugation	False	1.0	2	"[""UBA5"", ""WDR48""]"	False	1.0	3	"[""HSP90AB1"", ""UBA5"", ""WDR48""]"	False	1.0	6	"[""CCAR1"", ""HSP90AB1"", ""MGRN1"", ""TRAF2"", ""UBA5"", ""WDR48""]"	0	False		1.0
GO:BP	GO:0070647	protein modification by small protein conjugation or removal	False	1.0	2	"[""UBA5"", ""WDR48""]"	False	1.0	3	"[""HSP90AB1"", ""UBA5"", ""WDR48""]"	False	1.0	6	"[""CCAR1"", ""HSP90AB1"", ""MGRN1"", ""TRAF2"", ""UBA5"", ""WDR48""]"	0	False		1.0
GO:BP	GO:0036211	protein modification process	False	1.0	2	"[""UBA5"", ""WDR48""]"	False	1.0	5	"[""HSP90AB1"", ""LCMT1"", ""PTK2"", ""UBA5"", ""WDR48""]"	False	1.0	13	"[""BRAT1"", ""CCAR1"", ""DPH5"", ""HSP90AB1"", ""LCMT1"", ""MGRN1"", ""PTK2"", ""RHOA"", ""SETD2"", ""ST3GAL1"", ""TRAF2"", ""UBA5"", ""WDR48""]"	0	False		1.0
GO:BP	GO:0006513	protein monoubiquitination	False	1.0	1	"[""WDR48""]"	False	1.0	1	"[""WDR48""]"	False	1.0	2	"[""MGRN1"", ""WDR48""]"	0	False		1.0
GO:BP	GO:0006468	protein phosphorylation	False		0	[]	False	1.0	1	"[""PTK2""]"	False	1.0	4	"[""BRAT1"", ""PTK2"", ""RHOA"", ""TRAF2""]"	0	False		1.0
GO:BP	GO:0051258	protein polymerization	False	1.0	1	"[""MLST8""]"	False	1.0	2	"[""MLST8"", ""WASHC2C""]"	False	1.0	2	"[""MLST8"", ""WASHC2C""]"	0	False		1.0
GO:BP	GO:0000209	protein polyubiquitination	False		0	[]	False		0	[]	False	1.0	2	"[""MGRN1"", ""TRAF2""]"	0	False		1.0
GO:BP	GO:1990564	protein polyufmylation	False	1.0	1	"[""UBA5""]"	False	1.0	1	"[""UBA5""]"	False	1.0	1	"[""UBA5""]"	0	False		1.0
GO:BP	GO:0016485	protein processing	False	1.0	1	"[""ENO1""]"	False	1.0	2	"[""ENO1"", ""FURIN""]"	False	1.0	2	"[""ENO1"", ""FURIN""]"	0	False		1.0
GO:BP	GO:0042026	protein refolding	False		0	[]	False		0	[]	False	1.0	1	"[""HSPA13""]"	0	False		1.0
GO:BP	GO:0009306	protein secretion	False	1.0	1	"[""DNM1L""]"	False	1.0	1	"[""DNM1L""]"	False	1.0	1	"[""DNM1L""]"	0	False		1.0
GO:BP	GO:1990743	protein sialylation	False		0	[]	False		0	[]	False	1.0	1	"[""ST3GAL1""]"	0	False		1.0
GO:BP	GO:0050821	protein stabilization	False		0	[]	False	1.0	1	"[""HSP90AB1""]"	False	1.0	2	"[""HSP90AB1"", ""PRKRA""]"	0	False		1.0
GO:BP	GO:0006605	protein targeting	False		0	[]	False	1.0	1	"[""SEC62""]"	False	1.0	1	"[""SEC62""]"	0	False		1.0
GO:BP	GO:0045047	protein targeting to ER	False		0	[]	False	1.0	1	"[""SEC62""]"	False	1.0	1	"[""SEC62""]"	0	False		1.0
GO:BP	GO:0006612	protein targeting to membrane	False		0	[]	False	1.0	1	"[""SEC62""]"	False	1.0	1	"[""SEC62""]"	0	False		1.0
GO:BP	GO:0071806	protein transmembrane transport	False		0	[]	False	1.0	1	"[""SEC62""]"	False	1.0	2	"[""AIFM1"", ""SEC62""]"	0	False		1.0
GO:BP	GO:0015031	protein transport	False	1.0	3	"[""ARL4A"", ""DNM1L"", ""SNAP23""]"	False	1.0	7	"[""ARL4A"", ""DNM1L"", ""HEATR3"", ""MON2"", ""SEC62"", ""SNAP23"", ""WASHC2C""]"	False	1.0	14	"[""AIFM1"", ""ARL4A"", ""B3GAT3"", ""DERL2"", ""DNM1L"", ""HEATR3"", ""MON2"", ""NDC1"", ""NFKBIA"", ""NUP42"", ""RAB15"", ""SEC62"", ""SNAP23"", ""WASHC2C""]"	0	False		1.0
GO:BP	GO:0016567	protein ubiquitination	False	1.0	1	"[""WDR48""]"	False	1.0	2	"[""HSP90AB1"", ""WDR48""]"	False	1.0	5	"[""CCAR1"", ""HSP90AB1"", ""MGRN1"", ""TRAF2"", ""WDR48""]"	0	False		1.0
GO:BP	GO:0071569	protein ufmylation	False	1.0	1	"[""UBA5""]"	False	1.0	1	"[""UBA5""]"	False	1.0	1	"[""UBA5""]"	0	False		1.0
GO:BP	GO:0065004	protein-DNA complex assembly	False	1.0	1	"[""BRD2""]"	False	1.0	1	"[""BRD2""]"	False	1.0	2	"[""BRD2"", ""MED24""]"	0	False		1.0
GO:BP	GO:0071824	protein-DNA complex organization	False	1.0	1	"[""BRD2""]"	False	1.0	1	"[""BRD2""]"	False	1.0	3	"[""BRD2"", ""MED24"", ""SETD2""]"	0	False		1.0
GO:BP	GO:0022618	protein-RNA complex assembly	False	1.0	1	"[""SNRPB2""]"	False	1.0	2	"[""HSP90AB1"", ""SNRPB2""]"	False	1.0	3	"[""HSP90AB1"", ""PRKRA"", ""SNRPB2""]"	0	False		1.0
GO:BP	GO:0071826	protein-RNA complex organization	False	1.0	1	"[""SNRPB2""]"	False	1.0	2	"[""HSP90AB1"", ""SNRPB2""]"	False	1.0	3	"[""HSP90AB1"", ""PRKRA"", ""SNRPB2""]"	0	False		1.0
GO:BP	GO:0160127	protein-RNA covalent cross-linking repair	False		0	[]	False		0	[]	False	1.0	1	"[""GCN1""]"	0	False		1.0
GO:BP	GO:0032984	protein-containing complex disassembly	False		0	[]	False	1.0	1	"[""WASHC2C""]"	False	1.0	3	"[""TRAF2"", ""WASHC2C"", ""WDR1""]"	0	False		1.0
GO:BP	GO:0031503	protein-containing complex localization	False		0	[]	False		0	[]	False	1.0	1	"[""NDC1""]"	0	False		1.0
GO:BP	GO:0034367	protein-containing complex remodeling	False		0	[]	False	1.0	1	"[""FURIN""]"	False	1.0	1	"[""FURIN""]"	0	False		1.0
GO:BP	GO:0071825	protein-lipid complex organization	False		0	[]	False	1.0	1	"[""FURIN""]"	False	1.0	1	"[""FURIN""]"	0	False		1.0
GO:BP	GO:0034368	protein-lipid complex remodeling	False		0	[]	False	1.0	1	"[""FURIN""]"	False	1.0	1	"[""FURIN""]"	0	False		1.0
GO:BP	GO:0030166	proteoglycan biosynthetic process	False		0	[]	False		0	[]	False	1.0	2	"[""B3GAT3"", ""ST3GAL1""]"	0	False		1.0
GO:BP	GO:0006029	proteoglycan metabolic process	False		0	[]	False		0	[]	False	1.0	2	"[""B3GAT3"", ""ST3GAL1""]"	0	False		1.0
GO:BP	GO:0006508	proteolysis	False	1.0	2	"[""ENO1"", ""MIPEP""]"	False	1.0	3	"[""ENO1"", ""FURIN"", ""MIPEP""]"	False	1.0	3	"[""ENO1"", ""FURIN"", ""MIPEP""]"	0	False		1.0
GO:BP	GO:0015986	proton motive force-driven ATP synthesis	False	1.0	1	"[""ATP5ME""]"	False	1.0	1	"[""ATP5ME""]"	False	1.0	1	"[""ATP5ME""]"	0	False		1.0
GO:BP	GO:0042776	proton motive force-driven mitochondrial ATP synthesis	False	1.0	1	"[""ATP5ME""]"	False	1.0	1	"[""ATP5ME""]"	False	1.0	1	"[""ATP5ME""]"	0	False		1.0
GO:BP	GO:1902600	proton transmembrane transport	False	1.0	1	"[""ATP5ME""]"	False	1.0	2	"[""ATP5ME"", ""CYC1""]"	False	1.0	2	"[""ATP5ME"", ""CYC1""]"	0	False		1.0
GO:BP	GO:0009137	purine nucleoside diphosphate catabolic process	False	1.0	2	"[""ENO1"", ""MLST8""]"	False	1.0	2	"[""ENO1"", ""MLST8""]"	False	1.0	3	"[""ENO1"", ""GPI"", ""MLST8""]"	0	False		1.0
GO:BP	GO:0009135	purine nucleoside diphosphate metabolic process	False	1.0	2	"[""ENO1"", ""MLST8""]"	False	1.0	2	"[""ENO1"", ""MLST8""]"	False	1.0	3	"[""ENO1"", ""GPI"", ""MLST8""]"	0	False		1.0
GO:BP	GO:0009127	purine nucleoside monophosphate biosynthetic process	False		0	[]	False		0	[]	False	1.0	1	"[""ADSL""]"	0	False		1.0
GO:BP	GO:0009126	purine nucleoside monophosphate metabolic process	False		0	[]	False		0	[]	False	1.0	1	"[""ADSL""]"	0	False		1.0
GO:BP	GO:0015860	purine nucleoside transmembrane transport	False		0	[]	False	1.0	1	"[""SLC25A26""]"	False	1.0	1	"[""SLC25A26""]"	0	False		1.0
GO:BP	GO:0009145	purine nucleoside triphosphate biosynthetic process	False	1.0	2	"[""ATP5ME"", ""ENO1""]"	False	1.0	2	"[""ATP5ME"", ""ENO1""]"	False	1.0	2	"[""ATP5ME"", ""ENO1""]"	0	False		1.0
GO:BP	GO:0006164	purine nucleotide biosynthetic process	False	1.0	2	"[""ATP5ME"", ""ENO1""]"	False	1.0	2	"[""ATP5ME"", ""ENO1""]"	False	1.0	3	"[""ADSL"", ""ATP5ME"", ""ENO1""]"	0	False		1.0
GO:BP	GO:0006195	purine nucleotide catabolic process	False	1.0	2	"[""ENO1"", ""MLST8""]"	False	1.0	2	"[""ENO1"", ""MLST8""]"	False	1.0	3	"[""ENO1"", ""GPI"", ""MLST8""]"	0	False		1.0
GO:BP	GO:0006163	purine nucleotide metabolic process	False	1.0	5	"[""ATP5ME"", ""DNM1L"", ""ENO1"", ""FIS1"", ""MLST8""]"	False	1.0	6	"[""ATP5ME"", ""DNM1L"", ""ENO1"", ""FIS1"", ""G6PD"", ""MLST8""]"	False	1.0	8	"[""ADSL"", ""ATP5ME"", ""DNM1L"", ""ENO1"", ""FIS1"", ""G6PD"", ""GPI"", ""MLST8""]"	0	False		1.0
GO:BP	GO:0032261	purine nucleotide salvage	False		0	[]	False		0	[]	False	1.0	1	"[""ADSL""]"	0	False		1.0
GO:BP	GO:0015865	purine nucleotide transport	False		0	[]	False	1.0	1	"[""SLC35B2""]"	False	1.0	1	"[""SLC35B2""]"	0	False		1.0
GO:BP	GO:0009181	purine ribonucleoside diphosphate catabolic process	False	1.0	2	"[""ENO1"", ""MLST8""]"	False	1.0	2	"[""ENO1"", ""MLST8""]"	False	1.0	3	"[""ENO1"", ""GPI"", ""MLST8""]"	0	False		1.0
GO:BP	GO:0009179	purine ribonucleoside diphosphate metabolic process	False	1.0	2	"[""ENO1"", ""MLST8""]"	False	1.0	2	"[""ENO1"", ""MLST8""]"	False	1.0	3	"[""ENO1"", ""GPI"", ""MLST8""]"	0	False		1.0
GO:BP	GO:0009168	purine ribonucleoside monophosphate biosynthetic process	False		0	[]	False		0	[]	False	1.0	1	"[""ADSL""]"	0	False		1.0
GO:BP	GO:0009167	purine ribonucleoside monophosphate metabolic process	False		0	[]	False		0	[]	False	1.0	1	"[""ADSL""]"	0	False		1.0
GO:BP	GO:0009206	purine ribonucleoside triphosphate biosynthetic process	False	1.0	2	"[""ATP5ME"", ""ENO1""]"	False	1.0	2	"[""ATP5ME"", ""ENO1""]"	False	1.0	2	"[""ATP5ME"", ""ENO1""]"	0	False		1.0
GO:BP	GO:0009152	purine ribonucleotide biosynthetic process	False	1.0	2	"[""ATP5ME"", ""ENO1""]"	False	1.0	2	"[""ATP5ME"", ""ENO1""]"	False	1.0	3	"[""ADSL"", ""ATP5ME"", ""ENO1""]"	0	False		1.0
GO:BP	GO:0009154	purine ribonucleotide catabolic process	False	1.0	2	"[""ENO1"", ""MLST8""]"	False	1.0	2	"[""ENO1"", ""MLST8""]"	False	1.0	3	"[""ENO1"", ""GPI"", ""MLST8""]"	0	False		1.0
GO:BP	GO:0009150	purine ribonucleotide metabolic process	False	1.0	5	"[""ATP5ME"", ""DNM1L"", ""ENO1"", ""FIS1"", ""MLST8""]"	False	1.0	5	"[""ATP5ME"", ""DNM1L"", ""ENO1"", ""FIS1"", ""MLST8""]"	False	1.0	7	"[""ADSL"", ""ATP5ME"", ""DNM1L"", ""ENO1"", ""FIS1"", ""GPI"", ""MLST8""]"	0	False		1.0
GO:BP	GO:0106380	purine ribonucleotide salvage	False		0	[]	False		0	[]	False	1.0	1	"[""ADSL""]"	0	False		1.0
GO:BP	GO:0015868	purine ribonucleotide transport	False		0	[]	False	1.0	1	"[""SLC35B2""]"	False	1.0	1	"[""SLC35B2""]"	0	False		1.0
GO:BP	GO:0072522	purine-containing compound biosynthetic process	False	1.0	2	"[""ATP5ME"", ""ENO1""]"	False	1.0	2	"[""ATP5ME"", ""ENO1""]"	False	1.0	3	"[""ADSL"", ""ATP5ME"", ""ENO1""]"	0	False		1.0
GO:BP	GO:0072523	purine-containing compound catabolic process	False	1.0	2	"[""ENO1"", ""MLST8""]"	False	1.0	2	"[""ENO1"", ""MLST8""]"	False	1.0	3	"[""ENO1"", ""GPI"", ""MLST8""]"	0	False		1.0
GO:BP	GO:0072521	purine-containing compound metabolic process	False	1.0	5	"[""ATP5ME"", ""DNM1L"", ""ENO1"", ""FIS1"", ""MLST8""]"	False	1.0	6	"[""ATP5ME"", ""DNM1L"", ""ENO1"", ""FIS1"", ""G6PD"", ""MLST8""]"	False	1.0	8	"[""ADSL"", ""ATP5ME"", ""DNM1L"", ""ENO1"", ""FIS1"", ""G6PD"", ""GPI"", ""MLST8""]"	0	False		1.0
GO:BP	GO:0043101	purine-containing compound salvage	False		0	[]	False		0	[]	False	1.0	1	"[""ADSL""]"	0	False		1.0
GO:BP	GO:0072530	purine-containing compound transmembrane transport	False		0	[]	False	1.0	2	"[""SLC25A26"", ""SLC35B2""]"	False	1.0	2	"[""SLC25A26"", ""SLC35B2""]"	0	False		1.0
GO:BP	GO:0019364	pyridine nucleotide catabolic process	False	1.0	2	"[""ENO1"", ""MLST8""]"	False	1.0	2	"[""ENO1"", ""MLST8""]"	False	1.0	3	"[""ENO1"", ""GPI"", ""MLST8""]"	0	False		1.0
GO:BP	GO:0072526	pyridine-containing compound catabolic process	False	1.0	2	"[""ENO1"", ""MLST8""]"	False	1.0	2	"[""ENO1"", ""MLST8""]"	False	1.0	3	"[""ENO1"", ""GPI"", ""MLST8""]"	0	False		1.0
GO:BP	GO:0072524	pyridine-containing compound metabolic process	False	1.0	2	"[""ENO1"", ""MLST8""]"	False	1.0	3	"[""ENO1"", ""G6PD"", ""MLST8""]"	False	1.0	4	"[""ENO1"", ""G6PD"", ""GPI"", ""MLST8""]"	0	False		1.0
GO:BP	GO:0019856	pyrimidine nucleobase biosynthetic process	False		0	[]	False		0	[]	False	1.0	1	"[""CTPS1""]"	0	False		1.0
GO:BP	GO:0006206	pyrimidine nucleobase metabolic process	False		0	[]	False		0	[]	False	1.0	1	"[""CTPS1""]"	0	False		1.0
GO:BP	GO:0009148	pyrimidine nucleoside triphosphate biosynthetic process	False		0	[]	False		0	[]	False	1.0	1	"[""CTPS1""]"	0	False		1.0
GO:BP	GO:0009147	pyrimidine nucleoside triphosphate metabolic process	False		0	[]	False		0	[]	False	1.0	1	"[""CTPS1""]"	0	False		1.0
GO:BP	GO:0006221	pyrimidine nucleotide biosynthetic process	False		0	[]	False		0	[]	False	1.0	1	"[""CTPS1""]"	0	False		1.0
GO:BP	GO:0006220	pyrimidine nucleotide metabolic process	False		0	[]	False		0	[]	False	1.0	1	"[""CTPS1""]"	0	False		1.0
GO:BP	GO:0009209	pyrimidine ribonucleoside triphosphate biosynthetic process	False		0	[]	False		0	[]	False	1.0	1	"[""CTPS1""]"	0	False		1.0
GO:BP	GO:0009208	pyrimidine ribonucleoside triphosphate metabolic process	False		0	[]	False		0	[]	False	1.0	1	"[""CTPS1""]"	0	False		1.0
GO:BP	GO:0009220	pyrimidine ribonucleotide biosynthetic process	False		0	[]	False		0	[]	False	1.0	1	"[""CTPS1""]"	0	False		1.0
GO:BP	GO:0009218	pyrimidine ribonucleotide metabolic process	False		0	[]	False		0	[]	False	1.0	1	"[""CTPS1""]"	0	False		1.0
GO:BP	GO:0072528	pyrimidine-containing compound biosynthetic process	False		0	[]	False		0	[]	False	1.0	1	"[""CTPS1""]"	0	False		1.0
GO:BP	GO:0072527	pyrimidine-containing compound metabolic process	False		0	[]	False		0	[]	False	1.0	1	"[""CTPS1""]"	0	False		1.0
GO:BP	GO:0006090	pyruvate metabolic process	False	1.0	2	"[""ENO1"", ""MLST8""]"	False	1.0	2	"[""ENO1"", ""MLST8""]"	False	1.0	3	"[""ENO1"", ""GPI"", ""MLST8""]"	0	False		1.0
GO:BP	GO:1901663	quinone biosynthetic process	False	1.0	1	"[""UBIAD1""]"	False	1.0	1	"[""UBIAD1""]"	False	1.0	1	"[""UBIAD1""]"	0	False		1.0
GO:BP	GO:1901661	quinone metabolic process	False	1.0	1	"[""UBIAD1""]"	False	1.0	1	"[""UBIAD1""]"	False	1.0	1	"[""UBIAD1""]"	0	False		1.0
GO:BP	GO:0060019	radial glial cell differentiation	False		0	[]	False		0	[]	False	1.0	1	"[""RHOA""]"	0	False		1.0
GO:BP	GO:2001057	reactive nitrogen species metabolic process	False		0	[]	False	1.0	1	"[""HSP90AB1""]"	False	1.0	1	"[""HSP90AB1""]"	0	False		1.0
GO:BP	GO:1903409	reactive oxygen species biosynthetic process	False		0	[]	False		0	[]	False	1.0	1	"[""RHOA""]"	0	False		1.0
GO:BP	GO:0072593	reactive oxygen species metabolic process	False		0	[]	False	1.0	1	"[""G6PD""]"	False	1.0	2	"[""G6PD"", ""RHOA""]"	0	False		1.0
GO:BP	GO:0032801	receptor catabolic process	False		0	[]	False	1.0	1	"[""FURIN""]"	False	1.0	1	"[""FURIN""]"	0	False		1.0
GO:BP	GO:0043113	receptor clustering	False	1.0	1	"[""CRKL""]"	False	1.0	1	"[""CRKL""]"	False	1.0	2	"[""CRK"", ""CRKL""]"	0	False		1.0
GO:BP	GO:0043112	receptor metabolic process	False		0	[]	False	1.0	1	"[""FURIN""]"	False	1.0	1	"[""FURIN""]"	0	False		1.0
GO:BP	GO:0006898	receptor-mediated endocytosis	False		0	[]	False		0	[]	False	1.0	1	"[""RAB15""]"	0	False		1.0
GO:BP	GO:0140527	reciprocal homologous recombination	False		0	[]	False		0	[]	False	1.0	1	"[""RMI1""]"	0	False		1.0
GO:BP	GO:0007131	reciprocal meiotic recombination	False		0	[]	False		0	[]	False	1.0	1	"[""RMI1""]"	0	False		1.0
GO:BP	GO:0000725	recombinational repair	False	1.0	1	"[""WDR48""]"	False	1.0	2	"[""ING3"", ""WDR48""]"	False	1.0	4	"[""ING3"", ""RMI1"", ""SETD2"", ""WDR48""]"	0	False		1.0
GO:BP	GO:0002023	reduction of food intake in response to dietary excess	False		0	[]	False		0	[]	False	1.0	1	"[""RMI1""]"	0	False		1.0
GO:BP	GO:0038026	reelin-mediated signaling pathway	False	1.0	1	"[""CRKL""]"	False	1.0	1	"[""CRKL""]"	False	1.0	2	"[""CRK"", ""CRKL""]"	0	False		1.0
GO:BP	GO:0003002	regionalization	False	1.0	1	"[""CRKL""]"	False	1.0	2	"[""CRKL"", ""TRA2B""]"	False	1.0	2	"[""CRKL"", ""TRA2B""]"	0	False		1.0
GO:BP	GO:0045055	regulated exocytosis	False	1.0	1	"[""SNAP23""]"	False	1.0	1	"[""SNAP23""]"	False	1.0	3	"[""RAB15"", ""SNAP23"", ""SV2A""]"	0	False		1.0
GO:BP	GO:2001169	regulation of ATP biosynthetic process	False	1.0	1	"[""ENO1""]"	False	1.0	1	"[""ENO1""]"	False	1.0	1	"[""ENO1""]"	0	False		1.0
GO:BP	GO:0034315	regulation of Arp2/3 complex-mediated actin nucleation	False		0	[]	False	1.0	1	"[""WASHC2C""]"	False	1.0	1	"[""WASHC2C""]"	0	False		1.0
GO:BP	GO:2000514	regulation of CD4-positive, alpha-beta T cell activation	False	1.0	1	"[""BRD2""]"	False	1.0	1	"[""BRD2""]"	False	1.0	1	"[""BRD2""]"	0	False		1.0
GO:BP	GO:0043370	regulation of CD4-positive, alpha-beta T cell differentiation	False	1.0	1	"[""BRD2""]"	False	1.0	1	"[""BRD2""]"	False	1.0	1	"[""BRD2""]"	0	False		1.0
GO:BP	GO:2000278	regulation of DNA biosynthetic process	False	1.0	1	"[""HNRNPA1""]"	False	1.0	1	"[""HNRNPA1""]"	False	1.0	1	"[""HNRNPA1""]"	0	False		1.0
GO:BP	GO:0051052	regulation of DNA metabolic process	False	1.0	2	"[""HNRNPA1"", ""WDR48""]"	False	1.0	3	"[""HNRNPA1"", ""ING3"", ""WDR48""]"	False	1.0	4	"[""HNRNPA1"", ""ING3"", ""SETD2"", ""WDR48""]"	0	False		1.0
GO:BP	GO:0000018	regulation of DNA recombination	False	1.0	1	"[""WDR48""]"	False	1.0	2	"[""ING3"", ""WDR48""]"	False	1.0	3	"[""ING3"", ""SETD2"", ""WDR48""]"	0	False		1.0
GO:BP	GO:0006282	regulation of DNA repair	False	1.0	1	"[""WDR48""]"	False	1.0	2	"[""ING3"", ""WDR48""]"	False	1.0	3	"[""ING3"", ""SETD2"", ""WDR48""]"	0	False		1.0
GO:BP	GO:0006355	regulation of DNA-templated transcription	False	1.0	4	"[""BRD2"", ""EAF1"", ""ENO1"", ""ZNF217""]"	False	1.0	6	"[""BRD2"", ""EAF1"", ""ENO1"", ""ING3"", ""TGIF1"", ""ZNF217""]"	False	1.0	19	"[""BRD2"", ""CCAR1"", ""CNOT1"", ""CRK"", ""EAF1"", ""ENO1"", ""FOXO3B"", ""ING3"", ""MED24"", ""NACC1"", ""NFKBIA"", ""RBM10"", ""RCOR1"", ""RHOA"", ""SETD2"", ""SP3"", ""TGIF1"", ""ZNF217"", ""ZNF687""]"	0	False		1.0
GO:BP	GO:0032784	regulation of DNA-templated transcription elongation	False	1.0	1	"[""EAF1""]"	False	1.0	1	"[""EAF1""]"	False	1.0	2	"[""EAF1"", ""MED24""]"	0	False		1.0
GO:BP	GO:2000142	regulation of DNA-templated transcription initiation	False		0	[]	False		0	[]	False	1.0	2	"[""MED24"", ""NFKBIA""]"	0	False		1.0
GO:BP	GO:0070372	regulation of ERK1 and ERK2 cascade	False	1.0	1	"[""CRKL""]"	False	1.0	1	"[""CRKL""]"	False	1.0	2	"[""CRKL"", ""FERMT2""]"	0	False		1.0
GO:BP	GO:0008277	regulation of G protein-coupled receptor signaling pathway	False		0	[]	False		0	[]	False	1.0	1	"[""MGRN1""]"	0	False		1.0
GO:BP	GO:0043087	regulation of GTPase activity	False		0	[]	False	1.0	1	"[""PTK2""]"	False	1.0	2	"[""CRK"", ""PTK2""]"	0	False		1.0
GO:BP	GO:0046328	regulation of JNK cascade	False		0	[]	False		0	[]	False	1.0	2	"[""CRK"", ""TRAF2""]"	0	False		1.0
GO:BP	GO:0043506	regulation of JUN kinase activity	False		0	[]	False		0	[]	False	1.0	1	"[""TRAF2""]"	0	False		1.0
GO:BP	GO:0043405	regulation of MAP kinase activity	False		0	[]	False		0	[]	False	1.0	1	"[""TRAF2""]"	0	False		1.0
GO:BP	GO:0043408	regulation of MAPK cascade	False	1.0	1	"[""CRKL""]"	False	1.0	1	"[""CRKL""]"	False	1.0	4	"[""CRK"", ""CRKL"", ""FERMT2"", ""TRAF2""]"	0	False		1.0
GO:BP	GO:1902031	regulation of NADP metabolic process	False	1.0	1	"[""MLST8""]"	False	1.0	1	"[""MLST8""]"	False	1.0	1	"[""MLST8""]"	0	False		1.0
GO:BP	GO:0008593	regulation of Notch signaling pathway	False		0	[]	False		0	[]	False	1.0	1	"[""NFKBIA""]"	0	False		1.0
GO:BP	GO:2001141	regulation of RNA biosynthetic process	False	1.0	4	"[""BRD2"", ""EAF1"", ""ENO1"", ""ZNF217""]"	False	1.0	6	"[""BRD2"", ""EAF1"", ""ENO1"", ""ING3"", ""TGIF1"", ""ZNF217""]"	False	1.0	19	"[""BRD2"", ""CCAR1"", ""CNOT1"", ""CRK"", ""EAF1"", ""ENO1"", ""FOXO3B"", ""ING3"", ""MED24"", ""NACC1"", ""NFKBIA"", ""RBM10"", ""RCOR1"", ""RHOA"", ""SETD2"", ""SP3"", ""TGIF1"", ""ZNF217"", ""ZNF687""]"	0	False		1.0
GO:BP	GO:0046831	regulation of RNA export from nucleus	False		0	[]	False		0	[]	False	1.0	2	"[""IWS1"", ""SETD2""]"	0	False		1.0
GO:BP	GO:0051252	regulation of RNA metabolic process	False	1.0	6	"[""BRD2"", ""EAF1"", ""ENO1"", ""HNRNPA1"", ""SYNCRIP"", ""ZNF217""]"	False	1.0	10	"[""BRD2"", ""EAF1"", ""ENO1"", ""HNRNPA1"", ""ING3"", ""SERBP1"", ""SYNCRIP"", ""TGIF1"", ""TRA2B"", ""ZNF217""]"	False	1.0	25	"[""BRD2"", ""CCAR1"", ""CNOT1"", ""CRK"", ""EAF1"", ""ENO1"", ""FOXO3B"", ""HNRNPA1"", ""ING3"", ""IWS1"", ""MED24"", ""NACC1"", ""NFKBIA"", ""RBM10"", ""RCOR1"", ""RHOA"", ""SERBP1"", ""SETD2"", ""SP3"", ""SYNCRIP"", ""TGIF1"", ""TRA2B"", ""TRAF2"", ""ZNF217"", ""ZNF687""]"	0	False		1.0
GO:BP	GO:0043484	regulation of RNA splicing	False	1.0	1	"[""HNRNPA1""]"	False	1.0	2	"[""HNRNPA1"", ""TRA2B""]"	False	1.0	4	"[""HNRNPA1"", ""RBM10"", ""RBM12"", ""TRA2B""]"	0	False		1.0
GO:BP	GO:0043487	regulation of RNA stability	False	1.0	1	"[""SYNCRIP""]"	False	1.0	2	"[""SERBP1"", ""SYNCRIP""]"	False	1.0	5	"[""CNOT1"", ""RBM10"", ""SERBP1"", ""SYNCRIP"", ""TRAF2""]"	0	False		1.0
GO:BP	GO:0035023	regulation of Rho protein signal transduction	False		0	[]	False		0	[]	False	1.0	1	"[""FERMT2""]"	0	False		1.0
GO:BP	GO:0060390	regulation of SMAD protein signal transduction	False	1.0	1	"[""CRKL""]"	False	1.0	1	"[""CRKL""]"	False	1.0	1	"[""CRKL""]"	0	False		1.0
GO:BP	GO:0050863	regulation of T cell activation	False	1.0	1	"[""BRD2""]"	False	1.0	1	"[""BRD2""]"	False	1.0	2	"[""BRD2"", ""RHOA""]"	0	False		1.0
GO:BP	GO:0070232	regulation of T cell apoptotic process	False		0	[]	False		0	[]	False	1.0	1	"[""ST3GAL1""]"	0	False		1.0
GO:BP	GO:0002724	regulation of T cell cytokine production	False		0	[]	False		0	[]	False	1.0	1	"[""TRAF2""]"	0	False		1.0
GO:BP	GO:0045580	regulation of T cell differentiation	False	1.0	1	"[""BRD2""]"	False	1.0	1	"[""BRD2""]"	False	1.0	2	"[""BRD2"", ""RHOA""]"	0	False		1.0
GO:BP	GO:0002709	regulation of T cell mediated immunity	False		0	[]	False		0	[]	False	1.0	1	"[""TRAF2""]"	0	False		1.0
GO:BP	GO:2000404	regulation of T cell migration	False	1.0	1	"[""CRKL""]"	False	1.0	1	"[""CRKL""]"	False	1.0	3	"[""CRK"", ""CRKL"", ""RHOA""]"	0	False		1.0
GO:BP	GO:2000319	regulation of T-helper 17 cell differentiation	False	1.0	1	"[""BRD2""]"	False	1.0	1	"[""BRD2""]"	False	1.0	1	"[""BRD2""]"	0	False		1.0
GO:BP	GO:2000328	regulation of T-helper 17 cell lineage commitment	False	1.0	1	"[""BRD2""]"	False	1.0	1	"[""BRD2""]"	False	1.0	1	"[""BRD2""]"	0	False		1.0
GO:BP	GO:2000316	regulation of T-helper 17 type immune response	False	1.0	1	"[""BRD2""]"	False	1.0	1	"[""BRD2""]"	False	1.0	1	"[""BRD2""]"	0	False		1.0
GO:BP	GO:0045622	regulation of T-helper cell differentiation	False	1.0	1	"[""BRD2""]"	False	1.0	1	"[""BRD2""]"	False	1.0	1	"[""BRD2""]"	0	False		1.0
GO:BP	GO:0032006	regulation of TOR signaling	False	1.0	1	"[""MLST8""]"	False	1.0	1	"[""MLST8""]"	False	1.0	1	"[""MLST8""]"	0	False		1.0
GO:BP	GO:0032956	regulation of actin cytoskeleton organization	False	1.0	1	"[""MLST8""]"	False	1.0	2	"[""MLST8"", ""WASHC2C""]"	False	1.0	6	"[""CRK"", ""FERMT2"", ""MLST8"", ""RHOA"", ""WASHC2C"", ""WDR1""]"	0	False		1.0
GO:BP	GO:0032231	regulation of actin filament bundle assembly	False		0	[]	False		0	[]	False	1.0	2	"[""FERMT2"", ""RHOA""]"	0	False		1.0
GO:BP	GO:0030834	regulation of actin filament depolymerization	False		0	[]	False	1.0	1	"[""WASHC2C""]"	False	1.0	2	"[""WASHC2C"", ""WDR1""]"	0	False		1.0
GO:BP	GO:0030832	regulation of actin filament length	False	1.0	1	"[""MLST8""]"	False	1.0	2	"[""MLST8"", ""WASHC2C""]"	False	1.0	3	"[""MLST8"", ""WASHC2C"", ""WDR1""]"	0	False		1.0
GO:BP	GO:0110053	regulation of actin filament organization	False	1.0	1	"[""MLST8""]"	False	1.0	2	"[""MLST8"", ""WASHC2C""]"	False	1.0	5	"[""FERMT2"", ""MLST8"", ""RHOA"", ""WASHC2C"", ""WDR1""]"	0	False		1.0
GO:BP	GO:0030833	regulation of actin filament polymerization	False	1.0	1	"[""MLST8""]"	False	1.0	2	"[""MLST8"", ""WASHC2C""]"	False	1.0	2	"[""MLST8"", ""WASHC2C""]"	0	False		1.0
GO:BP	GO:0032970	regulation of actin filament-based process	False	1.0	1	"[""MLST8""]"	False	1.0	2	"[""MLST8"", ""WASHC2C""]"	False	1.0	6	"[""CRK"", ""FERMT2"", ""MLST8"", ""RHOA"", ""WASHC2C"", ""WDR1""]"	0	False		1.0
GO:BP	GO:0051125	regulation of actin nucleation	False		0	[]	False	1.0	1	"[""WASHC2C""]"	False	1.0	1	"[""WASHC2C""]"	0	False		1.0
GO:BP	GO:0008064	regulation of actin polymerization or depolymerization	False	1.0	1	"[""MLST8""]"	False	1.0	2	"[""MLST8"", ""WASHC2C""]"	False	1.0	3	"[""MLST8"", ""WASHC2C"", ""WDR1""]"	0	False		1.0
GO:BP	GO:1905402	regulation of activated CD8-positive, alpha-beta T cell apoptotic process	False		0	[]	False		0	[]	False	1.0	1	"[""ST3GAL1""]"	0	False		1.0
GO:BP	GO:0110020	regulation of actomyosin structure organization	False		0	[]	False		0	[]	False	1.0	2	"[""FERMT2"", ""RHOA""]"	0	False		1.0
GO:BP	GO:0002819	regulation of adaptive immune response	False	1.0	1	"[""BRD2""]"	False	1.0	1	"[""BRD2""]"	False	1.0	2	"[""BRD2"", ""TRAF2""]"	0	False		1.0
GO:BP	GO:0002822	regulation of adaptive immune response based on somatic recombination of immune receptors built from immunoglobulin superfamily domains	False	1.0	1	"[""BRD2""]"	False	1.0	1	"[""BRD2""]"	False	1.0	2	"[""BRD2"", ""TRAF2""]"	0	False		1.0
GO:BP	GO:0106070	regulation of adenylate cyclase-activating G protein-coupled receptor signaling pathway	False		0	[]	False		0	[]	False	1.0	1	"[""MGRN1""]"	0	False		1.0
GO:BP	GO:1903715	regulation of aerobic respiration	False		0	[]	False		0	[]	False	1.0	1	"[""RHOA""]"	0	False		1.0
GO:BP	GO:0046634	regulation of alpha-beta T cell activation	False	1.0	1	"[""BRD2""]"	False	1.0	1	"[""BRD2""]"	False	1.0	2	"[""BRD2"", ""RHOA""]"	0	False		1.0
GO:BP	GO:0046637	regulation of alpha-beta T cell differentiation	False	1.0	1	"[""BRD2""]"	False	1.0	1	"[""BRD2""]"	False	1.0	2	"[""BRD2"", ""RHOA""]"	0	False		1.0
GO:BP	GO:0000381	regulation of alternative mRNA splicing, via spliceosome	False	1.0	1	"[""HNRNPA1""]"	False	1.0	2	"[""HNRNPA1"", ""TRA2B""]"	False	1.0	2	"[""HNRNPA1"", ""TRA2B""]"	0	False		1.0
GO:BP	GO:0022603	regulation of anatomical structure morphogenesis	False	1.0	1	"[""DNM1L""]"	False	1.0	2	"[""DNM1L"", ""PTK2""]"	False	1.0	5	"[""CRK"", ""DNM1L"", ""FERMT2"", ""PTK2"", ""WDR1""]"	0	False		1.0
GO:BP	GO:0090066	regulation of anatomical structure size	False	1.0	1	"[""MLST8""]"	False	1.0	3	"[""DOCK5"", ""MLST8"", ""WASHC2C""]"	False	1.0	6	"[""CCDC51"", ""DOCK5"", ""MLST8"", ""RHOA"", ""WASHC2C"", ""WDR1""]"	0	False		1.0
GO:BP	GO:2000209	regulation of anoikis	False		0	[]	False	1.0	1	"[""PTK2""]"	False	1.0	1	"[""PTK2""]"	0	False		1.0
GO:BP	GO:0042981	regulation of apoptotic process	False	1.0	5	"[""C3orf38"", ""ENO1"", ""FIS1"", ""KRAS"", ""MLST8""]"	False	1.0	10	"[""C3orf38"", ""ENO1"", ""FIS1"", ""G6PD"", ""HSP90AB1"", ""ING3"", ""KRAS"", ""LCMT1"", ""MLST8"", ""PTK2""]"	False	1.0	19	"[""AIFM1"", ""C3orf38"", ""CCAR1"", ""ENO1"", ""FIS1"", ""G6PD"", ""GPI"", ""HSP90AB1"", ""ING3"", ""ITGAV"", ""KRAS"", ""LCMT1"", ""MLST8"", ""PRKRA"", ""PTK2"", ""RBM10"", ""RHOA"", ""ST3GAL1"", ""TRAF2""]"	0	False		1.0
GO:BP	GO:2001233	regulation of apoptotic signaling pathway	False	1.0	2	"[""ENO1"", ""FIS1""]"	False	1.0	2	"[""ENO1"", ""FIS1""]"	False	1.0	5	"[""ENO1"", ""FIS1"", ""ITGAV"", ""PRKRA"", ""TRAF2""]"	0	False		1.0
GO:BP	GO:0010506	regulation of autophagy	False	1.0	2	"[""DNM1L"", ""MLST8""]"	False	1.0	2	"[""DNM1L"", ""MLST8""]"	False	1.0	3	"[""DNM1L"", ""MLST8"", ""SETD2""]"	0	False		1.0
GO:BP	GO:1903146	regulation of autophagy of mitochondrion	False	1.0	1	"[""DNM1L""]"	False	1.0	1	"[""DNM1L""]"	False	1.0	1	"[""DNM1L""]"	0	False		1.0
GO:BP	GO:2000812	regulation of barbed-end actin filament capping	False		0	[]	False	1.0	1	"[""WASHC2C""]"	False	1.0	1	"[""WASHC2C""]"	0	False		1.0
GO:BP	GO:0050789	regulation of biological process	False	1.0	15	"[""BRD2"", ""C3orf38"", ""CRKL"", ""DNM1L"", ""EAF1"", ""ENO1"", ""FIS1"", ""HNRNPA1"", ""KRAS"", ""MLST8"", ""SNAP23"", ""SYNCRIP"", ""UBA5"", ""WDR48"", ""ZNF217""]"	False	1.0	30	"[""BRD2"", ""C3orf38"", ""CRKL"", ""DNM1L"", ""DOCK5"", ""EAF1"", ""ENO1"", ""FIS1"", ""FURIN"", ""G6PD"", ""HNRNPA1"", ""HSP90AB1"", ""ING3"", ""ITGB5"", ""KRAS"", ""LCMT1"", ""LTB4R"", ""MLST8"", ""PTK2"", ""SERBP1"", ""SLC35B2"", ""SNAP23"", ""SYNCRIP"", ""TGIF1"", ""TRA2B"", ""UBA5"", ""VCL"", ""WASHC2C"", ""WDR48"", ""ZNF217""]"	False	1.0	62	"[""AIFM1"", ""B3GAT3"", ""BRAT1"", ""BRD2"", ""C3orf38"", ""CCAR1"", ""CNOT1"", ""CRK"", ""CRKL"", ""DERL2"", ""DNM1L"", ""DOCK5"", ""EAF1"", ""ENO1"", ""FERMT2"", ""FIS1"", ""FOXO3B"", ""FURIN"", ""G6PD"", ""GCN1"", ""GPI"", ""HNRNPA1"", ""HSP90AB1"", ""ING3"", ""ITGAV"", ""ITGB5"", ""IWS1"", ""KRAS"", ""LCMT1"", ""LTB4R"", ""MED24"", ""MGRN1"", ""MLST8"", ""NACC1"", ""NFKBIA"", ""PRKRA"", ""PTK2"", ""RAB15"", ""RBM10"", ""RBM12"", ""RCOR1"", ""RHOA"", ""SERBP1"", ""SETD2"", ""SLC35B2"", ""SNAP23"", ""SP3"", ""ST3GAL1"", ""SV2A"", ""SYNCRIP"", ""TGIF1"", ""TNS3"", ""TRA2B"", ""TRAF2"", ""UBA5"", ""VCL"", ""WASHC2C"", ""WDR1"", ""WDR48"", ""WDR83"", ""ZNF217"", ""ZNF687""]"	0	False		1.0
GO:BP	GO:0043903	regulation of biological process involved in symbiotic interaction	False		0	[]	False	1.0	1	"[""FURIN""]"	False	1.0	2	"[""FURIN"", ""ITGAV""]"	0	False		1.0
GO:BP	GO:0065008	regulation of biological quality	False	1.0	4	"[""KRAS"", ""MLST8"", ""SNAP23"", ""SYNCRIP""]"	False	1.0	12	"[""DOCK5"", ""FURIN"", ""HSP90AB1"", ""KRAS"", ""MLST8"", ""PTK2"", ""SERBP1"", ""SNAP23"", ""SYNCRIP"", ""TARS2"", ""VCL"", ""WASHC2C""]"	False	1.0	23	"[""CCDC51"", ""CNOT1"", ""CRK"", ""DOCK5"", ""FERMT2"", ""FURIN"", ""GPI"", ""HSP90AB1"", ""ITGAV"", ""KRAS"", ""MLST8"", ""PRKRA"", ""PTK2"", ""RBM10"", ""RHOA"", ""SERBP1"", ""SNAP23"", ""SYNCRIP"", ""TARS2"", ""TRAF2"", ""VCL"", ""WASHC2C"", ""WDR1""]"	0	False		1.0
GO:BP	GO:0009889	regulation of biosynthetic process	False	1.0	11	"[""BRD2"", ""CRKL"", ""DNM1L"", ""EAF1"", ""ENO1"", ""HNRNPA1"", ""KRAS"", ""MLST8"", ""SYNCRIP"", ""UBA5"", ""ZNF217""]"	False	1.0	17	"[""BRD2"", ""CRKL"", ""DNM1L"", ""EAF1"", ""ENO1"", ""FURIN"", ""HNRNPA1"", ""HSP90AB1"", ""ING3"", ""KRAS"", ""MLST8"", ""SERBP1"", ""SYNCRIP"", ""TGIF1"", ""TRA2B"", ""UBA5"", ""ZNF217""]"	False	1.0	35	"[""BRD2"", ""CCAR1"", ""CNOT1"", ""CRK"", ""CRKL"", ""DNM1L"", ""EAF1"", ""ENO1"", ""FOXO3B"", ""FURIN"", ""GCN1"", ""GPI"", ""HNRNPA1"", ""HSP90AB1"", ""ING3"", ""KRAS"", ""MED24"", ""MLST8"", ""NACC1"", ""NFKBIA"", ""PRKRA"", ""RBM10"", ""RBM12"", ""RCOR1"", ""RHOA"", ""SERBP1"", ""SETD2"", ""SP3"", ""SYNCRIP"", ""TGIF1"", ""TRA2B"", ""TRAF2"", ""UBA5"", ""ZNF217"", ""ZNF687""]"	0	False		1.0
GO:BP	GO:1903522	regulation of blood circulation	False		0	[]	False	1.0	1	"[""DOCK5""]"	False	1.0	2	"[""DOCK5"", ""RHOA""]"	0	False		1.0
GO:BP	GO:0008217	regulation of blood pressure	False		0	[]	False		0	[]	False	1.0	1	"[""RHOA""]"	0	False		1.0
GO:BP	GO:0043535	regulation of blood vessel endothelial cell migration	False		0	[]	False		0	[]	False	1.0	1	"[""RHOA""]"	0	False		1.0
GO:BP	GO:0050878	regulation of body fluid levels	False		0	[]	False	1.0	1	"[""VCL""]"	False	1.0	2	"[""GPI"", ""VCL""]"	0	False		1.0
GO:BP	GO:1903169	regulation of calcium ion transmembrane transport	False		0	[]	False	1.0	1	"[""G6PD""]"	False	1.0	1	"[""G6PD""]"	0	False		1.0
GO:BP	GO:1902514	regulation of calcium ion transmembrane transport via high voltage-gated calcium channel	False		0	[]	False	1.0	1	"[""G6PD""]"	False	1.0	1	"[""G6PD""]"	0	False		1.0
GO:BP	GO:0051924	regulation of calcium ion transport	False		0	[]	False	1.0	1	"[""G6PD""]"	False	1.0	1	"[""G6PD""]"	0	False		1.0
GO:BP	GO:0043122	regulation of canonical NF-kappaB signal transduction	False		0	[]	False	1.0	1	"[""SLC35B2""]"	False	1.0	5	"[""NFKBIA"", ""RHOA"", ""SLC35B2"", ""TRAF2"", ""WDR83""]"	0	False		1.0
GO:BP	GO:0043470	regulation of carbohydrate catabolic process	False	1.0	1	"[""MLST8""]"	False	1.0	1	"[""MLST8""]"	False	1.0	1	"[""MLST8""]"	0	False		1.0
GO:BP	GO:0006109	regulation of carbohydrate metabolic process	False	1.0	1	"[""MLST8""]"	False	1.0	2	"[""LCMT1"", ""MLST8""]"	False	1.0	2	"[""LCMT1"", ""MLST8""]"	0	False		1.0
GO:BP	GO:0099623	regulation of cardiac muscle cell membrane repolarization	False		0	[]	False		0	[]	False	1.0	1	"[""WDR1""]"	0	False		1.0
GO:BP	GO:0010611	regulation of cardiac muscle hypertrophy	False		0	[]	False	1.0	1	"[""G6PD""]"	False	1.0	1	"[""G6PD""]"	0	False		1.0
GO:BP	GO:0055021	regulation of cardiac muscle tissue growth	False		0	[]	False	1.0	1	"[""G6PD""]"	False	1.0	1	"[""G6PD""]"	0	False		1.0
GO:BP	GO:0009894	regulation of catabolic process	False	1.0	3	"[""DNM1L"", ""MLST8"", ""SYNCRIP""]"	False	1.0	7	"[""DNM1L"", ""FURIN"", ""HSP90AB1"", ""MLST8"", ""PTK2"", ""SERBP1"", ""SYNCRIP""]"	False	1.0	11	"[""CNOT1"", ""DNM1L"", ""FURIN"", ""HSP90AB1"", ""MLST8"", ""PTK2"", ""RBM10"", ""SERBP1"", ""SETD2"", ""SYNCRIP"", ""TRAF2""]"	0	False		1.0
GO:BP	GO:0050790	regulation of catalytic activity	False		0	[]	False	1.0	2	"[""FURIN"", ""PTK2""]"	False	1.0	6	"[""B3GAT3"", ""CRK"", ""FURIN"", ""PTK2"", ""RHOA"", ""TRAF2""]"	0	False		1.0
GO:BP	GO:0050865	regulation of cell activation	False	1.0	1	"[""BRD2""]"	False	1.0	1	"[""BRD2""]"	False	1.0	2	"[""BRD2"", ""RHOA""]"	0	False		1.0
GO:BP	GO:0030155	regulation of cell adhesion	False	1.0	2	"[""BRD2"", ""CRKL""]"	False	1.0	6	"[""BRD2"", ""CRKL"", ""DOCK5"", ""PTK2"", ""VCL"", ""WASHC2C""]"	False	1.0	10	"[""BRD2"", ""CRK"", ""CRKL"", ""DOCK5"", ""FERMT2"", ""ITGAV"", ""PTK2"", ""RHOA"", ""VCL"", ""WASHC2C""]"	0	False		1.0
GO:BP	GO:0033628	regulation of cell adhesion mediated by integrin	False	1.0	1	"[""CRKL""]"	False	1.0	2	"[""CRKL"", ""PTK2""]"	False	1.0	3	"[""CRK"", ""CRKL"", ""PTK2""]"	0	False		1.0
GO:BP	GO:0010646	regulation of cell communication	False	1.0	7	"[""CRKL"", ""ENO1"", ""FIS1"", ""KRAS"", ""MLST8"", ""UBA5"", ""WDR48""]"	False	1.0	12	"[""CRKL"", ""ENO1"", ""FIS1"", ""FURIN"", ""HSP90AB1"", ""KRAS"", ""LCMT1"", ""MLST8"", ""PTK2"", ""SLC35B2"", ""UBA5"", ""WDR48""]"	False	1.0	23	"[""CNOT1"", ""CRK"", ""CRKL"", ""ENO1"", ""FERMT2"", ""FIS1"", ""FURIN"", ""HSP90AB1"", ""ITGAV"", ""KRAS"", ""LCMT1"", ""MGRN1"", ""MLST8"", ""NFKBIA"", ""PRKRA"", ""PTK2"", ""RHOA"", ""SLC35B2"", ""TNS3"", ""TRAF2"", ""UBA5"", ""WDR48"", ""WDR83""]"	0	False		1.0
GO:BP	GO:0051726	regulation of cell cycle	False		0	[]	False	1.0	3	"[""HSP90AB1"", ""ING3"", ""LCMT1""]"	False	1.0	5	"[""HSP90AB1"", ""ING3"", ""LCMT1"", ""RHOA"", ""SETD2""]"	0	False		1.0
GO:BP	GO:1901976	regulation of cell cycle checkpoint	False		0	[]	False	1.0	1	"[""LCMT1""]"	False	1.0	1	"[""LCMT1""]"	0	False		1.0
GO:BP	GO:1901987	regulation of cell cycle phase transition	False		0	[]	False	1.0	1	"[""LCMT1""]"	False	1.0	1	"[""LCMT1""]"	0	False		1.0
GO:BP	GO:0010564	regulation of cell cycle process	False		0	[]	False	1.0	1	"[""LCMT1""]"	False	1.0	3	"[""LCMT1"", ""RHOA"", ""SETD2""]"	0	False		1.0
GO:BP	GO:0060284	regulation of cell development	False	1.0	2	"[""BRD2"", ""KRAS""]"	False	1.0	3	"[""BRD2"", ""KRAS"", ""VCL""]"	False	1.0	6	"[""BRD2"", ""KRAS"", ""NFKBIA"", ""RCOR1"", ""RHOA"", ""VCL""]"	0	False		1.0
GO:BP	GO:0045595	regulation of cell differentiation	False	1.0	2	"[""BRD2"", ""KRAS""]"	False	1.0	6	"[""BRD2"", ""G6PD"", ""HSP90AB1"", ""KRAS"", ""PTK2"", ""VCL""]"	False	1.0	12	"[""BRD2"", ""FERMT2"", ""G6PD"", ""HSP90AB1"", ""ITGAV"", ""KRAS"", ""NFKBIA"", ""PTK2"", ""RCOR1"", ""RHOA"", ""VCL"", ""WDR1""]"	0	False		1.0
GO:BP	GO:0051302	regulation of cell division	False		0	[]	False		0	[]	False	1.0	2	"[""RHOA"", ""SETD2""]"	0	False		1.0
GO:BP	GO:0010453	regulation of cell fate commitment	False	1.0	1	"[""BRD2""]"	False	1.0	1	"[""BRD2""]"	False	1.0	1	"[""BRD2""]"	0	False		1.0
GO:BP	GO:0001558	regulation of cell growth	False	1.0	3	"[""CRKL"", ""ENO1"", ""MLST8""]"	False	1.0	4	"[""CRKL"", ""ENO1"", ""G6PD"", ""MLST8""]"	False	1.0	7	"[""BRAT1"", ""CRK"", ""CRKL"", ""DERL2"", ""ENO1"", ""G6PD"", ""MLST8""]"	0	False		1.0
GO:BP	GO:0061050	regulation of cell growth involved in cardiac muscle cell development	False		0	[]	False	1.0	1	"[""G6PD""]"	False	1.0	1	"[""G6PD""]"	0	False		1.0
GO:BP	GO:1901888	regulation of cell junction assembly	False		0	[]	False	1.0	2	"[""PTK2"", ""VCL""]"	False	1.0	4	"[""FERMT2"", ""PTK2"", ""RHOA"", ""VCL""]"	0	False		1.0
GO:BP	GO:0031341	regulation of cell killing	False		0	[]	False		0	[]	False	1.0	1	"[""CRK""]"	0	False		1.0
GO:BP	GO:0030334	regulation of cell migration	False	1.0	2	"[""CRKL"", ""DNM1L""]"	False	1.0	5	"[""CRKL"", ""DNM1L"", ""DOCK5"", ""PTK2"", ""VCL""]"	False	1.0	11	"[""CCAR1"", ""CRK"", ""CRKL"", ""DNM1L"", ""DOCK5"", ""FERMT2"", ""GPI"", ""ITGAV"", ""PTK2"", ""RHOA"", ""VCL""]"	0	False		1.0
GO:BP	GO:0090049	regulation of cell migration involved in sprouting angiogenesis	False		0	[]	False		0	[]	False	1.0	1	"[""RHOA""]"	0	False		1.0
GO:BP	GO:0022604	regulation of cell morphogenesis	False		0	[]	False	1.0	1	"[""PTK2""]"	False	1.0	4	"[""CRK"", ""FERMT2"", ""PTK2"", ""WDR1""]"	0	False		1.0
GO:BP	GO:2000145	regulation of cell motility	False	1.0	2	"[""CRKL"", ""DNM1L""]"	False	1.0	5	"[""CRKL"", ""DNM1L"", ""DOCK5"", ""PTK2"", ""VCL""]"	False	1.0	11	"[""CCAR1"", ""CRK"", ""CRKL"", ""DNM1L"", ""DOCK5"", ""FERMT2"", ""GPI"", ""ITGAV"", ""PTK2"", ""RHOA"", ""VCL""]"	0	False		1.0
GO:BP	GO:0042127	regulation of cell population proliferation	False	1.0	3	"[""CRKL"", ""KRAS"", ""WDR48""]"	False	1.0	4	"[""CRKL"", ""KRAS"", ""PTK2"", ""WDR48""]"	False	1.0	13	"[""CCAR1"", ""CRKL"", ""DERL2"", ""FERMT2"", ""ITGAV"", ""KRAS"", ""NACC1"", ""NFKBIA"", ""PRKRA"", ""PTK2"", ""RBM10"", ""RHOA"", ""WDR48""]"	0	False		1.0
GO:BP	GO:0031344	regulation of cell projection organization	False	1.0	1	"[""CRKL""]"	False	1.0	1	"[""CRKL""]"	False	1.0	3	"[""CRK"", ""CRKL"", ""RHOA""]"	0	False		1.0
GO:BP	GO:0008360	regulation of cell shape	False		0	[]	False	1.0	1	"[""PTK2""]"	False	1.0	4	"[""CRK"", ""FERMT2"", ""PTK2"", ""WDR1""]"	0	False		1.0
GO:BP	GO:0008361	regulation of cell size	False		0	[]	False		0	[]	False	1.0	2	"[""CCDC51"", ""RHOA""]"	0	False		1.0
GO:BP	GO:0022407	regulation of cell-cell adhesion	False	1.0	1	"[""BRD2""]"	False	1.0	2	"[""BRD2"", ""PTK2""]"	False	1.0	3	"[""BRD2"", ""PTK2"", ""RHOA""]"	0	False		1.0
GO:BP	GO:0001952	regulation of cell-matrix adhesion	False		0	[]	False	1.0	2	"[""PTK2"", ""VCL""]"	False	1.0	4	"[""FERMT2"", ""PTK2"", ""RHOA"", ""VCL""]"	0	False		1.0
GO:BP	GO:0010810	regulation of cell-substrate adhesion	False	1.0	1	"[""CRKL""]"	False	1.0	5	"[""CRKL"", ""DOCK5"", ""PTK2"", ""VCL"", ""WASHC2C""]"	False	1.0	8	"[""CRK"", ""CRKL"", ""DOCK5"", ""FERMT2"", ""PTK2"", ""RHOA"", ""VCL"", ""WASHC2C""]"	0	False		1.0
GO:BP	GO:0090109	regulation of cell-substrate junction assembly	False		0	[]	False	1.0	2	"[""PTK2"", ""VCL""]"	False	1.0	4	"[""FERMT2"", ""PTK2"", ""RHOA"", ""VCL""]"	0	False		1.0
GO:BP	GO:0150116	regulation of cell-substrate junction organization	False		0	[]	False	1.0	2	"[""PTK2"", ""VCL""]"	False	1.0	4	"[""FERMT2"", ""PTK2"", ""RHOA"", ""VCL""]"	0	False		1.0
GO:BP	GO:0044087	regulation of cellular component biogenesis	False	1.0	1	"[""MLST8""]"	False	1.0	5	"[""LCMT1"", ""MLST8"", ""PTK2"", ""VCL"", ""WASHC2C""]"	False	1.0	9	"[""CNOT1"", ""FERMT2"", ""LCMT1"", ""MLST8"", ""PTK2"", ""RHOA"", ""TRAF2"", ""VCL"", ""WASHC2C""]"	0	False		1.0
GO:BP	GO:0051128	regulation of cellular component organization	False	1.0	5	"[""CRKL"", ""DNM1L"", ""ENO1"", ""HNRNPA1"", ""MLST8""]"	False	1.0	10	"[""CRKL"", ""DNM1L"", ""ENO1"", ""G6PD"", ""HNRNPA1"", ""LCMT1"", ""MLST8"", ""PTK2"", ""VCL"", ""WASHC2C""]"	False	1.0	19	"[""BRAT1"", ""CNOT1"", ""CRK"", ""CRKL"", ""DERL2"", ""DNM1L"", ""ENO1"", ""FERMT2"", ""G6PD"", ""HNRNPA1"", ""ITGAV"", ""LCMT1"", ""MLST8"", ""PTK2"", ""RHOA"", ""TRAF2"", ""VCL"", ""WASHC2C"", ""WDR1""]"	0	False		1.0
GO:BP	GO:0032535	regulation of cellular component size	False	1.0	1	"[""MLST8""]"	False	1.0	2	"[""MLST8"", ""WASHC2C""]"	False	1.0	5	"[""CCDC51"", ""MLST8"", ""RHOA"", ""WASHC2C"", ""WDR1""]"	0	False		1.0
GO:BP	GO:0060341	regulation of cellular localization	False	1.0	1	"[""CRKL""]"	False	1.0	1	"[""CRKL""]"	False	1.0	7	"[""B3GAT3"", ""CRK"", ""CRKL"", ""DERL2"", ""IWS1"", ""NFKBIA"", ""SETD2""]"	0	False		1.0
GO:BP	GO:0050794	regulation of cellular process	False	1.0	14	"[""BRD2"", ""C3orf38"", ""CRKL"", ""DNM1L"", ""EAF1"", ""ENO1"", ""FIS1"", ""HNRNPA1"", ""KRAS"", ""MLST8"", ""SYNCRIP"", ""UBA5"", ""WDR48"", ""ZNF217""]"	False	1.0	29	"[""BRD2"", ""C3orf38"", ""CRKL"", ""DNM1L"", ""DOCK5"", ""EAF1"", ""ENO1"", ""FIS1"", ""FURIN"", ""G6PD"", ""HNRNPA1"", ""HSP90AB1"", ""ING3"", ""ITGB5"", ""KRAS"", ""LCMT1"", ""LTB4R"", ""MLST8"", ""PTK2"", ""SERBP1"", ""SLC35B2"", ""SYNCRIP"", ""TGIF1"", ""TRA2B"", ""UBA5"", ""VCL"", ""WASHC2C"", ""WDR48"", ""ZNF217""]"	False	1.0	60	"[""AIFM1"", ""B3GAT3"", ""BRAT1"", ""BRD2"", ""C3orf38"", ""CCAR1"", ""CNOT1"", ""CRK"", ""CRKL"", ""DERL2"", ""DNM1L"", ""DOCK5"", ""EAF1"", ""ENO1"", ""FERMT2"", ""FIS1"", ""FOXO3B"", ""FURIN"", ""G6PD"", ""GCN1"", ""GPI"", ""HNRNPA1"", ""HSP90AB1"", ""ING3"", ""ITGAV"", ""ITGB5"", ""IWS1"", ""KRAS"", ""LCMT1"", ""LTB4R"", ""MED24"", ""MGRN1"", ""MLST8"", ""NACC1"", ""NFKBIA"", ""PRKRA"", ""PTK2"", ""RAB15"", ""RBM10"", ""RBM12"", ""RCOR1"", ""RHOA"", ""SERBP1"", ""SETD2"", ""SLC35B2"", ""SP3"", ""ST3GAL1"", ""SYNCRIP"", ""TGIF1"", ""TNS3"", ""TRA2B"", ""TRAF2"", ""UBA5"", ""VCL"", ""WASHC2C"", ""WDR1"", ""WDR48"", ""WDR83"", ""ZNF217"", ""ZNF687""]"	0	False		1.0
GO:BP	GO:0043457	regulation of cellular respiration	False		0	[]	False		0	[]	False	1.0	1	"[""RHOA""]"	0	False		1.0
GO:BP	GO:0090287	regulation of cellular response to growth factor stimulus	False		0	[]	False	1.0	1	"[""HSP90AB1""]"	False	1.0	1	"[""HSP90AB1""]"	0	False		1.0
GO:BP	GO:1900037	regulation of cellular response to hypoxia	False	1.0	1	"[""ENO1""]"	False	1.0	1	"[""ENO1""]"	False	1.0	1	"[""ENO1""]"	0	False		1.0
GO:BP	GO:0080135	regulation of cellular response to stress	False	1.0	2	"[""ENO1"", ""WDR48""]"	False	1.0	3	"[""ENO1"", ""ING3"", ""WDR48""]"	False	1.0	4	"[""ENO1"", ""ING3"", ""SETD2"", ""WDR48""]"	0	False		1.0
GO:BP	GO:1903844	regulation of cellular response to transforming growth factor beta stimulus	False		0	[]	False	1.0	1	"[""HSP90AB1""]"	False	1.0	1	"[""HSP90AB1""]"	0	False		1.0
GO:BP	GO:0050920	regulation of chemotaxis	False	1.0	1	"[""DNM1L""]"	False	1.0	2	"[""DNM1L"", ""PTK2""]"	False	1.0	2	"[""DNM1L"", ""PTK2""]"	0	False		1.0
GO:BP	GO:0032374	regulation of cholesterol transport	False		0	[]	False	1.0	1	"[""FURIN""]"	False	1.0	2	"[""FURIN"", ""NFKBIA""]"	0	False		1.0
GO:BP	GO:0033044	regulation of chromosome organization	False	1.0	1	"[""HNRNPA1""]"	False	1.0	2	"[""HNRNPA1"", ""LCMT1""]"	False	1.0	2	"[""HNRNPA1"", ""LCMT1""]"	0	False		1.0
GO:BP	GO:0051983	regulation of chromosome segregation	False		0	[]	False	1.0	1	"[""LCMT1""]"	False	1.0	1	"[""LCMT1""]"	0	False		1.0
GO:BP	GO:1905818	regulation of chromosome separation	False		0	[]	False	1.0	1	"[""LCMT1""]"	False	1.0	1	"[""LCMT1""]"	0	False		1.0
GO:BP	GO:0001817	regulation of cytokine production	False	1.0	1	"[""UBA5""]"	False	1.0	2	"[""FURIN"", ""UBA5""]"	False	1.0	5	"[""FURIN"", ""NFKBIA"", ""SETD2"", ""TRAF2"", ""UBA5""]"	0	False		1.0
GO:BP	GO:0002718	regulation of cytokine production involved in immune response	False		0	[]	False		0	[]	False	1.0	1	"[""TRAF2""]"	0	False		1.0
GO:BP	GO:1900015	regulation of cytokine production involved in inflammatory response	False		0	[]	False		0	[]	False	1.0	1	"[""NFKBIA""]"	0	False		1.0
GO:BP	GO:0001959	regulation of cytokine-mediated signaling pathway	False		0	[]	False		0	[]	False	1.0	1	"[""TRAF2""]"	0	False		1.0
GO:BP	GO:0032465	regulation of cytokinesis	False		0	[]	False		0	[]	False	1.0	2	"[""RHOA"", ""SETD2""]"	0	False		1.0
GO:BP	GO:0010603	regulation of cytoplasmic mRNA processing body assembly	False		0	[]	False		0	[]	False	1.0	1	"[""CNOT1""]"	0	False		1.0
GO:BP	GO:2000765	regulation of cytoplasmic translation	False	1.0	1	"[""SYNCRIP""]"	False	1.0	1	"[""SYNCRIP""]"	False	1.0	1	"[""SYNCRIP""]"	0	False		1.0
GO:BP	GO:0051493	regulation of cytoskeleton organization	False	1.0	1	"[""MLST8""]"	False	1.0	3	"[""MLST8"", ""PTK2"", ""WASHC2C""]"	False	1.0	7	"[""CRK"", ""FERMT2"", ""MLST8"", ""PTK2"", ""RHOA"", ""WASHC2C"", ""WDR1""]"	0	False		1.0
GO:BP	GO:0031347	regulation of defense response	False		0	[]	False	1.0	1	"[""FURIN""]"	False	1.0	3	"[""CRK"", ""FURIN"", ""NFKBIA""]"	0	False		1.0
GO:BP	GO:0050773	regulation of dendrite development	False	1.0	1	"[""CRKL""]"	False	1.0	1	"[""CRKL""]"	False	1.0	2	"[""CRK"", ""CRKL""]"	0	False		1.0
GO:BP	GO:0048638	regulation of developmental growth	False		0	[]	False	1.0	1	"[""G6PD""]"	False	1.0	1	"[""G6PD""]"	0	False		1.0
GO:BP	GO:0050793	regulation of developmental process	False	1.0	4	"[""BRD2"", ""CRKL"", ""DNM1L"", ""KRAS""]"	False	1.0	8	"[""BRD2"", ""CRKL"", ""DNM1L"", ""G6PD"", ""HSP90AB1"", ""KRAS"", ""PTK2"", ""VCL""]"	False	1.0	16	"[""BRD2"", ""CNOT1"", ""CRK"", ""CRKL"", ""DNM1L"", ""FERMT2"", ""G6PD"", ""HSP90AB1"", ""ITGAV"", ""KRAS"", ""NFKBIA"", ""PTK2"", ""RCOR1"", ""RHOA"", ""VCL"", ""WDR1""]"	0	False		1.0
GO:BP	GO:2000779	regulation of double-strand break repair	False	1.0	1	"[""WDR48""]"	False	1.0	2	"[""ING3"", ""WDR48""]"	False	1.0	3	"[""ING3"", ""SETD2"", ""WDR48""]"	0	False		1.0
GO:BP	GO:0010569	regulation of double-strand break repair via homologous recombination	False	1.0	1	"[""WDR48""]"	False	1.0	2	"[""ING3"", ""WDR48""]"	False	1.0	3	"[""ING3"", ""SETD2"", ""WDR48""]"	0	False		1.0
GO:BP	GO:0030100	regulation of endocytosis	False		0	[]	False		0	[]	False	1.0	1	"[""ITGAV""]"	0	False		1.0
GO:BP	GO:0052548	regulation of endopeptidase activity	False		0	[]	False	1.0	1	"[""FURIN""]"	False	1.0	1	"[""FURIN""]"	0	False		1.0
GO:BP	GO:1901550	regulation of endothelial cell development	False		0	[]	False	1.0	1	"[""VCL""]"	False	1.0	1	"[""VCL""]"	0	False		1.0
GO:BP	GO:0045601	regulation of endothelial cell differentiation	False		0	[]	False	1.0	1	"[""VCL""]"	False	1.0	1	"[""VCL""]"	0	False		1.0
GO:BP	GO:0010594	regulation of endothelial cell migration	False		0	[]	False	1.0	1	"[""PTK2""]"	False	1.0	3	"[""GPI"", ""PTK2"", ""RHOA""]"	0	False		1.0
GO:BP	GO:2000535	regulation of entry of bacterium into host cell	False		0	[]	False		0	[]	False	1.0	1	"[""ITGAV""]"	0	False		1.0
GO:BP	GO:0030856	regulation of epithelial cell differentiation	False	1.0	1	"[""KRAS""]"	False	1.0	2	"[""KRAS"", ""VCL""]"	False	1.0	2	"[""KRAS"", ""VCL""]"	0	False		1.0
GO:BP	GO:0010632	regulation of epithelial cell migration	False		0	[]	False	1.0	2	"[""DOCK5"", ""PTK2""]"	False	1.0	2	"[""DOCK5"", ""PTK2""]"	0	False		1.0
GO:BP	GO:0050678	regulation of epithelial cell proliferation	False	1.0	1	"[""WDR48""]"	False	1.0	1	"[""WDR48""]"	False	1.0	1	"[""WDR48""]"	0	False		1.0
GO:BP	GO:0010717	regulation of epithelial to mesenchymal transition	False		0	[]	False	1.0	1	"[""PTK2""]"	False	1.0	2	"[""FERMT2"", ""PTK2""]"	0	False		1.0
GO:BP	GO:1903140	regulation of establishment of endothelial barrier	False		0	[]	False	1.0	1	"[""VCL""]"	False	1.0	1	"[""VCL""]"	0	False		1.0
GO:BP	GO:0070201	regulation of establishment of protein localization	False	1.0	1	"[""DNM1L""]"	False	1.0	1	"[""DNM1L""]"	False	1.0	4	"[""B3GAT3"", ""DERL2"", ""DNM1L"", ""NFKBIA""]"	0	False		1.0
GO:BP	GO:0017157	regulation of exocytosis	False		0	[]	False		0	[]	False	1.0	1	"[""RAB15""]"	0	False		1.0
GO:BP	GO:2001236	regulation of extrinsic apoptotic signaling pathway	False		0	[]	False		0	[]	False	1.0	2	"[""ITGAV"", ""TRAF2""]"	0	False		1.0
GO:BP	GO:0045598	regulation of fat cell differentiation	False		0	[]	False		0	[]	False	1.0	1	"[""FERMT2""]"	0	False		1.0
GO:BP	GO:2000191	regulation of fatty acid transport	False	1.0	1	"[""FIS1""]"	False	1.0	1	"[""FIS1""]"	False	1.0	1	"[""FIS1""]"	0	False		1.0
GO:BP	GO:0010762	regulation of fibroblast migration	False		0	[]	False	1.0	1	"[""PTK2""]"	False	1.0	1	"[""PTK2""]"	0	False		1.0
GO:BP	GO:0051893	regulation of focal adhesion assembly	False		0	[]	False	1.0	2	"[""PTK2"", ""VCL""]"	False	1.0	4	"[""FERMT2"", ""PTK2"", ""RHOA"", ""VCL""]"	0	False		1.0
GO:BP	GO:0010468	regulation of gene expression	False	1.0	10	"[""BRD2"", ""CRKL"", ""DNM1L"", ""EAF1"", ""ENO1"", ""HNRNPA1"", ""KRAS"", ""SYNCRIP"", ""UBA5"", ""ZNF217""]"	False	1.0	15	"[""BRD2"", ""CRKL"", ""DNM1L"", ""EAF1"", ""ENO1"", ""FURIN"", ""HNRNPA1"", ""ING3"", ""KRAS"", ""SERBP1"", ""SYNCRIP"", ""TGIF1"", ""TRA2B"", ""UBA5"", ""ZNF217""]"	False	1.0	33	"[""BRD2"", ""CCAR1"", ""CNOT1"", ""CRK"", ""CRKL"", ""DNM1L"", ""EAF1"", ""ENO1"", ""FOXO3B"", ""FURIN"", ""GCN1"", ""GPI"", ""HNRNPA1"", ""ING3"", ""KRAS"", ""MED24"", ""NACC1"", ""NFKBIA"", ""PRKRA"", ""RBM10"", ""RBM12"", ""RCOR1"", ""RHOA"", ""SERBP1"", ""SETD2"", ""SP3"", ""SYNCRIP"", ""TGIF1"", ""TRA2B"", ""TRAF2"", ""UBA5"", ""ZNF217"", ""ZNF687""]"	0	False		1.0
GO:BP	GO:0060966	regulation of gene silencing by regulatory ncRNA	False		0	[]	False		0	[]	False	1.0	1	"[""PRKRA""]"	0	False		1.0
GO:BP	GO:0043467	regulation of generation of precursor metabolites and energy	False	1.0	1	"[""MLST8""]"	False	1.0	1	"[""MLST8""]"	False	1.0	2	"[""MLST8"", ""RHOA""]"	0	False		1.0
GO:BP	GO:0034350	regulation of glial cell apoptotic process	False		0	[]	False		0	[]	False	1.0	1	"[""TRAF2""]"	0	False		1.0
GO:BP	GO:0045685	regulation of glial cell differentiation	False		0	[]	False		0	[]	False	1.0	1	"[""WDR1""]"	0	False		1.0
GO:BP	GO:1903975	regulation of glial cell migration	False	1.0	1	"[""CRKL""]"	False	1.0	1	"[""CRKL""]"	False	1.0	1	"[""CRKL""]"	0	False		1.0
GO:BP	GO:0060251	regulation of glial cell proliferation	False	1.0	1	"[""KRAS""]"	False	1.0	1	"[""KRAS""]"	False	1.0	1	"[""KRAS""]"	0	False		1.0
GO:BP	GO:0014013	regulation of gliogenesis	False	1.0	1	"[""KRAS""]"	False	1.0	1	"[""KRAS""]"	False	1.0	1	"[""KRAS""]"	0	False		1.0
GO:BP	GO:0010906	regulation of glucose metabolic process	False		0	[]	False	1.0	1	"[""LCMT1""]"	False	1.0	1	"[""LCMT1""]"	0	False		1.0
GO:BP	GO:0006110	regulation of glycolytic process	False	1.0	1	"[""MLST8""]"	False	1.0	1	"[""MLST8""]"	False	1.0	1	"[""MLST8""]"	0	False		1.0
GO:BP	GO:0071622	regulation of granulocyte chemotaxis	False	1.0	1	"[""DNM1L""]"	False	1.0	2	"[""DNM1L"", ""PTK2""]"	False	1.0	2	"[""DNM1L"", ""PTK2""]"	0	False		1.0
GO:BP	GO:0040008	regulation of growth	False	1.0	3	"[""CRKL"", ""ENO1"", ""MLST8""]"	False	1.0	4	"[""CRKL"", ""ENO1"", ""G6PD"", ""MLST8""]"	False	1.0	7	"[""BRAT1"", ""CRK"", ""CRKL"", ""DERL2"", ""ENO1"", ""G6PD"", ""MLST8""]"	0	False		1.0
GO:BP	GO:0060420	regulation of heart growth	False		0	[]	False	1.0	1	"[""G6PD""]"	False	1.0	1	"[""G6PD""]"	0	False		1.0
GO:BP	GO:1903706	regulation of hemopoiesis	False	1.0	1	"[""BRD2""]"	False	1.0	1	"[""BRD2""]"	False	1.0	4	"[""BRD2"", ""NFKBIA"", ""RCOR1"", ""RHOA""]"	0	False		1.0
GO:BP	GO:0010817	regulation of hormone levels	False	1.0	1	"[""SNAP23""]"	False	1.0	2	"[""FURIN"", ""SNAP23""]"	False	1.0	2	"[""FURIN"", ""SNAP23""]"	0	False		1.0
GO:BP	GO:0051336	regulation of hydrolase activity	False		0	[]	False	1.0	2	"[""FURIN"", ""PTK2""]"	False	1.0	4	"[""CRK"", ""FURIN"", ""PTK2"", ""RHOA""]"	0	False		1.0
GO:BP	GO:1903297	regulation of hypoxia-induced intrinsic apoptotic signaling pathway	False	1.0	1	"[""ENO1""]"	False	1.0	1	"[""ENO1""]"	False	1.0	1	"[""ENO1""]"	0	False		1.0
GO:BP	GO:0002697	regulation of immune effector process	False	1.0	1	"[""BRD2""]"	False	1.0	1	"[""BRD2""]"	False	1.0	4	"[""BRD2"", ""CRK"", ""GPI"", ""TRAF2""]"	0	False		1.0
GO:BP	GO:0050776	regulation of immune response	False	1.0	2	"[""BRD2"", ""CRKL""]"	False	1.0	4	"[""BRD2"", ""CRKL"", ""FURIN"", ""PTK2""]"	False	1.0	7	"[""BRD2"", ""CRK"", ""CRKL"", ""FURIN"", ""NFKBIA"", ""PTK2"", ""TRAF2""]"	0	False		1.0
GO:BP	GO:0002682	regulation of immune system process	False	1.0	3	"[""BRD2"", ""CRKL"", ""DNM1L""]"	False	1.0	5	"[""BRD2"", ""CRKL"", ""DNM1L"", ""FURIN"", ""PTK2""]"	False	1.0	11	"[""BRD2"", ""CRK"", ""CRKL"", ""DNM1L"", ""FURIN"", ""GPI"", ""NFKBIA"", ""PTK2"", ""RCOR1"", ""RHOA"", ""TRAF2""]"	0	False		1.0
GO:BP	GO:0002637	regulation of immunoglobulin production	False		0	[]	False		0	[]	False	1.0	2	"[""GPI"", ""TRAF2""]"	0	False		1.0
GO:BP	GO:0050727	regulation of inflammatory response	False		0	[]	False	1.0	1	"[""FURIN""]"	False	1.0	2	"[""FURIN"", ""NFKBIA""]"	0	False		1.0
GO:BP	GO:0002861	regulation of inflammatory response to antigenic stimulus	False		0	[]	False	1.0	1	"[""FURIN""]"	False	1.0	1	"[""FURIN""]"	0	False		1.0
GO:BP	GO:0045088	regulation of innate immune response	False		0	[]	False		0	[]	False	1.0	2	"[""CRK"", ""NFKBIA""]"	0	False		1.0
GO:BP	GO:0033623	regulation of integrin activation	False		0	[]	False		0	[]	False	1.0	1	"[""FERMT2""]"	0	False		1.0
GO:BP	GO:0032647	regulation of interferon-alpha production	False		0	[]	False		0	[]	False	1.0	1	"[""SETD2""]"	0	False		1.0
GO:BP	GO:0032663	regulation of interleukin-2 production	False		0	[]	False		0	[]	False	1.0	1	"[""TRAF2""]"	0	False		1.0
GO:BP	GO:0033146	regulation of intracellular estrogen receptor signaling pathway	False	1.0	1	"[""UBA5""]"	False	1.0	1	"[""UBA5""]"	False	1.0	2	"[""CNOT1"", ""UBA5""]"	0	False		1.0
GO:BP	GO:0033157	regulation of intracellular protein transport	False		0	[]	False		0	[]	False	1.0	3	"[""B3GAT3"", ""DERL2"", ""NFKBIA""]"	0	False		1.0
GO:BP	GO:1902531	regulation of intracellular signal transduction	False	1.0	6	"[""CRKL"", ""ENO1"", ""FIS1"", ""KRAS"", ""MLST8"", ""UBA5""]"	False	1.0	9	"[""CRKL"", ""ENO1"", ""FIS1"", ""KRAS"", ""LCMT1"", ""MLST8"", ""PTK2"", ""SLC35B2"", ""UBA5""]"	False	1.0	19	"[""CNOT1"", ""CRK"", ""CRKL"", ""ENO1"", ""FERMT2"", ""FIS1"", ""ITGAV"", ""KRAS"", ""LCMT1"", ""MLST8"", ""NFKBIA"", ""PRKRA"", ""PTK2"", ""RHOA"", ""SLC35B2"", ""TNS3"", ""TRAF2"", ""UBA5"", ""WDR83""]"	0	False		1.0
GO:BP	GO:0033143	regulation of intracellular steroid hormone receptor signaling pathway	False	1.0	1	"[""UBA5""]"	False	1.0	1	"[""UBA5""]"	False	1.0	3	"[""CNOT1"", ""RHOA"", ""UBA5""]"	0	False		1.0
GO:BP	GO:0032386	regulation of intracellular transport	False		0	[]	False		0	[]	False	1.0	5	"[""B3GAT3"", ""DERL2"", ""IWS1"", ""NFKBIA"", ""SETD2""]"	0	False		1.0
GO:BP	GO:2001242	regulation of intrinsic apoptotic signaling pathway	False	1.0	2	"[""ENO1"", ""FIS1""]"	False	1.0	2	"[""ENO1"", ""FIS1""]"	False	1.0	3	"[""ENO1"", ""FIS1"", ""PRKRA""]"	0	False		1.0
GO:BP	GO:0043549	regulation of kinase activity	False		0	[]	False	1.0	1	"[""PTK2""]"	False	1.0	3	"[""PTK2"", ""RHOA"", ""TRAF2""]"	0	False		1.0
GO:BP	GO:0002694	regulation of leukocyte activation	False	1.0	1	"[""BRD2""]"	False	1.0	1	"[""BRD2""]"	False	1.0	2	"[""BRD2"", ""RHOA""]"	0	False		1.0
GO:BP	GO:1904994	regulation of leukocyte adhesion to vascular endothelial cell	False		0	[]	False		0	[]	False	1.0	1	"[""RHOA""]"	0	False		1.0
GO:BP	GO:2000106	regulation of leukocyte apoptotic process	False		0	[]	False		0	[]	False	1.0	1	"[""ST3GAL1""]"	0	False		1.0
GO:BP	GO:1903037	regulation of leukocyte cell-cell adhesion	False	1.0	1	"[""BRD2""]"	False	1.0	1	"[""BRD2""]"	False	1.0	2	"[""BRD2"", ""RHOA""]"	0	False		1.0
GO:BP	GO:0002688	regulation of leukocyte chemotaxis	False	1.0	1	"[""DNM1L""]"	False	1.0	2	"[""DNM1L"", ""PTK2""]"	False	1.0	2	"[""DNM1L"", ""PTK2""]"	0	False		1.0
GO:BP	GO:1902105	regulation of leukocyte differentiation	False	1.0	1	"[""BRD2""]"	False	1.0	1	"[""BRD2""]"	False	1.0	2	"[""BRD2"", ""RHOA""]"	0	False		1.0
GO:BP	GO:0001910	regulation of leukocyte mediated cytotoxicity	False		0	[]	False		0	[]	False	1.0	1	"[""CRK""]"	0	False		1.0
GO:BP	GO:0002703	regulation of leukocyte mediated immunity	False		0	[]	False		0	[]	False	1.0	2	"[""CRK"", ""TRAF2""]"	0	False		1.0
GO:BP	GO:0002685	regulation of leukocyte migration	False	1.0	2	"[""CRKL"", ""DNM1L""]"	False	1.0	3	"[""CRKL"", ""DNM1L"", ""PTK2""]"	False	1.0	5	"[""CRK"", ""CRKL"", ""DNM1L"", ""PTK2"", ""RHOA""]"	0	False		1.0
GO:BP	GO:0070663	regulation of leukocyte proliferation	False		0	[]	False	1.0	1	"[""PTK2""]"	False	1.0	1	"[""PTK2""]"	0	False		1.0
GO:BP	GO:0046890	regulation of lipid biosynthetic process	False	1.0	1	"[""MLST8""]"	False	1.0	1	"[""MLST8""]"	False	1.0	1	"[""MLST8""]"	0	False		1.0
GO:BP	GO:1905952	regulation of lipid localization	False	1.0	1	"[""FIS1""]"	False	1.0	2	"[""FIS1"", ""FURIN""]"	False	1.0	4	"[""FIS1"", ""FURIN"", ""ITGAV"", ""NFKBIA""]"	0	False		1.0
GO:BP	GO:0019216	regulation of lipid metabolic process	False	1.0	1	"[""MLST8""]"	False	1.0	1	"[""MLST8""]"	False	1.0	1	"[""MLST8""]"	0	False		1.0
GO:BP	GO:0010883	regulation of lipid storage	False		0	[]	False		0	[]	False	1.0	2	"[""ITGAV"", ""NFKBIA""]"	0	False		1.0
GO:BP	GO:0032368	regulation of lipid transport	False	1.0	1	"[""FIS1""]"	False	1.0	2	"[""FIS1"", ""FURIN""]"	False	1.0	4	"[""FIS1"", ""FURIN"", ""ITGAV"", ""NFKBIA""]"	0	False		1.0
GO:BP	GO:0050746	regulation of lipoprotein metabolic process	False		0	[]	False		0	[]	False	1.0	1	"[""ITGAV""]"	0	False		1.0
GO:BP	GO:0032879	regulation of localization	False	1.0	3	"[""CRKL"", ""DNM1L"", ""FIS1""]"	False	1.0	7	"[""CRKL"", ""DNM1L"", ""FIS1"", ""FURIN"", ""G6PD"", ""HSP90AB1"", ""VCL""]"	False	1.0	16	"[""B3GAT3"", ""CRK"", ""CRKL"", ""DERL2"", ""DNM1L"", ""FERMT2"", ""FIS1"", ""FURIN"", ""G6PD"", ""HSP90AB1"", ""ITGAV"", ""IWS1"", ""NFKBIA"", ""RAB15"", ""SETD2"", ""VCL""]"	0	False		1.0
GO:BP	GO:0040012	regulation of locomotion	False	1.0	2	"[""CRKL"", ""DNM1L""]"	False	1.0	5	"[""CRKL"", ""DNM1L"", ""DOCK5"", ""PTK2"", ""VCL""]"	False	1.0	11	"[""CCAR1"", ""CRK"", ""CRKL"", ""DNM1L"", ""DOCK5"", ""FERMT2"", ""GPI"", ""ITGAV"", ""PTK2"", ""RHOA"", ""VCL""]"	0	False		1.0
GO:BP	GO:0048169	regulation of long-term neuronal synaptic plasticity	False	1.0	1	"[""KRAS""]"	False	1.0	1	"[""KRAS""]"	False	1.0	1	"[""KRAS""]"	0	False		1.0
GO:BP	GO:0032803	regulation of low-density lipoprotein particle receptor catabolic process	False		0	[]	False	1.0	1	"[""FURIN""]"	False	1.0	1	"[""FURIN""]"	0	False		1.0
GO:BP	GO:0051249	regulation of lymphocyte activation	False	1.0	1	"[""BRD2""]"	False	1.0	1	"[""BRD2""]"	False	1.0	2	"[""BRD2"", ""RHOA""]"	0	False		1.0
GO:BP	GO:0070228	regulation of lymphocyte apoptotic process	False		0	[]	False		0	[]	False	1.0	1	"[""ST3GAL1""]"	0	False		1.0
GO:BP	GO:0045619	regulation of lymphocyte differentiation	False	1.0	1	"[""BRD2""]"	False	1.0	1	"[""BRD2""]"	False	1.0	2	"[""BRD2"", ""RHOA""]"	0	False		1.0
GO:BP	GO:0002706	regulation of lymphocyte mediated immunity	False		0	[]	False		0	[]	False	1.0	2	"[""CRK"", ""TRAF2""]"	0	False		1.0
GO:BP	GO:2000401	regulation of lymphocyte migration	False	1.0	1	"[""CRKL""]"	False	1.0	1	"[""CRKL""]"	False	1.0	3	"[""CRK"", ""CRKL"", ""RHOA""]"	0	False		1.0
GO:BP	GO:0061013	regulation of mRNA catabolic process	False	1.0	1	"[""SYNCRIP""]"	False	1.0	2	"[""SERBP1"", ""SYNCRIP""]"	False	1.0	5	"[""CNOT1"", ""RBM10"", ""SERBP1"", ""SYNCRIP"", ""TRAF2""]"	0	False		1.0
GO:BP	GO:0010793	regulation of mRNA export from nucleus	False		0	[]	False		0	[]	False	1.0	2	"[""IWS1"", ""SETD2""]"	0	False		1.0
GO:BP	GO:1903311	regulation of mRNA metabolic process	False	1.0	2	"[""HNRNPA1"", ""SYNCRIP""]"	False	1.0	4	"[""HNRNPA1"", ""SERBP1"", ""SYNCRIP"", ""TRA2B""]"	False	1.0	8	"[""CNOT1"", ""HNRNPA1"", ""IWS1"", ""RBM10"", ""SERBP1"", ""SYNCRIP"", ""TRA2B"", ""TRAF2""]"	0	False		1.0
GO:BP	GO:0050684	regulation of mRNA processing	False	1.0	1	"[""HNRNPA1""]"	False	1.0	2	"[""HNRNPA1"", ""TRA2B""]"	False	1.0	4	"[""HNRNPA1"", ""IWS1"", ""RBM10"", ""TRA2B""]"	0	False		1.0
GO:BP	GO:0048024	regulation of mRNA splicing, via spliceosome	False	1.0	1	"[""HNRNPA1""]"	False	1.0	2	"[""HNRNPA1"", ""TRA2B""]"	False	1.0	3	"[""HNRNPA1"", ""RBM10"", ""TRA2B""]"	0	False		1.0
GO:BP	GO:0043488	regulation of mRNA stability	False	1.0	1	"[""SYNCRIP""]"	False	1.0	2	"[""SERBP1"", ""SYNCRIP""]"	False	1.0	5	"[""CNOT1"", ""RBM10"", ""SERBP1"", ""SYNCRIP"", ""TRAF2""]"	0	False		1.0
GO:BP	GO:0016241	regulation of macroautophagy	False	1.0	1	"[""DNM1L""]"	False	1.0	1	"[""DNM1L""]"	False	1.0	1	"[""DNM1L""]"	0	False		1.0
GO:BP	GO:0010556	regulation of macromolecule biosynthetic process	False	1.0	10	"[""BRD2"", ""CRKL"", ""DNM1L"", ""EAF1"", ""ENO1"", ""HNRNPA1"", ""KRAS"", ""SYNCRIP"", ""UBA5"", ""ZNF217""]"	False	1.0	15	"[""BRD2"", ""CRKL"", ""DNM1L"", ""EAF1"", ""ENO1"", ""FURIN"", ""HNRNPA1"", ""ING3"", ""KRAS"", ""SERBP1"", ""SYNCRIP"", ""TGIF1"", ""TRA2B"", ""UBA5"", ""ZNF217""]"	False	1.0	33	"[""BRD2"", ""CCAR1"", ""CNOT1"", ""CRK"", ""CRKL"", ""DNM1L"", ""EAF1"", ""ENO1"", ""FOXO3B"", ""FURIN"", ""GCN1"", ""GPI"", ""HNRNPA1"", ""ING3"", ""KRAS"", ""MED24"", ""NACC1"", ""NFKBIA"", ""PRKRA"", ""RBM10"", ""RBM12"", ""RCOR1"", ""RHOA"", ""SERBP1"", ""SETD2"", ""SP3"", ""SYNCRIP"", ""TGIF1"", ""TRA2B"", ""TRAF2"", ""UBA5"", ""ZNF217"", ""ZNF687""]"	0	False		1.0
GO:BP	GO:0060255	regulation of macromolecule metabolic process	False	1.0	11	"[""BRD2"", ""CRKL"", ""DNM1L"", ""EAF1"", ""ENO1"", ""HNRNPA1"", ""KRAS"", ""SYNCRIP"", ""UBA5"", ""WDR48"", ""ZNF217""]"	False	1.0	18	"[""BRD2"", ""CRKL"", ""DNM1L"", ""EAF1"", ""ENO1"", ""FURIN"", ""HNRNPA1"", ""HSP90AB1"", ""ING3"", ""KRAS"", ""PTK2"", ""SERBP1"", ""SYNCRIP"", ""TGIF1"", ""TRA2B"", ""UBA5"", ""WDR48"", ""ZNF217""]"	False	1.0	39	"[""BRAT1"", ""BRD2"", ""CCAR1"", ""CNOT1"", ""CRK"", ""CRKL"", ""DNM1L"", ""EAF1"", ""ENO1"", ""FOXO3B"", ""FURIN"", ""GCN1"", ""GPI"", ""HNRNPA1"", ""HSP90AB1"", ""ING3"", ""ITGAV"", ""IWS1"", ""KRAS"", ""MED24"", ""NACC1"", ""NFKBIA"", ""PRKRA"", ""PTK2"", ""RBM10"", ""RBM12"", ""RCOR1"", ""RHOA"", ""SERBP1"", ""SETD2"", ""SP3"", ""SYNCRIP"", ""TGIF1"", ""TRA2B"", ""TRAF2"", ""UBA5"", ""WDR48"", ""ZNF217"", ""ZNF687""]"	0	False		1.0
GO:BP	GO:0010758	regulation of macrophage chemotaxis	False		0	[]	False	1.0	1	"[""PTK2""]"	False	1.0	1	"[""PTK2""]"	0	False		1.0
GO:BP	GO:0010743	regulation of macrophage derived foam cell differentiation	False		0	[]	False		0	[]	False	1.0	2	"[""ITGAV"", ""NFKBIA""]"	0	False		1.0
GO:BP	GO:1905521	regulation of macrophage migration	False		0	[]	False	1.0	1	"[""PTK2""]"	False	1.0	1	"[""PTK2""]"	0	False		1.0
GO:BP	GO:0120040	regulation of macrophage proliferation	False		0	[]	False	1.0	1	"[""PTK2""]"	False	1.0	1	"[""PTK2""]"	0	False		1.0
GO:BP	GO:0045652	regulation of megakaryocyte differentiation	False		0	[]	False		0	[]	False	1.0	1	"[""RCOR1""]"	0	False		1.0
GO:BP	GO:0042391	regulation of membrane potential	False		0	[]	False		0	[]	False	1.0	1	"[""WDR1""]"	0	False		1.0
GO:BP	GO:0051043	regulation of membrane protein ectodomain proteolysis	False		0	[]	False	1.0	1	"[""FURIN""]"	False	1.0	1	"[""FURIN""]"	0	False		1.0
GO:BP	GO:0060306	regulation of membrane repolarization	False		0	[]	False		0	[]	False	1.0	1	"[""WDR1""]"	0	False		1.0
GO:BP	GO:1902460	regulation of mesenchymal stem cell proliferation	False		0	[]	False		0	[]	False	1.0	1	"[""FERMT2""]"	0	False		1.0
GO:BP	GO:0019222	regulation of metabolic process	False	1.0	13	"[""BRD2"", ""CRKL"", ""DNM1L"", ""EAF1"", ""ENO1"", ""FIS1"", ""HNRNPA1"", ""KRAS"", ""MLST8"", ""SYNCRIP"", ""UBA5"", ""WDR48"", ""ZNF217""]"	False	1.0	22	"[""BRD2"", ""CRKL"", ""DNM1L"", ""EAF1"", ""ENO1"", ""FIS1"", ""FURIN"", ""G6PD"", ""HNRNPA1"", ""HSP90AB1"", ""ING3"", ""KRAS"", ""LCMT1"", ""MLST8"", ""PTK2"", ""SERBP1"", ""SYNCRIP"", ""TGIF1"", ""TRA2B"", ""UBA5"", ""WDR48"", ""ZNF217""]"	False	1.0	43	"[""BRAT1"", ""BRD2"", ""CCAR1"", ""CNOT1"", ""CRK"", ""CRKL"", ""DNM1L"", ""EAF1"", ""ENO1"", ""FIS1"", ""FOXO3B"", ""FURIN"", ""G6PD"", ""GCN1"", ""GPI"", ""HNRNPA1"", ""HSP90AB1"", ""ING3"", ""ITGAV"", ""IWS1"", ""KRAS"", ""LCMT1"", ""MED24"", ""MLST8"", ""NACC1"", ""NFKBIA"", ""PRKRA"", ""PTK2"", ""RBM10"", ""RBM12"", ""RCOR1"", ""RHOA"", ""SERBP1"", ""SETD2"", ""SP3"", ""SYNCRIP"", ""TGIF1"", ""TRA2B"", ""TRAF2"", ""UBA5"", ""WDR48"", ""ZNF217"", ""ZNF687""]"	0	False		1.0
GO:BP	GO:0010959	regulation of metal ion transport	False		0	[]	False	1.0	1	"[""G6PD""]"	False	1.0	1	"[""G6PD""]"	0	False		1.0
GO:BP	GO:1902099	regulation of metaphase/anaphase transition of cell cycle	False		0	[]	False	1.0	1	"[""LCMT1""]"	False	1.0	1	"[""LCMT1""]"	0	False		1.0
GO:BP	GO:0070507	regulation of microtubule cytoskeleton organization	False		0	[]	False		0	[]	False	1.0	1	"[""RHOA""]"	0	False		1.0
GO:BP	GO:0032886	regulation of microtubule-based process	False		0	[]	False		0	[]	False	1.0	1	"[""RHOA""]"	0	False		1.0
GO:BP	GO:0090140	regulation of mitochondrial fission	False	1.0	1	"[""DNM1L""]"	False	1.0	1	"[""DNM1L""]"	False	1.0	1	"[""DNM1L""]"	0	False		1.0
GO:BP	GO:0010821	regulation of mitochondrion organization	False	1.0	1	"[""DNM1L""]"	False	1.0	1	"[""DNM1L""]"	False	1.0	1	"[""DNM1L""]"	0	False		1.0
GO:BP	GO:1901524	regulation of mitophagy	False	1.0	1	"[""DNM1L""]"	False	1.0	1	"[""DNM1L""]"	False	1.0	1	"[""DNM1L""]"	0	False		1.0
GO:BP	GO:0007346	regulation of mitotic cell cycle	False		0	[]	False	1.0	1	"[""LCMT1""]"	False	1.0	1	"[""LCMT1""]"	0	False		1.0
GO:BP	GO:1901990	regulation of mitotic cell cycle phase transition	False		0	[]	False	1.0	1	"[""LCMT1""]"	False	1.0	1	"[""LCMT1""]"	0	False		1.0
GO:BP	GO:0090266	regulation of mitotic cell cycle spindle assembly checkpoint	False		0	[]	False	1.0	1	"[""LCMT1""]"	False	1.0	1	"[""LCMT1""]"	0	False		1.0
GO:BP	GO:0030071	regulation of mitotic metaphase/anaphase transition	False		0	[]	False	1.0	1	"[""LCMT1""]"	False	1.0	1	"[""LCMT1""]"	0	False		1.0
GO:BP	GO:0007088	regulation of mitotic nuclear division	False		0	[]	False	1.0	1	"[""LCMT1""]"	False	1.0	1	"[""LCMT1""]"	0	False		1.0
GO:BP	GO:0033047	regulation of mitotic sister chromatid segregation	False		0	[]	False	1.0	1	"[""LCMT1""]"	False	1.0	1	"[""LCMT1""]"	0	False		1.0
GO:BP	GO:0010965	regulation of mitotic sister chromatid separation	False		0	[]	False	1.0	1	"[""LCMT1""]"	False	1.0	1	"[""LCMT1""]"	0	False		1.0
GO:BP	GO:1903504	regulation of mitotic spindle checkpoint	False		0	[]	False	1.0	1	"[""LCMT1""]"	False	1.0	1	"[""LCMT1""]"	0	False		1.0
GO:BP	GO:1905274	regulation of modification of postsynaptic actin cytoskeleton	False		0	[]	False		0	[]	False	1.0	1	"[""RHOA""]"	0	False		1.0
GO:BP	GO:0099159	regulation of modification of postsynaptic structure	False		0	[]	False		0	[]	False	1.0	1	"[""RHOA""]"	0	False		1.0
GO:BP	GO:1905244	regulation of modification of synaptic structure	False		0	[]	False		0	[]	False	1.0	1	"[""RHOA""]"	0	False		1.0
GO:BP	GO:0065009	regulation of molecular function	False		0	[]	False	1.0	2	"[""FURIN"", ""PTK2""]"	False	1.0	6	"[""B3GAT3"", ""CRK"", ""FURIN"", ""PTK2"", ""RHOA"", ""TRAF2""]"	0	False		1.0
GO:BP	GO:1904062	regulation of monoatomic cation transmembrane transport	False		0	[]	False	1.0	1	"[""G6PD""]"	False	1.0	1	"[""G6PD""]"	0	False		1.0
GO:BP	GO:0034765	regulation of monoatomic ion transmembrane transport	False		0	[]	False	1.0	1	"[""G6PD""]"	False	1.0	1	"[""G6PD""]"	0	False		1.0
GO:BP	GO:0043269	regulation of monoatomic ion transport	False		0	[]	False	1.0	1	"[""G6PD""]"	False	1.0	1	"[""G6PD""]"	0	False		1.0
GO:BP	GO:0071675	regulation of mononuclear cell migration	False	1.0	1	"[""CRKL""]"	False	1.0	2	"[""CRKL"", ""PTK2""]"	False	1.0	4	"[""CRK"", ""CRKL"", ""PTK2"", ""RHOA""]"	0	False		1.0
GO:BP	GO:2000671	regulation of motor neuron apoptotic process	False		0	[]	False		0	[]	False	1.0	1	"[""RHOA""]"	0	False		1.0
GO:BP	GO:2000026	regulation of multicellular organismal development	False	1.0	2	"[""BRD2"", ""KRAS""]"	False	1.0	4	"[""BRD2"", ""G6PD"", ""KRAS"", ""VCL""]"	False	1.0	7	"[""BRD2"", ""G6PD"", ""KRAS"", ""NFKBIA"", ""RCOR1"", ""RHOA"", ""VCL""]"	0	False		1.0
GO:BP	GO:0051239	regulation of multicellular organismal process	False	1.0	4	"[""BRD2"", ""ENO1"", ""KRAS"", ""UBA5""]"	False	1.0	9	"[""BRD2"", ""DOCK5"", ""ENO1"", ""FURIN"", ""G6PD"", ""KRAS"", ""PTK2"", ""UBA5"", ""VCL""]"	False	1.0	16	"[""BRD2"", ""CNOT1"", ""DOCK5"", ""ENO1"", ""FERMT2"", ""FURIN"", ""G6PD"", ""KRAS"", ""NFKBIA"", ""PTK2"", ""RCOR1"", ""RHOA"", ""SETD2"", ""TRAF2"", ""UBA5"", ""VCL""]"	0	False		1.0
GO:BP	GO:0043502	regulation of muscle adaptation	False		0	[]	False	1.0	1	"[""G6PD""]"	False	1.0	1	"[""G6PD""]"	0	False		1.0
GO:BP	GO:0010660	regulation of muscle cell apoptotic process	False		0	[]	False		0	[]	False	1.0	1	"[""RBM10""]"	0	False		1.0
GO:BP	GO:0051147	regulation of muscle cell differentiation	False		0	[]	False	1.0	1	"[""G6PD""]"	False	1.0	1	"[""G6PD""]"	0	False		1.0
GO:BP	GO:0006937	regulation of muscle contraction	False	1.0	1	"[""ENO1""]"	False	1.0	2	"[""DOCK5"", ""ENO1""]"	False	1.0	3	"[""DOCK5"", ""ENO1"", ""RHOA""]"	0	False		1.0
GO:BP	GO:0014743	regulation of muscle hypertrophy	False		0	[]	False	1.0	1	"[""G6PD""]"	False	1.0	1	"[""G6PD""]"	0	False		1.0
GO:BP	GO:0090257	regulation of muscle system process	False	1.0	1	"[""ENO1""]"	False	1.0	3	"[""DOCK5"", ""ENO1"", ""G6PD""]"	False	1.0	4	"[""DOCK5"", ""ENO1"", ""G6PD"", ""RHOA""]"	0	False		1.0
GO:BP	GO:0045637	regulation of myeloid cell differentiation	False		0	[]	False		0	[]	False	1.0	2	"[""NFKBIA"", ""RCOR1""]"	0	False		1.0
GO:BP	GO:0042269	regulation of natural killer cell mediated cytotoxicity	False		0	[]	False		0	[]	False	1.0	1	"[""CRK""]"	0	False		1.0
GO:BP	GO:0002715	regulation of natural killer cell mediated immunity	False		0	[]	False		0	[]	False	1.0	1	"[""CRK""]"	0	False		1.0
GO:BP	GO:0060544	regulation of necroptotic process	False		0	[]	False		0	[]	False	1.0	1	"[""AIFM1""]"	0	False		1.0
GO:BP	GO:0051960	regulation of nervous system development	False	1.0	1	"[""KRAS""]"	False	1.0	1	"[""KRAS""]"	False	1.0	1	"[""KRAS""]"	0	False		1.0
GO:BP	GO:2000177	regulation of neural precursor cell proliferation	False		0	[]	False		0	[]	False	1.0	1	"[""RHOA""]"	0	False		1.0
GO:BP	GO:0050767	regulation of neurogenesis	False	1.0	1	"[""KRAS""]"	False	1.0	1	"[""KRAS""]"	False	1.0	1	"[""KRAS""]"	0	False		1.0
GO:BP	GO:0043523	regulation of neuron apoptotic process	False	1.0	1	"[""KRAS""]"	False	1.0	2	"[""G6PD"", ""KRAS""]"	False	1.0	4	"[""AIFM1"", ""G6PD"", ""KRAS"", ""RHOA""]"	0	False		1.0
GO:BP	GO:0045664	regulation of neuron differentiation	False		0	[]	False		0	[]	False	1.0	1	"[""RHOA""]"	0	False		1.0
GO:BP	GO:0010975	regulation of neuron projection development	False	1.0	1	"[""CRKL""]"	False	1.0	1	"[""CRKL""]"	False	1.0	3	"[""CRK"", ""CRKL"", ""RHOA""]"	0	False		1.0
GO:BP	GO:0048168	regulation of neuronal synaptic plasticity	False	1.0	1	"[""KRAS""]"	False	1.0	1	"[""KRAS""]"	False	1.0	1	"[""KRAS""]"	0	False		1.0
GO:BP	GO:0090022	regulation of neutrophil chemotaxis	False	1.0	1	"[""DNM1L""]"	False	1.0	1	"[""DNM1L""]"	False	1.0	1	"[""DNM1L""]"	0	False		1.0
GO:BP	GO:1902622	regulation of neutrophil migration	False	1.0	1	"[""DNM1L""]"	False	1.0	1	"[""DNM1L""]"	False	1.0	1	"[""DNM1L""]"	0	False		1.0
GO:BP	GO:0045428	regulation of nitric oxide biosynthetic process	False		0	[]	False	1.0	1	"[""HSP90AB1""]"	False	1.0	1	"[""HSP90AB1""]"	0	False		1.0
GO:BP	GO:0080164	regulation of nitric oxide metabolic process	False		0	[]	False	1.0	1	"[""HSP90AB1""]"	False	1.0	1	"[""HSP90AB1""]"	0	False		1.0
GO:BP	GO:1901222	regulation of non-canonical NF-kappaB signal transduction	False		0	[]	False		0	[]	False	1.0	1	"[""RHOA""]"	0	False		1.0
GO:BP	GO:0051783	regulation of nuclear division	False		0	[]	False	1.0	1	"[""LCMT1""]"	False	1.0	1	"[""LCMT1""]"	0	False		1.0
GO:BP	GO:1900151	regulation of nuclear-transcribed mRNA catabolic process, deadenylation-dependent decay	False	1.0	1	"[""SYNCRIP""]"	False	1.0	1	"[""SYNCRIP""]"	False	1.0	2	"[""CNOT1"", ""SYNCRIP""]"	0	False		1.0
GO:BP	GO:2000622	regulation of nuclear-transcribed mRNA catabolic process, nonsense-mediated decay	False	1.0	1	"[""SYNCRIP""]"	False	1.0	1	"[""SYNCRIP""]"	False	1.0	1	"[""SYNCRIP""]"	0	False		1.0
GO:BP	GO:0060211	regulation of nuclear-transcribed mRNA poly(A) tail shortening	False		0	[]	False		0	[]	False	1.0	1	"[""CNOT1""]"	0	False		1.0
GO:BP	GO:0019219	regulation of nucleobase-containing compound metabolic process	False	1.0	10	"[""BRD2"", ""DNM1L"", ""EAF1"", ""ENO1"", ""FIS1"", ""HNRNPA1"", ""MLST8"", ""SYNCRIP"", ""WDR48"", ""ZNF217""]"	False	1.0	14	"[""BRD2"", ""DNM1L"", ""EAF1"", ""ENO1"", ""FIS1"", ""HNRNPA1"", ""ING3"", ""MLST8"", ""SERBP1"", ""SYNCRIP"", ""TGIF1"", ""TRA2B"", ""WDR48"", ""ZNF217""]"	False	1.0	29	"[""BRD2"", ""CCAR1"", ""CNOT1"", ""CRK"", ""DNM1L"", ""EAF1"", ""ENO1"", ""FIS1"", ""FOXO3B"", ""HNRNPA1"", ""ING3"", ""IWS1"", ""MED24"", ""MLST8"", ""NACC1"", ""NFKBIA"", ""RBM10"", ""RCOR1"", ""RHOA"", ""SERBP1"", ""SETD2"", ""SP3"", ""SYNCRIP"", ""TGIF1"", ""TRA2B"", ""TRAF2"", ""WDR48"", ""ZNF217"", ""ZNF687""]"	0	False		1.0
GO:BP	GO:0032239	regulation of nucleobase-containing compound transport	False		0	[]	False		0	[]	False	1.0	2	"[""IWS1"", ""SETD2""]"	0	False		1.0
GO:BP	GO:0046822	regulation of nucleocytoplasmic transport	False		0	[]	False		0	[]	False	1.0	3	"[""IWS1"", ""NFKBIA"", ""SETD2""]"	0	False		1.0
GO:BP	GO:0030808	regulation of nucleotide biosynthetic process	False	1.0	1	"[""ENO1""]"	False	1.0	1	"[""ENO1""]"	False	1.0	1	"[""ENO1""]"	0	False		1.0
GO:BP	GO:0030811	regulation of nucleotide catabolic process	False	1.0	1	"[""MLST8""]"	False	1.0	1	"[""MLST8""]"	False	1.0	1	"[""MLST8""]"	0	False		1.0
GO:BP	GO:0048713	regulation of oligodendrocyte differentiation	False		0	[]	False		0	[]	False	1.0	1	"[""WDR1""]"	0	False		1.0
GO:BP	GO:0046620	regulation of organ growth	False		0	[]	False	1.0	1	"[""G6PD""]"	False	1.0	1	"[""G6PD""]"	0	False		1.0
GO:BP	GO:1902115	regulation of organelle assembly	False		0	[]	False		0	[]	False	1.0	2	"[""CNOT1"", ""RHOA""]"	0	False		1.0
GO:BP	GO:0033043	regulation of organelle organization	False	1.0	3	"[""DNM1L"", ""HNRNPA1"", ""MLST8""]"	False	1.0	6	"[""DNM1L"", ""HNRNPA1"", ""LCMT1"", ""MLST8"", ""PTK2"", ""WASHC2C""]"	False	1.0	11	"[""CNOT1"", ""CRK"", ""DNM1L"", ""FERMT2"", ""HNRNPA1"", ""LCMT1"", ""MLST8"", ""PTK2"", ""RHOA"", ""WASHC2C"", ""WDR1""]"	0	False		1.0
GO:BP	GO:0032890	regulation of organic acid transport	False	1.0	1	"[""FIS1""]"	False	1.0	1	"[""FIS1""]"	False	1.0	1	"[""FIS1""]"	0	False		1.0
GO:BP	GO:0045667	regulation of osteoblast differentiation	False		0	[]	False	1.0	1	"[""PTK2""]"	False	1.0	2	"[""FERMT2"", ""PTK2""]"	0	False		1.0
GO:BP	GO:0033688	regulation of osteoblast proliferation	False		0	[]	False		0	[]	False	1.0	2	"[""ITGAV"", ""RHOA""]"	0	False		1.0
GO:BP	GO:0002082	regulation of oxidative phosphorylation	False		0	[]	False		0	[]	False	1.0	1	"[""RHOA""]"	0	False		1.0
GO:BP	GO:0043456	regulation of pentose-phosphate shunt	False	1.0	1	"[""MLST8""]"	False	1.0	1	"[""MLST8""]"	False	1.0	1	"[""MLST8""]"	0	False		1.0
GO:BP	GO:0052547	regulation of peptidase activity	False		0	[]	False	1.0	1	"[""FURIN""]"	False	1.0	1	"[""FURIN""]"	0	False		1.0
GO:BP	GO:1900063	regulation of peroxisome organization	False	1.0	1	"[""DNM1L""]"	False	1.0	1	"[""DNM1L""]"	False	1.0	1	"[""DNM1L""]"	0	False		1.0
GO:BP	GO:0050764	regulation of phagocytosis	False		0	[]	False		0	[]	False	1.0	1	"[""ITGAV""]"	0	False		1.0
GO:BP	GO:0051896	regulation of phosphatidylinositol 3-kinase/protein kinase B signal transduction	False		0	[]	False	1.0	1	"[""PTK2""]"	False	1.0	2	"[""FERMT2"", ""PTK2""]"	0	False		1.0
GO:BP	GO:0051174	regulation of phosphorus metabolic process	False	1.0	4	"[""DNM1L"", ""ENO1"", ""FIS1"", ""MLST8""]"	False	1.0	5	"[""DNM1L"", ""ENO1"", ""FIS1"", ""MLST8"", ""PTK2""]"	False	1.0	8	"[""BRAT1"", ""DNM1L"", ""ENO1"", ""FIS1"", ""MLST8"", ""PTK2"", ""RHOA"", ""TRAF2""]"	0	False		1.0
GO:BP	GO:0042325	regulation of phosphorylation	False		0	[]	False	1.0	1	"[""PTK2""]"	False	1.0	4	"[""BRAT1"", ""PTK2"", ""RHOA"", ""TRAF2""]"	0	False		1.0
GO:BP	GO:0097006	regulation of plasma lipoprotein particle levels	False		0	[]	False	1.0	1	"[""FURIN""]"	False	1.0	1	"[""FURIN""]"	0	False		1.0
GO:BP	GO:0120035	regulation of plasma membrane bounded cell projection organization	False	1.0	1	"[""CRKL""]"	False	1.0	1	"[""CRKL""]"	False	1.0	3	"[""CRK"", ""CRKL"", ""RHOA""]"	0	False		1.0
GO:BP	GO:0010755	regulation of plasminogen activation	False	1.0	1	"[""ENO1""]"	False	1.0	1	"[""ENO1""]"	False	1.0	1	"[""ENO1""]"	0	False		1.0
GO:BP	GO:0071801	regulation of podosome assembly	False		0	[]	False		0	[]	False	1.0	1	"[""RHOA""]"	0	False		1.0
GO:BP	GO:1901873	regulation of post-translational protein modification	False	1.0	1	"[""WDR48""]"	False	1.0	2	"[""HSP90AB1"", ""WDR48""]"	False	1.0	2	"[""HSP90AB1"", ""WDR48""]"	0	False		1.0
GO:BP	GO:0080090	regulation of primary metabolic process	False	1.0	10	"[""BRD2"", ""DNM1L"", ""EAF1"", ""ENO1"", ""FIS1"", ""HNRNPA1"", ""MLST8"", ""SYNCRIP"", ""WDR48"", ""ZNF217""]"	False	1.0	18	"[""BRD2"", ""DNM1L"", ""EAF1"", ""ENO1"", ""FIS1"", ""FURIN"", ""HNRNPA1"", ""HSP90AB1"", ""ING3"", ""LCMT1"", ""MLST8"", ""PTK2"", ""SERBP1"", ""SYNCRIP"", ""TGIF1"", ""TRA2B"", ""WDR48"", ""ZNF217""]"	False	1.0	38	"[""BRAT1"", ""BRD2"", ""CCAR1"", ""CNOT1"", ""CRK"", ""DNM1L"", ""EAF1"", ""ENO1"", ""FIS1"", ""FOXO3B"", ""FURIN"", ""GCN1"", ""HNRNPA1"", ""HSP90AB1"", ""ING3"", ""ITGAV"", ""IWS1"", ""LCMT1"", ""MED24"", ""MLST8"", ""NACC1"", ""NFKBIA"", ""PRKRA"", ""PTK2"", ""RBM10"", ""RBM12"", ""RCOR1"", ""RHOA"", ""SERBP1"", ""SETD2"", ""SP3"", ""SYNCRIP"", ""TGIF1"", ""TRA2B"", ""TRAF2"", ""WDR48"", ""ZNF217"", ""ZNF687""]"	0	False		1.0
GO:BP	GO:0002700	regulation of production of molecular mediator of immune response	False		0	[]	False		0	[]	False	1.0	2	"[""GPI"", ""TRAF2""]"	0	False		1.0
GO:BP	GO:0043067	regulation of programmed cell death	False	1.0	5	"[""C3orf38"", ""ENO1"", ""FIS1"", ""KRAS"", ""MLST8""]"	False	1.0	10	"[""C3orf38"", ""ENO1"", ""FIS1"", ""G6PD"", ""HSP90AB1"", ""ING3"", ""KRAS"", ""LCMT1"", ""MLST8"", ""PTK2""]"	False	1.0	19	"[""AIFM1"", ""C3orf38"", ""CCAR1"", ""ENO1"", ""FIS1"", ""G6PD"", ""GPI"", ""HSP90AB1"", ""ING3"", ""ITGAV"", ""KRAS"", ""LCMT1"", ""MLST8"", ""PRKRA"", ""PTK2"", ""RBM10"", ""RHOA"", ""ST3GAL1"", ""TRAF2""]"	0	False		1.0
GO:BP	GO:0062098	regulation of programmed necrotic cell death	False		0	[]	False		0	[]	False	1.0	1	"[""AIFM1""]"	0	False		1.0
GO:BP	GO:0061136	regulation of proteasomal protein catabolic process	False		0	[]	False	1.0	1	"[""HSP90AB1""]"	False	1.0	1	"[""HSP90AB1""]"	0	False		1.0
GO:BP	GO:0032434	regulation of proteasomal ubiquitin-dependent protein catabolic process	False		0	[]	False	1.0	1	"[""HSP90AB1""]"	False	1.0	1	"[""HSP90AB1""]"	0	False		1.0
GO:BP	GO:0042176	regulation of protein catabolic process	False		0	[]	False	1.0	3	"[""FURIN"", ""HSP90AB1"", ""PTK2""]"	False	1.0	3	"[""FURIN"", ""HSP90AB1"", ""PTK2""]"	0	False		1.0
GO:BP	GO:1901879	regulation of protein depolymerization	False		0	[]	False	1.0	1	"[""WASHC2C""]"	False	1.0	2	"[""WASHC2C"", ""WDR1""]"	0	False		1.0
GO:BP	GO:0070861	regulation of protein exit from endoplasmic reticulum	False		0	[]	False		0	[]	False	1.0	1	"[""DERL2""]"	0	False		1.0
GO:BP	GO:0042306	regulation of protein import into nucleus	False		0	[]	False		0	[]	False	1.0	1	"[""NFKBIA""]"	0	False		1.0
GO:BP	GO:0045859	regulation of protein kinase activity	False		0	[]	False	1.0	1	"[""PTK2""]"	False	1.0	3	"[""PTK2"", ""RHOA"", ""TRAF2""]"	0	False		1.0
GO:BP	GO:0032880	regulation of protein localization	False	1.0	2	"[""CRKL"", ""DNM1L""]"	False	1.0	4	"[""CRKL"", ""DNM1L"", ""HSP90AB1"", ""VCL""]"	False	1.0	10	"[""B3GAT3"", ""CRK"", ""CRKL"", ""DERL2"", ""DNM1L"", ""FERMT2"", ""HSP90AB1"", ""NFKBIA"", ""SETD2"", ""VCL""]"	0	False		1.0
GO:BP	GO:1904702	regulation of protein localization to adherens junction	False		0	[]	False	1.0	1	"[""VCL""]"	False	1.0	1	"[""VCL""]"	0	False		1.0
GO:BP	GO:2000008	regulation of protein localization to cell surface	False		0	[]	False	1.0	1	"[""HSP90AB1""]"	False	1.0	1	"[""HSP90AB1""]"	0	False		1.0
GO:BP	GO:0150106	regulation of protein localization to cell-cell junction	False		0	[]	False	1.0	1	"[""VCL""]"	False	1.0	1	"[""VCL""]"	0	False		1.0
GO:BP	GO:1905634	regulation of protein localization to chromatin	False		0	[]	False		0	[]	False	1.0	1	"[""SETD2""]"	0	False		1.0
GO:BP	GO:1905475	regulation of protein localization to membrane	False	1.0	1	"[""CRKL""]"	False	1.0	1	"[""CRKL""]"	False	1.0	2	"[""CRK"", ""CRKL""]"	0	False		1.0
GO:BP	GO:1900180	regulation of protein localization to nucleus	False		0	[]	False		0	[]	False	1.0	2	"[""FERMT2"", ""NFKBIA""]"	0	False		1.0
GO:BP	GO:1903317	regulation of protein maturation	False	1.0	1	"[""ENO1""]"	False	1.0	1	"[""ENO1""]"	False	1.0	1	"[""ENO1""]"	0	False		1.0
GO:BP	GO:0051246	regulation of protein metabolic process	False	1.0	3	"[""ENO1"", ""SYNCRIP"", ""WDR48""]"	False	1.0	7	"[""ENO1"", ""FURIN"", ""HSP90AB1"", ""PTK2"", ""SERBP1"", ""SYNCRIP"", ""WDR48""]"	False	1.0	13	"[""BRAT1"", ""CNOT1"", ""ENO1"", ""FURIN"", ""GCN1"", ""HSP90AB1"", ""ITGAV"", ""PTK2"", ""RHOA"", ""SERBP1"", ""SYNCRIP"", ""TRAF2"", ""WDR48""]"	0	False		1.0
GO:BP	GO:1903320	regulation of protein modification by small protein conjugation or removal	False	1.0	1	"[""WDR48""]"	False	1.0	2	"[""HSP90AB1"", ""WDR48""]"	False	1.0	2	"[""HSP90AB1"", ""WDR48""]"	0	False		1.0
GO:BP	GO:0031399	regulation of protein modification process	False	1.0	1	"[""WDR48""]"	False	1.0	3	"[""HSP90AB1"", ""PTK2"", ""WDR48""]"	False	1.0	6	"[""BRAT1"", ""HSP90AB1"", ""PTK2"", ""RHOA"", ""TRAF2"", ""WDR48""]"	0	False		1.0
GO:BP	GO:1902525	regulation of protein monoubiquitination	False	1.0	1	"[""WDR48""]"	False	1.0	1	"[""WDR48""]"	False	1.0	1	"[""WDR48""]"	0	False		1.0
GO:BP	GO:0001932	regulation of protein phosphorylation	False		0	[]	False	1.0	1	"[""PTK2""]"	False	1.0	4	"[""BRAT1"", ""PTK2"", ""RHOA"", ""TRAF2""]"	0	False		1.0
GO:BP	GO:0032271	regulation of protein polymerization	False	1.0	1	"[""MLST8""]"	False	1.0	2	"[""MLST8"", ""WASHC2C""]"	False	1.0	2	"[""MLST8"", ""WASHC2C""]"	0	False		1.0
GO:BP	GO:0070613	regulation of protein processing	False	1.0	1	"[""ENO1""]"	False	1.0	1	"[""ENO1""]"	False	1.0	1	"[""ENO1""]"	0	False		1.0
GO:BP	GO:0050708	regulation of protein secretion	False	1.0	1	"[""DNM1L""]"	False	1.0	1	"[""DNM1L""]"	False	1.0	1	"[""DNM1L""]"	0	False		1.0
GO:BP	GO:0071900	regulation of protein serine/threonine kinase activity	False		0	[]	False		0	[]	False	1.0	2	"[""RHOA"", ""TRAF2""]"	0	False		1.0
GO:BP	GO:0031647	regulation of protein stability	False		0	[]	False	1.0	1	"[""HSP90AB1""]"	False	1.0	2	"[""HSP90AB1"", ""PRKRA""]"	0	False		1.0
GO:BP	GO:0051223	regulation of protein transport	False	1.0	1	"[""DNM1L""]"	False	1.0	1	"[""DNM1L""]"	False	1.0	4	"[""B3GAT3"", ""DERL2"", ""DNM1L"", ""NFKBIA""]"	0	False		1.0
GO:BP	GO:0031396	regulation of protein ubiquitination	False	1.0	1	"[""WDR48""]"	False	1.0	2	"[""HSP90AB1"", ""WDR48""]"	False	1.0	2	"[""HSP90AB1"", ""WDR48""]"	0	False		1.0
GO:BP	GO:0043254	regulation of protein-containing complex assembly	False	1.0	1	"[""MLST8""]"	False	1.0	3	"[""LCMT1"", ""MLST8"", ""WASHC2C""]"	False	1.0	6	"[""FERMT2"", ""LCMT1"", ""MLST8"", ""RHOA"", ""TRAF2"", ""WASHC2C""]"	0	False		1.0
GO:BP	GO:0043244	regulation of protein-containing complex disassembly	False		0	[]	False	1.0	1	"[""WASHC2C""]"	False	1.0	2	"[""WASHC2C"", ""WDR1""]"	0	False		1.0
GO:BP	GO:0030162	regulation of proteolysis	False	1.0	1	"[""ENO1""]"	False	1.0	2	"[""ENO1"", ""FURIN""]"	False	1.0	2	"[""ENO1"", ""FURIN""]"	0	False		1.0
GO:BP	GO:1900371	regulation of purine nucleotide biosynthetic process	False	1.0	1	"[""ENO1""]"	False	1.0	1	"[""ENO1""]"	False	1.0	1	"[""ENO1""]"	0	False		1.0
GO:BP	GO:0033121	regulation of purine nucleotide catabolic process	False	1.0	1	"[""MLST8""]"	False	1.0	1	"[""MLST8""]"	False	1.0	1	"[""MLST8""]"	0	False		1.0
GO:BP	GO:1903426	regulation of reactive oxygen species biosynthetic process	False		0	[]	False		0	[]	False	1.0	1	"[""RHOA""]"	0	False		1.0
GO:BP	GO:2000377	regulation of reactive oxygen species metabolic process	False		0	[]	False	1.0	1	"[""G6PD""]"	False	1.0	2	"[""G6PD"", ""RHOA""]"	0	False		1.0
GO:BP	GO:2000644	regulation of receptor catabolic process	False		0	[]	False	1.0	1	"[""FURIN""]"	False	1.0	1	"[""FURIN""]"	0	False		1.0
GO:BP	GO:1903909	regulation of receptor clustering	False	1.0	1	"[""CRKL""]"	False	1.0	1	"[""CRKL""]"	False	1.0	2	"[""CRK"", ""CRKL""]"	0	False		1.0
GO:BP	GO:0046425	regulation of receptor signaling pathway via JAK-STAT	False	1.0	1	"[""WDR48""]"	False	1.0	1	"[""WDR48""]"	False	1.0	1	"[""WDR48""]"	0	False		1.0
GO:BP	GO:1904892	regulation of receptor signaling pathway via STAT	False	1.0	1	"[""WDR48""]"	False	1.0	1	"[""WDR48""]"	False	1.0	1	"[""WDR48""]"	0	False		1.0
GO:BP	GO:1903305	regulation of regulated secretory pathway	False		0	[]	False		0	[]	False	1.0	1	"[""RAB15""]"	0	False		1.0
GO:BP	GO:0070920	regulation of regulatory ncRNA processing	False		0	[]	False		0	[]	False	1.0	1	"[""PRKRA""]"	0	False		1.0
GO:BP	GO:0002831	regulation of response to biotic stimulus	False		0	[]	False		0	[]	False	1.0	2	"[""CRK"", ""NFKBIA""]"	0	False		1.0
GO:BP	GO:0060759	regulation of response to cytokine stimulus	False		0	[]	False		0	[]	False	1.0	1	"[""TRAF2""]"	0	False		1.0
GO:BP	GO:0032101	regulation of response to external stimulus	False	1.0	1	"[""DNM1L""]"	False	1.0	3	"[""DNM1L"", ""FURIN"", ""PTK2""]"	False	1.0	5	"[""CRK"", ""DNM1L"", ""FURIN"", ""NFKBIA"", ""PTK2""]"	0	False		1.0
GO:BP	GO:0048583	regulation of response to stimulus	False	1.0	9	"[""BRD2"", ""CRKL"", ""DNM1L"", ""ENO1"", ""FIS1"", ""KRAS"", ""MLST8"", ""UBA5"", ""WDR48""]"	False	1.0	16	"[""BRD2"", ""CRKL"", ""DNM1L"", ""ENO1"", ""FIS1"", ""FURIN"", ""G6PD"", ""HSP90AB1"", ""ING3"", ""KRAS"", ""LCMT1"", ""MLST8"", ""PTK2"", ""SLC35B2"", ""UBA5"", ""WDR48""]"	False	1.0	28	"[""BRD2"", ""CNOT1"", ""CRK"", ""CRKL"", ""DNM1L"", ""ENO1"", ""FERMT2"", ""FIS1"", ""FURIN"", ""G6PD"", ""HSP90AB1"", ""ING3"", ""ITGAV"", ""KRAS"", ""LCMT1"", ""MGRN1"", ""MLST8"", ""NFKBIA"", ""PRKRA"", ""PTK2"", ""RHOA"", ""SETD2"", ""SLC35B2"", ""TNS3"", ""TRAF2"", ""UBA5"", ""WDR48"", ""WDR83""]"	0	False		1.0
GO:BP	GO:0080134	regulation of response to stress	False	1.0	2	"[""ENO1"", ""WDR48""]"	False	1.0	5	"[""ENO1"", ""FURIN"", ""ING3"", ""PTK2"", ""WDR48""]"	False	1.0	9	"[""CRK"", ""ENO1"", ""FERMT2"", ""FURIN"", ""ING3"", ""NFKBIA"", ""PTK2"", ""SETD2"", ""WDR48""]"	0	False		1.0
GO:BP	GO:1903034	regulation of response to wounding	False		0	[]	False	1.0	1	"[""PTK2""]"	False	1.0	3	"[""CRK"", ""FERMT2"", ""PTK2""]"	0	False		1.0
GO:BP	GO:0048385	regulation of retinoic acid receptor signaling pathway	False		0	[]	False		0	[]	False	1.0	1	"[""CNOT1""]"	0	False		1.0
GO:BP	GO:1904152	regulation of retrograde protein transport, ER to cytosol	False		0	[]	False		0	[]	False	1.0	1	"[""DERL2""]"	0	False		1.0
GO:BP	GO:2000197	regulation of ribonucleoprotein complex localization	False		0	[]	False		0	[]	False	1.0	2	"[""IWS1"", ""SETD2""]"	0	False		1.0
GO:BP	GO:0051046	regulation of secretion	False	1.0	1	"[""DNM1L""]"	False	1.0	1	"[""DNM1L""]"	False	1.0	2	"[""DNM1L"", ""RAB15""]"	0	False		1.0
GO:BP	GO:1903530	regulation of secretion by cell	False	1.0	1	"[""DNM1L""]"	False	1.0	1	"[""DNM1L""]"	False	1.0	2	"[""DNM1L"", ""RAB15""]"	0	False		1.0
GO:BP	GO:0009966	regulation of signal transduction	False	1.0	7	"[""CRKL"", ""ENO1"", ""FIS1"", ""KRAS"", ""MLST8"", ""UBA5"", ""WDR48""]"	False	1.0	12	"[""CRKL"", ""ENO1"", ""FIS1"", ""FURIN"", ""HSP90AB1"", ""KRAS"", ""LCMT1"", ""MLST8"", ""PTK2"", ""SLC35B2"", ""UBA5"", ""WDR48""]"	False	1.0	23	"[""CNOT1"", ""CRK"", ""CRKL"", ""ENO1"", ""FERMT2"", ""FIS1"", ""FURIN"", ""HSP90AB1"", ""ITGAV"", ""KRAS"", ""LCMT1"", ""MGRN1"", ""MLST8"", ""NFKBIA"", ""PRKRA"", ""PTK2"", ""RHOA"", ""SLC35B2"", ""TNS3"", ""TRAF2"", ""UBA5"", ""WDR48"", ""WDR83""]"	0	False		1.0
GO:BP	GO:0023051	regulation of signaling	False	1.0	7	"[""CRKL"", ""ENO1"", ""FIS1"", ""KRAS"", ""MLST8"", ""UBA5"", ""WDR48""]"	False	1.0	12	"[""CRKL"", ""ENO1"", ""FIS1"", ""FURIN"", ""HSP90AB1"", ""KRAS"", ""LCMT1"", ""MLST8"", ""PTK2"", ""SLC35B2"", ""UBA5"", ""WDR48""]"	False	1.0	23	"[""CNOT1"", ""CRK"", ""CRKL"", ""ENO1"", ""FERMT2"", ""FIS1"", ""FURIN"", ""HSP90AB1"", ""ITGAV"", ""KRAS"", ""LCMT1"", ""MGRN1"", ""MLST8"", ""NFKBIA"", ""PRKRA"", ""PTK2"", ""RHOA"", ""SLC35B2"", ""TNS3"", ""TRAF2"", ""UBA5"", ""WDR48"", ""WDR83""]"	0	False		1.0
GO:BP	GO:0033045	regulation of sister chromatid segregation	False		0	[]	False	1.0	1	"[""LCMT1""]"	False	1.0	1	"[""LCMT1""]"	0	False		1.0
GO:BP	GO:1904393	regulation of skeletal muscle acetylcholine-gated channel clustering	False	1.0	1	"[""CRKL""]"	False	1.0	1	"[""CRKL""]"	False	1.0	2	"[""CRK"", ""CRKL""]"	0	False		1.0
GO:BP	GO:0051056	regulation of small GTPase mediated signal transduction	False	1.0	2	"[""CRKL"", ""KRAS""]"	False	1.0	2	"[""CRKL"", ""KRAS""]"	False	1.0	6	"[""CRK"", ""CRKL"", ""FERMT2"", ""ITGAV"", ""KRAS"", ""TNS3""]"	0	False		1.0
GO:BP	GO:0062012	regulation of small molecule metabolic process	False	1.0	4	"[""DNM1L"", ""ENO1"", ""FIS1"", ""MLST8""]"	False	1.0	5	"[""DNM1L"", ""ENO1"", ""FIS1"", ""LCMT1"", ""MLST8""]"	False	1.0	5	"[""DNM1L"", ""ENO1"", ""FIS1"", ""LCMT1"", ""MLST8""]"	0	False		1.0
GO:BP	GO:0034391	regulation of smooth muscle cell apoptotic process	False		0	[]	False		0	[]	False	1.0	1	"[""RBM10""]"	0	False		1.0
GO:BP	GO:0014910	regulation of smooth muscle cell migration	False		0	[]	False	1.0	1	"[""DOCK5""]"	False	1.0	2	"[""CRK"", ""DOCK5""]"	0	False		1.0
GO:BP	GO:0048660	regulation of smooth muscle cell proliferation	False		0	[]	False		0	[]	False	1.0	1	"[""RBM10""]"	0	False		1.0
GO:BP	GO:0006940	regulation of smooth muscle contraction	False		0	[]	False	1.0	1	"[""DOCK5""]"	False	1.0	2	"[""DOCK5"", ""RHOA""]"	0	False		1.0
GO:BP	GO:0008589	regulation of smoothened signaling pathway	False		0	[]	False		0	[]	False	1.0	1	"[""MGRN1""]"	0	False		1.0
GO:BP	GO:0090231	regulation of spindle checkpoint	False		0	[]	False	1.0	1	"[""LCMT1""]"	False	1.0	1	"[""LCMT1""]"	0	False		1.0
GO:BP	GO:2000036	regulation of stem cell population maintenance	False		0	[]	False		0	[]	False	1.0	1	"[""CNOT1""]"	0	False		1.0
GO:BP	GO:0072091	regulation of stem cell proliferation	False		0	[]	False		0	[]	False	1.0	1	"[""FERMT2""]"	0	False		1.0
GO:BP	GO:0032371	regulation of sterol transport	False		0	[]	False	1.0	1	"[""FURIN""]"	False	1.0	2	"[""FURIN"", ""NFKBIA""]"	0	False		1.0
GO:BP	GO:0051492	regulation of stress fiber assembly	False		0	[]	False		0	[]	False	1.0	2	"[""FERMT2"", ""RHOA""]"	0	False		1.0
GO:BP	GO:0051153	regulation of striated muscle cell differentiation	False		0	[]	False	1.0	1	"[""G6PD""]"	False	1.0	1	"[""G6PD""]"	0	False		1.0
GO:BP	GO:1902903	regulation of supramolecular fiber organization	False	1.0	1	"[""MLST8""]"	False	1.0	2	"[""MLST8"", ""WASHC2C""]"	False	1.0	5	"[""FERMT2"", ""MLST8"", ""RHOA"", ""WASHC2C"", ""WDR1""]"	0	False		1.0
GO:BP	GO:0050807	regulation of synapse organization	False		0	[]	False		0	[]	False	1.0	1	"[""RHOA""]"	0	False		1.0
GO:BP	GO:0050803	regulation of synapse structure or activity	False		0	[]	False		0	[]	False	1.0	1	"[""RHOA""]"	0	False		1.0
GO:BP	GO:0048167	regulation of synaptic plasticity	False	1.0	1	"[""KRAS""]"	False	1.0	1	"[""KRAS""]"	False	1.0	1	"[""KRAS""]"	0	False		1.0
GO:BP	GO:0032228	regulation of synaptic transmission, GABAergic	False	1.0	1	"[""KRAS""]"	False	1.0	1	"[""KRAS""]"	False	1.0	1	"[""KRAS""]"	0	False		1.0
GO:BP	GO:0044057	regulation of system process	False	1.0	1	"[""ENO1""]"	False	1.0	3	"[""DOCK5"", ""ENO1"", ""G6PD""]"	False	1.0	4	"[""DOCK5"", ""ENO1"", ""G6PD"", ""RHOA""]"	0	False		1.0
GO:BP	GO:0003073	regulation of systemic arterial blood pressure	False		0	[]	False		0	[]	False	1.0	1	"[""RHOA""]"	0	False		1.0
GO:BP	GO:0003100	regulation of systemic arterial blood pressure by endothelin	False		0	[]	False		0	[]	False	1.0	1	"[""RHOA""]"	0	False		1.0
GO:BP	GO:0001990	regulation of systemic arterial blood pressure by hormone	False		0	[]	False		0	[]	False	1.0	1	"[""RHOA""]"	0	False		1.0
GO:BP	GO:0003081	regulation of systemic arterial blood pressure by renin-angiotensin	False		0	[]	False		0	[]	False	1.0	1	"[""RHOA""]"	0	False		1.0
GO:BP	GO:0003044	regulation of systemic arterial blood pressure mediated by a chemical signal	False		0	[]	False		0	[]	False	1.0	1	"[""RHOA""]"	0	False		1.0
GO:BP	GO:0032204	regulation of telomere maintenance	False	1.0	1	"[""HNRNPA1""]"	False	1.0	1	"[""HNRNPA1""]"	False	1.0	1	"[""HNRNPA1""]"	0	False		1.0
GO:BP	GO:0032210	regulation of telomere maintenance via telomerase	False	1.0	1	"[""HNRNPA1""]"	False	1.0	1	"[""HNRNPA1""]"	False	1.0	1	"[""HNRNPA1""]"	0	False		1.0
GO:BP	GO:1904356	regulation of telomere maintenance via telomere lengthening	False	1.0	1	"[""HNRNPA1""]"	False	1.0	1	"[""HNRNPA1""]"	False	1.0	1	"[""HNRNPA1""]"	0	False		1.0
GO:BP	GO:0099177	regulation of trans-synaptic signaling	False	1.0	1	"[""KRAS""]"	False	1.0	1	"[""KRAS""]"	False	1.0	1	"[""KRAS""]"	0	False		1.0
GO:BP	GO:0006357	regulation of transcription by RNA polymerase II	False	1.0	3	"[""BRD2"", ""ENO1"", ""ZNF217""]"	False	1.0	5	"[""BRD2"", ""ENO1"", ""ING3"", ""TGIF1"", ""ZNF217""]"	False	1.0	15	"[""BRD2"", ""CNOT1"", ""CRK"", ""ENO1"", ""FOXO3B"", ""ING3"", ""MED24"", ""NACC1"", ""NFKBIA"", ""RBM10"", ""RCOR1"", ""RHOA"", ""SP3"", ""TGIF1"", ""ZNF217""]"	0	False		1.0
GO:BP	GO:0034243	regulation of transcription elongation by RNA polymerase II	False	1.0	1	"[""EAF1""]"	False	1.0	1	"[""EAF1""]"	False	1.0	2	"[""EAF1"", ""MED24""]"	0	False		1.0
GO:BP	GO:0060260	regulation of transcription initiation by RNA polymerase II	False		0	[]	False		0	[]	False	1.0	2	"[""MED24"", ""NFKBIA""]"	0	False		1.0
GO:BP	GO:0051338	regulation of transferase activity	False		0	[]	False	1.0	1	"[""PTK2""]"	False	1.0	3	"[""PTK2"", ""RHOA"", ""TRAF2""]"	0	False		1.0
GO:BP	GO:0071634	regulation of transforming growth factor beta production	False		0	[]	False	1.0	1	"[""FURIN""]"	False	1.0	1	"[""FURIN""]"	0	False		1.0
GO:BP	GO:0017015	regulation of transforming growth factor beta receptor signaling pathway	False		0	[]	False	1.0	1	"[""HSP90AB1""]"	False	1.0	1	"[""HSP90AB1""]"	0	False		1.0
GO:BP	GO:0032908	regulation of transforming growth factor beta1 production	False		0	[]	False	1.0	1	"[""FURIN""]"	False	1.0	1	"[""FURIN""]"	0	False		1.0
GO:BP	GO:0006417	regulation of translation	False	1.0	1	"[""SYNCRIP""]"	False	1.0	2	"[""SERBP1"", ""SYNCRIP""]"	False	1.0	4	"[""CNOT1"", ""GCN1"", ""SERBP1"", ""SYNCRIP""]"	0	False		1.0
GO:BP	GO:0006450	regulation of translational fidelity	False		0	[]	False	1.0	1	"[""TARS2""]"	False	1.0	1	"[""TARS2""]"	0	False		1.0
GO:BP	GO:0090092	regulation of transmembrane receptor protein serine/threonine kinase signaling pathway	False	1.0	1	"[""CRKL""]"	False	1.0	2	"[""CRKL"", ""HSP90AB1""]"	False	1.0	2	"[""CRKL"", ""HSP90AB1""]"	0	False		1.0
GO:BP	GO:0034762	regulation of transmembrane transport	False		0	[]	False	1.0	1	"[""G6PD""]"	False	1.0	1	"[""G6PD""]"	0	False		1.0
GO:BP	GO:0051049	regulation of transport	False	1.0	2	"[""DNM1L"", ""FIS1""]"	False	1.0	4	"[""DNM1L"", ""FIS1"", ""FURIN"", ""G6PD""]"	False	1.0	11	"[""B3GAT3"", ""DERL2"", ""DNM1L"", ""FIS1"", ""FURIN"", ""G6PD"", ""ITGAV"", ""IWS1"", ""NFKBIA"", ""RAB15"", ""SETD2""]"	0	False		1.0
GO:BP	GO:0035296	regulation of tube diameter	False		0	[]	False	1.0	1	"[""DOCK5""]"	False	1.0	2	"[""DOCK5"", ""RHOA""]"	0	False		1.0
GO:BP	GO:0035150	regulation of tube size	False		0	[]	False	1.0	1	"[""DOCK5""]"	False	1.0	2	"[""DOCK5"", ""RHOA""]"	0	False		1.0
GO:BP	GO:0010803	regulation of tumor necrosis factor-mediated signaling pathway	False		0	[]	False		0	[]	False	1.0	1	"[""TRAF2""]"	0	False		1.0
GO:BP	GO:0032479	regulation of type I interferon production	False		0	[]	False		0	[]	False	1.0	1	"[""SETD2""]"	0	False		1.0
GO:BP	GO:0032649	regulation of type II interferon production	False	1.0	1	"[""UBA5""]"	False	1.0	1	"[""UBA5""]"	False	1.0	1	"[""UBA5""]"	0	False		1.0
GO:BP	GO:2000058	regulation of ubiquitin-dependent protein catabolic process	False		0	[]	False	1.0	2	"[""HSP90AB1"", ""PTK2""]"	False	1.0	2	"[""HSP90AB1"", ""PTK2""]"	0	False		1.0
GO:BP	GO:1905459	regulation of vascular associated smooth muscle cell apoptotic process	False		0	[]	False		0	[]	False	1.0	1	"[""RBM10""]"	0	False		1.0
GO:BP	GO:1904752	regulation of vascular associated smooth muscle cell migration	False		0	[]	False	1.0	1	"[""DOCK5""]"	False	1.0	1	"[""DOCK5""]"	0	False		1.0
GO:BP	GO:1904705	regulation of vascular associated smooth muscle cell proliferation	False		0	[]	False		0	[]	False	1.0	1	"[""RBM10""]"	0	False		1.0
GO:BP	GO:0003056	regulation of vascular associated smooth muscle contraction	False		0	[]	False	1.0	1	"[""DOCK5""]"	False	1.0	2	"[""DOCK5"", ""RHOA""]"	0	False		1.0
GO:BP	GO:0043114	regulation of vascular permeability	False		0	[]	False		0	[]	False	1.0	1	"[""FERMT2""]"	0	False		1.0
GO:BP	GO:0019229	regulation of vasoconstriction	False		0	[]	False	1.0	1	"[""DOCK5""]"	False	1.0	2	"[""DOCK5"", ""RHOA""]"	0	False		1.0
GO:BP	GO:0060307	regulation of ventricular cardiac muscle cell membrane repolarization	False		0	[]	False		0	[]	False	1.0	1	"[""WDR1""]"	0	False		1.0
GO:BP	GO:0060627	regulation of vesicle-mediated transport	False		0	[]	False		0	[]	False	1.0	2	"[""ITGAV"", ""RAB15""]"	0	False		1.0
GO:BP	GO:0046596	regulation of viral entry into host cell	False		0	[]	False	1.0	1	"[""FURIN""]"	False	1.0	1	"[""FURIN""]"	0	False		1.0
GO:BP	GO:1903900	regulation of viral life cycle	False		0	[]	False	1.0	1	"[""FURIN""]"	False	1.0	1	"[""FURIN""]"	0	False		1.0
GO:BP	GO:0050792	regulation of viral process	False		0	[]	False	1.0	1	"[""FURIN""]"	False	1.0	1	"[""FURIN""]"	0	False		1.0
GO:BP	GO:0061041	regulation of wound healing	False		0	[]	False	1.0	1	"[""PTK2""]"	False	1.0	3	"[""CRK"", ""FERMT2"", ""PTK2""]"	0	False		1.0
GO:BP	GO:1903689	regulation of wound healing, spreading of epidermal cells	False		0	[]	False		0	[]	False	1.0	1	"[""FERMT2""]"	0	False		1.0
GO:BP	GO:0070918	regulatory ncRNA processing	False		0	[]	False		0	[]	False	1.0	1	"[""PRKRA""]"	0	False		1.0
GO:BP	GO:0031047	regulatory ncRNA-mediated gene silencing	False		0	[]	False		0	[]	False	1.0	2	"[""CNOT1"", ""PRKRA""]"	0	False		1.0
GO:BP	GO:0035194	regulatory ncRNA-mediated post-transcriptional gene silencing	False		0	[]	False		0	[]	False	1.0	1	"[""CNOT1""]"	0	False		1.0
GO:BP	GO:0072001	renal system development	False		0	[]	False		0	[]	False	1.0	1	"[""RHOA""]"	0	False		1.0
GO:BP	GO:0022414	reproductive process	False	1.0	3	"[""BRD2"", ""CRKL"", ""WDR48""]"	False	1.0	3	"[""BRD2"", ""CRKL"", ""WDR48""]"	False	1.0	6	"[""BRD2"", ""CRKL"", ""NDC1"", ""RMI1"", ""SP3"", ""WDR48""]"	0	False		1.0
GO:BP	GO:0048608	reproductive structure development	False	1.0	2	"[""CRKL"", ""WDR48""]"	False	1.0	2	"[""CRKL"", ""WDR48""]"	False	1.0	2	"[""CRKL"", ""WDR48""]"	0	False		1.0
GO:BP	GO:0061458	reproductive system development	False	1.0	2	"[""CRKL"", ""WDR48""]"	False	1.0	2	"[""CRKL"", ""WDR48""]"	False	1.0	2	"[""CRKL"", ""WDR48""]"	0	False		1.0
GO:BP	GO:0072344	rescue of stalled cytosolic ribosome	False		0	[]	False		0	[]	False	1.0	1	"[""GCN1""]"	0	False		1.0
GO:BP	GO:0071139	resolution of DNA recombination intermediates	False		0	[]	False		0	[]	False	1.0	1	"[""RMI1""]"	0	False		1.0
GO:BP	GO:0000712	resolution of meiotic recombination intermediates	False		0	[]	False		0	[]	False	1.0	1	"[""RMI1""]"	0	False		1.0
GO:BP	GO:0008535	respiratory chain complex IV assembly	False	1.0	1	"[""COX18""]"	False	1.0	1	"[""COX18""]"	False	1.0	1	"[""COX18""]"	0	False		1.0
GO:BP	GO:0022904	respiratory electron transport chain	False		0	[]	False	1.0	1	"[""CYC1""]"	False	1.0	1	"[""CYC1""]"	0	False		1.0
GO:BP	GO:0060541	respiratory system development	False	1.0	1	"[""KRAS""]"	False	1.0	1	"[""KRAS""]"	False	1.0	2	"[""KRAS"", ""SP3""]"	0	False		1.0
GO:BP	GO:0030323	respiratory tube development	False	1.0	1	"[""KRAS""]"	False	1.0	1	"[""KRAS""]"	False	1.0	2	"[""KRAS"", ""SP3""]"	0	False		1.0
GO:BP	GO:1902065	response to L-glutamate	False		0	[]	False		0	[]	False	1.0	1	"[""AIFM1""]"	0	False		1.0
GO:BP	GO:0009628	response to abiotic stimulus	False	1.0	3	"[""ENO1"", ""KRAS"", ""MLST8""]"	False	1.0	5	"[""ENO1"", ""HSP90AB1"", ""KRAS"", ""MLST8"", ""PTK2""]"	False	1.0	11	"[""ADSL"", ""AIFM1"", ""BRAT1"", ""ENO1"", ""GPI"", ""HSP90AB1"", ""KRAS"", ""MLST8"", ""NFKBIA"", ""PTK2"", ""WDR83""]"	0	False		1.0
GO:BP	GO:1905144	response to acetylcholine	False	1.0	1	"[""CRKL""]"	False	1.0	1	"[""CRKL""]"	False	1.0	1	"[""CRKL""]"	0	False		1.0
GO:BP	GO:0001101	response to acid chemical	False		0	[]	False		0	[]	False	1.0	1	"[""AIFM1""]"	0	False		1.0
GO:BP	GO:0014823	response to activity	False		0	[]	False		0	[]	False	1.0	1	"[""ADSL""]"	0	False		1.0
GO:BP	GO:0097305	response to alcohol	False		0	[]	False	1.0	1	"[""G6PD""]"	False	1.0	2	"[""AIFM1"", ""G6PD""]"	0	False		1.0
GO:BP	GO:1904044	response to aldosterone	False		0	[]	False		0	[]	False	1.0	1	"[""AIFM1""]"	0	False		1.0
GO:BP	GO:0043200	response to amino acid	False		0	[]	False		0	[]	False	1.0	1	"[""AIFM1""]"	0	False		1.0
GO:BP	GO:1990928	response to amino acid starvation	False		0	[]	False		0	[]	False	1.0	1	"[""GCN1""]"	0	False		1.0
GO:BP	GO:0046685	response to arsenic-containing substance	False	1.0	1	"[""HNRNPA1""]"	False	1.0	1	"[""HNRNPA1""]"	False	1.0	1	"[""HNRNPA1""]"	0	False		1.0
GO:BP	GO:0009617	response to bacterium	False		0	[]	False		0	[]	False	1.0	3	"[""NFKBIA"", ""RHOA"", ""WDR83""]"	0	False		1.0
GO:BP	GO:0009607	response to biotic stimulus	False	1.0	2	"[""ENO1"", ""SYNCRIP""]"	False	1.0	2	"[""ENO1"", ""SYNCRIP""]"	False	1.0	9	"[""CRK"", ""ENO1"", ""NFKBIA"", ""PRKRA"", ""RHOA"", ""SETD2"", ""SYNCRIP"", ""TRAF2"", ""WDR83""]"	0	False		1.0
GO:BP	GO:0046686	response to cadmium ion	False		0	[]	False		0	[]	False	1.0	1	"[""GPI""]"	0	False		1.0
GO:BP	GO:0009743	response to carbohydrate	False		0	[]	False	1.0	1	"[""TRA2B""]"	False	1.0	2	"[""RMI1"", ""TRA2B""]"	0	False		1.0
GO:BP	GO:0042221	response to chemical	False	1.0	8	"[""CRKL"", ""DNM1L"", ""ENO1"", ""HNRNPA1"", ""MLST8"", ""SYNCRIP"", ""UBA5"", ""UBIAD1""]"	False	1.0	14	"[""CRKL"", ""CYC1"", ""DNM1L"", ""ENO1"", ""G6PD"", ""HNRNPA1"", ""HSP90AB1"", ""MLST8"", ""PTK2"", ""SYNCRIP"", ""TGIF1"", ""TRA2B"", ""UBA5"", ""UBIAD1""]"	False	1.0	29	"[""ADSL"", ""AIFM1"", ""CNOT1"", ""CRK"", ""CRKL"", ""CTPS1"", ""CYC1"", ""DERL2"", ""DNM1L"", ""ENO1"", ""G6PD"", ""GPI"", ""HNRNPA1"", ""HSP90AB1"", ""ITGAV"", ""MLST8"", ""NFKBIA"", ""PRKRA"", ""PTK2"", ""RHOA"", ""RMI1"", ""SETD2"", ""SYNCRIP"", ""TGIF1"", ""TRA2B"", ""TRAF2"", ""UBA5"", ""UBIAD1"", ""WDR83""]"	0	False		1.0
GO:BP	GO:1990868	response to chemokine	False		0	[]	False		0	[]	False	1.0	1	"[""RHOA""]"	0	False		1.0
GO:BP	GO:0061847	response to cholecystokinin	False		0	[]	False		0	[]	False	1.0	1	"[""CRK""]"	0	False		1.0
GO:BP	GO:0009409	response to cold	False		0	[]	False		0	[]	False	1.0	1	"[""NFKBIA""]"	0	False		1.0
GO:BP	GO:0031960	response to corticosteroid	False		0	[]	False		0	[]	False	1.0	1	"[""AIFM1""]"	0	False		1.0
GO:BP	GO:0034097	response to cytokine	False	1.0	2	"[""CRKL"", ""SYNCRIP""]"	False	1.0	3	"[""CRKL"", ""HSP90AB1"", ""SYNCRIP""]"	False	1.0	7	"[""CRKL"", ""HSP90AB1"", ""NFKBIA"", ""RHOA"", ""SETD2"", ""SYNCRIP"", ""TRAF2""]"	0	False		1.0
GO:BP	GO:0036293	response to decreased oxygen levels	False	1.0	2	"[""ENO1"", ""MLST8""]"	False	1.0	2	"[""ENO1"", ""MLST8""]"	False	1.0	5	"[""ADSL"", ""AIFM1"", ""ENO1"", ""MLST8"", ""WDR83""]"	0	False		1.0
GO:BP	GO:0002021	response to dietary excess	False		0	[]	False		0	[]	False	1.0	1	"[""RMI1""]"	0	False		1.0
GO:BP	GO:0043331	response to dsRNA	False		0	[]	False		0	[]	False	1.0	1	"[""NFKBIA""]"	0	False		1.0
GO:BP	GO:0009719	response to endogenous stimulus	False	1.0	2	"[""CRKL"", ""UBA5""]"	False	1.0	8	"[""CRKL"", ""CYC1"", ""FURIN"", ""HSP90AB1"", ""ITGB5"", ""PTK2"", ""TGIF1"", ""UBA5""]"	False	1.0	14	"[""AIFM1"", ""CNOT1"", ""CRK"", ""CRKL"", ""CYC1"", ""FERMT2"", ""FURIN"", ""GPI"", ""HSP90AB1"", ""ITGB5"", ""PTK2"", ""RHOA"", ""TGIF1"", ""UBA5""]"	0	False		1.0
GO:BP	GO:0034976	response to endoplasmic reticulum stress	False	1.0	1	"[""UBA5""]"	False	1.0	1	"[""UBA5""]"	False	1.0	4	"[""AIFM1"", ""DERL2"", ""TRAF2"", ""UBA5""]"	0	False		1.0
GO:BP	GO:1990839	response to endothelin	False		0	[]	False		0	[]	False	1.0	1	"[""CRK""]"	0	False		1.0
GO:BP	GO:0032355	response to estradiol	False		0	[]	False		0	[]	False	1.0	2	"[""AIFM1"", ""GPI""]"	0	False		1.0
GO:BP	GO:0045471	response to ethanol	False		0	[]	False	1.0	1	"[""G6PD""]"	False	1.0	1	"[""G6PD""]"	0	False		1.0
GO:BP	GO:0043330	response to exogenous dsRNA	False		0	[]	False		0	[]	False	1.0	1	"[""NFKBIA""]"	0	False		1.0
GO:BP	GO:0043207	response to external biotic stimulus	False	1.0	2	"[""ENO1"", ""SYNCRIP""]"	False	1.0	2	"[""ENO1"", ""SYNCRIP""]"	False	1.0	9	"[""CRK"", ""ENO1"", ""NFKBIA"", ""PRKRA"", ""RHOA"", ""SETD2"", ""SYNCRIP"", ""TRAF2"", ""WDR83""]"	0	False		1.0
GO:BP	GO:0009605	response to external stimulus	False	1.0	4	"[""CRKL"", ""DNM1L"", ""ENO1"", ""SYNCRIP""]"	False	1.0	6	"[""CRKL"", ""DNM1L"", ""ENO1"", ""FURIN"", ""PTK2"", ""SYNCRIP""]"	False	1.0	15	"[""CRK"", ""CRKL"", ""DNM1L"", ""ENO1"", ""FURIN"", ""GPI"", ""ITGAV"", ""NFKBIA"", ""PRKRA"", ""PTK2"", ""RHOA"", ""SETD2"", ""SYNCRIP"", ""TRAF2"", ""WDR83""]"	0	False		1.0
GO:BP	GO:0071774	response to fibroblast growth factor	False	1.0	1	"[""CRKL""]"	False	1.0	1	"[""CRKL""]"	False	1.0	1	"[""CRKL""]"	0	False		1.0
GO:BP	GO:0034405	response to fluid shear stress	False		0	[]	False	1.0	1	"[""PTK2""]"	False	1.0	1	"[""PTK2""]"	0	False		1.0
GO:BP	GO:0032094	response to food	False		0	[]	False	1.0	1	"[""G6PD""]"	False	1.0	1	"[""G6PD""]"	0	False		1.0
GO:BP	GO:0009620	response to fungus	False		0	[]	False		0	[]	False	1.0	1	"[""CRK""]"	0	False		1.0
GO:BP	GO:0033762	response to glucagon	False		0	[]	False	1.0	1	"[""CYC1""]"	False	1.0	1	"[""CYC1""]"	0	False		1.0
GO:BP	GO:0009749	response to glucose	False		0	[]	False	1.0	1	"[""TRA2B""]"	False	1.0	2	"[""RMI1"", ""TRA2B""]"	0	False		1.0
GO:BP	GO:0070848	response to growth factor	False	1.0	1	"[""CRKL""]"	False	1.0	6	"[""CRKL"", ""FURIN"", ""HSP90AB1"", ""ITGB5"", ""PTK2"", ""TGIF1""]"	False	1.0	8	"[""CRK"", ""CRKL"", ""FERMT2"", ""FURIN"", ""HSP90AB1"", ""ITGB5"", ""PTK2"", ""TGIF1""]"	0	False		1.0
GO:BP	GO:0060416	response to growth hormone	False		0	[]	False	1.0	1	"[""PTK2""]"	False	1.0	1	"[""PTK2""]"	0	False		1.0
GO:BP	GO:0009408	response to heat	False		0	[]	False	1.0	1	"[""HSP90AB1""]"	False	1.0	1	"[""HSP90AB1""]"	0	False		1.0
GO:BP	GO:0035728	response to hepatocyte growth factor	False		0	[]	False		0	[]	False	1.0	1	"[""CRK""]"	0	False		1.0
GO:BP	GO:0009746	response to hexose	False		0	[]	False	1.0	1	"[""TRA2B""]"	False	1.0	2	"[""RMI1"", ""TRA2B""]"	0	False		1.0
GO:BP	GO:0009725	response to hormone	False	1.0	2	"[""CRKL"", ""UBA5""]"	False	1.0	4	"[""CRKL"", ""CYC1"", ""PTK2"", ""UBA5""]"	False	1.0	9	"[""AIFM1"", ""CNOT1"", ""CRK"", ""CRKL"", ""CYC1"", ""GPI"", ""PTK2"", ""RHOA"", ""UBA5""]"	0	False		1.0
GO:BP	GO:0042542	response to hydrogen peroxide	False		0	[]	False		0	[]	False	1.0	2	"[""AIFM1"", ""CRK""]"	0	False		1.0
GO:BP	GO:0001666	response to hypoxia	False	1.0	2	"[""ENO1"", ""MLST8""]"	False	1.0	2	"[""ENO1"", ""MLST8""]"	False	1.0	5	"[""ADSL"", ""AIFM1"", ""ENO1"", ""MLST8"", ""WDR83""]"	0	False		1.0
GO:BP	GO:0035902	response to immobilization stress	False		0	[]	False		0	[]	False	1.0	1	"[""GPI""]"	0	False		1.0
GO:BP	GO:0070555	response to interleukin-1	False		0	[]	False		0	[]	False	1.0	1	"[""NFKBIA""]"	0	False		1.0
GO:BP	GO:0097396	response to interleukin-17	False		0	[]	False		0	[]	False	1.0	1	"[""TRAF2""]"	0	False		1.0
GO:BP	GO:0070670	response to interleukin-4	False		0	[]	False	1.0	1	"[""HSP90AB1""]"	False	1.0	1	"[""HSP90AB1""]"	0	False		1.0
GO:BP	GO:0098760	response to interleukin-7	False	1.0	1	"[""CRKL""]"	False	1.0	1	"[""CRKL""]"	False	1.0	1	"[""CRKL""]"	0	False		1.0
GO:BP	GO:0010212	response to ionizing radiation	False		0	[]	False		0	[]	False	1.0	1	"[""BRAT1""]"	0	False		1.0
GO:BP	GO:0010039	response to iron ion	False		0	[]	False	1.0	1	"[""G6PD""]"	False	1.0	1	"[""G6PD""]"	0	False		1.0
GO:BP	GO:0010041	response to iron(III) ion	False		0	[]	False	1.0	1	"[""G6PD""]"	False	1.0	1	"[""G6PD""]"	0	False		1.0
GO:BP	GO:0002931	response to ischemia	False		0	[]	False		0	[]	False	1.0	1	"[""AIFM1""]"	0	False		1.0
GO:BP	GO:1901654	response to ketone	False		0	[]	False		0	[]	False	1.0	2	"[""AIFM1"", ""GPI""]"	0	False		1.0
GO:BP	GO:0009416	response to light stimulus	False	1.0	1	"[""KRAS""]"	False	1.0	1	"[""KRAS""]"	False	1.0	1	"[""KRAS""]"	0	False		1.0
GO:BP	GO:0033993	response to lipid	False	1.0	1	"[""UBA5""]"	False	1.0	1	"[""UBA5""]"	False	1.0	7	"[""AIFM1"", ""CNOT1"", ""GPI"", ""NFKBIA"", ""RHOA"", ""UBA5"", ""WDR83""]"	0	False		1.0
GO:BP	GO:0032496	response to lipopolysaccharide	False		0	[]	False		0	[]	False	1.0	3	"[""NFKBIA"", ""RHOA"", ""WDR83""]"	0	False		1.0
GO:BP	GO:0009612	response to mechanical stimulus	False		0	[]	False	1.0	1	"[""PTK2""]"	False	1.0	3	"[""GPI"", ""NFKBIA"", ""PTK2""]"	0	False		1.0
GO:BP	GO:0010038	response to metal ion	False		0	[]	False	1.0	1	"[""G6PD""]"	False	1.0	2	"[""G6PD"", ""GPI""]"	0	False		1.0
GO:BP	GO:0051385	response to mineralocorticoid	False		0	[]	False		0	[]	False	1.0	1	"[""AIFM1""]"	0	False		1.0
GO:BP	GO:0002237	response to molecule of bacterial origin	False		0	[]	False		0	[]	False	1.0	3	"[""NFKBIA"", ""RHOA"", ""WDR83""]"	0	False		1.0
GO:BP	GO:0034284	response to monosaccharide	False		0	[]	False	1.0	1	"[""TRA2B""]"	False	1.0	2	"[""RMI1"", ""TRA2B""]"	0	False		1.0
GO:BP	GO:0032495	response to muramyl dipeptide	False		0	[]	False		0	[]	False	1.0	1	"[""NFKBIA""]"	0	False		1.0
GO:BP	GO:0014850	response to muscle activity	False		0	[]	False		0	[]	False	1.0	1	"[""ADSL""]"	0	False		1.0
GO:BP	GO:0035994	response to muscle stretch	False		0	[]	False	1.0	1	"[""PTK2""]"	False	1.0	3	"[""GPI"", ""NFKBIA"", ""PTK2""]"	0	False		1.0
GO:BP	GO:1990089	response to nerve growth factor	False		0	[]	False		0	[]	False	1.0	1	"[""CRK""]"	0	False		1.0
GO:BP	GO:0071731	response to nitric oxide	False		0	[]	False		0	[]	False	1.0	3	"[""AIFM1"", ""CRK"", ""TRAF2""]"	0	False		1.0
GO:BP	GO:1901698	response to nitrogen compound	False	1.0	1	"[""CRKL""]"	False	1.0	3	"[""CRKL"", ""CYC1"", ""PTK2""]"	False	1.0	7	"[""AIFM1"", ""CRK"", ""CRKL"", ""CYC1"", ""NFKBIA"", ""PTK2"", ""TRAF2""]"	0	False		1.0
GO:BP	GO:0007584	response to nutrient	False		0	[]	False		0	[]	False	1.0	1	"[""ADSL""]"	0	False		1.0
GO:BP	GO:0031667	response to nutrient levels	False	1.0	2	"[""HNRNPA1"", ""MLST8""]"	False	1.0	3	"[""G6PD"", ""HNRNPA1"", ""MLST8""]"	False	1.0	6	"[""ADSL"", ""G6PD"", ""GCN1"", ""HNRNPA1"", ""MLST8"", ""RMI1""]"	0	False		1.0
GO:BP	GO:0097702	response to oscillatory fluid shear stress	False		0	[]	False	1.0	1	"[""PTK2""]"	False	1.0	1	"[""PTK2""]"	0	False		1.0
GO:BP	GO:0006970	response to osmotic stress	False	1.0	1	"[""MLST8""]"	False	1.0	1	"[""MLST8""]"	False	1.0	1	"[""MLST8""]"	0	False		1.0
GO:BP	GO:0051707	response to other organism	False	1.0	2	"[""ENO1"", ""SYNCRIP""]"	False	1.0	2	"[""ENO1"", ""SYNCRIP""]"	False	1.0	9	"[""CRK"", ""ENO1"", ""NFKBIA"", ""PRKRA"", ""RHOA"", ""SETD2"", ""SYNCRIP"", ""TRAF2"", ""WDR83""]"	0	False		1.0
GO:BP	GO:0006979	response to oxidative stress	False		0	[]	False	1.0	1	"[""G6PD""]"	False	1.0	4	"[""AIFM1"", ""CRK"", ""G6PD"", ""PRKRA""]"	0	False		1.0
GO:BP	GO:0070482	response to oxygen levels	False	1.0	2	"[""ENO1"", ""MLST8""]"	False	1.0	2	"[""ENO1"", ""MLST8""]"	False	1.0	5	"[""ADSL"", ""AIFM1"", ""ENO1"", ""MLST8"", ""WDR83""]"	0	False		1.0
GO:BP	GO:1901700	response to oxygen-containing compound	False	1.0	1	"[""CRKL""]"	False	1.0	5	"[""CRKL"", ""CYC1"", ""G6PD"", ""PTK2"", ""TRA2B""]"	False	1.0	13	"[""AIFM1"", ""CRK"", ""CRKL"", ""CYC1"", ""G6PD"", ""GPI"", ""NFKBIA"", ""PTK2"", ""RHOA"", ""RMI1"", ""TRA2B"", ""TRAF2"", ""WDR83""]"	0	False		1.0
GO:BP	GO:1901652	response to peptide	False	1.0	2	"[""CRKL"", ""SYNCRIP""]"	False	1.0	3	"[""CRKL"", ""HSP90AB1"", ""SYNCRIP""]"	False	1.0	8	"[""CRK"", ""CRKL"", ""HSP90AB1"", ""NFKBIA"", ""RHOA"", ""SETD2"", ""SYNCRIP"", ""TRAF2""]"	0	False		1.0
GO:BP	GO:0043434	response to peptide hormone	False		0	[]	False	1.0	2	"[""CYC1"", ""PTK2""]"	False	1.0	3	"[""CRK"", ""CYC1"", ""PTK2""]"	0	False		1.0
GO:BP	GO:0032570	response to progesterone	False		0	[]	False		0	[]	False	1.0	1	"[""GPI""]"	0	False		1.0
GO:BP	GO:0009314	response to radiation	False	1.0	1	"[""KRAS""]"	False	1.0	1	"[""KRAS""]"	False	1.0	2	"[""BRAT1"", ""KRAS""]"	0	False		1.0
GO:BP	GO:0000302	response to reactive oxygen species	False		0	[]	False		0	[]	False	1.0	2	"[""AIFM1"", ""CRK""]"	0	False		1.0
GO:BP	GO:1902074	response to salt	False	1.0	1	"[""HNRNPA1""]"	False	1.0	1	"[""HNRNPA1""]"	False	1.0	1	"[""HNRNPA1""]"	0	False		1.0
GO:BP	GO:1903935	response to sodium arsenite	False	1.0	1	"[""HNRNPA1""]"	False	1.0	1	"[""HNRNPA1""]"	False	1.0	1	"[""HNRNPA1""]"	0	False		1.0
GO:BP	GO:0042594	response to starvation	False	1.0	1	"[""HNRNPA1""]"	False	1.0	1	"[""HNRNPA1""]"	False	1.0	3	"[""ADSL"", ""GCN1"", ""HNRNPA1""]"	0	False		1.0
GO:BP	GO:0048545	response to steroid hormone	False	1.0	1	"[""UBA5""]"	False	1.0	1	"[""UBA5""]"	False	1.0	5	"[""AIFM1"", ""CNOT1"", ""GPI"", ""RHOA"", ""UBA5""]"	0	False		1.0
GO:BP	GO:0050896	response to stimulus	False	1.0	13	"[""BRD2"", ""CRKL"", ""DNM1L"", ""ENO1"", ""FIS1"", ""HNRNPA1"", ""KRAS"", ""MLST8"", ""SNAP23"", ""SYNCRIP"", ""UBA5"", ""UBIAD1"", ""WDR48""]"	False	1.0	28	"[""BRD2"", ""CRKL"", ""CYC1"", ""DNM1L"", ""DOCK5"", ""ENO1"", ""FIS1"", ""FURIN"", ""G6PD"", ""HNRNPA1"", ""HSP90AB1"", ""ING3"", ""ITGB5"", ""KRAS"", ""LCMT1"", ""LTB4R"", ""MLST8"", ""PTK2"", ""RNASEH2A"", ""SLC35B2"", ""SNAP23"", ""SYNCRIP"", ""TGIF1"", ""TRA2B"", ""UBA5"", ""UBIAD1"", ""VCL"", ""WDR48""]"	False	1.0	52	"[""ADSL"", ""AIFM1"", ""APEX2"", ""BRAT1"", ""BRD2"", ""CNOT1"", ""CRK"", ""CRKL"", ""CTPS1"", ""CYC1"", ""DERL2"", ""DNM1L"", ""DOCK5"", ""ENO1"", ""FERMT2"", ""FIS1"", ""FURIN"", ""G6PD"", ""GCN1"", ""GPI"", ""HNRNPA1"", ""HSP90AB1"", ""ING3"", ""ITGAV"", ""ITGB5"", ""KRAS"", ""LCMT1"", ""LTB4R"", ""MGRN1"", ""MLST8"", ""NFKBIA"", ""PRKRA"", ""PTK2"", ""RAB15"", ""RHOA"", ""RMI1"", ""RNASEH2A"", ""RNASEH2C"", ""SETD2"", ""SLC35B2"", ""SNAP23"", ""ST3GAL1"", ""SYNCRIP"", ""TGIF1"", ""TNS3"", ""TRA2B"", ""TRAF2"", ""UBA5"", ""UBIAD1"", ""VCL"", ""WDR48"", ""WDR83""]"	0	False		1.0
GO:BP	GO:0006950	response to stress	False	1.0	7	"[""ENO1"", ""HNRNPA1"", ""MLST8"", ""SNAP23"", ""SYNCRIP"", ""UBA5"", ""WDR48""]"	False	1.0	16	"[""ENO1"", ""FURIN"", ""G6PD"", ""HNRNPA1"", ""HSP90AB1"", ""ING3"", ""ITGB5"", ""LTB4R"", ""MLST8"", ""PTK2"", ""RNASEH2A"", ""SNAP23"", ""SYNCRIP"", ""UBA5"", ""VCL"", ""WDR48""]"	False	1.0	34	"[""ADSL"", ""AIFM1"", ""APEX2"", ""BRAT1"", ""CRK"", ""DERL2"", ""ENO1"", ""FERMT2"", ""FURIN"", ""G6PD"", ""GCN1"", ""GPI"", ""HNRNPA1"", ""HSP90AB1"", ""ING3"", ""ITGAV"", ""ITGB5"", ""LTB4R"", ""MLST8"", ""NFKBIA"", ""PRKRA"", ""PTK2"", ""RHOA"", ""RMI1"", ""RNASEH2A"", ""RNASEH2C"", ""SETD2"", ""SNAP23"", ""SYNCRIP"", ""TRAF2"", ""UBA5"", ""VCL"", ""WDR48"", ""WDR83""]"	0	False		1.0
GO:BP	GO:0009266	response to temperature stimulus	False		0	[]	False	1.0	1	"[""HSP90AB1""]"	False	1.0	2	"[""HSP90AB1"", ""NFKBIA""]"	0	False		1.0
GO:BP	GO:0033574	response to testosterone	False		0	[]	False		0	[]	False	1.0	1	"[""GPI""]"	0	False		1.0
GO:BP	GO:0035966	response to topologically incorrect protein	False		0	[]	False	1.0	1	"[""HSP90AB1""]"	False	1.0	2	"[""DERL2"", ""HSP90AB1""]"	0	False		1.0
GO:BP	GO:0009636	response to toxic substance	False	1.0	1	"[""UBIAD1""]"	False	1.0	1	"[""UBIAD1""]"	False	1.0	2	"[""AIFM1"", ""UBIAD1""]"	0	False		1.0
GO:BP	GO:0071559	response to transforming growth factor beta	False	1.0	1	"[""CRKL""]"	False	1.0	5	"[""CRKL"", ""FURIN"", ""HSP90AB1"", ""ITGB5"", ""PTK2""]"	False	1.0	7	"[""CRK"", ""CRKL"", ""FERMT2"", ""FURIN"", ""HSP90AB1"", ""ITGB5"", ""PTK2""]"	0	False		1.0
GO:BP	GO:0034612	response to tumor necrosis factor	False		0	[]	False		0	[]	False	1.0	2	"[""NFKBIA"", ""TRAF2""]"	0	False		1.0
GO:BP	GO:0034340	response to type I interferon	False		0	[]	False		0	[]	False	1.0	1	"[""SETD2""]"	0	False		1.0
GO:BP	GO:0034341	response to type II interferon	False	1.0	1	"[""SYNCRIP""]"	False	1.0	1	"[""SYNCRIP""]"	False	1.0	1	"[""SYNCRIP""]"	0	False		1.0
GO:BP	GO:0006986	response to unfolded protein	False		0	[]	False	1.0	1	"[""HSP90AB1""]"	False	1.0	2	"[""DERL2"", ""HSP90AB1""]"	0	False		1.0
GO:BP	GO:0009615	response to virus	False	1.0	1	"[""ENO1""]"	False	1.0	1	"[""ENO1""]"	False	1.0	3	"[""ENO1"", ""PRKRA"", ""SETD2""]"	0	False		1.0
GO:BP	GO:0009611	response to wounding	False		0	[]	False	1.0	3	"[""ITGB5"", ""PTK2"", ""VCL""]"	False	1.0	8	"[""CRK"", ""FERMT2"", ""ITGAV"", ""ITGB5"", ""PTK2"", ""RHOA"", ""VCL"", ""WDR83""]"	0	False		1.0
GO:BP	GO:0009410	response to xenobiotic stimulus	False	1.0	1	"[""CRKL""]"	False	1.0	2	"[""CRKL"", ""TGIF1""]"	False	1.0	3	"[""CRKL"", ""CTPS1"", ""TGIF1""]"	0	False		1.0
GO:BP	GO:0001878	response to yeast	False		0	[]	False		0	[]	False	1.0	1	"[""CRK""]"	0	False		1.0
GO:BP	GO:0061709	reticulophagy	False	1.0	1	"[""UBA5""]"	False	1.0	1	"[""UBA5""]"	False	1.0	1	"[""UBA5""]"	0	False		1.0
GO:BP	GO:0048384	retinoic acid receptor signaling pathway	False	1.0	1	"[""CRKL""]"	False	1.0	1	"[""CRKL""]"	False	1.0	2	"[""CNOT1"", ""CRKL""]"	0	False		1.0
GO:BP	GO:0030970	retrograde protein transport, ER to cytosol	False		0	[]	False		0	[]	False	1.0	1	"[""DERL2""]"	0	False		1.0
GO:BP	GO:0042147	retrograde transport, endosome to Golgi	False		0	[]	False	1.0	1	"[""WASHC2C""]"	False	1.0	1	"[""WASHC2C""]"	0	False		1.0
GO:BP	GO:0048511	rhythmic process	False	1.0	1	"[""DNM1L""]"	False	1.0	1	"[""DNM1L""]"	False	1.0	1	"[""DNM1L""]"	0	False		1.0
GO:BP	GO:0022613	ribonucleoprotein complex biogenesis	False	1.0	1	"[""SNRPB2""]"	False	1.0	3	"[""HEATR3"", ""HSP90AB1"", ""SNRPB2""]"	False	1.0	5	"[""HEATR3"", ""HSP90AB1"", ""MRPS2"", ""PRKRA"", ""SNRPB2""]"	0	False		1.0
GO:BP	GO:0071166	ribonucleoprotein complex localization	False		0	[]	False		0	[]	False	1.0	2	"[""IWS1"", ""SETD2""]"	0	False		1.0
GO:BP	GO:0009191	ribonucleoside diphosphate catabolic process	False	1.0	2	"[""ENO1"", ""MLST8""]"	False	1.0	2	"[""ENO1"", ""MLST8""]"	False	1.0	3	"[""ENO1"", ""GPI"", ""MLST8""]"	0	False		1.0
GO:BP	GO:0009185	ribonucleoside diphosphate metabolic process	False	1.0	2	"[""ENO1"", ""MLST8""]"	False	1.0	2	"[""ENO1"", ""MLST8""]"	False	1.0	3	"[""ENO1"", ""GPI"", ""MLST8""]"	0	False		1.0
GO:BP	GO:0009156	ribonucleoside monophosphate biosynthetic process	False		0	[]	False		0	[]	False	1.0	1	"[""ADSL""]"	0	False		1.0
GO:BP	GO:0009201	ribonucleoside triphosphate biosynthetic process	False	1.0	2	"[""ATP5ME"", ""ENO1""]"	False	1.0	2	"[""ATP5ME"", ""ENO1""]"	False	1.0	3	"[""ATP5ME"", ""CTPS1"", ""ENO1""]"	0	False		1.0
GO:BP	GO:0009260	ribonucleotide biosynthetic process	False	1.0	2	"[""ATP5ME"", ""ENO1""]"	False	1.0	2	"[""ATP5ME"", ""ENO1""]"	False	1.0	4	"[""ADSL"", ""ATP5ME"", ""CTPS1"", ""ENO1""]"	0	False		1.0
GO:BP	GO:0009261	ribonucleotide catabolic process	False	1.0	2	"[""ENO1"", ""MLST8""]"	False	1.0	2	"[""ENO1"", ""MLST8""]"	False	1.0	3	"[""ENO1"", ""GPI"", ""MLST8""]"	0	False		1.0
GO:BP	GO:0009259	ribonucleotide metabolic process	False	1.0	5	"[""ATP5ME"", ""DNM1L"", ""ENO1"", ""FIS1"", ""MLST8""]"	False	1.0	5	"[""ATP5ME"", ""DNM1L"", ""ENO1"", ""FIS1"", ""MLST8""]"	False	1.0	8	"[""ADSL"", ""ATP5ME"", ""CTPS1"", ""DNM1L"", ""ENO1"", ""FIS1"", ""GPI"", ""MLST8""]"	0	False		1.0
GO:BP	GO:0046390	ribose phosphate biosynthetic process	False	1.0	2	"[""ATP5ME"", ""ENO1""]"	False	1.0	3	"[""ATP5ME"", ""ENO1"", ""G6PD""]"	False	1.0	5	"[""ADSL"", ""ATP5ME"", ""CTPS1"", ""ENO1"", ""G6PD""]"	0	False		1.0
GO:BP	GO:0019693	ribose phosphate metabolic process	False	1.0	5	"[""ATP5ME"", ""DNM1L"", ""ENO1"", ""FIS1"", ""MLST8""]"	False	1.0	6	"[""ATP5ME"", ""DNM1L"", ""ENO1"", ""FIS1"", ""G6PD"", ""MLST8""]"	False	1.0	9	"[""ADSL"", ""ATP5ME"", ""CTPS1"", ""DNM1L"", ""ENO1"", ""FIS1"", ""G6PD"", ""GPI"", ""MLST8""]"	0	False		1.0
GO:BP	GO:0042273	ribosomal large subunit biogenesis	False		0	[]	False	1.0	1	"[""HEATR3""]"	False	1.0	1	"[""HEATR3""]"	0	False		1.0
GO:BP	GO:0042255	ribosome assembly	False		0	[]	False		0	[]	False	1.0	1	"[""MRPS2""]"	0	False		1.0
GO:BP	GO:0042254	ribosome biogenesis	False		0	[]	False	1.0	1	"[""HEATR3""]"	False	1.0	2	"[""HEATR3"", ""MRPS2""]"	0	False		1.0
GO:BP	GO:0032790	ribosome disassembly	False		0	[]	False		0	[]	False	1.0	1	"[""GCN1""]"	0	False		1.0
GO:BP	GO:0141014	ribosome hibernation	False		0	[]	False	1.0	1	"[""SERBP1""]"	False	1.0	1	"[""SERBP1""]"	0	False		1.0
GO:BP	GO:0045214	sarcomere organization	False		0	[]	False		0	[]	False	1.0	1	"[""WDR1""]"	0	False		1.0
GO:BP	GO:1902653	secondary alcohol biosynthetic process	False		0	[]	False	1.0	1	"[""G6PD""]"	False	1.0	1	"[""G6PD""]"	0	False		1.0
GO:BP	GO:1902652	secondary alcohol metabolic process	False	1.0	1	"[""FDXR""]"	False	1.0	2	"[""FDXR"", ""G6PD""]"	False	1.0	2	"[""FDXR"", ""G6PD""]"	0	False		1.0
GO:BP	GO:0046903	secretion	False	1.0	2	"[""DNM1L"", ""SNAP23""]"	False	1.0	3	"[""DNM1L"", ""FURIN"", ""SNAP23""]"	False	1.0	5	"[""DNM1L"", ""FURIN"", ""RAB15"", ""SNAP23"", ""SV2A""]"	0	False		1.0
GO:BP	GO:0032940	secretion by cell	False	1.0	2	"[""DNM1L"", ""SNAP23""]"	False	1.0	3	"[""DNM1L"", ""FURIN"", ""SNAP23""]"	False	1.0	5	"[""DNM1L"", ""FURIN"", ""RAB15"", ""SNAP23"", ""SV2A""]"	0	False		1.0
GO:BP	GO:0071526	semaphorin-plexin signaling pathway	False		0	[]	False		0	[]	False	1.0	1	"[""RHOA""]"	0	False		1.0
GO:BP	GO:1905314	semi-lunar valve development	False		0	[]	False		0	[]	False	1.0	1	"[""RHOA""]"	0	False		1.0
GO:BP	GO:0072520	seminiferous tubule development	False	1.0	1	"[""WDR48""]"	False	1.0	1	"[""WDR48""]"	False	1.0	1	"[""WDR48""]"	0	False		1.0
GO:BP	GO:0007423	sensory organ development	False		0	[]	False		0	[]	False	1.0	2	"[""PRKRA"", ""SP3""]"	0	False		1.0
GO:BP	GO:0090596	sensory organ morphogenesis	False		0	[]	False		0	[]	False	1.0	2	"[""PRKRA"", ""SP3""]"	0	False		1.0
GO:BP	GO:0007600	sensory perception	False		0	[]	False		0	[]	False	1.0	1	"[""WDR1""]"	0	False		1.0
GO:BP	GO:0050954	sensory perception of mechanical stimulus	False		0	[]	False		0	[]	False	1.0	1	"[""WDR1""]"	0	False		1.0
GO:BP	GO:0007605	sensory perception of sound	False		0	[]	False		0	[]	False	1.0	1	"[""WDR1""]"	0	False		1.0
GO:BP	GO:0048880	sensory system development	False		0	[]	False		0	[]	False	1.0	1	"[""SP3""]"	0	False		1.0
GO:BP	GO:0007548	sex differentiation	False	1.0	2	"[""CRKL"", ""WDR48""]"	False	1.0	2	"[""CRKL"", ""WDR48""]"	False	1.0	2	"[""CRKL"", ""WDR48""]"	0	False		1.0
GO:BP	GO:0019953	sexual reproduction	False	1.0	3	"[""BRD2"", ""CRKL"", ""WDR48""]"	False	1.0	3	"[""BRD2"", ""CRKL"", ""WDR48""]"	False	1.0	5	"[""BRD2"", ""CRKL"", ""NDC1"", ""RMI1"", ""WDR48""]"	0	False		1.0
GO:BP	GO:0030422	siRNA processing	False		0	[]	False		0	[]	False	1.0	1	"[""PRKRA""]"	0	False		1.0
GO:BP	GO:0097503	sialylation	False		0	[]	False		0	[]	False	1.0	1	"[""ST3GAL1""]"	0	False		1.0
GO:BP	GO:0007172	signal complex assembly	False		0	[]	False	1.0	1	"[""PTK2""]"	False	1.0	1	"[""PTK2""]"	0	False		1.0
GO:BP	GO:0023061	signal release	False	1.0	1	"[""SNAP23""]"	False	1.0	1	"[""SNAP23""]"	False	1.0	2	"[""SNAP23"", ""SV2A""]"	0	False		1.0
GO:BP	GO:0099643	signal release from synapse	False	1.0	1	"[""SNAP23""]"	False	1.0	1	"[""SNAP23""]"	False	1.0	2	"[""SNAP23"", ""SV2A""]"	0	False		1.0
GO:BP	GO:0007165	signal transduction	False	1.0	7	"[""CRKL"", ""ENO1"", ""FIS1"", ""KRAS"", ""MLST8"", ""UBA5"", ""WDR48""]"	False	1.0	15	"[""CRKL"", ""DOCK5"", ""ENO1"", ""FIS1"", ""FURIN"", ""HSP90AB1"", ""ITGB5"", ""KRAS"", ""LCMT1"", ""LTB4R"", ""MLST8"", ""PTK2"", ""SLC35B2"", ""UBA5"", ""WDR48""]"	False	1.0	31	"[""AIFM1"", ""CNOT1"", ""CRK"", ""CRKL"", ""DERL2"", ""DOCK5"", ""ENO1"", ""FERMT2"", ""FIS1"", ""FURIN"", ""GCN1"", ""GPI"", ""HSP90AB1"", ""ITGAV"", ""ITGB5"", ""KRAS"", ""LCMT1"", ""LTB4R"", ""MGRN1"", ""MLST8"", ""NFKBIA"", ""PRKRA"", ""PTK2"", ""RAB15"", ""RHOA"", ""SLC35B2"", ""TNS3"", ""TRAF2"", ""UBA5"", ""WDR48"", ""WDR83""]"	0	False		1.0
GO:BP	GO:0038034	signal transduction in absence of ligand	False		0	[]	False		0	[]	False	1.0	1	"[""ITGAV""]"	0	False		1.0
GO:BP	GO:0023019	signal transduction involved in regulation of gene expression	False		0	[]	False		0	[]	False	1.0	2	"[""NFKBIA"", ""TRAF2""]"	0	False		1.0
GO:BP	GO:0023052	signaling	False	1.0	8	"[""CRKL"", ""ENO1"", ""FIS1"", ""KRAS"", ""MLST8"", ""SNAP23"", ""UBA5"", ""WDR48""]"	False	1.0	16	"[""CRKL"", ""DOCK5"", ""ENO1"", ""FIS1"", ""FURIN"", ""HSP90AB1"", ""ITGB5"", ""KRAS"", ""LCMT1"", ""LTB4R"", ""MLST8"", ""PTK2"", ""SLC35B2"", ""SNAP23"", ""UBA5"", ""WDR48""]"	False	1.0	33	"[""AIFM1"", ""CNOT1"", ""CRK"", ""CRKL"", ""DERL2"", ""DOCK5"", ""ENO1"", ""FERMT2"", ""FIS1"", ""FURIN"", ""GCN1"", ""GPI"", ""HSP90AB1"", ""ITGAV"", ""ITGB5"", ""KRAS"", ""LCMT1"", ""LTB4R"", ""MGRN1"", ""MLST8"", ""NFKBIA"", ""PRKRA"", ""PTK2"", ""RAB15"", ""RHOA"", ""SLC35B2"", ""SNAP23"", ""SV2A"", ""TNS3"", ""TRAF2"", ""UBA5"", ""WDR48"", ""WDR83""]"	0	False		1.0
GO:BP	GO:0140448	signaling receptor ligand precursor processing	False		0	[]	False	1.0	1	"[""FURIN""]"	False	1.0	1	"[""FURIN""]"	0	False		1.0
GO:BP	GO:0007338	single fertilization	False	1.0	2	"[""CRKL"", ""WDR48""]"	False	1.0	2	"[""CRKL"", ""WDR48""]"	False	1.0	2	"[""CRKL"", ""WDR48""]"	0	False		1.0
GO:BP	GO:0000819	sister chromatid segregation	False		0	[]	False	1.0	2	"[""KIF4A"", ""LCMT1""]"	False	1.0	3	"[""KIF4A"", ""LCMT1"", ""RHOA""]"	0	False		1.0
GO:BP	GO:0071340	skeletal muscle acetylcholine-gated channel clustering	False	1.0	1	"[""CRKL""]"	False	1.0	1	"[""CRKL""]"	False	1.0	2	"[""CRK"", ""CRKL""]"	0	False		1.0
GO:BP	GO:0035914	skeletal muscle cell differentiation	False	1.0	1	"[""KRAS""]"	False	1.0	1	"[""KRAS""]"	False	1.0	1	"[""KRAS""]"	0	False		1.0
GO:BP	GO:0060538	skeletal muscle organ development	False	1.0	1	"[""KRAS""]"	False	1.0	1	"[""KRAS""]"	False	1.0	2	"[""KRAS"", ""RHOA""]"	0	False		1.0
GO:BP	GO:1902766	skeletal muscle satellite cell migration	False		0	[]	False		0	[]	False	1.0	1	"[""RHOA""]"	0	False		1.0
GO:BP	GO:0007519	skeletal muscle tissue development	False	1.0	1	"[""KRAS""]"	False	1.0	1	"[""KRAS""]"	False	1.0	2	"[""KRAS"", ""RHOA""]"	0	False		1.0
GO:BP	GO:0001501	skeletal system development	False	1.0	1	"[""WDR48""]"	False	1.0	1	"[""WDR48""]"	False	1.0	4	"[""PRKRA"", ""RHOA"", ""SP3"", ""WDR48""]"	0	False		1.0
GO:BP	GO:0048705	skeletal system morphogenesis	False	1.0	1	"[""WDR48""]"	False	1.0	1	"[""WDR48""]"	False	1.0	2	"[""PRKRA"", ""WDR48""]"	0	False		1.0
GO:BP	GO:0043588	skin development	False	1.0	1	"[""WDR48""]"	False	1.0	1	"[""WDR48""]"	False	1.0	1	"[""WDR48""]"	0	False		1.0
GO:BP	GO:0007264	small GTPase-mediated signal transduction	False	1.0	2	"[""CRKL"", ""KRAS""]"	False	1.0	3	"[""CRKL"", ""DOCK5"", ""KRAS""]"	False	1.0	9	"[""CRK"", ""CRKL"", ""DOCK5"", ""FERMT2"", ""ITGAV"", ""KRAS"", ""RAB15"", ""RHOA"", ""TNS3""]"	0	False		1.0
GO:BP	GO:0044283	small molecule biosynthetic process	False	1.0	2	"[""ENO1"", ""UBIAD1""]"	False	1.0	3	"[""ENO1"", ""G6PD"", ""UBIAD1""]"	False	1.0	4	"[""ENO1"", ""G6PD"", ""GPI"", ""UBIAD1""]"	0	False		1.0
GO:BP	GO:0044282	small molecule catabolic process	False	1.0	1	"[""ENO1""]"	False	1.0	1	"[""ENO1""]"	False	1.0	1	"[""ENO1""]"	0	False		1.0
GO:BP	GO:0044281	small molecule metabolic process	False	1.0	7	"[""ATP5ME"", ""DNM1L"", ""ENO1"", ""FDXR"", ""FIS1"", ""MLST8"", ""UBIAD1""]"	False	1.0	9	"[""ATP5ME"", ""DNM1L"", ""ENO1"", ""FDXR"", ""FIS1"", ""G6PD"", ""LCMT1"", ""MLST8"", ""UBIAD1""]"	False	1.0	14	"[""ADSL"", ""ATP5ME"", ""BRAT1"", ""CTPS1"", ""DNM1L"", ""ENO1"", ""FDXR"", ""FIS1"", ""G6PD"", ""GPI"", ""LCMT1"", ""MLST8"", ""ST3GAL1"", ""UBIAD1""]"	0	False		1.0
GO:BP	GO:0034390	smooth muscle cell apoptotic process	False		0	[]	False		0	[]	False	1.0	1	"[""RBM10""]"	0	False		1.0
GO:BP	GO:0014909	smooth muscle cell migration	False		0	[]	False	1.0	1	"[""DOCK5""]"	False	1.0	2	"[""CRK"", ""DOCK5""]"	0	False		1.0
GO:BP	GO:0048659	smooth muscle cell proliferation	False		0	[]	False		0	[]	False	1.0	1	"[""RBM10""]"	0	False		1.0
GO:BP	GO:0006939	smooth muscle contraction	False		0	[]	False	1.0	1	"[""DOCK5""]"	False	1.0	2	"[""DOCK5"", ""RHOA""]"	0	False		1.0
GO:BP	GO:0007224	smoothened signaling pathway	False		0	[]	False		0	[]	False	1.0	1	"[""MGRN1""]"	0	False		1.0
GO:BP	GO:0007283	spermatogenesis	False	1.0	3	"[""BRD2"", ""CRKL"", ""WDR48""]"	False	1.0	3	"[""BRD2"", ""CRKL"", ""WDR48""]"	False	1.0	4	"[""BRD2"", ""CRKL"", ""NDC1"", ""WDR48""]"	0	False		1.0
GO:BP	GO:0051225	spindle assembly	False		0	[]	False	1.0	1	"[""KIF4A""]"	False	1.0	2	"[""KIF4A"", ""RHOA""]"	0	False		1.0
GO:BP	GO:0071173	spindle assembly checkpoint signaling	False		0	[]	False	1.0	1	"[""LCMT1""]"	False	1.0	1	"[""LCMT1""]"	0	False		1.0
GO:BP	GO:0031577	spindle checkpoint signaling	False		0	[]	False	1.0	1	"[""LCMT1""]"	False	1.0	1	"[""LCMT1""]"	0	False		1.0
GO:BP	GO:0051231	spindle elongation	False		0	[]	False	1.0	1	"[""KIF4A""]"	False	1.0	1	"[""KIF4A""]"	0	False		1.0
GO:BP	GO:0051255	spindle midzone assembly	False		0	[]	False	1.0	1	"[""KIF4A""]"	False	1.0	1	"[""KIF4A""]"	0	False		1.0
GO:BP	GO:0007051	spindle organization	False		0	[]	False	1.0	1	"[""KIF4A""]"	False	1.0	2	"[""KIF4A"", ""RHOA""]"	0	False		1.0
GO:BP	GO:0000245	spliceosomal complex assembly	False	1.0	1	"[""SNRPB2""]"	False	1.0	1	"[""SNRPB2""]"	False	1.0	1	"[""SNRPB2""]"	0	False		1.0
GO:BP	GO:0002040	sprouting angiogenesis	False		0	[]	False		0	[]	False	1.0	1	"[""RHOA""]"	0	False		1.0
GO:BP	GO:0048863	stem cell differentiation	False		0	[]	False		0	[]	False	1.0	1	"[""SETD2""]"	0	False		1.0
GO:BP	GO:0019827	stem cell population maintenance	False		0	[]	False		0	[]	False	1.0	1	"[""CNOT1""]"	0	False		1.0
GO:BP	GO:0072089	stem cell proliferation	False		0	[]	False		0	[]	False	1.0	1	"[""FERMT2""]"	0	False		1.0
GO:BP	GO:0006694	steroid biosynthetic process	False	1.0	1	"[""FDXR""]"	False	1.0	2	"[""FDXR"", ""G6PD""]"	False	1.0	2	"[""FDXR"", ""G6PD""]"	0	False		1.0
GO:BP	GO:0043401	steroid hormone receptor signaling pathway	False	1.0	1	"[""UBA5""]"	False	1.0	1	"[""UBA5""]"	False	1.0	3	"[""CNOT1"", ""RHOA"", ""UBA5""]"	0	False		1.0
GO:BP	GO:0008202	steroid metabolic process	False	1.0	1	"[""FDXR""]"	False	1.0	2	"[""FDXR"", ""G6PD""]"	False	1.0	2	"[""FDXR"", ""G6PD""]"	0	False		1.0
GO:BP	GO:0016126	sterol biosynthetic process	False		0	[]	False	1.0	1	"[""G6PD""]"	False	1.0	1	"[""G6PD""]"	0	False		1.0
GO:BP	GO:0016125	sterol metabolic process	False	1.0	1	"[""FDXR""]"	False	1.0	2	"[""FDXR"", ""G6PD""]"	False	1.0	2	"[""FDXR"", ""G6PD""]"	0	False		1.0
GO:BP	GO:0015918	sterol transport	False		0	[]	False	1.0	1	"[""FURIN""]"	False	1.0	2	"[""FURIN"", ""NFKBIA""]"	0	False		1.0
GO:BP	GO:0043149	stress fiber assembly	False		0	[]	False	1.0	1	"[""ITGB5""]"	False	1.0	3	"[""FERMT2"", ""ITGB5"", ""RHOA""]"	0	False		1.0
GO:BP	GO:0055002	striated muscle cell development	False		0	[]	False	1.0	1	"[""G6PD""]"	False	1.0	2	"[""G6PD"", ""WDR1""]"	0	False		1.0
GO:BP	GO:0051146	striated muscle cell differentiation	False	1.0	1	"[""KRAS""]"	False	1.0	3	"[""DOCK5"", ""G6PD"", ""KRAS""]"	False	1.0	4	"[""DOCK5"", ""G6PD"", ""KRAS"", ""WDR1""]"	0	False		1.0
GO:BP	GO:0014897	striated muscle hypertrophy	False		0	[]	False	1.0	1	"[""G6PD""]"	False	1.0	1	"[""G6PD""]"	0	False		1.0
GO:BP	GO:0014706	striated muscle tissue development	False	1.0	1	"[""KRAS""]"	False	1.0	2	"[""G6PD"", ""KRAS""]"	False	1.0	3	"[""G6PD"", ""KRAS"", ""RHOA""]"	0	False		1.0
GO:BP	GO:0021762	substantia nigra development	False		0	[]	False	1.0	1	"[""G6PD""]"	False	1.0	2	"[""G6PD"", ""RHOA""]"	0	False		1.0
GO:BP	GO:0001967	suckling behavior	False		0	[]	False		0	[]	False	1.0	1	"[""DERL2""]"	0	False		1.0
GO:BP	GO:0006790	sulfur compound metabolic process	False		0	[]	False	1.0	1	"[""G6PD""]"	False	1.0	1	"[""G6PD""]"	0	False		1.0
GO:BP	GO:0072348	sulfur compound transport	False		0	[]	False	1.0	2	"[""SLC25A26"", ""SLC35B2""]"	False	1.0	2	"[""SLC25A26"", ""SLC35B2""]"	0	False		1.0
GO:BP	GO:0097435	supramolecular fiber organization	False	1.0	1	"[""MLST8""]"	False	1.0	5	"[""FURIN"", ""HSP90AB1"", ""ITGB5"", ""MLST8"", ""WASHC2C""]"	False	1.0	8	"[""FERMT2"", ""FURIN"", ""HSP90AB1"", ""ITGB5"", ""MLST8"", ""RHOA"", ""WASHC2C"", ""WDR1""]"	0	False		1.0
GO:BP	GO:0044409	symbiont entry into host	False		0	[]	False	1.0	2	"[""FURIN"", ""ITGB5""]"	False	1.0	3	"[""FURIN"", ""ITGAV"", ""ITGB5""]"	0	False		1.0
GO:BP	GO:0046718	symbiont entry into host cell	False		0	[]	False	1.0	2	"[""FURIN"", ""ITGB5""]"	False	1.0	3	"[""FURIN"", ""ITGAV"", ""ITGB5""]"	0	False		1.0
GO:BP	GO:0060141	symbiont-mediated induction of syncytium formation	False		0	[]	False	1.0	1	"[""FURIN""]"	False	1.0	1	"[""FURIN""]"	0	False		1.0
GO:BP	GO:0044068	symbiont-mediated perturbation of host cellular process	False		0	[]	False	1.0	1	"[""FURIN""]"	False	1.0	1	"[""FURIN""]"	0	False		1.0
GO:BP	GO:0044003	symbiont-mediated perturbation of host process	False		0	[]	False	1.0	1	"[""FURIN""]"	False	1.0	1	"[""FURIN""]"	0	False		1.0
GO:BP	GO:0007416	synapse assembly	False	1.0	1	"[""CRKL""]"	False	1.0	1	"[""CRKL""]"	False	1.0	2	"[""CRK"", ""CRKL""]"	0	False		1.0
GO:BP	GO:0050808	synapse organization	False	1.0	1	"[""CRKL""]"	False	1.0	1	"[""CRKL""]"	False	1.0	3	"[""CRK"", ""CRKL"", ""RHOA""]"	0	False		1.0
GO:BP	GO:0099536	synaptic signaling	False	1.0	3	"[""CRKL"", ""KRAS"", ""SNAP23""]"	False	1.0	3	"[""CRKL"", ""KRAS"", ""SNAP23""]"	False	1.0	4	"[""CRKL"", ""KRAS"", ""SNAP23"", ""SV2A""]"	0	False		1.0
GO:BP	GO:0051932	synaptic transmission, GABAergic	False	1.0	1	"[""KRAS""]"	False	1.0	1	"[""KRAS""]"	False	1.0	1	"[""KRAS""]"	0	False		1.0
GO:BP	GO:0099504	synaptic vesicle cycle	False	1.0	1	"[""SNAP23""]"	False	1.0	1	"[""SNAP23""]"	False	1.0	2	"[""SNAP23"", ""SV2A""]"	0	False		1.0
GO:BP	GO:0016079	synaptic vesicle exocytosis	False	1.0	1	"[""SNAP23""]"	False	1.0	1	"[""SNAP23""]"	False	1.0	2	"[""SNAP23"", ""SV2A""]"	0	False		1.0
GO:BP	GO:0031629	synaptic vesicle fusion to presynaptic active zone membrane	False	1.0	1	"[""SNAP23""]"	False	1.0	1	"[""SNAP23""]"	False	1.0	1	"[""SNAP23""]"	0	False		1.0
GO:BP	GO:0048499	synaptic vesicle membrane organization	False	1.0	1	"[""SNAP23""]"	False	1.0	1	"[""SNAP23""]"	False	1.0	1	"[""SNAP23""]"	0	False		1.0
GO:BP	GO:0016082	synaptic vesicle priming	False	1.0	1	"[""SNAP23""]"	False	1.0	1	"[""SNAP23""]"	False	1.0	2	"[""SNAP23"", ""SV2A""]"	0	False		1.0
GO:BP	GO:0006949	syncytium formation	False		0	[]	False	1.0	1	"[""DOCK5""]"	False	1.0	1	"[""DOCK5""]"	0	False		1.0
GO:BP	GO:0000768	syncytium formation by plasma membrane fusion	False		0	[]	False	1.0	1	"[""DOCK5""]"	False	1.0	1	"[""DOCK5""]"	0	False		1.0
GO:BP	GO:0048731	system development	False	1.0	5	"[""BRD2"", ""CRKL"", ""KRAS"", ""PSMG1"", ""WDR48""]"	False	1.0	9	"[""BRD2"", ""CRKL"", ""G6PD"", ""KRAS"", ""PSMG1"", ""PTK2"", ""TRA2B"", ""VCL"", ""WDR48""]"	False	1.0	19	"[""AIFM1"", ""BRD2"", ""CRK"", ""CRKL"", ""DPPA2"", ""G6PD"", ""ITGAV"", ""KRAS"", ""MGRN1"", ""PRKRA"", ""PSMG1"", ""PTK2"", ""RHOA"", ""SP3"", ""TRA2B"", ""VCL"", ""WDR1"", ""WDR48"", ""WDR83""]"	0	False		1.0
GO:BP	GO:0003008	system process	False	1.0	4	"[""DNM1L"", ""ENO1"", ""KRAS"", ""UBA5""]"	False	1.0	7	"[""DNM1L"", ""DOCK5"", ""ENO1"", ""G6PD"", ""KRAS"", ""LTB4R"", ""UBA5""]"	False	1.0	11	"[""DNM1L"", ""DOCK5"", ""ENO1"", ""FERMT2"", ""G6PD"", ""GPI"", ""KRAS"", ""LTB4R"", ""RHOA"", ""UBA5"", ""WDR1""]"	0	False		1.0
GO:BP	GO:0043039	tRNA aminoacylation	False		0	[]	False	1.0	1	"[""TARS2""]"	False	1.0	1	"[""TARS2""]"	0	False		1.0
GO:BP	GO:0070127	tRNA aminoacylation for mitochondrial protein translation	False		0	[]	False	1.0	1	"[""TARS2""]"	False	1.0	1	"[""TARS2""]"	0	False		1.0
GO:BP	GO:0006418	tRNA aminoacylation for protein translation	False		0	[]	False	1.0	1	"[""TARS2""]"	False	1.0	1	"[""TARS2""]"	0	False		1.0
GO:BP	GO:0006399	tRNA metabolic process	False		0	[]	False	1.0	1	"[""TARS2""]"	False	1.0	2	"[""MTFMT"", ""TARS2""]"	0	False		1.0
GO:BP	GO:0006400	tRNA modification	False		0	[]	False		0	[]	False	1.0	1	"[""MTFMT""]"	0	False		1.0
GO:BP	GO:0008033	tRNA processing	False		0	[]	False		0	[]	False	1.0	1	"[""MTFMT""]"	0	False		1.0
GO:BP	GO:0071816	tail-anchored membrane protein insertion into ER membrane	False		0	[]	False	1.0	2	"[""EMC1"", ""EMC7""]"	False	1.0	2	"[""EMC1"", ""EMC7""]"	0	False		1.0
GO:BP	GO:0042330	taxis	False	1.0	2	"[""CRKL"", ""DNM1L""]"	False	1.0	3	"[""CRKL"", ""DNM1L"", ""PTK2""]"	False	1.0	6	"[""CRK"", ""CRKL"", ""DNM1L"", ""ITGAV"", ""PTK2"", ""RHOA""]"	0	False		1.0
GO:BP	GO:0022029	telencephalon cell migration	False		0	[]	False		0	[]	False	1.0	1	"[""RHOA""]"	0	False		1.0
GO:BP	GO:0021537	telencephalon development	False	1.0	1	"[""CRKL""]"	False	1.0	2	"[""CRKL"", ""TRA2B""]"	False	1.0	4	"[""CRK"", ""CRKL"", ""RHOA"", ""TRA2B""]"	0	False		1.0
GO:BP	GO:0021978	telencephalon regionalization	False		0	[]	False	1.0	1	"[""TRA2B""]"	False	1.0	1	"[""TRA2B""]"	0	False		1.0
GO:BP	GO:1905323	telomerase holoenzyme complex assembly	False		0	[]	False	1.0	1	"[""HSP90AB1""]"	False	1.0	1	"[""HSP90AB1""]"	0	False		1.0
GO:BP	GO:0000723	telomere maintenance	False	1.0	1	"[""HNRNPA1""]"	False	1.0	2	"[""HNRNPA1"", ""HSP90AB1""]"	False	1.0	2	"[""HNRNPA1"", ""HSP90AB1""]"	0	False		1.0
GO:BP	GO:0007004	telomere maintenance via telomerase	False	1.0	1	"[""HNRNPA1""]"	False	1.0	2	"[""HNRNPA1"", ""HSP90AB1""]"	False	1.0	2	"[""HNRNPA1"", ""HSP90AB1""]"	0	False		1.0
GO:BP	GO:0010833	telomere maintenance via telomere lengthening	False	1.0	1	"[""HNRNPA1""]"	False	1.0	2	"[""HNRNPA1"", ""HSP90AB1""]"	False	1.0	2	"[""HNRNPA1"", ""HSP90AB1""]"	0	False		1.0
GO:BP	GO:0032200	telomere organization	False	1.0	1	"[""HNRNPA1""]"	False	1.0	2	"[""HNRNPA1"", ""HSP90AB1""]"	False	1.0	2	"[""HNRNPA1"", ""HSP90AB1""]"	0	False		1.0
GO:BP	GO:0016114	terpenoid biosynthetic process	False		0	[]	False	1.0	1	"[""DOLK""]"	False	1.0	1	"[""DOLK""]"	0	False		1.0
GO:BP	GO:0006721	terpenoid metabolic process	False		0	[]	False	1.0	1	"[""DOLK""]"	False	1.0	1	"[""DOLK""]"	0	False		1.0
GO:BP	GO:0006435	threonyl-tRNA aminoacylation	False		0	[]	False	1.0	1	"[""TARS2""]"	False	1.0	1	"[""TARS2""]"	0	False		1.0
GO:BP	GO:0048538	thymus development	False	1.0	1	"[""CRKL""]"	False	1.0	1	"[""CRKL""]"	False	1.0	1	"[""CRKL""]"	0	False		1.0
GO:BP	GO:0009888	tissue development	False	1.0	2	"[""BRD2"", ""KRAS""]"	False	1.0	6	"[""BRD2"", ""G6PD"", ""ITGB5"", ""KRAS"", ""PTK2"", ""VCL""]"	False	1.0	13	"[""BRD2"", ""FERMT2"", ""G6PD"", ""GPI"", ""ITGAV"", ""ITGB5"", ""KRAS"", ""PTK2"", ""RHOA"", ""SETD2"", ""VCL"", ""WDR1"", ""WDR83""]"	0	False		1.0
GO:BP	GO:0001894	tissue homeostasis	False	1.0	1	"[""KRAS""]"	False	1.0	2	"[""KRAS"", ""VCL""]"	False	1.0	2	"[""KRAS"", ""VCL""]"	0	False		1.0
GO:BP	GO:0090130	tissue migration	False		0	[]	False	1.0	2	"[""DOCK5"", ""PTK2""]"	False	1.0	2	"[""DOCK5"", ""PTK2""]"	0	False		1.0
GO:BP	GO:0048729	tissue morphogenesis	False	1.0	2	"[""BRD2"", ""KRAS""]"	False	1.0	4	"[""BRD2"", ""ITGB5"", ""KRAS"", ""VCL""]"	False	1.0	10	"[""BRD2"", ""FERMT2"", ""GPI"", ""ITGAV"", ""ITGB5"", ""KRAS"", ""RHOA"", ""VCL"", ""WDR1"", ""WDR83""]"	0	False		1.0
GO:BP	GO:0048771	tissue remodeling	False		0	[]	False	1.0	1	"[""DOCK5""]"	False	1.0	1	"[""DOCK5""]"	0	False		1.0
GO:BP	GO:0034142	toll-like receptor 4 signaling pathway	False		0	[]	False		0	[]	False	1.0	1	"[""NFKBIA""]"	0	False		1.0
GO:BP	GO:0061383	trabecula morphogenesis	False		0	[]	False		0	[]	False	1.0	1	"[""RHOA""]"	0	False		1.0
GO:BP	GO:0099537	trans-synaptic signaling	False	1.0	2	"[""KRAS"", ""SNAP23""]"	False	1.0	2	"[""KRAS"", ""SNAP23""]"	False	1.0	3	"[""KRAS"", ""SNAP23"", ""SV2A""]"	0	False		1.0
GO:BP	GO:0006366	transcription by RNA polymerase II	False	1.0	4	"[""BRD2"", ""EAF1"", ""ENO1"", ""ZNF217""]"	False	1.0	6	"[""BRD2"", ""EAF1"", ""ENO1"", ""ING3"", ""TGIF1"", ""ZNF217""]"	False	1.0	18	"[""BRD2"", ""CNOT1"", ""CRK"", ""EAF1"", ""ENO1"", ""FOXO3B"", ""ING3"", ""IWS1"", ""MED24"", ""NACC1"", ""NFKBIA"", ""RBM10"", ""RCOR1"", ""RHOA"", ""SETD2"", ""SP3"", ""TGIF1"", ""ZNF217""]"	0	False		1.0
GO:BP	GO:0006368	transcription elongation by RNA polymerase II	False	1.0	1	"[""EAF1""]"	False	1.0	1	"[""EAF1""]"	False	1.0	4	"[""EAF1"", ""IWS1"", ""MED24"", ""SETD2""]"	0	False		1.0
GO:BP	GO:0140673	transcription elongation-coupled chromatin remodeling	False		0	[]	False		0	[]	False	1.0	1	"[""IWS1""]"	0	False		1.0
GO:BP	GO:0006367	transcription initiation at RNA polymerase II promoter	False		0	[]	False		0	[]	False	1.0	2	"[""MED24"", ""NFKBIA""]"	0	False		1.0
GO:BP	GO:0070897	transcription preinitiation complex assembly	False		0	[]	False		0	[]	False	1.0	1	"[""MED24""]"	0	False		1.0
GO:BP	GO:0071604	transforming growth factor beta production	False		0	[]	False	1.0	1	"[""FURIN""]"	False	1.0	2	"[""FURIN"", ""ITGAV""]"	0	False		1.0
GO:BP	GO:0007179	transforming growth factor beta receptor signaling pathway	False		0	[]	False	1.0	4	"[""FURIN"", ""HSP90AB1"", ""ITGB5"", ""PTK2""]"	False	1.0	5	"[""FERMT2"", ""FURIN"", ""HSP90AB1"", ""ITGB5"", ""PTK2""]"	0	False		1.0
GO:BP	GO:0141091	transforming growth factor beta receptor superfamily signaling pathway	False		0	[]	False	1.0	4	"[""FURIN"", ""HSP90AB1"", ""ITGB5"", ""PTK2""]"	False	1.0	5	"[""FERMT2"", ""FURIN"", ""HSP90AB1"", ""ITGB5"", ""PTK2""]"	0	False		1.0
GO:BP	GO:0032905	transforming growth factor beta1 production	False		0	[]	False	1.0	1	"[""FURIN""]"	False	1.0	1	"[""FURIN""]"	0	False		1.0
GO:BP	GO:0006412	translation	False	1.0	3	"[""MRPS12"", ""MRPS6"", ""SYNCRIP""]"	False	1.0	5	"[""MRPS12"", ""MRPS6"", ""SERBP1"", ""SYNCRIP"", ""TARS2""]"	False	1.0	10	"[""CNOT1"", ""GCN1"", ""MRPL53"", ""MRPS12"", ""MRPS2"", ""MRPS6"", ""MTFMT"", ""SERBP1"", ""SYNCRIP"", ""TARS2""]"	0	False		1.0
GO:BP	GO:0006414	translational elongation	False		0	[]	False		0	[]	False	1.0	1	"[""GCN1""]"	0	False		1.0
GO:BP	GO:0006413	translational initiation	False		0	[]	False		0	[]	False	1.0	1	"[""MTFMT""]"	0	False		1.0
GO:BP	GO:0055085	transmembrane transport	False	1.0	1	"[""ATP5ME""]"	False	1.0	6	"[""ATP5ME"", ""CYC1"", ""G6PD"", ""SEC62"", ""SLC25A26"", ""SLC35B2""]"	False	1.0	10	"[""AIFM1"", ""ATP5ME"", ""CCDC51"", ""CYC1"", ""G6PD"", ""ITGAV"", ""SEC62"", ""SLC25A26"", ""SLC35B2"", ""SV2A""]"	0	False		1.0
GO:BP	GO:0006810	transport	False	1.0	6	"[""ARL4A"", ""ATP5ME"", ""DNM1L"", ""FIS1"", ""HNRNPA1"", ""SNAP23""]"	False	1.0	17	"[""ARL4A"", ""ATP5ME"", ""CYC1"", ""DNM1L"", ""FIS1"", ""FURIN"", ""G6PD"", ""HEATR3"", ""HNRNPA1"", ""KIF4A"", ""MON2"", ""PTK2"", ""SEC62"", ""SLC25A26"", ""SLC35B2"", ""SNAP23"", ""WASHC2C""]"	False	1.0	30	"[""AIFM1"", ""ARL4A"", ""ATP5ME"", ""B3GAT3"", ""CCDC51"", ""CYC1"", ""DERL2"", ""DNM1L"", ""FIS1"", ""FURIN"", ""G6PD"", ""HEATR3"", ""HNRNPA1"", ""ITGAV"", ""IWS1"", ""KIF4A"", ""MGRN1"", ""MON2"", ""NDC1"", ""NFKBIA"", ""NUP42"", ""PTK2"", ""RAB15"", ""SEC62"", ""SETD2"", ""SLC25A26"", ""SLC35B2"", ""SNAP23"", ""SV2A"", ""WASHC2C""]"	0	False		1.0
GO:BP	GO:0010970	transport along microtubule	False		0	[]	False	1.0	1	"[""KIF4A""]"	False	1.0	1	"[""KIF4A""]"	0	False		1.0
GO:BP	GO:0001829	trophectodermal cell differentiation	False		0	[]	False		0	[]	False	1.0	2	"[""CNOT1"", ""SP3""]"	0	False		1.0
GO:BP	GO:0060606	tube closure	False	1.0	1	"[""BRD2""]"	False	1.0	1	"[""BRD2""]"	False	1.0	2	"[""BRD2"", ""WDR83""]"	0	False		1.0
GO:BP	GO:0035295	tube development	False	1.0	4	"[""BRD2"", ""CRKL"", ""KRAS"", ""WDR48""]"	False	1.0	5	"[""BRD2"", ""CRKL"", ""KRAS"", ""PTK2"", ""WDR48""]"	False	1.0	9	"[""BRD2"", ""CRKL"", ""ITGAV"", ""KRAS"", ""PTK2"", ""RHOA"", ""SP3"", ""WDR48"", ""WDR83""]"	0	False		1.0
GO:BP	GO:0035148	tube formation	False	1.0	1	"[""BRD2""]"	False	1.0	1	"[""BRD2""]"	False	1.0	2	"[""BRD2"", ""WDR83""]"	0	False		1.0
GO:BP	GO:0035239	tube morphogenesis	False	1.0	2	"[""BRD2"", ""KRAS""]"	False	1.0	3	"[""BRD2"", ""KRAS"", ""PTK2""]"	False	1.0	6	"[""BRD2"", ""ITGAV"", ""KRAS"", ""PTK2"", ""RHOA"", ""WDR83""]"	0	False		1.0
GO:BP	GO:0033209	tumor necrosis factor-mediated signaling pathway	False		0	[]	False		0	[]	False	1.0	2	"[""NFKBIA"", ""TRAF2""]"	0	False		1.0
GO:BP	GO:0032606	type I interferon production	False		0	[]	False		0	[]	False	1.0	1	"[""SETD2""]"	0	False		1.0
GO:BP	GO:0060509	type I pneumocyte differentiation	False	1.0	1	"[""KRAS""]"	False	1.0	1	"[""KRAS""]"	False	1.0	1	"[""KRAS""]"	0	False		1.0
GO:BP	GO:0032609	type II interferon production	False	1.0	1	"[""UBA5""]"	False	1.0	1	"[""UBA5""]"	False	1.0	1	"[""UBA5""]"	0	False		1.0
GO:BP	GO:0006744	ubiquinone biosynthetic process	False	1.0	1	"[""UBIAD1""]"	False	1.0	1	"[""UBIAD1""]"	False	1.0	1	"[""UBIAD1""]"	0	False		1.0
GO:BP	GO:0006743	ubiquinone metabolic process	False	1.0	1	"[""UBIAD1""]"	False	1.0	1	"[""UBIAD1""]"	False	1.0	1	"[""UBIAD1""]"	0	False		1.0
GO:BP	GO:0006511	ubiquitin-dependent protein catabolic process	False		0	[]	False	1.0	2	"[""HSP90AB1"", ""PTK2""]"	False	1.0	3	"[""CCAR1"", ""HSP90AB1"", ""PTK2""]"	0	False		1.0
GO:BP	GO:0001655	urogenital system development	False	1.0	1	"[""CRKL""]"	False	1.0	1	"[""CRKL""]"	False	1.0	1	"[""CRKL""]"	0	False		1.0
GO:BP	GO:1990849	vacuolar localization	False	1.0	1	"[""SNAP23""]"	False	1.0	1	"[""SNAP23""]"	False	1.0	1	"[""SNAP23""]"	0	False		1.0
GO:BP	GO:0007034	vacuolar transport	False		0	[]	False		0	[]	False	1.0	1	"[""MGRN1""]"	0	False		1.0
GO:BP	GO:1905288	vascular associated smooth muscle cell apoptotic process	False		0	[]	False		0	[]	False	1.0	1	"[""RBM10""]"	0	False		1.0
GO:BP	GO:1904738	vascular associated smooth muscle cell migration	False		0	[]	False	1.0	1	"[""DOCK5""]"	False	1.0	1	"[""DOCK5""]"	0	False		1.0
GO:BP	GO:1990874	vascular associated smooth muscle cell proliferation	False		0	[]	False		0	[]	False	1.0	1	"[""RBM10""]"	0	False		1.0
GO:BP	GO:0014829	vascular associated smooth muscle contraction	False		0	[]	False	1.0	1	"[""DOCK5""]"	False	1.0	2	"[""DOCK5"", ""RHOA""]"	0	False		1.0
GO:BP	GO:0097699	vascular endothelial cell response to fluid shear stress	False		0	[]	False	1.0	1	"[""PTK2""]"	False	1.0	1	"[""PTK2""]"	0	False		1.0
GO:BP	GO:0097706	vascular endothelial cell response to oscillatory fluid shear stress	False		0	[]	False	1.0	1	"[""PTK2""]"	False	1.0	1	"[""PTK2""]"	0	False		1.0
GO:BP	GO:0048010	vascular endothelial growth factor receptor signaling pathway	False		0	[]	False	1.0	1	"[""PTK2""]"	False	1.0	1	"[""PTK2""]"	0	False		1.0
GO:BP	GO:0003018	vascular process in circulatory system	False		0	[]	False	1.0	1	"[""DOCK5""]"	False	1.0	3	"[""DOCK5"", ""FERMT2"", ""RHOA""]"	0	False		1.0
GO:BP	GO:0001944	vasculature development	False	1.0	1	"[""CRKL""]"	False	1.0	2	"[""CRKL"", ""PTK2""]"	False	1.0	5	"[""CRKL"", ""ITGAV"", ""PTK2"", ""RHOA"", ""WDR83""]"	0	False		1.0
GO:BP	GO:0001570	vasculogenesis	False		0	[]	False		0	[]	False	1.0	1	"[""ITGAV""]"	0	False		1.0
GO:BP	GO:0042310	vasoconstriction	False		0	[]	False	1.0	1	"[""DOCK5""]"	False	1.0	2	"[""DOCK5"", ""RHOA""]"	0	False		1.0
GO:BP	GO:0099625	ventricular cardiac muscle cell membrane repolarization	False		0	[]	False		0	[]	False	1.0	1	"[""WDR1""]"	0	False		1.0
GO:BP	GO:0006906	vesicle fusion	False	1.0	1	"[""SNAP23""]"	False	1.0	1	"[""SNAP23""]"	False	1.0	1	"[""SNAP23""]"	0	False		1.0
GO:BP	GO:0099500	vesicle fusion to plasma membrane	False	1.0	1	"[""SNAP23""]"	False	1.0	1	"[""SNAP23""]"	False	1.0	1	"[""SNAP23""]"	0	False		1.0
GO:BP	GO:0051648	vesicle localization	False	1.0	1	"[""SNAP23""]"	False	1.0	1	"[""SNAP23""]"	False	1.0	1	"[""SNAP23""]"	0	False		1.0
GO:BP	GO:0016050	vesicle organization	False	1.0	1	"[""SNAP23""]"	False	1.0	1	"[""SNAP23""]"	False	1.0	1	"[""SNAP23""]"	0	False		1.0
GO:BP	GO:0006903	vesicle targeting	False	1.0	1	"[""SNAP23""]"	False	1.0	1	"[""SNAP23""]"	False	1.0	1	"[""SNAP23""]"	0	False		1.0
GO:BP	GO:0016192	vesicle-mediated transport	False	1.0	3	"[""ARL4A"", ""DNM1L"", ""SNAP23""]"	False	1.0	6	"[""ARL4A"", ""DNM1L"", ""MON2"", ""PTK2"", ""SNAP23"", ""WASHC2C""]"	False	1.0	10	"[""ARL4A"", ""DNM1L"", ""ITGAV"", ""MGRN1"", ""MON2"", ""PTK2"", ""RAB15"", ""SNAP23"", ""SV2A"", ""WASHC2C""]"	0	False		1.0
GO:BP	GO:0099003	vesicle-mediated transport in synapse	False	1.0	1	"[""SNAP23""]"	False	1.0	1	"[""SNAP23""]"	False	1.0	2	"[""SNAP23"", ""SV2A""]"	0	False		1.0
GO:BP	GO:0098876	vesicle-mediated transport to the plasma membrane	False		0	[]	False	1.0	1	"[""WASHC2C""]"	False	1.0	1	"[""WASHC2C""]"	0	False		1.0
GO:BP	GO:0019080	viral gene expression	False		0	[]	False	1.0	1	"[""FURIN""]"	False	1.0	2	"[""FURIN"", ""ST3GAL1""]"	0	False		1.0
GO:BP	GO:0019058	viral life cycle	False		0	[]	False	1.0	3	"[""FURIN"", ""HSP90AB1"", ""ITGB5""]"	False	1.0	4	"[""FURIN"", ""HSP90AB1"", ""ITGAV"", ""ITGB5""]"	0	False		1.0
GO:BP	GO:0016032	viral process	False		0	[]	False	1.0	3	"[""FURIN"", ""HSP90AB1"", ""ITGB5""]"	False	1.0	5	"[""FURIN"", ""HSP90AB1"", ""ITGAV"", ""ITGB5"", ""ST3GAL1""]"	0	False		1.0
GO:BP	GO:0019082	viral protein processing	False		0	[]	False	1.0	1	"[""FURIN""]"	False	1.0	2	"[""FURIN"", ""ST3GAL1""]"	0	False		1.0
GO:BP	GO:0019081	viral translation	False		0	[]	False	1.0	1	"[""FURIN""]"	False	1.0	1	"[""FURIN""]"	0	False		1.0
GO:BP	GO:0019062	virion attachment to host cell	False		0	[]	False	1.0	1	"[""HSP90AB1""]"	False	1.0	1	"[""HSP90AB1""]"	0	False		1.0
GO:BP	GO:0007632	visual behavior	False	1.0	1	"[""KRAS""]"	False	1.0	1	"[""KRAS""]"	False	1.0	1	"[""KRAS""]"	0	False		1.0
GO:BP	GO:0008542	visual learning	False	1.0	1	"[""KRAS""]"	False	1.0	1	"[""KRAS""]"	False	1.0	1	"[""KRAS""]"	0	False		1.0
GO:BP	GO:0150063	visual system development	False		0	[]	False		0	[]	False	1.0	1	"[""SP3""]"	0	False		1.0
GO:BP	GO:0042371	vitamin K biosynthetic process	False	1.0	1	"[""UBIAD1""]"	False	1.0	1	"[""UBIAD1""]"	False	1.0	1	"[""UBIAD1""]"	0	False		1.0
GO:BP	GO:0042373	vitamin K metabolic process	False	1.0	1	"[""UBIAD1""]"	False	1.0	1	"[""UBIAD1""]"	False	1.0	1	"[""UBIAD1""]"	0	False		1.0
GO:BP	GO:0009110	vitamin biosynthetic process	False	1.0	1	"[""UBIAD1""]"	False	1.0	1	"[""UBIAD1""]"	False	1.0	1	"[""UBIAD1""]"	0	False		1.0
GO:BP	GO:0006766	vitamin metabolic process	False	1.0	1	"[""UBIAD1""]"	False	1.0	1	"[""UBIAD1""]"	False	1.0	1	"[""UBIAD1""]"	0	False		1.0
GO:BP	GO:0042060	wound healing	False		0	[]	False	1.0	3	"[""ITGB5"", ""PTK2"", ""VCL""]"	False	1.0	7	"[""CRK"", ""FERMT2"", ""ITGAV"", ""ITGB5"", ""PTK2"", ""RHOA"", ""VCL""]"	0	False		1.0
GO:BP	GO:0044319	wound healing, spreading of cells	False		0	[]	False	1.0	1	"[""ITGB5""]"	False	1.0	4	"[""FERMT2"", ""ITGAV"", ""ITGB5"", ""RHOA""]"	0	False		1.0
GO:BP	GO:0035313	wound healing, spreading of epidermal cells	False		0	[]	False	1.0	1	"[""ITGB5""]"	False	1.0	3	"[""FERMT2"", ""ITGAV"", ""ITGB5""]"	0	False		1.0
GO:BP	GO:0031638	zymogen activation	False	1.0	1	"[""ENO1""]"	False	1.0	2	"[""ENO1"", ""FURIN""]"	False	1.0	2	"[""ENO1"", ""FURIN""]"	0	False		1.0
KEGG	KEGG:04933	AGE-RAGE signaling pathway in diabetic complications	False	1.0	1	"[""KRAS""]"	False	1.0	1	"[""KRAS""]"	False	1.0	1	"[""KRAS""]"	0	False		1.0
KEGG	KEGG:03082	ATP-dependent chromatin remodeling	False		0	[]	False	1.0	1	"[""ING3""]"	False	1.0	1	"[""ING3""]"	0	False		1.0
KEGG	KEGG:05221	Acute myeloid leukemia	False	1.0	1	"[""KRAS""]"	False	1.0	1	"[""KRAS""]"	False	1.0	1	"[""KRAS""]"	0	False		1.0
KEGG	KEGG:04520	Adherens junction	False		0	[]	False	1.0	1	"[""VCL""]"	False	1.0	2	"[""RHOA"", ""VCL""]"	0	False		1.0
KEGG	KEGG:04920	Adipocytokine signaling pathway	False		0	[]	False		0	[]	False	1.0	2	"[""NFKBIA"", ""TRAF2""]"	0	False		1.0
KEGG	KEGG:00250	Alanine, aspartate and glutamate metabolism	False		0	[]	False		0	[]	False	1.0	1	"[""ADSL""]"	0	False		1.0
KEGG	KEGG:04936	Alcoholic liver disease	False		0	[]	False	1.0	1	"[""TRA2B""]"	False	1.0	2	"[""NFKBIA"", ""TRA2B""]"	0	False		1.0
KEGG	KEGG:05034	Alcoholism	False	1.0	1	"[""KRAS""]"	False	1.0	1	"[""KRAS""]"	False	1.0	1	"[""KRAS""]"	0	False		1.0
KEGG	KEGG:04960	Aldosterone-regulated sodium reabsorption	False	1.0	1	"[""KRAS""]"	False	1.0	1	"[""KRAS""]"	False	1.0	1	"[""KRAS""]"	0	False		1.0
KEGG	KEGG:05010	Alzheimer disease	False	1.0	1	"[""KRAS""]"	False	1.0	2	"[""CYC1"", ""KRAS""]"	False	1.0	3	"[""CYC1"", ""KRAS"", ""TRAF2""]"	0	False		1.0
KEGG	KEGG:00520	Amino sugar and nucleotide sugar metabolism	False		0	[]	False		0	[]	False	1.0	1	"[""GPI""]"	0	False		1.0
KEGG	KEGG:05146	Amoebiasis	False		0	[]	False	1.0	2	"[""PTK2"", ""VCL""]"	False	1.0	2	"[""PTK2"", ""VCL""]"	0	False		1.0
KEGG	KEGG:05014	Amyotrophic lateral sclerosis	False	1.0	1	"[""HNRNPA1""]"	False	1.0	2	"[""CYC1"", ""HNRNPA1""]"	False	1.0	4	"[""CYC1"", ""HNRNPA1"", ""NDC1"", ""TRAF2""]"	0	False		1.0
KEGG	KEGG:04612	Antigen processing and presentation	False		0	[]	False	1.0	1	"[""HSP90AB1""]"	False	1.0	1	"[""HSP90AB1""]"	0	False		1.0
KEGG	KEGG:04371	Apelin signaling pathway	False	1.0	1	"[""KRAS""]"	False	1.0	1	"[""KRAS""]"	False	1.0	1	"[""KRAS""]"	0	False		1.0
KEGG	KEGG:05412	Arrhythmogenic right ventricular cardiomyopathy	False		0	[]	False	1.0	1	"[""ITGB5""]"	False	1.0	2	"[""ITGAV"", ""ITGB5""]"	0	False		1.0
KEGG	KEGG:04140	Autophagy - animal	False	1.0	2	"[""KRAS"", ""MLST8""]"	False	1.0	2	"[""KRAS"", ""MLST8""]"	False	1.0	2	"[""KRAS"", ""MLST8""]"	0	False		1.0
KEGG	KEGG:04136	Autophagy - other	False	1.0	1	"[""MLST8""]"	False	1.0	1	"[""MLST8""]"	False	1.0	1	"[""MLST8""]"	0	False		1.0
KEGG	KEGG:04360	Axon guidance	False	1.0	1	"[""KRAS""]"	False	1.0	2	"[""KRAS"", ""PTK2""]"	False	1.0	3	"[""KRAS"", ""PTK2"", ""RHOA""]"	0	False		1.0
KEGG	KEGG:04662	B cell receptor signaling pathway	False	1.0	1	"[""KRAS""]"	False	1.0	1	"[""KRAS""]"	False	1.0	2	"[""KRAS"", ""NFKBIA""]"	0	False		1.0
KEGG	KEGG:01230	Biosynthesis of amino acids	False	1.0	1	"[""ENO1""]"	False	1.0	1	"[""ENO1""]"	False	1.0	1	"[""ENO1""]"	0	False		1.0
KEGG	KEGG:01240	Biosynthesis of cofactors	False		0	[]	False		0	[]	False	1.0	2	"[""ADSL"", ""CTPS1""]"	0	False		1.0
KEGG	KEGG:01250	Biosynthesis of nucleotide sugars	False		0	[]	False		0	[]	False	1.0	1	"[""GPI""]"	0	False		1.0
KEGG	KEGG:05219	Bladder cancer	False	1.0	1	"[""KRAS""]"	False	1.0	1	"[""KRAS""]"	False	1.0	1	"[""KRAS""]"	0	False		1.0
KEGG	KEGG:05224	Breast cancer	False	1.0	1	"[""KRAS""]"	False	1.0	1	"[""KRAS""]"	False	1.0	1	"[""KRAS""]"	0	False		1.0
KEGG	KEGG:04625	C-type lectin receptor signaling pathway	False	1.0	1	"[""KRAS""]"	False	1.0	1	"[""KRAS""]"	False	1.0	3	"[""KRAS"", ""NFKBIA"", ""RHOA""]"	0	False		1.0
KEGG	KEGG:04519	Cadherin signaling	False	1.0	1	"[""KRAS""]"	False	1.0	3	"[""KRAS"", ""PTK2"", ""VCL""]"	False	1.0	5	"[""KRAS"", ""NFKBIA"", ""PTK2"", ""RHOA"", ""VCL""]"	0	False		1.0
KEGG	KEGG:01200	Carbon metabolism	False	1.0	1	"[""ENO1""]"	False	1.0	2	"[""ENO1"", ""G6PD""]"	False	1.0	3	"[""ENO1"", ""G6PD"", ""GPI""]"	0	False		1.0
KEGG	KEGG:04260	Cardiac muscle contraction	False		0	[]	False	1.0	1	"[""CYC1""]"	False	1.0	1	"[""CYC1""]"	0	False		1.0
KEGG	KEGG:04514	Cell adhesion molecule (CAM) interaction	False		0	[]	False		0	[]	False	1.0	1	"[""ITGAV""]"	0	False		1.0
KEGG	KEGG:04218	Cellular senescence	False	1.0	1	"[""KRAS""]"	False	1.0	1	"[""KRAS""]"	False	1.0	1	"[""KRAS""]"	0	False		1.0
KEGG	KEGG:05230	Central carbon metabolism in cancer	False	1.0	1	"[""KRAS""]"	False	1.0	2	"[""G6PD"", ""KRAS""]"	False	1.0	2	"[""G6PD"", ""KRAS""]"	0	False		1.0
KEGG	KEGG:05142	Chagas disease	False		0	[]	False		0	[]	False	1.0	1	"[""NFKBIA""]"	0	False		1.0
KEGG	KEGG:05208	Chemical carcinogenesis - reactive oxygen species	False	1.0	1	"[""KRAS""]"	False	1.0	3	"[""CYC1"", ""KRAS"", ""PTK2""]"	False	1.0	4	"[""CYC1"", ""KRAS"", ""NFKBIA"", ""PTK2""]"	0	False		1.0
KEGG	KEGG:05207	Chemical carcinogenesis - receptor activation	False	1.0	1	"[""KRAS""]"	False	1.0	2	"[""HSP90AB1"", ""KRAS""]"	False	1.0	2	"[""HSP90AB1"", ""KRAS""]"	0	False		1.0
KEGG	KEGG:05231	Choline metabolism in cancer	False	1.0	1	"[""KRAS""]"	False	1.0	1	"[""KRAS""]"	False	1.0	1	"[""KRAS""]"	0	False		1.0
KEGG	KEGG:04725	Cholinergic synapse	False	1.0	1	"[""KRAS""]"	False	1.0	1	"[""KRAS""]"	False	1.0	1	"[""KRAS""]"	0	False		1.0
KEGG	KEGG:05210	Colorectal cancer	False	1.0	1	"[""KRAS""]"	False	1.0	1	"[""KRAS""]"	False	1.0	2	"[""KRAS"", ""RHOA""]"	0	False		1.0
KEGG	KEGG:04382	Cornified envelope formation	False		0	[]	False	1.0	1	"[""FURIN""]"	False	1.0	1	"[""FURIN""]"	0	False		1.0
KEGG	KEGG:05171	Coronavirus disease - COVID-19	False		0	[]	False		0	[]	False	1.0	1	"[""NFKBIA""]"	0	False		1.0
KEGG	KEGG:04820	Cytoskeleton in muscle cells	False	1.0	1	"[""ENO1""]"	False	1.0	3	"[""ENO1"", ""ITGB5"", ""VCL""]"	False	1.0	4	"[""ENO1"", ""ITGAV"", ""ITGB5"", ""VCL""]"	0	False		1.0
KEGG	KEGG:04623	Cytosolic DNA-sensing pathway	False		0	[]	False		0	[]	False	1.0	1	"[""NFKBIA""]"	0	False		1.0
KEGG	KEGG:05415	Diabetic cardiomyopathy	False		0	[]	False	1.0	2	"[""CYC1"", ""G6PD""]"	False	1.0	2	"[""CYC1"", ""G6PD""]"	0	False		1.0
KEGG	KEGG:05414	Dilated cardiomyopathy	False		0	[]	False	1.0	1	"[""ITGB5""]"	False	1.0	2	"[""ITGAV"", ""ITGB5""]"	0	False		1.0
KEGG	KEGG:04512	ECM-receptor interaction	False		0	[]	False	1.0	1	"[""ITGB5""]"	False	1.0	3	"[""ITGAV"", ""ITGB5"", ""SV2A""]"	0	False		1.0
KEGG	KEGG:01521	EGFR tyrosine kinase inhibitor resistance	False	1.0	1	"[""KRAS""]"	False	1.0	1	"[""KRAS""]"	False	1.0	1	"[""KRAS""]"	0	False		1.0
KEGG	KEGG:01522	Endocrine resistance	False	1.0	1	"[""KRAS""]"	False	1.0	2	"[""KRAS"", ""PTK2""]"	False	1.0	2	"[""KRAS"", ""PTK2""]"	0	False		1.0
KEGG	KEGG:04144	Endocytosis	False		0	[]	False	1.0	1	"[""WASHC2C""]"	False	1.0	2	"[""RHOA"", ""WASHC2C""]"	0	False		1.0
KEGG	KEGG:05213	Endometrial cancer	False	1.0	1	"[""KRAS""]"	False	1.0	1	"[""KRAS""]"	False	1.0	1	"[""KRAS""]"	0	False		1.0
KEGG	KEGG:05120	Epithelial cell signaling in Helicobacter pylori infection	False		0	[]	False		0	[]	False	1.0	1	"[""NFKBIA""]"	0	False		1.0
KEGG	KEGG:05169	Epstein-Barr virus infection	False		0	[]	False		0	[]	False	1.0	2	"[""NFKBIA"", ""TRAF2""]"	0	False		1.0
KEGG	KEGG:04915	Estrogen signaling pathway	False	1.0	1	"[""KRAS""]"	False	1.0	2	"[""HSP90AB1"", ""KRAS""]"	False	1.0	2	"[""HSP90AB1"", ""KRAS""]"	0	False		1.0
KEGG	KEGG:03460	Fanconi anemia pathway	False	1.0	1	"[""WDR48""]"	False	1.0	1	"[""WDR48""]"	False	1.0	2	"[""RMI1"", ""WDR48""]"	0	False		1.0
KEGG	KEGG:04664	Fc epsilon RI signaling pathway	False	1.0	1	"[""KRAS""]"	False	1.0	1	"[""KRAS""]"	False	1.0	1	"[""KRAS""]"	0	False		1.0
KEGG	KEGG:04666	Fc gamma R-mediated phagocytosis	False	1.0	1	"[""CRKL""]"	False	1.0	1	"[""CRKL""]"	False	1.0	2	"[""CRK"", ""CRKL""]"	0	False		1.0
KEGG	KEGG:04068	FoxO signaling pathway	False	1.0	1	"[""KRAS""]"	False	1.0	1	"[""KRAS""]"	False	1.0	1	"[""KRAS""]"	0	False		1.0
KEGG	KEGG:04540	Gap junction	False	1.0	1	"[""KRAS""]"	False	1.0	1	"[""KRAS""]"	False	1.0	1	"[""KRAS""]"	0	False		1.0
KEGG	KEGG:05226	Gastric cancer	False	1.0	1	"[""KRAS""]"	False	1.0	1	"[""KRAS""]"	False	1.0	1	"[""KRAS""]"	0	False		1.0
KEGG	KEGG:05214	Glioma	False	1.0	1	"[""KRAS""]"	False	1.0	1	"[""KRAS""]"	False	1.0	1	"[""KRAS""]"	0	False		1.0
KEGG	KEGG:00480	Glutathione metabolism	False		0	[]	False	1.0	1	"[""G6PD""]"	False	1.0	1	"[""G6PD""]"	0	False		1.0
KEGG	KEGG:00010	Glycolysis / Gluconeogenesis	False	1.0	1	"[""ENO1""]"	False	1.0	1	"[""ENO1""]"	False	1.0	2	"[""ENO1"", ""GPI""]"	0	False		1.0
KEGG	KEGG:00532	Glycosaminoglycan biosynthesis - chondroitin sulfate / dermatan sulfate	False		0	[]	False		0	[]	False	1.0	1	"[""B3GAT3""]"	0	False		1.0
KEGG	KEGG:00534	Glycosaminoglycan biosynthesis - heparan sulfate / heparin	False		0	[]	False		0	[]	False	1.0	1	"[""B3GAT3""]"	0	False		1.0
KEGG	KEGG:00533	Glycosaminoglycan biosynthesis - keratan sulfate	False		0	[]	False		0	[]	False	1.0	1	"[""ST3GAL1""]"	0	False		1.0
KEGG	KEGG:00604	Glycosphingolipid biosynthesis - ganglio series	False		0	[]	False		0	[]	False	1.0	1	"[""ST3GAL1""]"	0	False		1.0
KEGG	KEGG:00603	Glycosphingolipid biosynthesis - globo and isoglobo series	False		0	[]	False		0	[]	False	1.0	1	"[""ST3GAL1""]"	0	False		1.0
KEGG	KEGG:00563	Glycosylphosphatidylinositol (GPI)-anchor biosynthesis	False		0	[]	False		0	[]	False	1.0	1	"[""PIGL""]"	0	False		1.0
KEGG	KEGG:04929	GnRH secretion	False	1.0	1	"[""KRAS""]"	False	1.0	1	"[""KRAS""]"	False	1.0	1	"[""KRAS""]"	0	False		1.0
KEGG	KEGG:04912	GnRH signaling pathway	False	1.0	1	"[""KRAS""]"	False	1.0	1	"[""KRAS""]"	False	1.0	1	"[""KRAS""]"	0	False		1.0
KEGG	KEGG:04066	HIF-1 signaling pathway	False	1.0	1	"[""ENO1""]"	False	1.0	1	"[""ENO1""]"	False	1.0	1	"[""ENO1""]"	0	False		1.0
KEGG	KEGG:04340	Hedgehog signaling pathway	False		0	[]	False		0	[]	False	1.0	1	"[""MGRN1""]"	0	False		1.0
KEGG	KEGG:05161	Hepatitis B	False	1.0	1	"[""KRAS""]"	False	1.0	1	"[""KRAS""]"	False	1.0	2	"[""KRAS"", ""NFKBIA""]"	0	False		1.0
KEGG	KEGG:05160	Hepatitis C	False	1.0	1	"[""KRAS""]"	False	1.0	1	"[""KRAS""]"	False	1.0	3	"[""KRAS"", ""NFKBIA"", ""TRAF2""]"	0	False		1.0
KEGG	KEGG:05225	Hepatocellular carcinoma	False	1.0	1	"[""KRAS""]"	False	1.0	1	"[""KRAS""]"	False	1.0	1	"[""KRAS""]"	0	False		1.0
KEGG	KEGG:05168	Herpes simplex virus 1 infection	False		0	[]	False		0	[]	False	1.0	2	"[""NFKBIA"", ""TRAF2""]"	0	False		1.0
KEGG	KEGG:04081	Hormone signaling	False		0	[]	False		0	[]	False	1.0	2	"[""ITGAV"", ""RHOA""]"	0	False		1.0
KEGG	KEGG:05166	Human T-cell leukemia virus 1 infection	False	1.0	1	"[""KRAS""]"	False	1.0	1	"[""KRAS""]"	False	1.0	2	"[""KRAS"", ""NFKBIA""]"	0	False		1.0
KEGG	KEGG:05165	Human papillomavirus infection	False	1.0	1	"[""KRAS""]"	False	1.0	3	"[""ITGB5"", ""KRAS"", ""PTK2""]"	False	1.0	4	"[""ITGAV"", ""ITGB5"", ""KRAS"", ""PTK2""]"	0	False		1.0
KEGG	KEGG:05016	Huntington disease	False		0	[]	False	1.0	1	"[""CYC1""]"	False	1.0	3	"[""CYC1"", ""RCOR1"", ""TRAF2""]"	0	False		1.0
KEGG	KEGG:05410	Hypertrophic cardiomyopathy	False		0	[]	False	1.0	1	"[""ITGB5""]"	False	1.0	2	"[""ITGAV"", ""ITGB5""]"	0	False		1.0
KEGG	KEGG:04657	IL-17 signaling pathway	False		0	[]	False	1.0	1	"[""HSP90AB1""]"	False	1.0	3	"[""HSP90AB1"", ""NFKBIA"", ""TRAF2""]"	0	False		1.0
KEGG	KEGG:04517	IgSF CAM signaling	False		0	[]	False	1.0	2	"[""PTK2"", ""VCL""]"	False	1.0	3	"[""PTK2"", ""RHOA"", ""VCL""]"	0	False		1.0
KEGG	KEGG:05164	Influenza A	False		0	[]	False		0	[]	False	1.0	1	"[""NFKBIA""]"	0	False		1.0
KEGG	KEGG:04931	Insulin resistance	False		0	[]	False		0	[]	False	1.0	1	"[""NFKBIA""]"	0	False		1.0
KEGG	KEGG:04910	Insulin signaling pathway	False	1.0	2	"[""CRKL"", ""KRAS""]"	False	1.0	2	"[""CRKL"", ""KRAS""]"	False	1.0	3	"[""CRK"", ""CRKL"", ""KRAS""]"	0	False		1.0
KEGG	KEGG:05167	Kaposi sarcoma-associated herpesvirus infection	False	1.0	1	"[""KRAS""]"	False	1.0	1	"[""KRAS""]"	False	1.0	3	"[""KRAS"", ""NFKBIA"", ""TRAF2""]"	0	False		1.0
KEGG	KEGG:05134	Legionellosis	False		0	[]	False		0	[]	False	1.0	1	"[""NFKBIA""]"	0	False		1.0
KEGG	KEGG:05140	Leishmaniasis	False		0	[]	False		0	[]	False	1.0	1	"[""NFKBIA""]"	0	False		1.0
KEGG	KEGG:04670	Leukocyte transendothelial migration	False		0	[]	False	1.0	2	"[""PTK2"", ""VCL""]"	False	1.0	3	"[""PTK2"", ""RHOA"", ""VCL""]"	0	False		1.0
KEGG	KEGG:04730	Long-term depression	False	1.0	1	"[""KRAS""]"	False	1.0	1	"[""KRAS""]"	False	1.0	1	"[""KRAS""]"	0	False		1.0
KEGG	KEGG:04720	Long-term potentiation	False	1.0	1	"[""KRAS""]"	False	1.0	1	"[""KRAS""]"	False	1.0	1	"[""KRAS""]"	0	False		1.0
KEGG	KEGG:04211	Longevity regulating pathway	False	1.0	1	"[""KRAS""]"	False	1.0	1	"[""KRAS""]"	False	1.0	1	"[""KRAS""]"	0	False		1.0
KEGG	KEGG:04213	Longevity regulating pathway - multiple species	False	1.0	1	"[""KRAS""]"	False	1.0	1	"[""KRAS""]"	False	1.0	1	"[""KRAS""]"	0	False		1.0
KEGG	KEGG:00310	Lysine degradation	False		0	[]	False		0	[]	False	1.0	1	"[""SETD2""]"	0	False		1.0
KEGG	KEGG:04142	Lysosome biogenesis	False	1.0	1	"[""MLST8""]"	False	1.0	1	"[""MLST8""]"	False	1.0	1	"[""MLST8""]"	0	False		1.0
KEGG	KEGG:04010	MAPK signaling pathway	False	1.0	2	"[""CRKL"", ""KRAS""]"	False	1.0	2	"[""CRKL"", ""KRAS""]"	False	1.0	4	"[""CRK"", ""CRKL"", ""KRAS"", ""TRAF2""]"	0	False		1.0
KEGG	KEGG:05162	Measles	False		0	[]	False		0	[]	False	1.0	1	"[""NFKBIA""]"	0	False		1.0
KEGG	KEGG:04916	Melanogenesis	False	1.0	1	"[""KRAS""]"	False	1.0	1	"[""KRAS""]"	False	1.0	1	"[""KRAS""]"	0	False		1.0
KEGG	KEGG:05218	Melanoma	False	1.0	1	"[""KRAS""]"	False	1.0	1	"[""KRAS""]"	False	1.0	1	"[""KRAS""]"	0	False		1.0
KEGG	KEGG:01100	Metabolic pathways	False	1.0	2	"[""ATP5ME"", ""ENO1""]"	False	1.0	5	"[""ATP5ME"", ""CYC1"", ""DOLK"", ""ENO1"", ""G6PD""]"	False	1.0	14	"[""ADSL"", ""ALG8"", ""ATP5ME"", ""B3GAT3"", ""CTPS1"", ""CYC1"", ""DOLK"", ""ENO1"", ""G6PD"", ""GPI"", ""MTFMT"", ""PIGL"", ""SETD2"", ""ST3GAL1""]"	0	False		1.0
KEGG	KEGG:05206	MicroRNAs in cancer	False	1.0	2	"[""CRKL"", ""KRAS""]"	False	1.0	2	"[""CRKL"", ""KRAS""]"	False	1.0	4	"[""CRK"", ""CRKL"", ""KRAS"", ""RHOA""]"	0	False		1.0
KEGG	KEGG:04814	Motor proteins	False		0	[]	False	1.0	1	"[""KIF4A""]"	False	1.0	1	"[""KIF4A""]"	0	False		1.0
KEGG	KEGG:00512	Mucin type O-glycan biosynthesis	False		0	[]	False		0	[]	False	1.0	1	"[""ST3GAL1""]"	0	False		1.0
KEGG	KEGG:00510	N-Glycan biosynthesis	False		0	[]	False	1.0	1	"[""DOLK""]"	False	1.0	2	"[""ALG8"", ""DOLK""]"	0	False		1.0
KEGG	KEGG:04064	NF-kappa B signaling pathway	False		0	[]	False		0	[]	False	1.0	2	"[""NFKBIA"", ""TRAF2""]"	0	False		1.0
KEGG	KEGG:04650	Natural killer cell mediated cytotoxicity	False	1.0	1	"[""KRAS""]"	False	1.0	1	"[""KRAS""]"	False	1.0	1	"[""KRAS""]"	0	False		1.0
KEGG	KEGG:04217	Necroptosis	False	1.0	1	"[""DNM1L""]"	False	1.0	2	"[""DNM1L"", ""HSP90AB1""]"	False	1.0	4	"[""AIFM1"", ""DNM1L"", ""HSP90AB1"", ""TRAF2""]"	0	False		1.0
KEGG	KEGG:04080	Neuroactive ligand-receptor interaction	False		0	[]	False	1.0	1	"[""LTB4R""]"	False	1.0	1	"[""LTB4R""]"	0	False		1.0
KEGG	KEGG:04932	Non-alcoholic fatty liver disease	False		0	[]	False	1.0	1	"[""CYC1""]"	False	1.0	2	"[""CYC1"", ""TRAF2""]"	0	False		1.0
KEGG	KEGG:05223	Non-small cell lung cancer	False	1.0	1	"[""KRAS""]"	False	1.0	1	"[""KRAS""]"	False	1.0	1	"[""KRAS""]"	0	False		1.0
KEGG	KEGG:03013	Nucleocytoplasmic transport	False		0	[]	False		0	[]	False	1.0	2	"[""NDC1"", ""NUP42""]"	0	False		1.0
KEGG	KEGG:01232	Nucleotide metabolism	False		0	[]	False		0	[]	False	1.0	2	"[""ADSL"", ""CTPS1""]"	0	False		1.0
KEGG	KEGG:04380	Osteoclast differentiation	False		0	[]	False		0	[]	False	1.0	2	"[""NFKBIA"", ""TRAF2""]"	0	False		1.0
KEGG	KEGG:00190	Oxidative phosphorylation	False	1.0	1	"[""ATP5ME""]"	False	1.0	2	"[""ATP5ME"", ""CYC1""]"	False	1.0	2	"[""ATP5ME"", ""CYC1""]"	0	False		1.0
KEGG	KEGG:04921	Oxytocin signaling pathway	False	1.0	1	"[""KRAS""]"	False	1.0	1	"[""KRAS""]"	False	1.0	2	"[""KRAS"", ""RHOA""]"	0	False		1.0
KEGG	KEGG:05235	PD-L1 expression and PD-1 checkpoint pathway in cancer	False	1.0	1	"[""KRAS""]"	False	1.0	1	"[""KRAS""]"	False	1.0	2	"[""KRAS"", ""NFKBIA""]"	0	False		1.0
KEGG	KEGG:05212	Pancreatic cancer	False	1.0	1	"[""KRAS""]"	False	1.0	1	"[""KRAS""]"	False	1.0	1	"[""KRAS""]"	0	False		1.0
KEGG	KEGG:04972	Pancreatic secretion	False		0	[]	False		0	[]	False	1.0	1	"[""RHOA""]"	0	False		1.0
KEGG	KEGG:04928	Parathyroid hormone synthesis, secretion and action	False		0	[]	False		0	[]	False	1.0	1	"[""RHOA""]"	0	False		1.0
KEGG	KEGG:05012	Parkinson disease	False		0	[]	False	1.0	1	"[""CYC1""]"	False	1.0	1	"[""CYC1""]"	0	False		1.0
KEGG	KEGG:05130	Pathogenic Escherichia coli infection	False		0	[]	False		0	[]	False	1.0	3	"[""NFKBIA"", ""RHOA"", ""TRAF2""]"	0	False		1.0
KEGG	KEGG:05022	Pathways of neurodegeneration - multiple diseases	False	1.0	1	"[""KRAS""]"	False	1.0	2	"[""CYC1"", ""KRAS""]"	False	1.0	3	"[""CYC1"", ""KRAS"", ""TRAF2""]"	0	False		1.0
KEGG	KEGG:00030	Pentose phosphate pathway	False		0	[]	False	1.0	1	"[""G6PD""]"	False	1.0	2	"[""G6PD"", ""GPI""]"	0	False		1.0
KEGG	KEGG:05133	Pertussis	False		0	[]	False		0	[]	False	1.0	1	"[""RHOA""]"	0	False		1.0
KEGG	KEGG:04145	Phagosome	False		0	[]	False	1.0	1	"[""ITGB5""]"	False	1.0	2	"[""ITGAV"", ""ITGB5""]"	0	False		1.0
KEGG	KEGG:04072	Phospholipase D signaling pathway	False	1.0	1	"[""KRAS""]"	False	1.0	1	"[""KRAS""]"	False	1.0	2	"[""KRAS"", ""RHOA""]"	0	False		1.0
KEGG	KEGG:04611	Platelet activation	False	1.0	1	"[""SNAP23""]"	False	1.0	1	"[""SNAP23""]"	False	1.0	2	"[""RHOA"", ""SNAP23""]"	0	False		1.0
KEGG	KEGG:05020	Prion disease	False		0	[]	False	1.0	1	"[""CYC1""]"	False	1.0	1	"[""CYC1""]"	0	False		1.0
KEGG	KEGG:04914	Progesterone-mediated oocyte maturation	False	1.0	1	"[""KRAS""]"	False	1.0	2	"[""HSP90AB1"", ""KRAS""]"	False	1.0	2	"[""HSP90AB1"", ""KRAS""]"	0	False		1.0
KEGG	KEGG:04917	Prolactin signaling pathway	False	1.0	1	"[""KRAS""]"	False	1.0	1	"[""KRAS""]"	False	1.0	1	"[""KRAS""]"	0	False		1.0
KEGG	KEGG:05215	Prostate cancer	False	1.0	1	"[""KRAS""]"	False	1.0	2	"[""HSP90AB1"", ""KRAS""]"	False	1.0	3	"[""HSP90AB1"", ""KRAS"", ""NFKBIA""]"	0	False		1.0
KEGG	KEGG:03060	Protein export	False		0	[]	False	1.0	1	"[""SEC62""]"	False	1.0	1	"[""SEC62""]"	0	False		1.0
KEGG	KEGG:04141	Protein processing in endoplasmic reticulum	False		0	[]	False	1.0	2	"[""HSP90AB1"", ""SEC62""]"	False	1.0	4	"[""DERL2"", ""HSP90AB1"", ""SEC62"", ""TRAF2""]"	0	False		1.0
KEGG	KEGG:00230	Purine metabolism	False		0	[]	False		0	[]	False	1.0	1	"[""ADSL""]"	0	False		1.0
KEGG	KEGG:00240	Pyrimidine metabolism	False		0	[]	False		0	[]	False	1.0	1	"[""CTPS1""]"	0	False		1.0
KEGG	KEGG:04622	RIG-I-like receptor signaling pathway	False		0	[]	False		0	[]	False	1.0	2	"[""NFKBIA"", ""TRAF2""]"	0	False		1.0
KEGG	KEGG:03018	RNA degradation	False	1.0	1	"[""ENO1""]"	False	1.0	1	"[""ENO1""]"	False	1.0	2	"[""CNOT1"", ""ENO1""]"	0	False		1.0
KEGG	KEGG:04015	Rap1 signaling pathway	False	1.0	2	"[""CRKL"", ""KRAS""]"	False	1.0	2	"[""CRKL"", ""KRAS""]"	False	1.0	4	"[""CRK"", ""CRKL"", ""KRAS"", ""RHOA""]"	0	False		1.0
KEGG	KEGG:04014	Ras signaling pathway	False	1.0	1	"[""KRAS""]"	False	1.0	1	"[""KRAS""]"	False	1.0	2	"[""KRAS"", ""RHOA""]"	0	False		1.0
KEGG	KEGG:04926	Relaxin signaling pathway	False	1.0	1	"[""KRAS""]"	False	1.0	1	"[""KRAS""]"	False	1.0	2	"[""KRAS"", ""NFKBIA""]"	0	False		1.0
KEGG	KEGG:04130	SNARE interactions in vesicular transport	False	1.0	1	"[""SNAP23""]"	False	1.0	1	"[""SNAP23""]"	False	1.0	1	"[""SNAP23""]"	0	False		1.0
KEGG	KEGG:05132	Salmonella infection	False		0	[]	False	1.0	1	"[""HSP90AB1""]"	False	1.0	4	"[""HSP90AB1"", ""NFKBIA"", ""RHOA"", ""TRAF2""]"	0	False		1.0
KEGG	KEGG:04726	Serotonergic synapse	False	1.0	1	"[""KRAS""]"	False	1.0	1	"[""KRAS""]"	False	1.0	1	"[""KRAS""]"	0	False		1.0
KEGG	KEGG:04550	Signaling pathways regulating pluripotency of stem cells	False	1.0	1	"[""KRAS""]"	False	1.0	1	"[""KRAS""]"	False	1.0	1	"[""KRAS""]"	0	False		1.0
KEGG	KEGG:04071	Sphingolipid signaling pathway	False	1.0	1	"[""KRAS""]"	False	1.0	1	"[""KRAS""]"	False	1.0	3	"[""KRAS"", ""RHOA"", ""TRAF2""]"	0	False		1.0
KEGG	KEGG:05017	Spinocerebellar ataxia	False		0	[]	False		0	[]	False	1.0	1	"[""TRAF2""]"	0	False		1.0
KEGG	KEGG:00500	Starch and sucrose metabolism	False		0	[]	False		0	[]	False	1.0	1	"[""GPI""]"	0	False		1.0
KEGG	KEGG:04660	T cell receptor signaling pathway	False	1.0	1	"[""KRAS""]"	False	1.0	1	"[""KRAS""]"	False	1.0	3	"[""KRAS"", ""NFKBIA"", ""RHOA""]"	0	False		1.0
KEGG	KEGG:04350	TGF-beta signaling pathway	False		0	[]	False	1.0	1	"[""TGIF1""]"	False	1.0	2	"[""RHOA"", ""TGIF1""]"	0	False		1.0
KEGG	KEGG:04668	TNF signaling pathway	False	1.0	1	"[""DNM1L""]"	False	1.0	1	"[""DNM1L""]"	False	1.0	3	"[""DNM1L"", ""NFKBIA"", ""TRAF2""]"	0	False		1.0
KEGG	KEGG:04658	Th1 and Th2 cell differentiation	False		0	[]	False		0	[]	False	1.0	1	"[""NFKBIA""]"	0	False		1.0
KEGG	KEGG:04659	Th17 cell differentiation	False		0	[]	False	1.0	1	"[""HSP90AB1""]"	False	1.0	2	"[""HSP90AB1"", ""NFKBIA""]"	0	False		1.0
KEGG	KEGG:05216	Thyroid cancer	False	1.0	1	"[""KRAS""]"	False	1.0	1	"[""KRAS""]"	False	1.0	1	"[""KRAS""]"	0	False		1.0
KEGG	KEGG:04919	Thyroid hormone signaling pathway	False	1.0	1	"[""KRAS""]"	False	1.0	1	"[""KRAS""]"	False	1.0	3	"[""ITGAV"", ""KRAS"", ""MED24""]"	0	False		1.0
KEGG	KEGG:04530	Tight junction	False		0	[]	False		0	[]	False	1.0	1	"[""RHOA""]"	0	False		1.0
KEGG	KEGG:04620	Toll-like receptor signaling pathway	False		0	[]	False		0	[]	False	1.0	1	"[""NFKBIA""]"	0	False		1.0
KEGG	KEGG:05145	Toxoplasmosis	False		0	[]	False		0	[]	False	1.0	1	"[""NFKBIA""]"	0	False		1.0
KEGG	KEGG:05202	Transcriptional misregulation in cancer	False		0	[]	False	1.0	1	"[""PTK2""]"	False	1.0	1	"[""PTK2""]"	0	False		1.0
KEGG	KEGG:05152	Tuberculosis	False		0	[]	False		0	[]	False	1.0	1	"[""RHOA""]"	0	False		1.0
KEGG	KEGG:04120	Ubiquitin mediated proteolysis	False		0	[]	False		0	[]	False	1.0	1	"[""MGRN1""]"	0	False		1.0
KEGG	KEGG:04370	VEGF signaling pathway	False	1.0	1	"[""KRAS""]"	False	1.0	2	"[""KRAS"", ""PTK2""]"	False	1.0	2	"[""KRAS"", ""PTK2""]"	0	False		1.0
KEGG	KEGG:04270	Vascular smooth muscle contraction	False		0	[]	False		0	[]	False	1.0	1	"[""RHOA""]"	0	False		1.0
KEGG	KEGG:05203	Viral carcinogenesis	False	1.0	1	"[""KRAS""]"	False	1.0	1	"[""KRAS""]"	False	1.0	4	"[""KRAS"", ""NFKBIA"", ""RHOA"", ""TRAF2""]"	0	False		1.0
KEGG	KEGG:03250	Viral life cycle - HIV-1	False		0	[]	False	1.0	1	"[""FURIN""]"	False	1.0	1	"[""FURIN""]"	0	False		1.0
KEGG	KEGG:04310	Wnt signaling pathway	False		0	[]	False		0	[]	False	1.0	1	"[""RHOA""]"	0	False		1.0
KEGG	KEGG:04024	cAMP signaling pathway	False		0	[]	False		0	[]	False	1.0	2	"[""NFKBIA"", ""RHOA""]"	0	False		1.0
KEGG	KEGG:04022	cGMP-PKG signaling pathway	False		0	[]	False		0	[]	False	1.0	1	"[""RHOA""]"	0	False		1.0
KEGG	KEGG:04150	mTOR signaling pathway	False	1.0	2	"[""KRAS"", ""MLST8""]"	False	1.0	2	"[""KRAS"", ""MLST8""]"	False	1.0	3	"[""KRAS"", ""MLST8"", ""RHOA""]"	0	False		1.0
REAC	REAC:R-HSA-5619084	ABC transporter disorders	False		0	[]	False		0	[]	False	1.0	1	"[""DERL2""]"	0	False		1.0
REAC	REAC:R-HSA-382556	ABC-family proteins mediated transport	False		0	[]	False		0	[]	False	1.0	1	"[""DERL2""]"	0	False		1.0
REAC	REAC:R-HSA-170984	ARMS-mediated activation	False		0	[]	False		0	[]	False	1.0	1	"[""CRK""]"	0	False		1.0
REAC	REAC:R-HSA-1592389	Activation of Matrix Metalloproteinases	False		0	[]	False	1.0	1	"[""FURIN""]"	False	1.0	1	"[""FURIN""]"	0	False		1.0
REAC	REAC:R-HSA-1169091	Activation of NF-kappaB in B cells	False		0	[]	False		0	[]	False	1.0	1	"[""NFKBIA""]"	0	False		1.0
REAC	REAC:R-HSA-1280218	Adaptive Immune System	False	1.0	3	"[""MLST8"", ""SNAP23"", ""UBA5""]"	False	1.0	5	"[""ITGB5"", ""KIF4A"", ""MLST8"", ""SNAP23"", ""UBA5""]"	False	1.0	8	"[""ITGAV"", ""ITGB5"", ""KIF4A"", ""MGRN1"", ""MLST8"", ""NFKBIA"", ""SNAP23"", ""UBA5""]"	0	False		1.0
REAC	REAC:R-HSA-9843745	Adipogenesis	False		0	[]	False		0	[]	False	1.0	1	"[""MED24""]"	0	False		1.0
REAC	REAC:R-HSA-1428517	Aerobic respiration and respiratory electron transport	False	1.0	2	"[""ATP5ME"", ""COX18""]"	False	1.0	3	"[""ATP5ME"", ""COX18"", ""CYC1""]"	False	1.0	5	"[""ATP5ME"", ""COX18"", ""CYC1"", ""FOXRED1"", ""NDUFAF8""]"	0	False		1.0
REAC	REAC:R-HSA-9639288	Amino acids regulate mTORC1	False	1.0	1	"[""MLST8""]"	False	1.0	1	"[""MLST8""]"	False	1.0	1	"[""MLST8""]"	0	False		1.0
REAC	REAC:R-HSA-977225	Amyloid fiber formation	False		0	[]	False	1.0	1	"[""FURIN""]"	False	1.0	1	"[""FURIN""]"	0	False		1.0
REAC	REAC:R-HSA-9662851	Anti-inflammatory response favouring Leishmania parasite infection	False		0	[]	False	1.0	1	"[""FURIN""]"	False	1.0	1	"[""FURIN""]"	0	False		1.0
REAC	REAC:R-HSA-1236975	Antigen processing-Cross presentation	False	1.0	1	"[""SNAP23""]"	False	1.0	2	"[""ITGB5"", ""SNAP23""]"	False	1.0	3	"[""ITGAV"", ""ITGB5"", ""SNAP23""]"	0	False		1.0
REAC	REAC:R-HSA-983168	Antigen processing: Ubiquitination & Proteasome degradation	False	1.0	1	"[""UBA5""]"	False	1.0	1	"[""UBA5""]"	False	1.0	2	"[""MGRN1"", ""UBA5""]"	0	False		1.0
REAC	REAC:R-HSA-1169410	Antimicrobial mechanism of IFN-stimulated genes	False		0	[]	False		0	[]	False	1.0	3	"[""NDC1"", ""NUP42"", ""PRKRA""]"	0	False		1.0
REAC	REAC:R-HSA-109581	Apoptosis	False	1.0	1	"[""DNM1L""]"	False	1.0	2	"[""DNM1L"", ""PTK2""]"	False	1.0	3	"[""DNM1L"", ""PTK2"", ""TRAF2""]"	0	False		1.0
REAC	REAC:R-HSA-111465	Apoptotic cleavage of cellular proteins	False		0	[]	False	1.0	1	"[""PTK2""]"	False	1.0	1	"[""PTK2""]"	0	False		1.0
REAC	REAC:R-HSA-75153	Apoptotic execution phase	False	1.0	1	"[""DNM1L""]"	False	1.0	2	"[""DNM1L"", ""PTK2""]"	False	1.0	2	"[""DNM1L"", ""PTK2""]"	0	False		1.0
REAC	REAC:R-HSA-8937144	Aryl hydrocarbon receptor signalling	False		0	[]	False	1.0	1	"[""HSP90AB1""]"	False	1.0	1	"[""HSP90AB1""]"	0	False		1.0
REAC	REAC:R-HSA-446203	Asparagine N-linked glycosylation	False		0	[]	False	1.0	1	"[""DOLK""]"	False	1.0	4	"[""ALG8"", ""DERL2"", ""DOLK"", ""ST3GAL1""]"	0	False		1.0
REAC	REAC:R-HSA-175474	Assembly Of The HIV Virion	False		0	[]	False	1.0	1	"[""FURIN""]"	False	1.0	1	"[""FURIN""]"	0	False		1.0
REAC	REAC:R-HSA-9820962	Assembly and release of respiratory syncytial virus (RSV) virions	False		0	[]	False	1.0	1	"[""HSP90AB1""]"	False	1.0	1	"[""HSP90AB1""]"	0	False		1.0
REAC	REAC:R-HSA-8963889	Assembly of active LPL and LIPC lipase complexes	False		0	[]	False	1.0	1	"[""FURIN""]"	False	1.0	1	"[""FURIN""]"	0	False		1.0
REAC	REAC:R-HSA-9694614	Attachment and Entry	False		0	[]	False	1.0	1	"[""FURIN""]"	False	1.0	1	"[""FURIN""]"	0	False		1.0
REAC	REAC:R-HSA-3371568	Attenuation phase	False		0	[]	False	1.0	1	"[""HSP90AB1""]"	False	1.0	1	"[""HSP90AB1""]"	0	False		1.0
REAC	REAC:R-HSA-9612973	Autophagy	False	1.0	1	"[""MLST8""]"	False	1.0	2	"[""HSP90AB1"", ""MLST8""]"	False	1.0	2	"[""HSP90AB1"", ""MLST8""]"	0	False		1.0
REAC	REAC:R-HSA-422475	Axon guidance	False		0	[]	False	1.0	3	"[""HSP90AB1"", ""KIF4A"", ""PTK2""]"	False	1.0	5	"[""HSP90AB1"", ""ITGAV"", ""KIF4A"", ""PTK2"", ""RHOA""]"	0	False		1.0
REAC	REAC:R-HSA-193634	Axonal growth inhibition (RHOA activation)	False		0	[]	False		0	[]	False	1.0	1	"[""RHOA""]"	0	False		1.0
REAC	REAC:R-HSA-209563	Axonal growth stimulation	False		0	[]	False		0	[]	False	1.0	1	"[""RHOA""]"	0	False		1.0
REAC	REAC:R-HSA-3858494	Beta-catenin independent WNT signaling	False		0	[]	False		0	[]	False	1.0	1	"[""RHOA""]"	0	False		1.0
REAC	REAC:R-HSA-211859	Biological oxidations	False	1.0	1	"[""FDXR""]"	False	1.0	3	"[""FDXR"", ""HSP90AB1"", ""SLC35B2""]"	False	1.0	3	"[""FDXR"", ""HSP90AB1"", ""SLC35B2""]"	0	False		1.0
REAC	REAC:R-HSA-446193	Biosynthesis of the N-glycan precursor (dolichol lipid-linked oligosaccharide, LLO) and transfer to a nascent protein	False		0	[]	False	1.0	1	"[""DOLK""]"	False	1.0	3	"[""ALG8"", ""DOLK"", ""ST3GAL1""]"	0	False		1.0
REAC	REAC:R-HSA-5621481	C-type lectin receptors (CLRs)	False		0	[]	False		0	[]	False	1.0	1	"[""NFKBIA""]"	0	False		1.0
REAC	REAC:R-HSA-5218900	CASP8 activity is inhibited	False		0	[]	False		0	[]	False	1.0	1	"[""TRAF2""]"	0	False		1.0
REAC	REAC:R-HSA-9662834	CD163 mediating an anti-inflammatory response	False		0	[]	False	1.0	1	"[""FURIN""]"	False	1.0	1	"[""FURIN""]"	0	False		1.0
REAC	REAC:R-HSA-389357	CD28 dependent PI3K/Akt signaling	False	1.0	1	"[""MLST8""]"	False	1.0	1	"[""MLST8""]"	False	1.0	1	"[""MLST8""]"	0	False		1.0
REAC	REAC:R-HSA-9013148	CDC42 GTPase cycle	False	1.0	1	"[""SNAP23""]"	False	1.0	1	"[""SNAP23""]"	False	1.0	1	"[""SNAP23""]"	0	False		1.0
REAC	REAC:R-HSA-5607764	CLEC7A (Dectin-1) signaling	False		0	[]	False		0	[]	False	1.0	1	"[""NFKBIA""]"	0	False		1.0
REAC	REAC:R-HSA-6811434	COPI-dependent Golgi-to-ER retrograde traffic	False		0	[]	False	1.0	1	"[""KIF4A""]"	False	1.0	1	"[""KIF4A""]"	0	False		1.0
REAC	REAC:R-HSA-901042	Calnexin/calreticulin cycle	False		0	[]	False		0	[]	False	1.0	1	"[""DERL2""]"	0	False		1.0
REAC	REAC:R-HSA-140534	Caspase activation via Death Receptors in the presence of ligand	False		0	[]	False		0	[]	False	1.0	1	"[""TRAF2""]"	0	False		1.0
REAC	REAC:R-HSA-5357769	Caspase activation via extrinsic apoptotic signalling pathway	False		0	[]	False		0	[]	False	1.0	1	"[""TRAF2""]"	0	False		1.0
REAC	REAC:R-HSA-1640170	Cell Cycle	False		0	[]	False	1.0	2	"[""HSP90AB1"", ""LCMT1""]"	False	1.0	5	"[""HSP90AB1"", ""LCMT1"", ""NDC1"", ""NUP42"", ""RMI1""]"	0	False		1.0
REAC	REAC:R-HSA-69620	Cell Cycle Checkpoints	False		0	[]	False		0	[]	False	1.0	1	"[""RMI1""]"	0	False		1.0
REAC	REAC:R-HSA-69278	Cell Cycle, Mitotic	False		0	[]	False	1.0	2	"[""HSP90AB1"", ""LCMT1""]"	False	1.0	4	"[""HSP90AB1"", ""LCMT1"", ""NDC1"", ""NUP42""]"	0	False		1.0
REAC	REAC:R-HSA-446728	Cell junction organization	False		0	[]	False		0	[]	False	1.0	1	"[""FERMT2""]"	0	False		1.0
REAC	REAC:R-HSA-9664424	Cell recruitment (pro-inflammatory response)	False		0	[]	False	1.0	1	"[""HSP90AB1""]"	False	1.0	1	"[""HSP90AB1""]"	0	False		1.0
REAC	REAC:R-HSA-202733	Cell surface interactions at the vascular wall	False		0	[]	False		0	[]	False	1.0	1	"[""ITGAV""]"	0	False		1.0
REAC	REAC:R-HSA-1500931	Cell-Cell communication	False		0	[]	False	1.0	1	"[""PTK2""]"	False	1.0	2	"[""FERMT2"", ""PTK2""]"	0	False		1.0
REAC	REAC:R-HSA-446353	Cell-extracellular matrix interactions	False		0	[]	False		0	[]	False	1.0	1	"[""FERMT2""]"	0	False		1.0
REAC	REAC:R-HSA-9711123	Cellular response to chemical stress	False		0	[]	False	1.0	1	"[""G6PD""]"	False	1.0	1	"[""G6PD""]"	0	False		1.0
REAC	REAC:R-HSA-9711097	Cellular response to starvation	False	1.0	1	"[""MLST8""]"	False	1.0	1	"[""MLST8""]"	False	1.0	2	"[""GCN1"", ""MLST8""]"	0	False		1.0
REAC	REAC:R-HSA-8953897	Cellular responses to stimuli	False	1.0	1	"[""MLST8""]"	False	1.0	3	"[""G6PD"", ""HSP90AB1"", ""MLST8""]"	False	1.0	7	"[""G6PD"", ""GCN1"", ""HSP90AB1"", ""HSPA13"", ""MLST8"", ""NDC1"", ""NUP42""]"	0	False		1.0
REAC	REAC:R-HSA-2262752	Cellular responses to stress	False	1.0	1	"[""MLST8""]"	False	1.0	3	"[""G6PD"", ""HSP90AB1"", ""MLST8""]"	False	1.0	7	"[""G6PD"", ""GCN1"", ""HSP90AB1"", ""HSPA13"", ""MLST8"", ""NDC1"", ""NUP42""]"	0	False		1.0
REAC	REAC:R-HSA-9613829	Chaperone Mediated Autophagy	False		0	[]	False	1.0	1	"[""HSP90AB1""]"	False	1.0	1	"[""HSP90AB1""]"	0	False		1.0
REAC	REAC:R-HSA-1793185	Chondroitin sulfate/dermatan sulfate metabolism	False		0	[]	False		0	[]	False	1.0	1	"[""B3GAT3""]"	0	False		1.0
REAC	REAC:R-HSA-3247509	Chromatin modifying enzymes	False		0	[]	False	1.0	1	"[""ING3""]"	False	1.0	3	"[""ING3"", ""RCOR1"", ""SETD2""]"	0	False		1.0
REAC	REAC:R-HSA-4839726	Chromatin organization	False		0	[]	False	1.0	1	"[""ING3""]"	False	1.0	3	"[""ING3"", ""RCOR1"", ""SETD2""]"	0	False		1.0
REAC	REAC:R-HSA-373076	Class A/1 (Rhodopsin-like receptors)	False		0	[]	False	1.0	1	"[""LTB4R""]"	False	1.0	1	"[""LTB4R""]"	0	False		1.0
REAC	REAC:R-HSA-983169	Class I MHC mediated antigen processing & presentation	False	1.0	2	"[""SNAP23"", ""UBA5""]"	False	1.0	3	"[""ITGB5"", ""SNAP23"", ""UBA5""]"	False	1.0	5	"[""ITGAV"", ""ITGB5"", ""MGRN1"", ""SNAP23"", ""UBA5""]"	0	False		1.0
REAC	REAC:R-HSA-9603798	Class I peroxisomal membrane protein import	False	1.0	1	"[""FIS1""]"	False	1.0	1	"[""FIS1""]"	False	1.0	1	"[""FIS1""]"	0	False		1.0
REAC	REAC:R-HSA-389356	Co-stimulation by CD28	False	1.0	1	"[""MLST8""]"	False	1.0	1	"[""MLST8""]"	False	1.0	1	"[""MLST8""]"	0	False		1.0
REAC	REAC:R-HSA-1442490	Collagen degradation	False		0	[]	False	1.0	1	"[""FURIN""]"	False	1.0	1	"[""FURIN""]"	0	False		1.0
REAC	REAC:R-HSA-6799198	Complex I biogenesis	False		0	[]	False		0	[]	False	1.0	2	"[""FOXRED1"", ""NDUFAF8""]"	0	False		1.0
REAC	REAC:R-HSA-9865881	Complex III assembly	False		0	[]	False	1.0	1	"[""CYC1""]"	False	1.0	1	"[""CYC1""]"	0	False		1.0
REAC	REAC:R-HSA-9864848	Complex IV assembly	False	1.0	1	"[""COX18""]"	False	1.0	1	"[""COX18""]"	False	1.0	1	"[""COX18""]"	0	False		1.0
REAC	REAC:R-HSA-5674400	Constitutive Signaling by AKT1 E17K in Cancer	False	1.0	1	"[""MLST8""]"	False	1.0	1	"[""MLST8""]"	False	1.0	1	"[""MLST8""]"	0	False		1.0
REAC	REAC:R-HSA-8949613	Cristae formation	False	1.0	1	"[""ATP5ME""]"	False	1.0	1	"[""ATP5ME""]"	False	1.0	1	"[""ATP5ME""]"	0	False		1.0
REAC	REAC:R-HSA-69273	Cyclin A/B1/B2 associated events during G2/M transition	False		0	[]	False	1.0	1	"[""LCMT1""]"	False	1.0	1	"[""LCMT1""]"	0	False		1.0
REAC	REAC:R-HSA-211897	Cytochrome P450 - arranged by substrate type	False	1.0	1	"[""FDXR""]"	False	1.0	1	"[""FDXR""]"	False	1.0	1	"[""FDXR""]"	0	False		1.0
REAC	REAC:R-HSA-1280215	Cytokine Signaling in Immune system	False	1.0	2	"[""CRKL"", ""KRAS""]"	False	1.0	2	"[""CRKL"", ""KRAS""]"	False	1.0	8	"[""CRK"", ""CRKL"", ""KRAS"", ""NDC1"", ""NFKBIA"", ""NUP42"", ""PRKRA"", ""TRAF2""]"	0	False		1.0
REAC	REAC:R-HSA-1834949	Cytosolic sensors of pathogen-associated DNA 	False		0	[]	False		0	[]	False	1.0	1	"[""NFKBIA""]"	0	False		1.0
REAC	REAC:R-HSA-156584	Cytosolic sulfonation of small molecules	False		0	[]	False	1.0	1	"[""SLC35B2""]"	False	1.0	1	"[""SLC35B2""]"	0	False		1.0
REAC	REAC:R-HSA-418885	DCC mediated attractive signaling	False		0	[]	False	1.0	1	"[""PTK2""]"	False	1.0	1	"[""PTK2""]"	0	False		1.0
REAC	REAC:R-HSA-168928	DDX58/IFIH1-mediated induction of interferon-alpha/beta	False		0	[]	False	1.0	1	"[""HSP90AB1""]"	False	1.0	3	"[""HSP90AB1"", ""NFKBIA"", ""TRAF2""]"	0	False		1.0
REAC	REAC:R-HSA-73893	DNA Damage Bypass	False	1.0	1	"[""WDR48""]"	False	1.0	1	"[""WDR48""]"	False	1.0	1	"[""WDR48""]"	0	False		1.0
REAC	REAC:R-HSA-5693532	DNA Double-Strand Break Repair	False		0	[]	False		0	[]	False	1.0	1	"[""RMI1""]"	0	False		1.0
REAC	REAC:R-HSA-73894	DNA Repair	False	1.0	1	"[""WDR48""]"	False	1.0	1	"[""WDR48""]"	False	1.0	2	"[""RMI1"", ""WDR48""]"	0	False		1.0
REAC	REAC:R-HSA-429947	Deadenylation of mRNA	False		0	[]	False		0	[]	False	1.0	1	"[""CNOT1""]"	0	False		1.0
REAC	REAC:R-HSA-429914	Deadenylation-dependent mRNA decay	False		0	[]	False		0	[]	False	1.0	1	"[""CNOT1""]"	0	False		1.0
REAC	REAC:R-HSA-73887	Death Receptor Signaling	False		0	[]	False		0	[]	False	1.0	3	"[""NFKBIA"", ""RHOA"", ""TRAF2""]"	0	False		1.0
REAC	REAC:R-HSA-4724325	Defective ALG8 causes CDG-1h	False		0	[]	False		0	[]	False	1.0	1	"[""ALG8""]"	0	False		1.0
REAC	REAC:R-HSA-3560801	Defective B3GAT3 causes JDSSDHD	False		0	[]	False		0	[]	False	1.0	1	"[""B3GAT3""]"	0	False		1.0
REAC	REAC:R-HSA-5678895	Defective CFTR causes cystic fibrosis	False		0	[]	False		0	[]	False	1.0	1	"[""DERL2""]"	0	False		1.0
REAC	REAC:R-HSA-5579026	Defective CYP11A1 causes AICSR	False	1.0	1	"[""FDXR""]"	False	1.0	1	"[""FDXR""]"	False	1.0	1	"[""FDXR""]"	0	False		1.0
REAC	REAC:R-HSA-4755583	Defective DOLK causes DOLK-CDG	False		0	[]	False	1.0	1	"[""DOLK""]"	False	1.0	1	"[""DOLK""]"	0	False		1.0
REAC	REAC:R-HSA-9704331	Defective HDR through Homologous Recombination Repair (HRR) due to PALB2 loss of BRCA1 binding function	False		0	[]	False		0	[]	False	1.0	1	"[""RMI1""]"	0	False		1.0
REAC	REAC:R-HSA-9704646	Defective HDR through Homologous Recombination Repair (HRR) due to PALB2 loss of BRCA2/RAD51/RAD51C binding function	False		0	[]	False		0	[]	False	1.0	1	"[""RMI1""]"	0	False		1.0
REAC	REAC:R-HSA-9693928	Defective RIPK1-mediated regulated necrosis	False		0	[]	False		0	[]	False	1.0	1	"[""TRAF2""]"	0	False		1.0
REAC	REAC:R-HSA-5619107	Defective TPR may confer susceptibility towards thyroid papillary carcinoma (TPC)	False		0	[]	False		0	[]	False	1.0	2	"[""NDC1"", ""NUP42""]"	0	False		1.0
REAC	REAC:R-HSA-9701192	Defective homologous recombination repair (HRR) due to BRCA1 loss of function	False		0	[]	False		0	[]	False	1.0	1	"[""RMI1""]"	0	False		1.0
REAC	REAC:R-HSA-9701190	Defective homologous recombination repair (HRR) due to BRCA2 loss of function	False		0	[]	False		0	[]	False	1.0	1	"[""RMI1""]"	0	False		1.0
REAC	REAC:R-HSA-9701193	Defective homologous recombination repair (HRR) due to PALB2 loss of function	False		0	[]	False		0	[]	False	1.0	1	"[""RMI1""]"	0	False		1.0
REAC	REAC:R-HSA-1474228	Degradation of the extracellular matrix	False		0	[]	False	1.0	1	"[""FURIN""]"	False	1.0	1	"[""FURIN""]"	0	False		1.0
REAC	REAC:R-HSA-5688426	Deubiquitination	False	1.0	1	"[""WDR48""]"	False	1.0	1	"[""WDR48""]"	False	1.0	4	"[""NFKBIA"", ""RHOA"", ""TRAF2"", ""WDR48""]"	0	False		1.0
REAC	REAC:R-HSA-1266738	Developmental Biology	False		0	[]	False	1.0	4	"[""FURIN"", ""HSP90AB1"", ""KIF4A"", ""PTK2""]"	False	1.0	9	"[""CNOT1"", ""DPPA2"", ""FURIN"", ""HSP90AB1"", ""ITGAV"", ""KIF4A"", ""MED24"", ""PTK2"", ""RHOA""]"	0	False		1.0
REAC	REAC:R-HSA-69416	Dimerization of procaspase-8	False		0	[]	False		0	[]	False	1.0	1	"[""TRAF2""]"	0	False		1.0
REAC	REAC:R-HSA-3781860	Diseases associated with N-glycosylation of proteins	False		0	[]	False		0	[]	False	1.0	1	"[""ALG8""]"	0	False		1.0
REAC	REAC:R-HSA-3560782	Diseases associated with glycosaminoglycan metabolism	False		0	[]	False		0	[]	False	1.0	1	"[""B3GAT3""]"	0	False		1.0
REAC	REAC:R-HSA-5609975	Diseases associated with glycosylation precursor biosynthesis	False		0	[]	False	1.0	1	"[""DOLK""]"	False	1.0	1	"[""DOLK""]"	0	False		1.0
REAC	REAC:R-HSA-5602358	Diseases associated with the TLR signaling cascade	False		0	[]	False		0	[]	False	1.0	1	"[""NFKBIA""]"	0	False		1.0
REAC	REAC:R-HSA-9675136	Diseases of DNA Double-Strand Break Repair	False		0	[]	False		0	[]	False	1.0	1	"[""RMI1""]"	0	False		1.0
REAC	REAC:R-HSA-9675135	Diseases of DNA repair	False		0	[]	False		0	[]	False	1.0	1	"[""RMI1""]"	0	False		1.0
REAC	REAC:R-HSA-5260271	Diseases of Immune System	False		0	[]	False		0	[]	False	1.0	1	"[""NFKBIA""]"	0	False		1.0
REAC	REAC:R-HSA-3781865	Diseases of glycosylation	False		0	[]	False	1.0	1	"[""DOLK""]"	False	1.0	3	"[""ALG8"", ""B3GAT3"", ""DOLK""]"	0	False		1.0
REAC	REAC:R-HSA-5668914	Diseases of metabolism	False	1.0	1	"[""FDXR""]"	False	1.0	2	"[""DOLK"", ""FDXR""]"	False	1.0	4	"[""ALG8"", ""B3GAT3"", ""DOLK"", ""FDXR""]"	0	False		1.0
REAC	REAC:R-HSA-9645723	Diseases of programmed cell death	False		0	[]	False		0	[]	False	1.0	1	"[""TRAF2""]"	0	False		1.0
REAC	REAC:R-HSA-5663202	Diseases of signal transduction by growth factor receptors and second messengers	False	1.0	3	"[""KRAS"", ""MLST8"", ""WDR48""]"	False	1.0	4	"[""KRAS"", ""MLST8"", ""VCL"", ""WDR48""]"	False	1.0	5	"[""DERL2"", ""KRAS"", ""MLST8"", ""VCL"", ""WDR48""]"	0	False		1.0
REAC	REAC:R-HSA-5619115	Disorders of transmembrane transporters	False		0	[]	False		0	[]	False	1.0	3	"[""DERL2"", ""NDC1"", ""NUP42""]"	0	False		1.0
REAC	REAC:R-HSA-2173795	Downregulation of SMAD2/3:SMAD4 transcriptional activity	False		0	[]	False	1.0	1	"[""TGIF1""]"	False	1.0	1	"[""TGIF1""]"	0	False		1.0
REAC	REAC:R-HSA-202424	Downstream TCR signaling	False		0	[]	False		0	[]	False	1.0	1	"[""NFKBIA""]"	0	False		1.0
REAC	REAC:R-HSA-186763	Downstream signal transduction	False	1.0	1	"[""CRKL""]"	False	1.0	1	"[""CRKL""]"	False	1.0	2	"[""CRK"", ""CRKL""]"	0	False		1.0
REAC	REAC:R-HSA-1168372	Downstream signaling events of B Cell Receptor (BCR)	False		0	[]	False		0	[]	False	1.0	1	"[""NFKBIA""]"	0	False		1.0
REAC	REAC:R-HSA-3000178	ECM proteoglycans	False		0	[]	False	1.0	1	"[""ITGB5""]"	False	1.0	2	"[""ITGAV"", ""ITGB5""]"	0	False		1.0
REAC	REAC:R-HSA-2682334	EPH-Ephrin signaling	False		0	[]	False	1.0	1	"[""PTK2""]"	False	1.0	2	"[""PTK2"", ""RHOA""]"	0	False		1.0
REAC	REAC:R-HSA-3928663	EPHA-mediated growth cone collapse	False		0	[]	False		0	[]	False	1.0	1	"[""RHOA""]"	0	False		1.0
REAC	REAC:R-HSA-3928662	EPHB-mediated forward signaling	False		0	[]	False	1.0	1	"[""PTK2""]"	False	1.0	2	"[""PTK2"", ""RHOA""]"	0	False		1.0
REAC	REAC:R-HSA-901032	ER Quality Control Compartment (ERQC)	False		0	[]	False		0	[]	False	1.0	1	"[""DERL2""]"	0	False		1.0
REAC	REAC:R-HSA-1236974	ER-Phagosome pathway	False	1.0	1	"[""SNAP23""]"	False	1.0	1	"[""SNAP23""]"	False	1.0	1	"[""SNAP23""]"	0	False		1.0
REAC	REAC:R-HSA-6785631	ERBB2 Regulates Cell Motility	False		0	[]	False		0	[]	False	1.0	1	"[""RHOA""]"	0	False		1.0
REAC	REAC:R-HSA-8939211	ESR-mediated signaling	False	1.0	1	"[""ZNF217""]"	False	1.0	3	"[""HSP90AB1"", ""PTK2"", ""ZNF217""]"	False	1.0	3	"[""HSP90AB1"", ""PTK2"", ""ZNF217""]"	0	False		1.0
REAC	REAC:R-HSA-9772572	Early SARS-CoV-2 Infection Events	False		0	[]	False	1.0	1	"[""FURIN""]"	False	1.0	1	"[""FURIN""]"	0	False		1.0
REAC	REAC:R-HSA-391903	Eicosanoid ligand-binding receptors	False		0	[]	False	1.0	1	"[""LTB4R""]"	False	1.0	1	"[""LTB4R""]"	0	False		1.0
REAC	REAC:R-HSA-1566948	Elastic fibre formation	False		0	[]	False	1.0	2	"[""FURIN"", ""ITGB5""]"	False	1.0	3	"[""FURIN"", ""ITGAV"", ""ITGB5""]"	0	False		1.0
REAC	REAC:R-HSA-2395516	Electron transport from NADPH to Ferredoxin	False	1.0	1	"[""FDXR""]"	False	1.0	1	"[""FDXR""]"	False	1.0	1	"[""FDXR""]"	0	False		1.0
REAC	REAC:R-HSA-211976	Endogenous sterols	False	1.0	1	"[""FDXR""]"	False	1.0	1	"[""FDXR""]"	False	1.0	1	"[""FDXR""]"	0	False		1.0
REAC	REAC:R-HSA-380972	Energy dependent regulation of mTOR by LKB1-AMPK	False	1.0	1	"[""MLST8""]"	False	1.0	1	"[""MLST8""]"	False	1.0	1	"[""MLST8""]"	0	False		1.0
REAC	REAC:R-HSA-9027284	Erythropoietin activates RAS	False	1.0	1	"[""CRKL""]"	False	1.0	1	"[""CRKL""]"	False	1.0	1	"[""CRKL""]"	0	False		1.0
REAC	REAC:R-HSA-9018519	Estrogen-dependent gene expression	False	1.0	1	"[""ZNF217""]"	False	1.0	2	"[""HSP90AB1"", ""ZNF217""]"	False	1.0	2	"[""HSP90AB1"", ""ZNF217""]"	0	False		1.0
REAC	REAC:R-HSA-9634638	Estrogen-dependent nuclear events downstream of ESR-membrane signaling	False		0	[]	False	1.0	1	"[""PTK2""]"	False	1.0	1	"[""PTK2""]"	0	False		1.0
REAC	REAC:R-HSA-168274	Export of Viral Ribonucleoproteins from Nucleus	False		0	[]	False		0	[]	False	1.0	2	"[""NDC1"", ""NUP42""]"	0	False		1.0
REAC	REAC:R-HSA-9036866	Expression and Processing of Neurotrophins	False		0	[]	False	1.0	1	"[""FURIN""]"	False	1.0	1	"[""FURIN""]"	0	False		1.0
REAC	REAC:R-HSA-9009391	Extra-nuclear estrogen signaling	False		0	[]	False	1.0	1	"[""PTK2""]"	False	1.0	1	"[""PTK2""]"	0	False		1.0
REAC	REAC:R-HSA-1474244	Extracellular matrix organization	False		0	[]	False	1.0	2	"[""FURIN"", ""ITGB5""]"	False	1.0	3	"[""FURIN"", ""ITGAV"", ""ITGB5""]"	0	False		1.0
REAC	REAC:R-HSA-2871837	FCERI mediated NF-kB activation	False		0	[]	False		0	[]	False	1.0	1	"[""NFKBIA""]"	0	False		1.0
REAC	REAC:R-HSA-9664422	FCGR3A-mediated phagocytosis	False		0	[]	False	1.0	1	"[""PTK2""]"	False	1.0	2	"[""CRK"", ""PTK2""]"	0	False		1.0
REAC	REAC:R-HSA-6803529	FGFR2 alternative splicing	False	1.0	1	"[""HNRNPA1""]"	False	1.0	1	"[""HNRNPA1""]"	False	1.0	1	"[""HNRNPA1""]"	0	False		1.0
REAC	REAC:R-HSA-983231	Factors involved in megakaryocyte development and platelet production	False		0	[]	False	1.0	2	"[""DOCK5"", ""KIF4A""]"	False	1.0	3	"[""DOCK5"", ""KIF4A"", ""RCOR1""]"	0	False		1.0
REAC	REAC:R-HSA-6783310	Fanconi Anemia Pathway	False	1.0	1	"[""WDR48""]"	False	1.0	1	"[""WDR48""]"	False	1.0	1	"[""WDR48""]"	0	False		1.0
REAC	REAC:R-HSA-2454202	Fc epsilon receptor (FCERI) signaling	False		0	[]	False		0	[]	False	1.0	1	"[""NFKBIA""]"	0	False		1.0
REAC	REAC:R-HSA-2029480	Fcgamma receptor (FCGR) dependent phagocytosis	False		0	[]	False	1.0	2	"[""HSP90AB1"", ""PTK2""]"	False	1.0	3	"[""CRK"", ""HSP90AB1"", ""PTK2""]"	0	False		1.0
REAC	REAC:R-HSA-163210	Formation of ATP by chemiosmotic coupling	False	1.0	1	"[""ATP5ME""]"	False	1.0	1	"[""ATP5ME""]"	False	1.0	1	"[""ATP5ME""]"	0	False		1.0
REAC	REAC:R-HSA-112382	Formation of RNA Pol II elongation complex 	False	1.0	1	"[""EAF1""]"	False	1.0	1	"[""EAF1""]"	False	1.0	2	"[""EAF1"", ""IWS1""]"	0	False		1.0
REAC	REAC:R-HSA-6809371	Formation of the cornified envelope	False		0	[]	False	1.0	1	"[""FURIN""]"	False	1.0	1	"[""FURIN""]"	0	False		1.0
REAC	REAC:R-HSA-170968	Frs2-mediated activation	False	1.0	1	"[""CRKL""]"	False	1.0	1	"[""CRKL""]"	False	1.0	1	"[""CRKL""]"	0	False		1.0
REAC	REAC:R-HSA-416482	G alpha (12/13) signalling events	False		0	[]	False		0	[]	False	1.0	1	"[""RHOA""]"	0	False		1.0
REAC	REAC:R-HSA-416476	G alpha (q) signalling events	False		0	[]	False	1.0	1	"[""LTB4R""]"	False	1.0	1	"[""LTB4R""]"	0	False		1.0
REAC	REAC:R-HSA-392451	G beta:gamma signalling through PI3Kgamma	False		0	[]	False		0	[]	False	1.0	1	"[""RHOA""]"	0	False		1.0
REAC	REAC:R-HSA-397795	G-protein beta:gamma signalling	False		0	[]	False		0	[]	False	1.0	1	"[""RHOA""]"	0	False		1.0
REAC	REAC:R-HSA-69481	G2/M Checkpoints	False		0	[]	False		0	[]	False	1.0	1	"[""RMI1""]"	0	False		1.0
REAC	REAC:R-HSA-69473	G2/M DNA damage checkpoint	False		0	[]	False		0	[]	False	1.0	1	"[""RMI1""]"	0	False		1.0
REAC	REAC:R-HSA-69275	G2/M Transition	False		0	[]	False	1.0	2	"[""HSP90AB1"", ""LCMT1""]"	False	1.0	2	"[""HSP90AB1"", ""LCMT1""]"	0	False		1.0
REAC	REAC:R-HSA-388396	GPCR downstream signalling	False		0	[]	False	1.0	1	"[""LTB4R""]"	False	1.0	2	"[""LTB4R"", ""RHOA""]"	0	False		1.0
REAC	REAC:R-HSA-500792	GPCR ligand binding	False		0	[]	False	1.0	1	"[""LTB4R""]"	False	1.0	1	"[""LTB4R""]"	0	False		1.0
REAC	REAC:R-HSA-114604	GPVI-mediated activation cascade	False		0	[]	False		0	[]	False	1.0	1	"[""RHOA""]"	0	False		1.0
REAC	REAC:R-HSA-354194	GRB2:SOS provides linkage to MAPK signaling for Integrins 	False		0	[]	False	1.0	1	"[""PTK2""]"	False	1.0	1	"[""PTK2""]"	0	False		1.0
REAC	REAC:R-HSA-163841	Gamma carboxylation, hypusinylation, hydroxylation, and arylsulfatase activation	False		0	[]	False	1.0	1	"[""FURIN""]"	False	1.0	2	"[""DPH5"", ""FURIN""]"	0	False		1.0
REAC	REAC:R-HSA-159854	Gamma-carboxylation, transport, and amino-terminal cleavage of proteins	False		0	[]	False	1.0	1	"[""FURIN""]"	False	1.0	1	"[""FURIN""]"	0	False		1.0
REAC	REAC:R-HSA-211000	Gene Silencing by RNA	False		0	[]	False		0	[]	False	1.0	3	"[""NDC1"", ""NUP42"", ""PRKRA""]"	0	False		1.0
REAC	REAC:R-HSA-74160	Gene expression (Transcription)	False	1.0	4	"[""BRD2"", ""EAF1"", ""KRAS"", ""MLST8""]"	False	1.0	7	"[""BRD2"", ""EAF1"", ""FURIN"", ""G6PD"", ""KRAS"", ""MLST8"", ""TGIF1""]"	False	1.0	15	"[""BRD2"", ""CNOT1"", ""EAF1"", ""FURIN"", ""G6PD"", ""GPI"", ""IWS1"", ""KRAS"", ""MED24"", ""MLST8"", ""NDC1"", ""NUP42"", ""PRKRA"", ""RMI1"", ""TGIF1""]"	0	False		1.0
REAC	REAC:R-HSA-212436	Generic Transcription Pathway	False	1.0	3	"[""BRD2"", ""KRAS"", ""MLST8""]"	False	1.0	6	"[""BRD2"", ""FURIN"", ""G6PD"", ""KRAS"", ""MLST8"", ""TGIF1""]"	False	1.0	10	"[""BRD2"", ""CNOT1"", ""FURIN"", ""G6PD"", ""GPI"", ""KRAS"", ""MED24"", ""MLST8"", ""RMI1"", ""TGIF1""]"	0	False		1.0
REAC	REAC:R-HSA-70263	Gluconeogenesis	False	1.0	1	"[""ENO1""]"	False	1.0	1	"[""ENO1""]"	False	1.0	2	"[""ENO1"", ""GPI""]"	0	False		1.0
REAC	REAC:R-HSA-1630316	Glycosaminoglycan metabolism	False		0	[]	False	1.0	1	"[""SLC35B2""]"	False	1.0	3	"[""B3GAT3"", ""SLC35B2"", ""ST3GAL1""]"	0	False		1.0
REAC	REAC:R-HSA-1971475	Glycosaminoglycan-protein linkage region biosynthesis	False		0	[]	False		0	[]	False	1.0	1	"[""B3GAT3""]"	0	False		1.0
REAC	REAC:R-HSA-8856688	Golgi-to-ER retrograde transport	False		0	[]	False	1.0	1	"[""KIF4A""]"	False	1.0	1	"[""KIF4A""]"	0	False		1.0
REAC	REAC:R-HSA-3214847	HATs acetylate histones	False		0	[]	False	1.0	1	"[""ING3""]"	False	1.0	1	"[""ING3""]"	0	False		1.0
REAC	REAC:R-HSA-9609690	HCMV Early Events	False		0	[]	False		0	[]	False	1.0	2	"[""NDC1"", ""NUP42""]"	0	False		1.0
REAC	REAC:R-HSA-9609646	HCMV Infection	False		0	[]	False		0	[]	False	1.0	2	"[""NDC1"", ""NUP42""]"	0	False		1.0
REAC	REAC:R-HSA-9610379	HCMV Late Events	False		0	[]	False		0	[]	False	1.0	2	"[""NDC1"", ""NUP42""]"	0	False		1.0
REAC	REAC:R-HSA-3214815	HDACs deacetylate histones	False		0	[]	False		0	[]	False	1.0	1	"[""RCOR1""]"	0	False		1.0
REAC	REAC:R-HSA-5685942	HDR through Homologous Recombination (HRR)	False		0	[]	False		0	[]	False	1.0	1	"[""RMI1""]"	0	False		1.0
REAC	REAC:R-HSA-5693567	HDR through Homologous Recombination (HRR) or Single Strand Annealing (SSA)	False		0	[]	False		0	[]	False	1.0	1	"[""RMI1""]"	0	False		1.0
REAC	REAC:R-HSA-5685938	HDR through Single Strand Annealing (SSA)	False		0	[]	False		0	[]	False	1.0	1	"[""RMI1""]"	0	False		1.0
REAC	REAC:R-HSA-162906	HIV Infection	False		0	[]	False	1.0	1	"[""FURIN""]"	False	1.0	3	"[""FURIN"", ""NDC1"", ""NUP42""]"	0	False		1.0
REAC	REAC:R-HSA-162587	HIV Life Cycle	False		0	[]	False	1.0	1	"[""FURIN""]"	False	1.0	3	"[""FURIN"", ""NDC1"", ""NUP42""]"	0	False		1.0
REAC	REAC:R-HSA-3371511	HSF1 activation	False		0	[]	False	1.0	1	"[""HSP90AB1""]"	False	1.0	1	"[""HSP90AB1""]"	0	False		1.0
REAC	REAC:R-HSA-3371497	HSP90 chaperone cycle for steroid hormone receptors (SHR) in the presence of ligand	False		0	[]	False	1.0	1	"[""HSP90AB1""]"	False	1.0	1	"[""HSP90AB1""]"	0	False		1.0
REAC	REAC:R-HSA-5358346	Hedgehog ligand biogenesis	False		0	[]	False		0	[]	False	1.0	1	"[""DERL2""]"	0	False		1.0
REAC	REAC:R-HSA-109582	Hemostasis	False		0	[]	False	1.0	4	"[""DOCK5"", ""KIF4A"", ""PTK2"", ""VCL""]"	False	1.0	9	"[""CRK"", ""DOCK5"", ""ITGAV"", ""KIF4A"", ""PTK2"", ""RCOR1"", ""RHOA"", ""VCL"", ""WDR1""]"	0	False		1.0
REAC	REAC:R-HSA-1638091	Heparan sulfate/heparin (HS-GAG) metabolism	False		0	[]	False		0	[]	False	1.0	1	"[""B3GAT3""]"	0	False		1.0
REAC	REAC:R-HSA-5387390	Hh mutants abrogate ligand secretion	False		0	[]	False		0	[]	False	1.0	1	"[""DERL2""]"	0	False		1.0
REAC	REAC:R-HSA-5362768	Hh mutants are degraded by ERAD	False		0	[]	False		0	[]	False	1.0	1	"[""DERL2""]"	0	False		1.0
REAC	REAC:R-HSA-5693579	Homologous DNA Pairing and Strand Exchange	False		0	[]	False		0	[]	False	1.0	1	"[""RMI1""]"	0	False		1.0
REAC	REAC:R-HSA-5693538	Homology Directed Repair	False		0	[]	False		0	[]	False	1.0	1	"[""RMI1""]"	0	False		1.0
REAC	REAC:R-HSA-162909	Host Interactions of HIV factors	False		0	[]	False		0	[]	False	1.0	2	"[""NDC1"", ""NUP42""]"	0	False		1.0
REAC	REAC:R-HSA-1169408	ISG15 antiviral mechanism	False		0	[]	False		0	[]	False	1.0	2	"[""NDC1"", ""NUP42""]"	0	False		1.0
REAC	REAC:R-HSA-5603029	IkBA variant leads to EDA-ID	False		0	[]	False		0	[]	False	1.0	1	"[""NFKBIA""]"	0	False		1.0
REAC	REAC:R-HSA-168256	Immune System	False	1.0	5	"[""CRKL"", ""KRAS"", ""MLST8"", ""SNAP23"", ""UBA5""]"	False	1.0	10	"[""CRKL"", ""HSP90AB1"", ""ITGB5"", ""KIF4A"", ""KRAS"", ""MLST8"", ""PTK2"", ""SNAP23"", ""UBA5"", ""VCL""]"	False	1.0	21	"[""CRK"", ""CRKL"", ""GPI"", ""HSP90AB1"", ""ITGAV"", ""ITGB5"", ""KIF4A"", ""KRAS"", ""MGRN1"", ""MLST8"", ""NDC1"", ""NFKBIA"", ""NUP42"", ""PRKRA"", ""PTK2"", ""RHOA"", ""SNAP23"", ""TRAF2"", ""UBA5"", ""VCL"", ""YPEL5""]"	0	False		1.0
REAC	REAC:R-HSA-9709603	Impaired BRCA2 binding to PALB2	False		0	[]	False		0	[]	False	1.0	1	"[""RMI1""]"	0	False		1.0
REAC	REAC:R-HSA-9709570	Impaired BRCA2 binding to RAD51	False		0	[]	False		0	[]	False	1.0	1	"[""RMI1""]"	0	False		1.0
REAC	REAC:R-HSA-9733458	Induction of Cell-Cell Fusion	False		0	[]	False	1.0	1	"[""FURIN""]"	False	1.0	1	"[""FURIN""]"	0	False		1.0
REAC	REAC:R-HSA-9635486	Infection with Mycobacterium tuberculosis	False	1.0	1	"[""ENO1""]"	False	1.0	1	"[""ENO1""]"	False	1.0	1	"[""ENO1""]"	0	False		1.0
REAC	REAC:R-HSA-622312	Inflammasomes	False		0	[]	False	1.0	1	"[""HSP90AB1""]"	False	1.0	1	"[""HSP90AB1""]"	0	False		1.0
REAC	REAC:R-HSA-168255	Influenza Infection	False		0	[]	False		0	[]	False	1.0	2	"[""NDC1"", ""NUP42""]"	0	False		1.0
REAC	REAC:R-HSA-168273	Influenza Viral RNA Transcription and Replication	False		0	[]	False		0	[]	False	1.0	2	"[""NDC1"", ""NUP42""]"	0	False		1.0
REAC	REAC:R-HSA-168249	Innate Immune System	False	1.0	1	"[""SNAP23""]"	False	1.0	4	"[""HSP90AB1"", ""PTK2"", ""SNAP23"", ""VCL""]"	False	1.0	11	"[""CRK"", ""GPI"", ""HSP90AB1"", ""ITGAV"", ""NFKBIA"", ""PTK2"", ""RHOA"", ""SNAP23"", ""TRAF2"", ""VCL"", ""YPEL5""]"	0	False		1.0
REAC	REAC:R-HSA-216083	Integrin cell surface interactions	False		0	[]	False	1.0	1	"[""ITGB5""]"	False	1.0	2	"[""ITGAV"", ""ITGB5""]"	0	False		1.0
REAC	REAC:R-HSA-354192	Integrin signaling	False		0	[]	False	1.0	1	"[""PTK2""]"	False	1.0	2	"[""CRK"", ""PTK2""]"	0	False		1.0
REAC	REAC:R-HSA-177243	Interactions of Rev with host cellular proteins	False		0	[]	False		0	[]	False	1.0	2	"[""NDC1"", ""NUP42""]"	0	False		1.0
REAC	REAC:R-HSA-176033	Interactions of Vpr with host cellular proteins	False		0	[]	False		0	[]	False	1.0	2	"[""NDC1"", ""NUP42""]"	0	False		1.0
REAC	REAC:R-HSA-499943	Interconversion of nucleotide di- and triphosphates	False		0	[]	False		0	[]	False	1.0	1	"[""CTPS1""]"	0	False		1.0
REAC	REAC:R-HSA-913531	Interferon Signaling	False		0	[]	False		0	[]	False	1.0	3	"[""NDC1"", ""NUP42"", ""PRKRA""]"	0	False		1.0
REAC	REAC:R-HSA-446652	Interleukin-1 family signaling	False		0	[]	False		0	[]	False	1.0	2	"[""NFKBIA"", ""TRAF2""]"	0	False		1.0
REAC	REAC:R-HSA-9020702	Interleukin-1 signaling	False		0	[]	False		0	[]	False	1.0	2	"[""NFKBIA"", ""TRAF2""]"	0	False		1.0
REAC	REAC:R-HSA-512988	Interleukin-3, Interleukin-5 and GM-CSF signaling	False	1.0	1	"[""CRKL""]"	False	1.0	1	"[""CRKL""]"	False	1.0	2	"[""CRK"", ""CRKL""]"	0	False		1.0
REAC	REAC:R-HSA-6811442	Intra-Golgi and retrograde Golgi-to-ER traffic	False		0	[]	False	1.0	1	"[""KIF4A""]"	False	1.0	1	"[""KIF4A""]"	0	False		1.0
REAC	REAC:R-HSA-9006925	Intracellular signaling by second messengers	False	1.0	1	"[""MLST8""]"	False	1.0	1	"[""MLST8""]"	False	1.0	2	"[""MLST8"", ""RCOR1""]"	0	False		1.0
REAC	REAC:R-HSA-9755511	KEAP1-NFE2L2 pathway	False		0	[]	False	1.0	1	"[""G6PD""]"	False	1.0	1	"[""G6PD""]"	0	False		1.0
REAC	REAC:R-HSA-2022854	Keratan sulfate biosynthesis	False		0	[]	False		0	[]	False	1.0	1	"[""ST3GAL1""]"	0	False		1.0
REAC	REAC:R-HSA-1638074	Keratan sulfate/keratin metabolism	False		0	[]	False		0	[]	False	1.0	1	"[""ST3GAL1""]"	0	False		1.0
REAC	REAC:R-HSA-6805567	Keratinization	False		0	[]	False	1.0	1	"[""FURIN""]"	False	1.0	1	"[""FURIN""]"	0	False		1.0
REAC	REAC:R-HSA-983189	Kinesins	False		0	[]	False	1.0	1	"[""KIF4A""]"	False	1.0	1	"[""KIF4A""]"	0	False		1.0
REAC	REAC:R-HSA-373760	L1CAM interactions	False		0	[]	False	1.0	1	"[""KIF4A""]"	False	1.0	2	"[""ITGAV"", ""KIF4A""]"	0	False		1.0
REAC	REAC:R-HSA-3000157	Laminin interactions	False		0	[]	False		0	[]	False	1.0	1	"[""ITGAV""]"	0	False		1.0
REAC	REAC:R-HSA-162599	Late Phase of HIV Life Cycle	False		0	[]	False	1.0	1	"[""FURIN""]"	False	1.0	3	"[""FURIN"", ""NDC1"", ""NUP42""]"	0	False		1.0
REAC	REAC:R-HSA-9772573	Late SARS-CoV-2 Infection Events	False		0	[]	False	1.0	1	"[""FURIN""]"	False	1.0	2	"[""FURIN"", ""ST3GAL1""]"	0	False		1.0
REAC	REAC:R-HSA-9658195	Leishmania infection	False		0	[]	False	1.0	3	"[""FURIN"", ""HSP90AB1"", ""PTK2""]"	False	1.0	4	"[""CRK"", ""FURIN"", ""HSP90AB1"", ""PTK2""]"	0	False		1.0
REAC	REAC:R-HSA-9664433	Leishmania parasite growth and survival	False		0	[]	False	1.0	1	"[""FURIN""]"	False	1.0	1	"[""FURIN""]"	0	False		1.0
REAC	REAC:R-HSA-9664417	Leishmania phagocytosis	False		0	[]	False	1.0	1	"[""PTK2""]"	False	1.0	2	"[""CRK"", ""PTK2""]"	0	False		1.0
REAC	REAC:R-HSA-391906	Leukotriene receptors	False		0	[]	False	1.0	1	"[""LTB4R""]"	False	1.0	1	"[""LTB4R""]"	0	False		1.0
REAC	REAC:R-HSA-68886	M Phase	False		0	[]	False		0	[]	False	1.0	2	"[""NDC1"", ""NUP42""]"	0	False		1.0
REAC	REAC:R-HSA-9820841	M-decay: degradation of maternal mRNAs by maternally stored factors	False		0	[]	False		0	[]	False	1.0	1	"[""CNOT1""]"	0	False		1.0
REAC	REAC:R-HSA-5674135	MAP2K and MAPK activation	False		0	[]	False	1.0	1	"[""VCL""]"	False	1.0	2	"[""VCL"", ""WDR83""]"	0	False		1.0
REAC	REAC:R-HSA-5683057	MAPK family signaling cascades	False	1.0	1	"[""KRAS""]"	False	1.0	3	"[""KRAS"", ""PTK2"", ""VCL""]"	False	1.0	4	"[""KRAS"", ""PTK2"", ""VCL"", ""WDR83""]"	0	False		1.0
REAC	REAC:R-HSA-5684996	MAPK1/MAPK3 signaling	False	1.0	1	"[""KRAS""]"	False	1.0	3	"[""KRAS"", ""PTK2"", ""VCL""]"	False	1.0	4	"[""KRAS"", ""PTK2"", ""VCL"", ""WDR83""]"	0	False		1.0
REAC	REAC:R-HSA-8874081	MET activates PTK2 signaling	False		0	[]	False	1.0	1	"[""PTK2""]"	False	1.0	1	"[""PTK2""]"	0	False		1.0
REAC	REAC:R-HSA-8875513	MET interacts with TNS proteins	False		0	[]	False		0	[]	False	1.0	1	"[""TNS3""]"	0	False		1.0
REAC	REAC:R-HSA-2132295	MHC class II antigen presentation	False		0	[]	False	1.0	1	"[""KIF4A""]"	False	1.0	1	"[""KIF4A""]"	0	False		1.0
REAC	REAC:R-HSA-165159	MTOR signalling	False	1.0	1	"[""MLST8""]"	False	1.0	1	"[""MLST8""]"	False	1.0	1	"[""MLST8""]"	0	False		1.0
REAC	REAC:R-HSA-1632852	Macroautophagy	False	1.0	1	"[""MLST8""]"	False	1.0	1	"[""MLST8""]"	False	1.0	1	"[""MLST8""]"	0	False		1.0
REAC	REAC:R-HSA-9816359	Maternal to zygotic transition (MZT)	False		0	[]	False		0	[]	False	1.0	2	"[""CNOT1"", ""DPPA2""]"	0	False		1.0
REAC	REAC:R-HSA-9828806	Maturation of hRSV A proteins	False		0	[]	False	1.0	1	"[""FURIN""]"	False	1.0	1	"[""FURIN""]"	0	False		1.0
REAC	REAC:R-HSA-9683673	Maturation of protein 3a	False		0	[]	False		0	[]	False	1.0	1	"[""ST3GAL1""]"	0	False		1.0
REAC	REAC:R-HSA-9694719	Maturation of protein 3a	False		0	[]	False		0	[]	False	1.0	1	"[""ST3GAL1""]"	0	False		1.0
REAC	REAC:R-HSA-9694548	Maturation of spike protein	False		0	[]	False		0	[]	False	1.0	1	"[""ST3GAL1""]"	0	False		1.0
REAC	REAC:R-HSA-199991	Membrane Trafficking	False	1.0	1	"[""SNAP23""]"	False	1.0	2	"[""KIF4A"", ""SNAP23""]"	False	1.0	2	"[""KIF4A"", ""SNAP23""]"	0	False		1.0
REAC	REAC:R-HSA-5579029	Metabolic disorders of biological oxidation enzymes	False	1.0	1	"[""FDXR""]"	False	1.0	1	"[""FDXR""]"	False	1.0	1	"[""FDXR""]"	0	False		1.0
REAC	REAC:R-HSA-1430728	Metabolism	False	1.0	5	"[""ATP5ME"", ""COX18"", ""ENO1"", ""FDXR"", ""UBIAD1""]"	False	1.0	9	"[""ATP5ME"", ""COX18"", ""CYC1"", ""ENO1"", ""FDXR"", ""G6PD"", ""HSP90AB1"", ""SLC35B2"", ""UBIAD1""]"	False	1.0	19	"[""ADSL"", ""ATP5ME"", ""B3GAT3"", ""COX18"", ""CTPS1"", ""CYC1"", ""ENO1"", ""FDXR"", ""FOXRED1"", ""G6PD"", ""GPI"", ""HSP90AB1"", ""MED24"", ""NDC1"", ""NDUFAF8"", ""NUP42"", ""SLC35B2"", ""ST3GAL1"", ""UBIAD1""]"	0	False		1.0
REAC	REAC:R-HSA-6806667	Metabolism of fat-soluble vitamins	False	1.0	1	"[""UBIAD1""]"	False	1.0	1	"[""UBIAD1""]"	False	1.0	1	"[""UBIAD1""]"	0	False		1.0
REAC	REAC:R-HSA-556833	Metabolism of lipids	False	1.0	1	"[""FDXR""]"	False	1.0	1	"[""FDXR""]"	False	1.0	2	"[""FDXR"", ""MED24""]"	0	False		1.0
REAC	REAC:R-HSA-194441	Metabolism of non-coding RNA	False		0	[]	False		0	[]	False	1.0	2	"[""NDC1"", ""NUP42""]"	0	False		1.0
REAC	REAC:R-HSA-15869	Metabolism of nucleotides	False		0	[]	False		0	[]	False	1.0	2	"[""ADSL"", ""CTPS1""]"	0	False		1.0
REAC	REAC:R-HSA-196071	Metabolism of steroid hormones	False	1.0	1	"[""FDXR""]"	False	1.0	1	"[""FDXR""]"	False	1.0	1	"[""FDXR""]"	0	False		1.0
REAC	REAC:R-HSA-8957322	Metabolism of steroids	False	1.0	1	"[""FDXR""]"	False	1.0	1	"[""FDXR""]"	False	1.0	1	"[""FDXR""]"	0	False		1.0
REAC	REAC:R-HSA-6806664	Metabolism of vitamin K	False	1.0	1	"[""UBIAD1""]"	False	1.0	1	"[""UBIAD1""]"	False	1.0	1	"[""UBIAD1""]"	0	False		1.0
REAC	REAC:R-HSA-196854	Metabolism of vitamins and cofactors	False	1.0	1	"[""UBIAD1""]"	False	1.0	1	"[""UBIAD1""]"	False	1.0	1	"[""UBIAD1""]"	0	False		1.0
REAC	REAC:R-HSA-203927	MicroRNA (miRNA) biogenesis	False		0	[]	False		0	[]	False	1.0	1	"[""PRKRA""]"	0	False		1.0
REAC	REAC:R-HSA-1592230	Mitochondrial biogenesis	False	1.0	1	"[""ATP5ME""]"	False	1.0	1	"[""ATP5ME""]"	False	1.0	1	"[""ATP5ME""]"	0	False		1.0
REAC	REAC:R-HSA-1362409	Mitochondrial iron-sulfur cluster biogenesis	False	1.0	1	"[""FDXR""]"	False	1.0	1	"[""FDXR""]"	False	1.0	1	"[""FDXR""]"	0	False		1.0
REAC	REAC:R-HSA-9837999	Mitochondrial protein degradation	False		0	[]	False		0	[]	False	1.0	1	"[""MRPS2""]"	0	False		1.0
REAC	REAC:R-HSA-1268020	Mitochondrial protein import	False		0	[]	False	1.0	1	"[""CYC1""]"	False	1.0	1	"[""CYC1""]"	0	False		1.0
REAC	REAC:R-HSA-379726	Mitochondrial tRNA aminoacylation	False		0	[]	False	1.0	1	"[""TARS2""]"	False	1.0	1	"[""TARS2""]"	0	False		1.0
REAC	REAC:R-HSA-68882	Mitotic Anaphase	False		0	[]	False		0	[]	False	1.0	1	"[""NDC1""]"	0	False		1.0
REAC	REAC:R-HSA-453274	Mitotic G2-G2/M phases	False		0	[]	False	1.0	2	"[""HSP90AB1"", ""LCMT1""]"	False	1.0	2	"[""HSP90AB1"", ""LCMT1""]"	0	False		1.0
REAC	REAC:R-HSA-2555396	Mitotic Metaphase and Anaphase	False		0	[]	False		0	[]	False	1.0	1	"[""NDC1""]"	0	False		1.0
REAC	REAC:R-HSA-68875	Mitotic Prophase	False		0	[]	False		0	[]	False	1.0	2	"[""NDC1"", ""NUP42""]"	0	False		1.0
REAC	REAC:R-HSA-2129379	Molecules associated with elastic fibres	False		0	[]	False	1.0	1	"[""ITGB5""]"	False	1.0	2	"[""ITGAV"", ""ITGB5""]"	0	False		1.0
REAC	REAC:R-HSA-397014	Muscle contraction	False		0	[]	False	1.0	2	"[""ITGB5"", ""VCL""]"	False	1.0	2	"[""ITGB5"", ""VCL""]"	0	False		1.0
REAC	REAC:R-HSA-975871	MyD88 cascade initiated on plasma membrane	False		0	[]	False		0	[]	False	1.0	2	"[""NFKBIA"", ""TRAF2""]"	0	False		1.0
REAC	REAC:R-HSA-975155	MyD88 dependent cascade initiated on endosome	False		0	[]	False		0	[]	False	1.0	2	"[""NFKBIA"", ""TRAF2""]"	0	False		1.0
REAC	REAC:R-HSA-166166	MyD88-independent TLR4 cascade 	False		0	[]	False		0	[]	False	1.0	2	"[""NFKBIA"", ""TRAF2""]"	0	False		1.0
REAC	REAC:R-HSA-166058	MyD88:MAL(TIRAP) cascade initiated on plasma membrane	False		0	[]	False		0	[]	False	1.0	2	"[""NFKBIA"", ""TRAF2""]"	0	False		1.0
REAC	REAC:R-HSA-532668	N-glycan trimming in the ER and Calnexin/Calreticulin cycle	False		0	[]	False		0	[]	False	1.0	1	"[""DERL2""]"	0	False		1.0
REAC	REAC:R-HSA-375165	NCAM signaling for neurite out-growth	False		0	[]	False	1.0	1	"[""PTK2""]"	False	1.0	1	"[""PTK2""]"	0	False		1.0
REAC	REAC:R-HSA-168333	NEP/NS2 Interacts with the Cellular Export Machinery	False		0	[]	False		0	[]	False	1.0	2	"[""NDC1"", ""NUP42""]"	0	False		1.0
REAC	REAC:R-HSA-209560	NF-kB is activated and signals survival	False		0	[]	False		0	[]	False	1.0	1	"[""NFKBIA""]"	0	False		1.0
REAC	REAC:R-HSA-9818028	NFE2L2 regulates pentose phosphate pathway genes	False		0	[]	False	1.0	1	"[""G6PD""]"	False	1.0	1	"[""G6PD""]"	0	False		1.0
REAC	REAC:R-HSA-167060	NGF processing	False		0	[]	False	1.0	1	"[""FURIN""]"	False	1.0	1	"[""FURIN""]"	0	False		1.0
REAC	REAC:R-HSA-168276	NS1 Mediated Effects on Host Pathways	False		0	[]	False		0	[]	False	1.0	2	"[""NDC1"", ""NUP42""]"	0	False		1.0
REAC	REAC:R-HSA-9675108	Nervous system development	False		0	[]	False	1.0	3	"[""HSP90AB1"", ""KIF4A"", ""PTK2""]"	False	1.0	5	"[""HSP90AB1"", ""ITGAV"", ""KIF4A"", ""PTK2"", ""RHOA""]"	0	False		1.0
REAC	REAC:R-HSA-373752	Netrin-1 signaling	False		0	[]	False	1.0	1	"[""PTK2""]"	False	1.0	1	"[""PTK2""]"	0	False		1.0
REAC	REAC:R-HSA-168799	Neurotoxicity of clostridium toxins	False		0	[]	False		0	[]	False	1.0	1	"[""SV2A""]"	0	False		1.0
REAC	REAC:R-HSA-6798695	Neutrophil degranulation	False	1.0	1	"[""SNAP23""]"	False	1.0	3	"[""HSP90AB1"", ""SNAP23"", ""VCL""]"	False	1.0	7	"[""GPI"", ""HSP90AB1"", ""ITGAV"", ""RHOA"", ""SNAP23"", ""VCL"", ""YPEL5""]"	0	False		1.0
REAC	REAC:R-HSA-3000171	Non-integrin membrane-ECM interactions	False		0	[]	False	1.0	1	"[""ITGB5""]"	False	1.0	2	"[""ITGAV"", ""ITGB5""]"	0	False		1.0
REAC	REAC:R-HSA-2995410	Nuclear Envelope (NE) Reassembly	False		0	[]	False		0	[]	False	1.0	1	"[""NDC1""]"	0	False		1.0
REAC	REAC:R-HSA-2980766	Nuclear Envelope Breakdown	False		0	[]	False		0	[]	False	1.0	2	"[""NDC1"", ""NUP42""]"	0	False		1.0
REAC	REAC:R-HSA-3301854	Nuclear Pore Complex (NPC) Disassembly	False		0	[]	False		0	[]	False	1.0	2	"[""NDC1"", ""NUP42""]"	0	False		1.0
REAC	REAC:R-HSA-9759194	Nuclear events mediated by NFE2L2	False		0	[]	False	1.0	1	"[""G6PD""]"	False	1.0	1	"[""G6PD""]"	0	False		1.0
REAC	REAC:R-HSA-180746	Nuclear import of Rev protein	False		0	[]	False		0	[]	False	1.0	2	"[""NDC1"", ""NUP42""]"	0	False		1.0
REAC	REAC:R-HSA-8956320	Nucleotide biosynthesis	False		0	[]	False		0	[]	False	1.0	1	"[""ADSL""]"	0	False		1.0
REAC	REAC:R-HSA-168643	Nucleotide-binding domain, leucine rich repeat containing receptor (NLR) signaling pathways	False		0	[]	False	1.0	1	"[""HSP90AB1""]"	False	1.0	1	"[""HSP90AB1""]"	0	False		1.0
REAC	REAC:R-HSA-5173105	O-linked glycosylation	False		0	[]	False		0	[]	False	1.0	1	"[""ST3GAL1""]"	0	False		1.0
REAC	REAC:R-HSA-913709	O-linked glycosylation of mucins	False		0	[]	False		0	[]	False	1.0	1	"[""ST3GAL1""]"	0	False		1.0
REAC	REAC:R-HSA-6802957	Oncogenic MAPK signaling	False	1.0	1	"[""KRAS""]"	False	1.0	2	"[""KRAS"", ""VCL""]"	False	1.0	2	"[""KRAS"", ""VCL""]"	0	False		1.0
REAC	REAC:R-HSA-1852241	Organelle biogenesis and maintenance	False	1.0	1	"[""ATP5ME""]"	False	1.0	1	"[""ATP5ME""]"	False	1.0	1	"[""ATP5ME""]"	0	False		1.0
REAC	REAC:R-HSA-5689896	Ovarian tumor domain proteases	False		0	[]	False		0	[]	False	1.0	1	"[""RHOA""]"	0	False		1.0
REAC	REAC:R-HSA-4086400	PCP/CE pathway	False		0	[]	False		0	[]	False	1.0	1	"[""RHOA""]"	0	False		1.0
REAC	REAC:R-HSA-210990	PECAM1 interactions	False		0	[]	False		0	[]	False	1.0	1	"[""ITGAV""]"	0	False		1.0
REAC	REAC:R-HSA-2219528	PI3K/AKT Signaling in Cancer	False	1.0	1	"[""MLST8""]"	False	1.0	1	"[""MLST8""]"	False	1.0	1	"[""MLST8""]"	0	False		1.0
REAC	REAC:R-HSA-198203	PI3K/AKT activation	False		0	[]	False		0	[]	False	1.0	1	"[""RHOA""]"	0	False		1.0
REAC	REAC:R-HSA-1257604	PIP3 activates AKT signaling	False	1.0	1	"[""MLST8""]"	False	1.0	1	"[""MLST8""]"	False	1.0	2	"[""MLST8"", ""RCOR1""]"	0	False		1.0
REAC	REAC:R-HSA-3214841	PKMTs methylate histone lysines	False		0	[]	False		0	[]	False	1.0	1	"[""SETD2""]"	0	False		1.0
REAC	REAC:R-HSA-9833482	PKR-mediated signaling	False		0	[]	False		0	[]	False	1.0	1	"[""PRKRA""]"	0	False		1.0
REAC	REAC:R-HSA-1989781	PPARA activates gene expression	False		0	[]	False		0	[]	False	1.0	1	"[""MED24""]"	0	False		1.0
REAC	REAC:R-HSA-6807070	PTEN Regulation	False	1.0	1	"[""MLST8""]"	False	1.0	1	"[""MLST8""]"	False	1.0	2	"[""MLST8"", ""RCOR1""]"	0	False		1.0
REAC	REAC:R-HSA-8849471	PTK6 Regulates RHO GTPases, RAS GTPase and MAP kinases	False		0	[]	False		0	[]	False	1.0	2	"[""CRK"", ""RHOA""]"	0	False		1.0
REAC	REAC:R-HSA-6802955	Paradoxical activation of RAF signaling by kinase inactive BRAF	False	1.0	1	"[""KRAS""]"	False	1.0	2	"[""KRAS"", ""VCL""]"	False	1.0	2	"[""KRAS"", ""VCL""]"	0	False		1.0
REAC	REAC:R-HSA-9664407	Parasite infection	False		0	[]	False	1.0	1	"[""PTK2""]"	False	1.0	2	"[""CRK"", ""PTK2""]"	0	False		1.0
REAC	REAC:R-HSA-9824443	Parasitic Infection Pathways	False		0	[]	False	1.0	3	"[""FURIN"", ""HSP90AB1"", ""PTK2""]"	False	1.0	4	"[""CRK"", ""FURIN"", ""HSP90AB1"", ""PTK2""]"	0	False		1.0
REAC	REAC:R-HSA-71336	Pentose phosphate pathway	False		0	[]	False	1.0	1	"[""G6PD""]"	False	1.0	1	"[""G6PD""]"	0	False		1.0
REAC	REAC:R-HSA-211945	Phase I - Functionalization of compounds	False	1.0	1	"[""FDXR""]"	False	1.0	2	"[""FDXR"", ""HSP90AB1""]"	False	1.0	2	"[""FDXR"", ""HSP90AB1""]"	0	False		1.0
REAC	REAC:R-HSA-156580	Phase II - Conjugation of compounds	False		0	[]	False	1.0	1	"[""SLC35B2""]"	False	1.0	1	"[""SLC35B2""]"	0	False		1.0
REAC	REAC:R-HSA-174824	Plasma lipoprotein assembly, remodeling, and clearance	False		0	[]	False	1.0	1	"[""FURIN""]"	False	1.0	1	"[""FURIN""]"	0	False		1.0
REAC	REAC:R-HSA-8963899	Plasma lipoprotein remodeling	False		0	[]	False	1.0	1	"[""FURIN""]"	False	1.0	1	"[""FURIN""]"	0	False		1.0
REAC	REAC:R-HSA-76009	Platelet Aggregation (Plug Formation)	False		0	[]	False	1.0	1	"[""PTK2""]"	False	1.0	2	"[""CRK"", ""PTK2""]"	0	False		1.0
REAC	REAC:R-HSA-76002	Platelet activation, signaling and aggregation	False		0	[]	False	1.0	2	"[""PTK2"", ""VCL""]"	False	1.0	5	"[""CRK"", ""PTK2"", ""RHOA"", ""VCL"", ""WDR1""]"	0	False		1.0
REAC	REAC:R-HSA-114608	Platelet degranulation 	False		0	[]	False	1.0	1	"[""VCL""]"	False	1.0	2	"[""VCL"", ""WDR1""]"	0	False		1.0
REAC	REAC:R-HSA-163125	Post-translational modification: synthesis of GPI-anchored proteins	False		0	[]	False		0	[]	False	1.0	1	"[""PIGL""]"	0	False		1.0
REAC	REAC:R-HSA-597592	Post-translational protein modification	False	1.0	1	"[""WDR48""]"	False	1.0	3	"[""DOLK"", ""FURIN"", ""WDR48""]"	False	1.0	15	"[""ALG8"", ""DERL2"", ""DOLK"", ""DPH5"", ""FURIN"", ""NDC1"", ""NFKBIA"", ""NUP42"", ""PIGL"", ""RAB15"", ""RHOA"", ""SP3"", ""ST3GAL1"", ""TRAF2"", ""WDR48""]"	0	False		1.0
REAC	REAC:R-HSA-9615933	Postmitotic nuclear pore complex (NPC) reformation	False		0	[]	False		0	[]	False	1.0	1	"[""NDC1""]"	0	False		1.0
REAC	REAC:R-HSA-9679191	Potential therapeutics for SARS	False		0	[]	False	1.0	2	"[""FURIN"", ""HSP90AB1""]"	False	1.0	3	"[""FURIN"", ""HSP90AB1"", ""RCOR1""]"	0	False		1.0
REAC	REAC:R-HSA-1912422	Pre-NOTCH Expression and Processing	False		0	[]	False	1.0	1	"[""FURIN""]"	False	1.0	1	"[""FURIN""]"	0	False		1.0
REAC	REAC:R-HSA-1912420	Pre-NOTCH Processing in Golgi	False		0	[]	False	1.0	1	"[""FURIN""]"	False	1.0	1	"[""FURIN""]"	0	False		1.0
REAC	REAC:R-HSA-196108	Pregnenolone biosynthesis	False	1.0	1	"[""FDXR""]"	False	1.0	1	"[""FDXR""]"	False	1.0	1	"[""FDXR""]"	0	False		1.0
REAC	REAC:R-HSA-5693616	Presynaptic phase of homologous DNA pairing and strand exchange	False		0	[]	False		0	[]	False	1.0	1	"[""RMI1""]"	0	False		1.0
REAC	REAC:R-HSA-5693607	Processing of DNA double-strand break ends	False		0	[]	False		0	[]	False	1.0	1	"[""RMI1""]"	0	False		1.0
REAC	REAC:R-HSA-5357801	Programmed Cell Death	False	1.0	1	"[""DNM1L""]"	False	1.0	2	"[""DNM1L"", ""PTK2""]"	False	1.0	3	"[""DNM1L"", ""PTK2"", ""TRAF2""]"	0	False		1.0
REAC	REAC:R-HSA-169893	Prolonged ERK activation events	False	1.0	1	"[""CRKL""]"	False	1.0	1	"[""CRKL""]"	False	1.0	2	"[""CRK"", ""CRKL""]"	0	False		1.0
REAC	REAC:R-HSA-9609507	Protein localization	False	1.0	1	"[""FIS1""]"	False	1.0	2	"[""CYC1"", ""FIS1""]"	False	1.0	2	"[""CYC1"", ""FIS1""]"	0	False		1.0
REAC	REAC:R-HSA-73817	Purine ribonucleoside monophosphate biosynthesis	False		0	[]	False		0	[]	False	1.0	1	"[""ADSL""]"	0	False		1.0
REAC	REAC:R-HSA-9660826	Purinergic signaling in leishmaniasis infection	False		0	[]	False	1.0	1	"[""HSP90AB1""]"	False	1.0	1	"[""HSP90AB1""]"	0	False		1.0
REAC	REAC:R-HSA-8873719	RAB geranylgeranylation	False		0	[]	False		0	[]	False	1.0	1	"[""RAB15""]"	0	False		1.0
REAC	REAC:R-HSA-9013149	RAC1 GTPase cycle	False	1.0	1	"[""SNAP23""]"	False	1.0	2	"[""DOCK5"", ""SNAP23""]"	False	1.0	3	"[""DOCK5"", ""FERMT2"", ""SNAP23""]"	0	False		1.0
REAC	REAC:R-HSA-9013423	RAC3 GTPase cycle	False	1.0	1	"[""SNAP23""]"	False	1.0	1	"[""SNAP23""]"	False	1.0	2	"[""FERMT2"", ""SNAP23""]"	0	False		1.0
REAC	REAC:R-HSA-5673001	RAF/MAP kinase cascade	False	1.0	1	"[""KRAS""]"	False	1.0	3	"[""KRAS"", ""PTK2"", ""VCL""]"	False	1.0	4	"[""KRAS"", ""PTK2"", ""VCL"", ""WDR83""]"	0	False		1.0
REAC	REAC:R-HSA-9649913	RAS GTPase cycle mutants	False	1.0	1	"[""KRAS""]"	False	1.0	1	"[""KRAS""]"	False	1.0	1	"[""KRAS""]"	0	False		1.0
REAC	REAC:R-HSA-9648002	RAS processing	False	1.0	1	"[""KRAS""]"	False	1.0	1	"[""KRAS""]"	False	1.0	1	"[""KRAS""]"	0	False		1.0
REAC	REAC:R-HSA-195258	RHO GTPase Effectors	False		0	[]	False	1.0	1	"[""PTK2""]"	False	1.0	2	"[""PTK2"", ""RHOA""]"	0	False		1.0
REAC	REAC:R-HSA-9012999	RHO GTPase cycle	False	1.0	1	"[""SNAP23""]"	False	1.0	4	"[""DOCK5"", ""HSP90AB1"", ""SNAP23"", ""TRA2B""]"	False	1.0	6	"[""DOCK5"", ""FERMT2"", ""HSP90AB1"", ""RHOA"", ""SNAP23"", ""TRA2B""]"	0	False		1.0
REAC	REAC:R-HSA-5663220	RHO GTPases Activate Formins	False		0	[]	False		0	[]	False	1.0	1	"[""RHOA""]"	0	False		1.0
REAC	REAC:R-HSA-5627117	RHO GTPases Activate ROCKs	False		0	[]	False		0	[]	False	1.0	1	"[""RHOA""]"	0	False		1.0
REAC	REAC:R-HSA-5666185	RHO GTPases Activate Rhotekin and Rhophilins	False		0	[]	False		0	[]	False	1.0	1	"[""RHOA""]"	0	False		1.0
REAC	REAC:R-HSA-5663213	RHO GTPases Activate WASPs and WAVEs	False		0	[]	False	1.0	1	"[""PTK2""]"	False	1.0	1	"[""PTK2""]"	0	False		1.0
REAC	REAC:R-HSA-5625900	RHO GTPases activate CIT	False		0	[]	False		0	[]	False	1.0	1	"[""RHOA""]"	0	False		1.0
REAC	REAC:R-HSA-5625970	RHO GTPases activate KTN1	False		0	[]	False		0	[]	False	1.0	1	"[""RHOA""]"	0	False		1.0
REAC	REAC:R-HSA-5625740	RHO GTPases activate PKNs	False		0	[]	False		0	[]	False	1.0	1	"[""RHOA""]"	0	False		1.0
REAC	REAC:R-HSA-8980692	RHOA GTPase cycle	False	1.0	1	"[""SNAP23""]"	False	1.0	1	"[""SNAP23""]"	False	1.0	2	"[""RHOA"", ""SNAP23""]"	0	False		1.0
REAC	REAC:R-HSA-9013026	RHOB GTPase cycle	False	1.0	1	"[""SNAP23""]"	False	1.0	1	"[""SNAP23""]"	False	1.0	1	"[""SNAP23""]"	0	False		1.0
REAC	REAC:R-HSA-9013422	RHOBTB1 GTPase cycle	False		0	[]	False	1.0	1	"[""TRA2B""]"	False	1.0	1	"[""TRA2B""]"	0	False		1.0
REAC	REAC:R-HSA-9013106	RHOC GTPase cycle	False		0	[]	False		0	[]	False	1.0	1	"[""RHOA""]"	0	False		1.0
REAC	REAC:R-HSA-9035034	RHOF GTPase cycle	False	1.0	1	"[""SNAP23""]"	False	1.0	1	"[""SNAP23""]"	False	1.0	1	"[""SNAP23""]"	0	False		1.0
REAC	REAC:R-HSA-9013408	RHOG GTPase cycle	False		0	[]	False	1.0	1	"[""DOCK5""]"	False	1.0	1	"[""DOCK5""]"	0	False		1.0
REAC	REAC:R-HSA-9013409	RHOJ GTPase cycle	False	1.0	1	"[""SNAP23""]"	False	1.0	1	"[""SNAP23""]"	False	1.0	1	"[""SNAP23""]"	0	False		1.0
REAC	REAC:R-HSA-9013406	RHOQ GTPase cycle	False	1.0	1	"[""SNAP23""]"	False	1.0	1	"[""SNAP23""]"	False	1.0	1	"[""SNAP23""]"	0	False		1.0
REAC	REAC:R-HSA-1810476	RIP-mediated NFkB activation via ZBP1	False		0	[]	False		0	[]	False	1.0	1	"[""NFKBIA""]"	0	False		1.0
REAC	REAC:R-HSA-5213460	RIPK1-mediated regulated necrosis	False		0	[]	False		0	[]	False	1.0	1	"[""TRAF2""]"	0	False		1.0
REAC	REAC:R-HSA-674695	RNA Polymerase II Pre-transcription Events	False	1.0	1	"[""EAF1""]"	False	1.0	1	"[""EAF1""]"	False	1.0	2	"[""EAF1"", ""IWS1""]"	0	False		1.0
REAC	REAC:R-HSA-73857	RNA Polymerase II Transcription	False	1.0	4	"[""BRD2"", ""EAF1"", ""KRAS"", ""MLST8""]"	False	1.0	7	"[""BRD2"", ""EAF1"", ""FURIN"", ""G6PD"", ""KRAS"", ""MLST8"", ""TGIF1""]"	False	1.0	12	"[""BRD2"", ""CNOT1"", ""EAF1"", ""FURIN"", ""G6PD"", ""GPI"", ""IWS1"", ""KRAS"", ""MED24"", ""MLST8"", ""RMI1"", ""TGIF1""]"	0	False		1.0
REAC	REAC:R-HSA-75955	RNA Polymerase II Transcription Elongation	False	1.0	1	"[""EAF1""]"	False	1.0	1	"[""EAF1""]"	False	1.0	2	"[""EAF1"", ""IWS1""]"	0	False		1.0
REAC	REAC:R-HSA-9833110	RSV-host interactions	False		0	[]	False		0	[]	False	1.0	1	"[""MED24""]"	0	False		1.0
REAC	REAC:R-HSA-110314	Recognition of DNA damage by PCNA-containing replication complex	False	1.0	1	"[""WDR48""]"	False	1.0	1	"[""WDR48""]"	False	1.0	1	"[""WDR48""]"	0	False		1.0
REAC	REAC:R-HSA-437239	Recycling pathway of L1	False		0	[]	False	1.0	1	"[""KIF4A""]"	False	1.0	1	"[""KIF4A""]"	0	False		1.0
REAC	REAC:R-HSA-5218859	Regulated Necrosis	False		0	[]	False		0	[]	False	1.0	1	"[""TRAF2""]"	0	False		1.0
REAC	REAC:R-HSA-3371378	Regulation by c-FLIP	False		0	[]	False		0	[]	False	1.0	1	"[""TRAF2""]"	0	False		1.0
REAC	REAC:R-HSA-170822	Regulation of Glucokinase by Glucokinase Regulatory Protein	False		0	[]	False		0	[]	False	1.0	2	"[""NDC1"", ""NUP42""]"	0	False		1.0
REAC	REAC:R-HSA-3371453	Regulation of HSF1-mediated heat shock response	False		0	[]	False		0	[]	False	1.0	3	"[""HSPA13"", ""NDC1"", ""NUP42""]"	0	False		1.0
REAC	REAC:R-HSA-9758274	Regulation of NF-kappa B signaling	False		0	[]	False		0	[]	False	1.0	1	"[""TRAF2""]"	0	False		1.0
REAC	REAC:R-HSA-8943724	Regulation of PTEN gene transcription	False	1.0	1	"[""MLST8""]"	False	1.0	1	"[""MLST8""]"	False	1.0	2	"[""MLST8"", ""RCOR1""]"	0	False		1.0
REAC	REAC:R-HSA-388841	Regulation of T cell activation by CD28 family	False	1.0	1	"[""MLST8""]"	False	1.0	1	"[""MLST8""]"	False	1.0	1	"[""MLST8""]"	0	False		1.0
REAC	REAC:R-HSA-5357905	Regulation of TNFR1 signaling	False		0	[]	False		0	[]	False	1.0	1	"[""TRAF2""]"	0	False		1.0
REAC	REAC:R-HSA-5633007	Regulation of TP53 Activity	False	1.0	1	"[""MLST8""]"	False	1.0	1	"[""MLST8""]"	False	1.0	2	"[""MLST8"", ""RMI1""]"	0	False		1.0
REAC	REAC:R-HSA-6804756	Regulation of TP53 Activity through Phosphorylation	False		0	[]	False		0	[]	False	1.0	1	"[""RMI1""]"	0	False		1.0
REAC	REAC:R-HSA-6804757	Regulation of TP53 Degradation	False	1.0	1	"[""MLST8""]"	False	1.0	1	"[""MLST8""]"	False	1.0	1	"[""MLST8""]"	0	False		1.0
REAC	REAC:R-HSA-6806003	Regulation of TP53 Expression and Degradation	False	1.0	1	"[""MLST8""]"	False	1.0	1	"[""MLST8""]"	False	1.0	1	"[""MLST8""]"	0	False		1.0
REAC	REAC:R-HSA-2029482	Regulation of actin dynamics for phagocytic cup formation	False		0	[]	False	1.0	2	"[""HSP90AB1"", ""PTK2""]"	False	1.0	3	"[""CRK"", ""HSP90AB1"", ""PTK2""]"	0	False		1.0
REAC	REAC:R-HSA-400206	Regulation of lipid metabolism by PPARalpha	False		0	[]	False		0	[]	False	1.0	1	"[""MED24""]"	0	False		1.0
REAC	REAC:R-HSA-5675482	Regulation of necroptotic cell death	False		0	[]	False		0	[]	False	1.0	1	"[""TRAF2""]"	0	False		1.0
REAC	REAC:R-HSA-912631	Regulation of signaling by CBL	False	1.0	1	"[""CRKL""]"	False	1.0	1	"[""CRKL""]"	False	1.0	2	"[""CRK"", ""CRKL""]"	0	False		1.0
REAC	REAC:R-HSA-159782	Removal of aminoterminal propeptides from gamma-carboxylated proteins	False		0	[]	False	1.0	1	"[""FURIN""]"	False	1.0	1	"[""FURIN""]"	0	False		1.0
REAC	REAC:R-HSA-5693537	Resolution of D-Loop Structures	False		0	[]	False		0	[]	False	1.0	1	"[""RMI1""]"	0	False		1.0
REAC	REAC:R-HSA-5693568	Resolution of D-loop Structures through Holliday Junction Intermediates	False		0	[]	False		0	[]	False	1.0	1	"[""RMI1""]"	0	False		1.0
REAC	REAC:R-HSA-5693554	Resolution of D-loop Structures through Synthesis-Dependent Strand Annealing (SDSA)	False		0	[]	False		0	[]	False	1.0	1	"[""RMI1""]"	0	False		1.0
REAC	REAC:R-HSA-9820952	Respiratory Syncytial Virus Infection Pathway	False		0	[]	False	1.0	2	"[""FURIN"", ""HSP90AB1""]"	False	1.0	3	"[""FURIN"", ""HSP90AB1"", ""MED24""]"	0	False		1.0
REAC	REAC:R-HSA-611105	Respiratory electron transport	False	1.0	1	"[""COX18""]"	False	1.0	2	"[""COX18"", ""CYC1""]"	False	1.0	4	"[""COX18"", ""CYC1"", ""FOXRED1"", ""NDUFAF8""]"	0	False		1.0
REAC	REAC:R-HSA-9820960	Respiratory syncytial virus (RSV) attachment and entry	False		0	[]	False	1.0	1	"[""FURIN""]"	False	1.0	1	"[""FURIN""]"	0	False		1.0
REAC	REAC:R-HSA-9834752	Respiratory syncytial virus genome replication	False		0	[]	False	1.0	1	"[""HSP90AB1""]"	False	1.0	1	"[""HSP90AB1""]"	0	False		1.0
REAC	REAC:R-HSA-9633012	Response of EIF2AK4 (GCN2) to amino acid deficiency	False		0	[]	False		0	[]	False	1.0	1	"[""GCN1""]"	0	False		1.0
REAC	REAC:R-HSA-9637690	Response of Mtb to phagocytosis	False	1.0	1	"[""ENO1""]"	False	1.0	1	"[""ENO1""]"	False	1.0	1	"[""ENO1""]"	0	False		1.0
REAC	REAC:R-HSA-76005	Response to elevated platelet cytosolic Ca2+	False		0	[]	False	1.0	1	"[""VCL""]"	False	1.0	2	"[""VCL"", ""WDR1""]"	0	False		1.0
REAC	REAC:R-HSA-165054	Rev-mediated nuclear export of HIV RNA	False		0	[]	False		0	[]	False	1.0	2	"[""NDC1"", ""NUP42""]"	0	False		1.0
REAC	REAC:R-HSA-9678108	SARS-CoV-1 Infection	False	1.0	1	"[""HNRNPA1""]"	False	1.0	1	"[""HNRNPA1""]"	False	1.0	3	"[""HNRNPA1"", ""NFKBIA"", ""ST3GAL1""]"	0	False		1.0
REAC	REAC:R-HSA-9692916	SARS-CoV-1 activates/modulates innate immune responses	False		0	[]	False		0	[]	False	1.0	1	"[""NFKBIA""]"	0	False		1.0
REAC	REAC:R-HSA-9735869	SARS-CoV-1 modulates host translation machinery	False	1.0	1	"[""HNRNPA1""]"	False	1.0	1	"[""HNRNPA1""]"	False	1.0	1	"[""HNRNPA1""]"	0	False		1.0
REAC	REAC:R-HSA-9692914	SARS-CoV-1-host interactions	False	1.0	1	"[""HNRNPA1""]"	False	1.0	1	"[""HNRNPA1""]"	False	1.0	2	"[""HNRNPA1"", ""NFKBIA""]"	0	False		1.0
REAC	REAC:R-HSA-9694516	SARS-CoV-2 Infection	False		0	[]	False	1.0	2	"[""FURIN"", ""HSP90AB1""]"	False	1.0	5	"[""FURIN"", ""HSP90AB1"", ""NDC1"", ""NUP42"", ""ST3GAL1""]"	0	False		1.0
REAC	REAC:R-HSA-9705671	SARS-CoV-2 activates/modulates innate and adaptive immune responses	False		0	[]	False	1.0	1	"[""HSP90AB1""]"	False	1.0	3	"[""HSP90AB1"", ""NDC1"", ""NUP42""]"	0	False		1.0
REAC	REAC:R-HSA-9705683	SARS-CoV-2-host interactions	False		0	[]	False	1.0	1	"[""HSP90AB1""]"	False	1.0	3	"[""HSP90AB1"", ""NDC1"", ""NUP42""]"	0	False		1.0
REAC	REAC:R-HSA-5619102	SLC transporter disorders	False		0	[]	False		0	[]	False	1.0	2	"[""NDC1"", ""NUP42""]"	0	False		1.0
REAC	REAC:R-HSA-425407	SLC-mediated transmembrane transport	False		0	[]	False	1.0	2	"[""SLC25A26"", ""SLC35B2""]"	False	1.0	2	"[""SLC25A26"", ""SLC35B2""]"	0	False		1.0
REAC	REAC:R-HSA-8985586	SLIT2:ROBO1 increases RHOA activity	False		0	[]	False		0	[]	False	1.0	1	"[""RHOA""]"	0	False		1.0
REAC	REAC:R-HSA-2173796	SMAD2/SMAD3:SMAD4 heterotrimer regulates transcription	False		0	[]	False	1.0	2	"[""FURIN"", ""TGIF1""]"	False	1.0	2	"[""FURIN"", ""TGIF1""]"	0	False		1.0
REAC	REAC:R-HSA-3108232	SUMO E3 ligases SUMOylate target proteins	False		0	[]	False		0	[]	False	1.0	4	"[""NDC1"", ""NFKBIA"", ""NUP42"", ""SP3""]"	0	False		1.0
REAC	REAC:R-HSA-2990846	SUMOylation	False		0	[]	False		0	[]	False	1.0	4	"[""NDC1"", ""NFKBIA"", ""NUP42"", ""SP3""]"	0	False		1.0
REAC	REAC:R-HSA-3108214	SUMOylation of DNA damage response and repair proteins	False		0	[]	False		0	[]	False	1.0	2	"[""NDC1"", ""NUP42""]"	0	False		1.0
REAC	REAC:R-HSA-4615885	SUMOylation of DNA replication proteins	False		0	[]	False		0	[]	False	1.0	2	"[""NDC1"", ""NUP42""]"	0	False		1.0
REAC	REAC:R-HSA-4570464	SUMOylation of RNA binding proteins	False		0	[]	False		0	[]	False	1.0	2	"[""NDC1"", ""NUP42""]"	0	False		1.0
REAC	REAC:R-HSA-4085377	SUMOylation of SUMOylation proteins	False		0	[]	False		0	[]	False	1.0	2	"[""NDC1"", ""NUP42""]"	0	False		1.0
REAC	REAC:R-HSA-4551638	SUMOylation of chromatin organization proteins	False		0	[]	False		0	[]	False	1.0	2	"[""NDC1"", ""NUP42""]"	0	False		1.0
REAC	REAC:R-HSA-4755510	SUMOylation of immune response proteins	False		0	[]	False		0	[]	False	1.0	1	"[""NFKBIA""]"	0	False		1.0
REAC	REAC:R-HSA-3232118	SUMOylation of transcription factors	False		0	[]	False		0	[]	False	1.0	1	"[""SP3""]"	0	False		1.0
REAC	REAC:R-HSA-3232142	SUMOylation of ubiquitinylation proteins	False		0	[]	False		0	[]	False	1.0	2	"[""NDC1"", ""NUP42""]"	0	False		1.0
REAC	REAC:R-HSA-399954	Sema3A PAK dependent Axon repulsion	False		0	[]	False	1.0	1	"[""HSP90AB1""]"	False	1.0	1	"[""HSP90AB1""]"	0	False		1.0
REAC	REAC:R-HSA-400685	Sema4D in semaphorin signaling	False		0	[]	False		0	[]	False	1.0	1	"[""RHOA""]"	0	False		1.0
REAC	REAC:R-HSA-416572	Sema4D induced cell migration and growth-cone collapse	False		0	[]	False		0	[]	False	1.0	1	"[""RHOA""]"	0	False		1.0
REAC	REAC:R-HSA-416550	Sema4D mediated inhibition of cell attachment and migration	False		0	[]	False		0	[]	False	1.0	1	"[""RHOA""]"	0	False		1.0
REAC	REAC:R-HSA-373755	Semaphorin interactions	False		0	[]	False	1.0	1	"[""HSP90AB1""]"	False	1.0	2	"[""HSP90AB1"", ""RHOA""]"	0	False		1.0
REAC	REAC:R-HSA-4085001	Sialic acid metabolism	False		0	[]	False		0	[]	False	1.0	1	"[""ST3GAL1""]"	0	False		1.0
REAC	REAC:R-HSA-162582	Signal Transduction	False	1.0	6	"[""CRKL"", ""HNRNPA1"", ""KRAS"", ""MLST8"", ""SNAP23"", ""ZNF217""]"	False	1.0	15	"[""CRKL"", ""DOCK5"", ""FURIN"", ""HNRNPA1"", ""HSP90AB1"", ""ITGB5"", ""KRAS"", ""LTB4R"", ""MLST8"", ""PTK2"", ""SNAP23"", ""TGIF1"", ""TRA2B"", ""VCL"", ""ZNF217""]"	False	1.0	25	"[""CRK"", ""CRKL"", ""DERL2"", ""DOCK5"", ""FERMT2"", ""FURIN"", ""HNRNPA1"", ""HSP90AB1"", ""ITGAV"", ""ITGB5"", ""KRAS"", ""LTB4R"", ""MLST8"", ""NFKBIA"", ""PTK2"", ""RCOR1"", ""RHOA"", ""SNAP23"", ""TGIF1"", ""TNS3"", ""TRA2B"", ""TRAF2"", ""VCL"", ""WDR83"", ""ZNF217""]"	0	False		1.0
REAC	REAC:R-HSA-391160	Signal regulatory protein family interactions	False		0	[]	False	1.0	1	"[""PTK2""]"	False	1.0	1	"[""PTK2""]"	0	False		1.0
REAC	REAC:R-HSA-445144	Signal transduction by L1	False		0	[]	False		0	[]	False	1.0	1	"[""ITGAV""]"	0	False		1.0
REAC	REAC:R-HSA-9725370	Signaling by ALK fusions and activated point mutants	False		0	[]	False	1.0	1	"[""VCL""]"	False	1.0	1	"[""VCL""]"	0	False		1.0
REAC	REAC:R-HSA-9700206	Signaling by ALK in cancer	False		0	[]	False	1.0	1	"[""VCL""]"	False	1.0	1	"[""VCL""]"	0	False		1.0
REAC	REAC:R-HSA-6802952	Signaling by BRAF and RAF1 fusions	False		0	[]	False	1.0	1	"[""VCL""]"	False	1.0	1	"[""VCL""]"	0	False		1.0
REAC	REAC:R-HSA-9680350	Signaling by CSF1 (M-CSF) in myeloid cells	False	1.0	1	"[""KRAS""]"	False	1.0	1	"[""KRAS""]"	False	1.0	1	"[""KRAS""]"	0	False		1.0
REAC	REAC:R-HSA-9674555	Signaling by CSF3 (G-CSF)	False	1.0	1	"[""KRAS""]"	False	1.0	1	"[""KRAS""]"	False	1.0	1	"[""KRAS""]"	0	False		1.0
REAC	REAC:R-HSA-1227986	Signaling by ERBB2	False		0	[]	False		0	[]	False	1.0	1	"[""RHOA""]"	0	False		1.0
REAC	REAC:R-HSA-9006335	Signaling by Erythropoietin	False	1.0	1	"[""CRKL""]"	False	1.0	1	"[""CRKL""]"	False	1.0	1	"[""CRKL""]"	0	False		1.0
REAC	REAC:R-HSA-190236	Signaling by FGFR	False	1.0	1	"[""HNRNPA1""]"	False	1.0	1	"[""HNRNPA1""]"	False	1.0	1	"[""HNRNPA1""]"	0	False		1.0
REAC	REAC:R-HSA-5654738	Signaling by FGFR2	False	1.0	1	"[""HNRNPA1""]"	False	1.0	1	"[""HNRNPA1""]"	False	1.0	1	"[""HNRNPA1""]"	0	False		1.0
REAC	REAC:R-HSA-372790	Signaling by GPCR	False		0	[]	False	1.0	1	"[""LTB4R""]"	False	1.0	2	"[""LTB4R"", ""RHOA""]"	0	False		1.0
REAC	REAC:R-HSA-5358351	Signaling by Hedgehog	False		0	[]	False		0	[]	False	1.0	1	"[""DERL2""]"	0	False		1.0
REAC	REAC:R-HSA-449147	Signaling by Interleukins	False	1.0	1	"[""CRKL""]"	False	1.0	1	"[""CRKL""]"	False	1.0	4	"[""CRK"", ""CRKL"", ""NFKBIA"", ""TRAF2""]"	0	False		1.0
REAC	REAC:R-HSA-1181150	Signaling by NODAL	False		0	[]	False	1.0	1	"[""FURIN""]"	False	1.0	1	"[""FURIN""]"	0	False		1.0
REAC	REAC:R-HSA-157118	Signaling by NOTCH	False		0	[]	False	1.0	1	"[""FURIN""]"	False	1.0	1	"[""FURIN""]"	0	False		1.0
REAC	REAC:R-HSA-187037	Signaling by NTRK1 (TRKA)	False	1.0	1	"[""CRKL""]"	False	1.0	1	"[""CRKL""]"	False	1.0	3	"[""CRK"", ""CRKL"", ""RHOA""]"	0	False		1.0
REAC	REAC:R-HSA-166520	Signaling by NTRKs	False	1.0	1	"[""CRKL""]"	False	1.0	2	"[""CRKL"", ""FURIN""]"	False	1.0	4	"[""CRK"", ""CRKL"", ""FURIN"", ""RHOA""]"	0	False		1.0
REAC	REAC:R-HSA-9006927	Signaling by Non-Receptor Tyrosine Kinases	False		0	[]	False		0	[]	False	1.0	2	"[""CRK"", ""RHOA""]"	0	False		1.0
REAC	REAC:R-HSA-9006931	Signaling by Nuclear Receptors	False	1.0	1	"[""ZNF217""]"	False	1.0	3	"[""HSP90AB1"", ""PTK2"", ""ZNF217""]"	False	1.0	3	"[""HSP90AB1"", ""PTK2"", ""ZNF217""]"	0	False		1.0
REAC	REAC:R-HSA-186797	Signaling by PDGF	False	1.0	1	"[""CRKL""]"	False	1.0	2	"[""CRKL"", ""FURIN""]"	False	1.0	3	"[""CRK"", ""CRKL"", ""FURIN""]"	0	False		1.0
REAC	REAC:R-HSA-9671555	Signaling by PDGFR in disease	False	1.0	1	"[""WDR48""]"	False	1.0	1	"[""WDR48""]"	False	1.0	1	"[""WDR48""]"	0	False		1.0
REAC	REAC:R-HSA-8848021	Signaling by PTK6	False		0	[]	False		0	[]	False	1.0	2	"[""CRK"", ""RHOA""]"	0	False		1.0
REAC	REAC:R-HSA-9656223	Signaling by RAF1 mutants	False		0	[]	False	1.0	1	"[""VCL""]"	False	1.0	1	"[""VCL""]"	0	False		1.0
REAC	REAC:R-HSA-9753510	Signaling by RAS GAP mutants	False	1.0	1	"[""KRAS""]"	False	1.0	1	"[""KRAS""]"	False	1.0	1	"[""KRAS""]"	0	False		1.0
REAC	REAC:R-HSA-9753512	Signaling by RAS GTPase mutants	False	1.0	1	"[""KRAS""]"	False	1.0	1	"[""KRAS""]"	False	1.0	1	"[""KRAS""]"	0	False		1.0
REAC	REAC:R-HSA-6802949	Signaling by RAS mutants	False	1.0	1	"[""KRAS""]"	False	1.0	2	"[""KRAS"", ""VCL""]"	False	1.0	2	"[""KRAS"", ""VCL""]"	0	False		1.0
REAC	REAC:R-HSA-376176	Signaling by ROBO receptors	False		0	[]	False		0	[]	False	1.0	1	"[""RHOA""]"	0	False		1.0
REAC	REAC:R-HSA-9006934	Signaling by Receptor Tyrosine Kinases	False	1.0	3	"[""CRKL"", ""HNRNPA1"", ""MLST8""]"	False	1.0	5	"[""CRKL"", ""FURIN"", ""HNRNPA1"", ""MLST8"", ""PTK2""]"	False	1.0	9	"[""CRK"", ""CRKL"", ""FURIN"", ""HNRNPA1"", ""ITGAV"", ""MLST8"", ""PTK2"", ""RHOA"", ""TNS3""]"	0	False		1.0
REAC	REAC:R-HSA-194315	Signaling by Rho GTPases	False	1.0	1	"[""SNAP23""]"	False	1.0	5	"[""DOCK5"", ""HSP90AB1"", ""PTK2"", ""SNAP23"", ""TRA2B""]"	False	1.0	7	"[""DOCK5"", ""FERMT2"", ""HSP90AB1"", ""PTK2"", ""RHOA"", ""SNAP23"", ""TRA2B""]"	0	False		1.0
REAC	REAC:R-HSA-9716542	Signaling by Rho GTPases, Miro GTPases and RHOBTB3	False	1.0	1	"[""SNAP23""]"	False	1.0	5	"[""DOCK5"", ""HSP90AB1"", ""PTK2"", ""SNAP23"", ""TRA2B""]"	False	1.0	7	"[""DOCK5"", ""FERMT2"", ""HSP90AB1"", ""PTK2"", ""RHOA"", ""SNAP23"", ""TRA2B""]"	0	False		1.0
REAC	REAC:R-HSA-195721	Signaling by WNT	False		0	[]	False		0	[]	False	1.0	1	"[""RHOA""]"	0	False		1.0
REAC	REAC:R-HSA-9673766	Signaling by cytosolic PDGFRA and PDGFRB fusion proteins	False	1.0	1	"[""WDR48""]"	False	1.0	1	"[""WDR48""]"	False	1.0	1	"[""WDR48""]"	0	False		1.0
REAC	REAC:R-HSA-6802948	Signaling by high-kinase activity BRAF mutants	False		0	[]	False	1.0	1	"[""VCL""]"	False	1.0	1	"[""VCL""]"	0	False		1.0
REAC	REAC:R-HSA-6802946	Signaling by moderate kinase activity BRAF mutants	False	1.0	1	"[""KRAS""]"	False	1.0	2	"[""KRAS"", ""VCL""]"	False	1.0	2	"[""KRAS"", ""VCL""]"	0	False		1.0
REAC	REAC:R-HSA-983705	Signaling by the B Cell Receptor (BCR)	False		0	[]	False		0	[]	False	1.0	1	"[""NFKBIA""]"	0	False		1.0
REAC	REAC:R-HSA-9649948	Signaling downstream of RAS mutants	False	1.0	1	"[""KRAS""]"	False	1.0	2	"[""KRAS"", ""VCL""]"	False	1.0	2	"[""KRAS"", ""VCL""]"	0	False		1.0
REAC	REAC:R-HSA-187687	Signalling to ERKs	False	1.0	1	"[""CRKL""]"	False	1.0	1	"[""CRKL""]"	False	1.0	2	"[""CRK"", ""CRKL""]"	0	False		1.0
REAC	REAC:R-HSA-426486	Small interfering RNA (siRNA) biogenesis	False		0	[]	False		0	[]	False	1.0	1	"[""PRKRA""]"	0	False		1.0
REAC	REAC:R-HSA-445355	Smooth Muscle Contraction	False		0	[]	False	1.0	2	"[""ITGB5"", ""VCL""]"	False	1.0	2	"[""ITGB5"", ""VCL""]"	0	False		1.0
REAC	REAC:R-HSA-3000170	Syndecan interactions	False		0	[]	False	1.0	1	"[""ITGB5""]"	False	1.0	2	"[""ITGAV"", ""ITGB5""]"	0	False		1.0
REAC	REAC:R-HSA-171286	Synthesis and processing of ENV and VPU	False		0	[]	False	1.0	1	"[""FURIN""]"	False	1.0	1	"[""FURIN""]"	0	False		1.0
REAC	REAC:R-HSA-5358493	Synthesis of diphthamide-EEF2	False		0	[]	False		0	[]	False	1.0	1	"[""DPH5""]"	0	False		1.0
REAC	REAC:R-HSA-446199	Synthesis of dolichyl-phosphate	False		0	[]	False	1.0	1	"[""DOLK""]"	False	1.0	1	"[""DOLK""]"	0	False		1.0
REAC	REAC:R-HSA-162710	Synthesis of glycosylphosphatidylinositol (GPI)	False		0	[]	False		0	[]	False	1.0	1	"[""PIGL""]"	0	False		1.0
REAC	REAC:R-HSA-446219	Synthesis of substrates in N-glycan biosythesis	False		0	[]	False	1.0	1	"[""DOLK""]"	False	1.0	2	"[""DOLK"", ""ST3GAL1""]"	0	False		1.0
REAC	REAC:R-HSA-445989	TAK1-dependent IKK and NF-kappa-B activation  	False		0	[]	False		0	[]	False	1.0	2	"[""NFKBIA"", ""TRAF2""]"	0	False		1.0
REAC	REAC:R-HSA-202403	TCR signaling	False		0	[]	False		0	[]	False	1.0	1	"[""NFKBIA""]"	0	False		1.0
REAC	REAC:R-HSA-2173791	TGF-beta receptor signaling in EMT (epithelial to mesenchymal transition)	False		0	[]	False		0	[]	False	1.0	1	"[""RHOA""]"	0	False		1.0
REAC	REAC:R-HSA-5676594	TNF receptor superfamily (TNFSF) members mediating non-canonical NF-kB pathway	False		0	[]	False		0	[]	False	1.0	1	"[""TRAF2""]"	0	False		1.0
REAC	REAC:R-HSA-75893	TNF signaling	False		0	[]	False		0	[]	False	1.0	1	"[""TRAF2""]"	0	False		1.0
REAC	REAC:R-HSA-5357956	TNFR1-induced NF-kappa-B signaling pathway	False		0	[]	False		0	[]	False	1.0	1	"[""TRAF2""]"	0	False		1.0
REAC	REAC:R-HSA-5357786	TNFR1-induced proapoptotic signaling	False		0	[]	False		0	[]	False	1.0	1	"[""TRAF2""]"	0	False		1.0
REAC	REAC:R-HSA-5668541	TNFR2 non-canonical NF-kB pathway	False		0	[]	False		0	[]	False	1.0	1	"[""TRAF2""]"	0	False		1.0
REAC	REAC:R-HSA-5628897	TP53 Regulates Metabolic Genes	False	1.0	1	"[""MLST8""]"	False	1.0	2	"[""G6PD"", ""MLST8""]"	False	1.0	3	"[""G6PD"", ""GPI"", ""MLST8""]"	0	False		1.0
REAC	REAC:R-HSA-6791312	TP53 Regulates Transcription of Cell Cycle Genes	False		0	[]	False		0	[]	False	1.0	1	"[""CNOT1""]"	0	False		1.0
REAC	REAC:R-HSA-6804115	TP53 regulates transcription of additional cell cycle genes whose exact role in the p53 pathway remain uncertain	False		0	[]	False		0	[]	False	1.0	1	"[""CNOT1""]"	0	False		1.0
REAC	REAC:R-HSA-933541	TRAF6 mediated IRF7 activation	False		0	[]	False		0	[]	False	1.0	1	"[""TRAF2""]"	0	False		1.0
REAC	REAC:R-HSA-933542	TRAF6 mediated NF-kB activation	False		0	[]	False		0	[]	False	1.0	2	"[""NFKBIA"", ""TRAF2""]"	0	False		1.0
REAC	REAC:R-HSA-975138	TRAF6 mediated induction of NFkB and MAP kinases upon TLR7/8 or 9 activation	False		0	[]	False		0	[]	False	1.0	2	"[""NFKBIA"", ""TRAF2""]"	0	False		1.0
REAC	REAC:R-HSA-937061	TRIF (TICAM1)-mediated TLR4 signaling 	False		0	[]	False		0	[]	False	1.0	2	"[""NFKBIA"", ""TRAF2""]"	0	False		1.0
REAC	REAC:R-HSA-977068	Termination of O-glycan biosynthesis	False		0	[]	False		0	[]	False	1.0	1	"[""ST3GAL1""]"	0	False		1.0
REAC	REAC:R-HSA-844456	The NLRP3 inflammasome	False		0	[]	False	1.0	1	"[""HSP90AB1""]"	False	1.0	1	"[""HSP90AB1""]"	0	False		1.0
REAC	REAC:R-HSA-8852276	The role of GTSE1 in G2/M progression after G2 checkpoint	False		0	[]	False	1.0	1	"[""HSP90AB1""]"	False	1.0	1	"[""HSP90AB1""]"	0	False		1.0
REAC	REAC:R-HSA-168142	Toll Like Receptor 10 (TLR10) Cascade	False		0	[]	False		0	[]	False	1.0	2	"[""NFKBIA"", ""TRAF2""]"	0	False		1.0
REAC	REAC:R-HSA-181438	Toll Like Receptor 2 (TLR2) Cascade	False		0	[]	False		0	[]	False	1.0	2	"[""NFKBIA"", ""TRAF2""]"	0	False		1.0
REAC	REAC:R-HSA-168164	Toll Like Receptor 3 (TLR3) Cascade	False		0	[]	False		0	[]	False	1.0	2	"[""NFKBIA"", ""TRAF2""]"	0	False		1.0
REAC	REAC:R-HSA-166016	Toll Like Receptor 4 (TLR4) Cascade	False		0	[]	False		0	[]	False	1.0	2	"[""NFKBIA"", ""TRAF2""]"	0	False		1.0
REAC	REAC:R-HSA-168176	Toll Like Receptor 5 (TLR5) Cascade	False		0	[]	False		0	[]	False	1.0	2	"[""NFKBIA"", ""TRAF2""]"	0	False		1.0
REAC	REAC:R-HSA-168181	Toll Like Receptor 7/8 (TLR7/8) Cascade	False		0	[]	False		0	[]	False	1.0	2	"[""NFKBIA"", ""TRAF2""]"	0	False		1.0
REAC	REAC:R-HSA-168138	Toll Like Receptor 9 (TLR9) Cascade	False		0	[]	False		0	[]	False	1.0	2	"[""NFKBIA"", ""TRAF2""]"	0	False		1.0
REAC	REAC:R-HSA-168179	Toll Like Receptor TLR1:TLR2 Cascade	False		0	[]	False		0	[]	False	1.0	2	"[""NFKBIA"", ""TRAF2""]"	0	False		1.0
REAC	REAC:R-HSA-168188	Toll Like Receptor TLR6:TLR2 Cascade	False		0	[]	False		0	[]	False	1.0	2	"[""NFKBIA"", ""TRAF2""]"	0	False		1.0
REAC	REAC:R-HSA-168898	Toll-like Receptor Cascades	False		0	[]	False		0	[]	False	1.0	2	"[""NFKBIA"", ""TRAF2""]"	0	False		1.0
REAC	REAC:R-HSA-5250968	Toxicity of botulinum toxin type A (botA)	False		0	[]	False		0	[]	False	1.0	1	"[""SV2A""]"	0	False		1.0
REAC	REAC:R-HSA-5250955	Toxicity of botulinum toxin type D (botD)	False		0	[]	False		0	[]	False	1.0	1	"[""SV2A""]"	0	False		1.0
REAC	REAC:R-HSA-5250992	Toxicity of botulinum toxin type E (botE)	False		0	[]	False		0	[]	False	1.0	1	"[""SV2A""]"	0	False		1.0
REAC	REAC:R-HSA-5250981	Toxicity of botulinum toxin type F (botF)	False		0	[]	False		0	[]	False	1.0	1	"[""SV2A""]"	0	False		1.0
REAC	REAC:R-HSA-3700989	Transcriptional Regulation by TP53	False	1.0	1	"[""MLST8""]"	False	1.0	2	"[""G6PD"", ""MLST8""]"	False	1.0	5	"[""CNOT1"", ""G6PD"", ""GPI"", ""MLST8"", ""RMI1""]"	0	False		1.0
REAC	REAC:R-HSA-2173793	Transcriptional activity of SMAD2/SMAD3:SMAD4 heterotrimer	False		0	[]	False	1.0	2	"[""FURIN"", ""TGIF1""]"	False	1.0	2	"[""FURIN"", ""TGIF1""]"	0	False		1.0
REAC	REAC:R-HSA-8878159	Transcriptional regulation by RUNX3	False	1.0	2	"[""BRD2"", ""KRAS""]"	False	1.0	2	"[""BRD2"", ""KRAS""]"	False	1.0	2	"[""BRD2"", ""KRAS""]"	0	False		1.0
REAC	REAC:R-HSA-5578749	Transcriptional regulation by small RNAs	False		0	[]	False		0	[]	False	1.0	2	"[""NDC1"", ""NUP42""]"	0	False		1.0
REAC	REAC:R-HSA-381340	Transcriptional regulation of white adipocyte differentiation	False		0	[]	False		0	[]	False	1.0	1	"[""MED24""]"	0	False		1.0
REAC	REAC:R-HSA-9683701	Translation of Structural Proteins	False		0	[]	False		0	[]	False	1.0	1	"[""ST3GAL1""]"	0	False		1.0
REAC	REAC:R-HSA-9694635	Translation of Structural Proteins	False		0	[]	False		0	[]	False	1.0	1	"[""ST3GAL1""]"	0	False		1.0
REAC	REAC:R-HSA-1445148	Translocation of SLC2A4 (GLUT4) to the plasma membrane	False	1.0	1	"[""SNAP23""]"	False	1.0	1	"[""SNAP23""]"	False	1.0	1	"[""SNAP23""]"	0	False		1.0
REAC	REAC:R-HSA-174362	Transport and metabolism of PAPS	False		0	[]	False	1.0	1	"[""SLC35B2""]"	False	1.0	1	"[""SLC35B2""]"	0	False		1.0
REAC	REAC:R-HSA-72202	Transport of Mature Transcript to Cytoplasm	False		0	[]	False		0	[]	False	1.0	2	"[""NDC1"", ""NUP42""]"	0	False		1.0
REAC	REAC:R-HSA-159231	Transport of Mature mRNA Derived from an Intronless Transcript	False		0	[]	False		0	[]	False	1.0	2	"[""NDC1"", ""NUP42""]"	0	False		1.0
REAC	REAC:R-HSA-159236	Transport of Mature mRNA derived from an Intron-Containing Transcript	False		0	[]	False		0	[]	False	1.0	2	"[""NDC1"", ""NUP42""]"	0	False		1.0
REAC	REAC:R-HSA-159234	Transport of Mature mRNAs Derived from Intronless Transcripts	False		0	[]	False		0	[]	False	1.0	2	"[""NDC1"", ""NUP42""]"	0	False		1.0
REAC	REAC:R-HSA-168271	Transport of Ribonucleoproteins into the Host Nucleus	False		0	[]	False		0	[]	False	1.0	2	"[""NDC1"", ""NUP42""]"	0	False		1.0
REAC	REAC:R-HSA-727802	Transport of nucleotide sugars	False		0	[]	False	1.0	1	"[""SLC35B2""]"	False	1.0	1	"[""SLC35B2""]"	0	False		1.0
REAC	REAC:R-HSA-382551	Transport of small molecules	False		0	[]	False	1.0	3	"[""FURIN"", ""SLC25A26"", ""SLC35B2""]"	False	1.0	4	"[""DERL2"", ""FURIN"", ""SLC25A26"", ""SLC35B2""]"	0	False		1.0
REAC	REAC:R-HSA-159230	Transport of the SLBP Dependant Mature mRNA	False		0	[]	False		0	[]	False	1.0	2	"[""NDC1"", ""NUP42""]"	0	False		1.0
REAC	REAC:R-HSA-159227	Transport of the SLBP independent Mature mRNA	False		0	[]	False		0	[]	False	1.0	2	"[""NDC1"", ""NUP42""]"	0	False		1.0
REAC	REAC:R-HSA-425397	Transport of vitamins, nucleosides, and related molecules	False		0	[]	False	1.0	1	"[""SLC35B2""]"	False	1.0	1	"[""SLC35B2""]"	0	False		1.0
REAC	REAC:R-HSA-5689880	Ub-specific processing proteases	False	1.0	1	"[""WDR48""]"	False	1.0	1	"[""WDR48""]"	False	1.0	3	"[""NFKBIA"", ""TRAF2"", ""WDR48""]"	0	False		1.0
REAC	REAC:R-HSA-5210891	Uptake and function of anthrax toxins	False		0	[]	False	1.0	1	"[""FURIN""]"	False	1.0	1	"[""FURIN""]"	0	False		1.0
REAC	REAC:R-HSA-5336415	Uptake and function of diphtheria toxin	False		0	[]	False	1.0	1	"[""HSP90AB1""]"	False	1.0	1	"[""HSP90AB1""]"	0	False		1.0
REAC	REAC:R-HSA-5218920	VEGFR2 mediated vascular permeability	False	1.0	1	"[""MLST8""]"	False	1.0	1	"[""MLST8""]"	False	1.0	1	"[""MLST8""]"	0	False		1.0
REAC	REAC:R-HSA-5653656	Vesicle-mediated transport	False	1.0	1	"[""SNAP23""]"	False	1.0	2	"[""KIF4A"", ""SNAP23""]"	False	1.0	2	"[""KIF4A"", ""SNAP23""]"	0	False		1.0
REAC	REAC:R-HSA-9824446	Viral Infection Pathways	False	1.0	1	"[""HNRNPA1""]"	False	1.0	3	"[""FURIN"", ""HNRNPA1"", ""HSP90AB1""]"	False	1.0	9	"[""FURIN"", ""HNRNPA1"", ""HSP90AB1"", ""MED24"", ""NDC1"", ""NFKBIA"", ""NUP42"", ""RCOR1"", ""ST3GAL1""]"	0	False		1.0
REAC	REAC:R-HSA-168325	Viral Messenger RNA Synthesis	False		0	[]	False		0	[]	False	1.0	2	"[""NDC1"", ""NUP42""]"	0	False		1.0
REAC	REAC:R-HSA-180910	Vpr-mediated nuclear import of PICs	False		0	[]	False		0	[]	False	1.0	2	"[""NDC1"", ""NUP42""]"	0	False		1.0
REAC	REAC:R-HSA-1606322	ZBP1(DAI) mediated induction of type I IFNs	False		0	[]	False		0	[]	False	1.0	1	"[""NFKBIA""]"	0	False		1.0
REAC	REAC:R-HSA-9819196	Zygotic genome activation (ZGA)	False		0	[]	False		0	[]	False	1.0	1	"[""DPPA2""]"	0	False		1.0
REAC	REAC:R-HSA-166208	mTORC1-mediated signalling	False	1.0	1	"[""MLST8""]"	False	1.0	1	"[""MLST8""]"	False	1.0	1	"[""MLST8""]"	0	False		1.0
REAC	REAC:R-HSA-372708	p130Cas linkage to MAPK signaling for integrins	False		0	[]	False	1.0	1	"[""PTK2""]"	False	1.0	2	"[""CRK"", ""PTK2""]"	0	False		1.0
REAC	REAC:R-HSA-193704	p75 NTR receptor-mediated signalling	False		0	[]	False		0	[]	False	1.0	2	"[""NFKBIA"", ""RHOA""]"	0	False		1.0
REAC	REAC:R-HSA-193697	p75NTR regulates axonogenesis	False		0	[]	False		0	[]	False	1.0	1	"[""RHOA""]"	0	False		1.0
REAC	REAC:R-HSA-193639	p75NTR signals via NF-kB	False		0	[]	False		0	[]	False	1.0	1	"[""NFKBIA""]"	0	False		1.0
REAC	REAC:R-HSA-191859	snRNP Assembly	False		0	[]	False		0	[]	False	1.0	2	"[""NDC1"", ""NUP42""]"	0	False		1.0
REAC	REAC:R-HSA-379724	tRNA Aminoacylation	False		0	[]	False	1.0	1	"[""TARS2""]"	False	1.0	1	"[""TARS2""]"	0	False		1.0
REAC	REAC:R-HSA-72306	tRNA processing	False		0	[]	False		0	[]	False	1.0	2	"[""NDC1"", ""NUP42""]"	0	False		1.0
REAC	REAC:R-HSA-6784531	tRNA processing in the nucleus	False		0	[]	False		0	[]	False	1.0	2	"[""NDC1"", ""NUP42""]"	0	False		1.0
REAC	REAC:R-HSA-199992	trans-Golgi Network Vesicle Budding	False	1.0	1	"[""SNAP23""]"	False	1.0	1	"[""SNAP23""]"	False	1.0	1	"[""SNAP23""]"	0	False		1.0
