comparison	rank	gene_symbol	entrez_gene_id	depmap_release	cancer_id	comparison_type	context_definition	comparator_definition	context_models_n	comparator_models_n	context_gene_effect_n	comparator_gene_effect_n	context_dependency_probability_n	comparator_dependency_probability_n	context_median_gene_effect	context_mean_gene_effect	context_gene_effect_iqr	comparator_median_gene_effect	delta_gene_effect	cliffs_delta	context_dependent_models_n	context_dependency_fraction	comparator_dependent_models_n	comparator_dependency_fraction	broad_dependency_n	broad_dependency_fraction	broad_dependency_warning	statistical_test	p_value	q_value	fdr_0_05	low_sample_size	statistical_test_performed
LUAD_G12C_vs_WT	1	KRAS	3845	26Q1	CANCER-001	kras-wt	same-disease models with KRAS p.G12C	same-disease models with WES/WGS coverage and no detected KRAS variant	9	52	9	28	9	28	-1.7228161254617356	-1.6667368478858706	0.7425430535760569	-0.4802422233976728	-1.2425739020640627	-0.8968253968253969	9	1.0	15	0.5357142857142857	1208	0.5761589403973509	False	Mann–Whitney U, two-sided	6.820651659801079e-05	0.8089611661241279	False	False	True
LUAD_G12C_vs_WT	2	UBIAD1	29914	26Q1	CANCER-001	kras-wt	same-disease models with KRAS p.G12C	same-disease models with WES/WGS coverage and no detected KRAS variant	9	52	9	28	9	28	-1.134907553104028	-1.098253532009336	0.3372201523373574	-0.5161091354688782	-0.6187984176351499	-0.4682539682539682	9	1.0	15	0.5357142857142857	1208	0.3940397350993377	False	Mann–Whitney U, two-sided	0.0383702404838292	0.8220033239134322	False	False	True
LUAD_G12C_vs_WT	3	PSMG1	8624	26Q1	CANCER-001	kras-wt	same-disease models with KRAS p.G12C	same-disease models with WES/WGS coverage and no detected KRAS variant	9	52	9	28	9	28	-1.1104194731988504	-0.9072824816455566	0.7401585970743148	-0.5030088580572644	-0.607410615141586	-0.4047619047619047	6	0.6666666666666666	17	0.6071428571428571	1208	0.5678807947019867	False	Mann–Whitney U, two-sided	0.0738275499111419	0.8524495134262609	False	False	True
LUAD_G12C_vs_WT	4	DNM1L	10059	26Q1	CANCER-001	kras-wt	same-disease models with KRAS p.G12C	same-disease models with WES/WGS coverage and no detected KRAS variant	9	52	9	28	9	28	-0.9779565828715522	-1.0037514799843454	0.9573173703678468	-0.4863794744360254	-0.4915771084355267	-0.4841269841269841	7	0.7777777777777778	15	0.5357142857142857	1208	0.6299668874172185	False	Mann–Whitney U, two-sided	0.0322195001347181	0.820636160391521	False	False	True
LUAD_G12C_vs_WT	5	BRD2	6046	26Q1	CANCER-001	kras-wt	same-disease models with KRAS p.G12C	same-disease models with WES/WGS coverage and no detected KRAS variant	9	52	9	28	9	28	-0.7527758138256821	-0.6336799538761001	0.5267410254009814	-0.2733139131418273	-0.4794619006838548	-0.4841269841269841	6	0.6666666666666666	7	0.25	1208	0.429635761589404	False	Mann–Whitney U, two-sided	0.0322195001347181	0.820636160391521	False	False	True
LUAD_G12C_vs_WT	6	MIPEP	4285	26Q1	CANCER-001	kras-wt	same-disease models with KRAS p.G12C	same-disease models with WES/WGS coverage and no detected KRAS variant	9	52	9	28	9	28	-0.7360850971400075	-0.6027775775267189	0.3157246792139907	-0.3645862303551911	-0.3714988667848163	-0.373015873015873	7	0.7777777777777778	10	0.3571428571428571	1208	0.3857615894039735	False	Mann–Whitney U, two-sided	0.0997468455539009	0.8538621650381372	False	False	True
LUAD_G12C_vs_WT	7	FDXR	2232	26Q1	CANCER-001	kras-wt	same-disease models with KRAS p.G12C	same-disease models with WES/WGS coverage and no detected KRAS variant	9	52	9	28	9	28	-0.9007303573827492	-0.796218064001289	0.4595504142394009	-0.5335458485822151	-0.3671845088005341	-0.3809523809523809	7	0.7777777777777778	15	0.5357142857142857	1208	0.6771523178807947	False	Mann–Whitney U, two-sided	0.0926693739313002	0.8538621650381372	False	False	True
LUAD_G12C_vs_WT	8	MRPS12	6183	26Q1	CANCER-001	kras-wt	same-disease models with KRAS p.G12C	same-disease models with WES/WGS coverage and no detected KRAS variant	9	52	9	28	9	28	-0.8735745430630354	-0.7903755442720392	0.5569548935258568	-0.5137749654075591	-0.3597995776554763	-0.2539682539682539	7	0.7777777777777778	17	0.6071428571428571	1208	0.6970198675496688	False	Mann–Whitney U, two-sided	0.2648127507746577	0.9029012044381798	False	False	True
LUAD_G12C_vs_WT	9	SNAP23	8773	26Q1	CANCER-001	kras-wt	same-disease models with KRAS p.G12C	same-disease models with WES/WGS coverage and no detected KRAS variant	9	52	9	28	9	28	-1.1429220142733827	-1.101041117756283	1.0747476548454555	-0.7895092205937191	-0.3534127936796636	-0.1349206349206349	5	0.5555555555555556	20	0.7142857142857143	1208	0.6779801324503312	False	Mann–Whitney U, two-sided	0.5591572943909588	0.9517085378001218	False	False	True
LUAD_G12C_vs_WT	10	WWTR1	25937	26Q1	CANCER-001	kras-wt	same-disease models with KRAS p.G12C	same-disease models with WES/WGS coverage and no detected KRAS variant	9	52	9	28	9	28	-0.6699548764887373	-0.6480638243666157	0.3888604886433808	-0.3170044463191328	-0.3529504301696045	-0.5	6	0.6666666666666666	9	0.3214285714285714	1208	0.3832781456953642	False	Mann–Whitney U, two-sided	0.0269337915440357	0.8089611661241279	False	False	True
LUAD_G12C_vs_WT	11	CFLAR	8837	26Q1	CANCER-001	kras-wt	same-disease models with KRAS p.G12C	same-disease models with WES/WGS coverage and no detected KRAS variant	9	52	9	28	9	28	-1.1090067227429854	-1.0567455036322486	0.1757891976280063	-0.7564076448796375	-0.3525990778633479	-0.4365079365079365	8	0.8888888888888888	20	0.7142857142857143	1208	0.5604304635761589	False	Mann–Whitney U, two-sided	0.0536962245669724	0.8381376814736942	False	False	True
LUAD_G12C_vs_WT	12	UBA5	79876	26Q1	CANCER-001	kras-wt	same-disease models with KRAS p.G12C	same-disease models with WES/WGS coverage and no detected KRAS variant	9	52	9	28	9	28	-0.867479839993909	-0.8701823466743285	0.6176407832104308	-0.5165923577636108	-0.3508874822302982	-0.4841269841269841	8	0.8888888888888888	16	0.5714285714285714	1208	0.6423841059602649	False	Mann–Whitney U, two-sided	0.0322195001347181	0.820636160391521	False	False	True
LUAD_G12C_vs_WT	13	EAF1	85403	26Q1	CANCER-001	kras-wt	same-disease models with KRAS p.G12C	same-disease models with WES/WGS coverage and no detected KRAS variant	9	52	9	28	9	28	-0.6612955311007913	-0.5979149944013044	0.1843920529050996	-0.3132993164471417	-0.3479962146536496	-0.2936507936507936	7	0.7777777777777778	9	0.3214285714285714	1208	0.3559602649006622	False	Mann–Whitney U, two-sided	0.1963273657820963	0.8744028802381443	False	False	True
LUAD_G12C_vs_WT	14	CRKL	1399	26Q1	CANCER-001	kras-wt	same-disease models with KRAS p.G12C	same-disease models with WES/WGS coverage and no detected KRAS variant	9	52	9	28	9	28	-1.125664353158004	-1.2083989730664964	1.0291144046796497	-0.8144444105439372	-0.3112199426140667	-0.238095238095238	8	0.8888888888888888	26	0.9285714285714286	1208	0.7458609271523179	False	Mann–Whitney U, two-sided	0.296351848617099	0.9040294313632534	False	False	True
LUAD_G12C_vs_WT	15	TRAF2	7186	26Q1	CANCER-001	kras-wt	same-disease models with KRAS p.G12C	same-disease models with WES/WGS coverage and no detected KRAS variant	9	52	9	28	9	28	-0.5232976714686067	-0.3940643488331716	0.4589661010049729	-0.2176409395909803	-0.3056567318776264	-0.246031746031746	6	0.6666666666666666	6	0.2142857142857142	1208	0.2723509933774834	False	Mann–Whitney U, two-sided	0.280281007405833	0.9029318619823916	False	False	True
LUAD_G12C_vs_WT	16	MRPS6	64968	26Q1	CANCER-001	kras-wt	same-disease models with KRAS p.G12C	same-disease models with WES/WGS coverage and no detected KRAS variant	9	52	9	28	9	28	-0.6840278270834611	-0.6540871300081571	0.6299328682314909	-0.3795465865267027	-0.3044812405567583	-0.2142857142857142	6	0.6666666666666666	14	0.5	1208	0.6117549668874173	False	Mann–Whitney U, two-sided	0.3481982472070193	0.9156097331968124	False	False	True
LUAD_G12C_vs_WT	17	SYNCRIP	10492	26Q1	CANCER-001	kras-wt	same-disease models with KRAS p.G12C	same-disease models with WES/WGS coverage and no detected KRAS variant	9	52	9	28	9	28	-0.6399735048083726	-0.609030523204651	0.545648337634995	-0.3465022847515323	-0.2934712200568402	-0.4841269841269841	6	0.6666666666666666	7	0.25	1208	0.3038079470198676	False	Mann–Whitney U, two-sided	0.0322195001347181	0.820636160391521	False	False	True
LUAD_G12C_vs_WT	18	PIGL	9487	26Q1	CANCER-001	kras-wt	same-disease models with KRAS p.G12C	same-disease models with WES/WGS coverage and no detected KRAS variant	9	52	9	28	9	28	-0.5143426781676445	-0.4366307081168825	0.361875235061206	-0.221650563964753	-0.2926921142028914	-0.4365079365079365	5	0.5555555555555556	5	0.1785714285714285	1208	0.1125827814569536	False	Mann–Whitney U, two-sided	0.0536962245669724	0.8381376814736942	False	False	True
LUAD_G12C_vs_WT	19	COX18	285521	26Q1	CANCER-001	kras-wt	same-disease models with KRAS p.G12C	same-disease models with WES/WGS coverage and no detected KRAS variant	9	52	9	28	9	28	-0.5633662047834335	-0.4038629979817874	0.5428228779651922	-0.271937686779175	-0.2914285180042584	-0.1904761904761904	5	0.5555555555555556	4	0.1428571428571428	1208	0.2458609271523179	False	Mann–Whitney U, two-sided	0.4054704823176691	0.934390337802098	False	False	True
LUAD_G12C_vs_WT	20	WDR48	57599	26Q1	CANCER-001	kras-wt	same-disease models with KRAS p.G12C	same-disease models with WES/WGS coverage and no detected KRAS variant	9	52	9	28	9	28	-0.6919169841274772	-0.6788500833515436	0.6142430333967839	-0.4016794210760537	-0.2902375630514234	-0.2063492063492063	5	0.5555555555555556	12	0.4285714285714285	1208	0.4271523178807947	False	Mann–Whitney U, two-sided	0.3666903311705768	0.9239916144209686	False	False	True
LUAD_G12C_vs_WT	21	FURIN	5045	26Q1	CANCER-001	kras-wt	same-disease models with KRAS p.G12C	same-disease models with WES/WGS coverage and no detected KRAS variant	9	52	9	28	9	28	-0.3792376470934268	-0.3508931878336331	0.1666204513085146	-0.0953329640616891	-0.2839046830317376	-0.4841269841269841	1	0.1111111111111111	4	0.1428571428571428	1208	0.173841059602649	False	Mann–Whitney U, two-sided	0.0322195001347181	0.820636160391521	False	False	True
LUAD_G12C_vs_WT	22	FIS1	51024	26Q1	CANCER-001	kras-wt	same-disease models with KRAS p.G12C	same-disease models with WES/WGS coverage and no detected KRAS variant	9	52	9	28	9	28	-0.5294596916716476	-0.4607468647408868	0.4007303924361277	-0.2477491855738559	-0.2817105060977917	-0.2936507936507936	5	0.5555555555555556	7	0.25	1208	0.2615894039735099	False	Mann–Whitney U, two-sided	0.1963273657820963	0.8744028802381443	False	False	True
LUAD_G12C_vs_WT	23	G6PD	2539	26Q1	CANCER-001	kras-wt	same-disease models with KRAS p.G12C	same-disease models with WES/WGS coverage and no detected KRAS variant	9	52	9	28	9	28	-0.2760329469761737	-0.272190836193346	0.4211860157680538	-0.0009279296909345	-0.2751050172852391	-0.5079365079365079	3	0.3333333333333333	2	0.0714285714285714	1208	0.1382450331125828	False	Mann–Whitney U, two-sided	0.0245841213378141	0.8089611661241279	False	False	True
LUAD_G12C_vs_WT	24	SERBP1	26135	26Q1	CANCER-001	kras-wt	same-disease models with KRAS p.G12C	same-disease models with WES/WGS coverage and no detected KRAS variant	9	52	9	28	9	28	-0.8360956402542736	-0.85850513392408	0.4126957809480184	-0.5619346291204556	-0.2741610111338181	-0.4126984126984127	7	0.7777777777777778	19	0.6785714285714286	1208	0.7201986754966887	False	Mann–Whitney U, two-sided	0.0682912392148964	0.8509591454915276	False	False	True
LUAD_G12C_vs_WT	25	TMEM230	29058	26Q1	CANCER-001	kras-wt	same-disease models with KRAS p.G12C	same-disease models with WES/WGS coverage and no detected KRAS variant	9	52	9	28	9	28	-0.4932527050127795	-0.5292972633607774	0.4460484234215718	-0.219681338685256	-0.2735713663275235	-0.6190476190476191	5	0.5555555555555556	5	0.1785714285714285	1208	0.1986754966887417	False	Mann–Whitney U, two-sided	0.006079355454515	0.8089611661241279	False	False	True
LUAD_G12C_vs_WT	26	RNASEH2C	84153	26Q1	CANCER-001	kras-wt	same-disease models with KRAS p.G12C	same-disease models with WES/WGS coverage and no detected KRAS variant	9	52	9	28	9	28	-0.4052643540506862	-0.3997519907211649	0.2896734556469107	-0.1365720996773463	-0.2686922543733399	-0.5714285714285714	3	0.3333333333333333	4	0.1428571428571428	1208	0.2913907284768212	False	Mann–Whitney U, two-sided	0.0113714320834871	0.8089611661241279	False	False	True
LUAD_G12C_vs_WT	27	C3orf38	285237	26Q1	CANCER-001	kras-wt	same-disease models with KRAS p.G12C	same-disease models with WES/WGS coverage and no detected KRAS variant	9	52	9	28	9	28	-0.545345486054029	-0.5961359163883683	0.4141163938122596	-0.2771735424709829	-0.2681719435830461	-0.5873015873015873	6	0.6666666666666666	6	0.2142857142857142	1208	0.3079470198675497	False	Mann–Whitney U, two-sided	0.0092716505181709	0.8089611661241279	False	False	True
LUAD_G12C_vs_WT	28	HNRNPA1	3178	26Q1	CANCER-001	kras-wt	same-disease models with KRAS p.G12C	same-disease models with WES/WGS coverage and no detected KRAS variant	9	52	9	28	9	28	-0.4916960623509095	-0.3806542336879603	0.3432913518943266	-0.234559725379745	-0.2571363369711645	-0.1984126984126984	4	0.4444444444444444	9	0.3214285714285714	1208	0.2317880794701986	False	Mann–Whitney U, two-sided	0.385782806528039	0.9275236663789578	False	False	True
LUAD_G12C_vs_WT	29	MRPL16	54948	26Q1	CANCER-001	kras-wt	same-disease models with KRAS p.G12C	same-disease models with WES/WGS coverage and no detected KRAS variant	9	52	9	28	9	28	-0.7170464182076544	-0.6951017418630774	0.6304844573864816	-0.4632915852862901	-0.2537548329213642	-0.1984126984126984	6	0.6666666666666666	16	0.5714285714285714	1208	0.6125827814569537	False	Mann–Whitney U, two-sided	0.385782806528039	0.9275236663789578	False	False	True
LUAD_G12C_vs_WT	30	ODR4	54953	26Q1	CANCER-001	kras-wt	same-disease models with KRAS p.G12C	same-disease models with WES/WGS coverage and no detected KRAS variant	9	52	9	28	9	28	-0.458627222100285	-0.3950232240692357	0.1619184356877135	-0.2101487471611025	-0.2484784749391825	-0.492063492063492	4	0.4444444444444444	6	0.2142857142857142	1208	0.2400662251655629	False	Mann–Whitney U, two-sided	0.0294748675223683	0.8156077925055345	False	False	True
LUAD_G12C_vs_WT	31	MLST8	64223	26Q1	CANCER-001	kras-wt	same-disease models with KRAS p.G12C	same-disease models with WES/WGS coverage and no detected KRAS variant	9	52	9	28	9	28	-0.795697023981327	-0.7544829390694837	0.5014278702104433	-0.5497208481223177	-0.2459761758590093	-0.3015873015873015	6	0.6666666666666666	18	0.6428571428571429	1208	0.722682119205298	False	Mann–Whitney U, two-sided	0.1843480969212082	0.8686882439205688	False	False	True
LUAD_G12C_vs_WT	32	ZNF217	7764	26Q1	CANCER-001	kras-wt	same-disease models with KRAS p.G12C	same-disease models with WES/WGS coverage and no detected KRAS variant	9	52	9	28	9	28	-0.5676131233440336	-0.5493173121624227	0.1554601204512322	-0.3220155900479132	-0.2455975332961203	-0.3253968253968254	7	0.7777777777777778	11	0.3928571428571428	1208	0.4420529801324503	False	Mann–Whitney U, two-sided	0.1516623291157837	0.8616002246097815	False	False	True
LUAD_G12C_vs_WT	33	EFR3A	23167	26Q1	CANCER-001	kras-wt	same-disease models with KRAS p.G12C	same-disease models with WES/WGS coverage and no detected KRAS variant	9	52	9	28	9	28	-0.3954527005133404	-0.4399041952223499	0.2976590734890653	-0.1511242924030551	-0.2443284081102853	-0.2222222222222222	3	0.3333333333333333	8	0.2857142857142857	1208	0.3857615894039735	False	Mann–Whitney U, two-sided	0.3303101023627043	0.911338736031028	False	False	True
LUAD_G12C_vs_WT	34	ING3	54556	26Q1	CANCER-001	kras-wt	same-disease models with KRAS p.G12C	same-disease models with WES/WGS coverage and no detected KRAS variant	9	52	9	28	9	28	-0.6066198667852111	-0.5676826841901583	0.1591406512522842	-0.3630268304245448	-0.2435930363606662	-0.2777777777777778	7	0.7777777777777778	12	0.4285714285714285	1208	0.527317880794702	False	Mann–Whitney U, two-sided	0.2219774641011133	0.8841132627270241	False	False	True
LUAD_G12C_vs_WT	35	CDS2	8760	26Q1	CANCER-001	kras-wt	same-disease models with KRAS p.G12C	same-disease models with WES/WGS coverage and no detected KRAS variant	9	52	9	28	9	28	-0.3686744706285384	-0.3647907140843884	0.4142208062918896	-0.125109465942111	-0.2435650046864274	-0.3809523809523809	4	0.4444444444444444	5	0.1785714285714285	1208	0.3038079470198676	False	Mann–Whitney U, two-sided	0.0926693739313002	0.8538621650381372	False	False	True
LUAD_G12C_vs_WT	36	BRCA2	675	26Q1	CANCER-001	kras-wt	same-disease models with KRAS p.G12C	same-disease models with WES/WGS coverage and no detected KRAS variant	9	52	9	28	9	28	-0.6725075478574464	-0.6367058322123054	0.465420197623189	-0.4310153713924394	-0.2414921764650069	-0.2142857142857142	6	0.6666666666666666	14	0.5	1208	0.5811258278145696	False	Mann–Whitney U, two-sided	0.3481982472070193	0.9156097331968124	False	False	True
LUAD_G12C_vs_WT	37	SV2A	9900	26Q1	CANCER-001	kras-wt	same-disease models with KRAS p.G12C	same-disease models with WES/WGS coverage and no detected KRAS variant	9	52	9	28	9	28	-0.4805888944258857	-0.4754615547704414	0.3151868796799523	-0.2393853024535721	-0.2412035919723135	-0.5873015873015873	5	0.5555555555555556	5	0.1785714285714285	1208	0.0678807947019867	False	Mann–Whitney U, two-sided	0.0092716505181709	0.8089611661241279	False	False	True
LUAD_G12C_vs_WT	38	HSP90AB1	3326	26Q1	CANCER-001	kras-wt	same-disease models with KRAS p.G12C	same-disease models with WES/WGS coverage and no detected KRAS variant	9	52	9	28	9	28	-0.4440764803287829	-0.4325086497426416	0.3102456809090195	-0.2056467163903425	-0.2384297639384404	-0.3809523809523809	4	0.4444444444444444	2	0.0714285714285714	1208	0.1283112582781456	False	Mann–Whitney U, two-sided	0.0926693739313002	0.8538621650381372	False	False	True
LUAD_G12C_vs_WT	39	CNOT11	55571	26Q1	CANCER-001	kras-wt	same-disease models with KRAS p.G12C	same-disease models with WES/WGS coverage and no detected KRAS variant	9	52	9	28	9	28	-0.3296639403558522	-0.2321354589793234	0.3898045943232136	-0.0913133654301943	-0.2383505749256578	-0.2142857142857142	0	0.0	5	0.1785714285714285	1208	0.1365894039735099	False	Mann–Whitney U, two-sided	0.3481982472070193	0.9156097331968124	False	False	True
LUAD_G12C_vs_WT	40	MYH9	4627	26Q1	CANCER-001	kras-wt	same-disease models with KRAS p.G12C	same-disease models with WES/WGS coverage and no detected KRAS variant	9	52	9	28	9	28	-0.6935858741861118	-0.6429225464764579	0.414421570610626	-0.4553303519595633	-0.2382555222265485	-0.1507936507936507	7	0.7777777777777778	15	0.5357142857142857	1208	0.5447019867549668	False	Mann–Whitney U, two-sided	0.5125367111795068	0.9470626306842268	False	False	True
LUAD_G12C_vs_WT	41	ENO1	2023	26Q1	CANCER-001	kras-wt	same-disease models with KRAS p.G12C	same-disease models with WES/WGS coverage and no detected KRAS variant	9	52	9	28	9	28	-0.7190312344768236	-0.7726199466168653	0.4409154885683104	-0.4813984654439299	-0.2376327690328936	-0.3253968253968254	8	0.8888888888888888	17	0.6071428571428571	1208	0.5769867549668874	False	Mann–Whitney U, two-sided	0.1516623291157837	0.8616002246097815	False	False	True
LUAD_G12C_vs_WT	42	TRA2B	6434	26Q1	CANCER-001	kras-wt	same-disease models with KRAS p.G12C	same-disease models with WES/WGS coverage and no detected KRAS variant	9	52	9	28	9	28	-0.7580111746740773	-0.6347635494779081	0.5308170593562485	-0.5219528062257544	-0.2360583684483229	-0.2222222222222222	6	0.6666666666666666	16	0.5714285714285714	1208	0.6357615894039735	False	Mann–Whitney U, two-sided	0.3303101023627043	0.911338736031028	False	False	True
LUAD_G12C_vs_WT	43	ARL4A	10124	26Q1	CANCER-001	kras-wt	same-disease models with KRAS p.G12C	same-disease models with WES/WGS coverage and no detected KRAS variant	9	52	9	28	9	28	-0.3226611695012127	-0.1980069486974407	0.3100425380381076	-0.0886477503835599	-0.2340134191176527	-0.2777777777777778	0	0.0	0	0.0	1208	0.0140728476821192	False	Mann–Whitney U, two-sided	0.2219774641011133	0.8841132627270241	False	False	True
LUAD_G12C_vs_WT	44	DOLK	22845	26Q1	CANCER-001	kras-wt	same-disease models with KRAS p.G12C	same-disease models with WES/WGS coverage and no detected KRAS variant	9	52	9	28	9	28	-0.5852435595957646	-0.5238791776299748	0.1251103939515851	-0.3525945526099788	-0.2326490069857857	-0.5238095238095238	7	0.7777777777777778	8	0.2857142857142857	1208	0.4817880794701987	False	Mann–Whitney U, two-sided	0.020412672348896	0.8089611661241279	False	False	True
LUAD_G12C_vs_WT	45	MGRN1	23295	26Q1	CANCER-001	kras-wt	same-disease models with KRAS p.G12C	same-disease models with WES/WGS coverage and no detected KRAS variant	9	52	9	28	9	28	-0.2247562188497563	-0.1624176817659976	0.3257013448092488	0.007390802720559	-0.2321470215703153	-0.4841269841269841	0	0.0	0	0.0	1208	0.0182119205298013	False	Mann–Whitney U, two-sided	0.0322195001347181	0.820636160391521	False	False	True
LUAD_G12C_vs_WT	46	AMD1	262	26Q1	CANCER-001	kras-wt	same-disease models with KRAS p.G12C	same-disease models with WES/WGS coverage and no detected KRAS variant	9	52	9	28	9	28	-0.5971052562758794	-0.6030885336882447	0.1635800465606031	-0.3653720310671713	-0.2317332252087081	-0.2301587301587301	7	0.7777777777777778	9	0.3214285714285714	1208	0.472682119205298	False	Mann–Whitney U, two-sided	0.3130278406696515	0.905598936922801	False	False	True
LUAD_G12C_vs_WT	47	TRPM7	54822	26Q1	CANCER-001	kras-wt	same-disease models with KRAS p.G12C	same-disease models with WES/WGS coverage and no detected KRAS variant	9	52	9	28	9	28	-1.095574940035743	-1.066819968832958	0.3041436930301087	-0.8660776797099281	-0.2294972603258149	-0.2936507936507936	8	0.8888888888888888	22	0.7857142857142857	1208	0.6324503311258278	False	Mann–Whitney U, two-sided	0.1963273657820963	0.8744028802381443	False	False	True
LUAD_G12C_vs_WT	48	MRPL32	64983	26Q1	CANCER-001	kras-wt	same-disease models with KRAS p.G12C	same-disease models with WES/WGS coverage and no detected KRAS variant	9	52	9	28	9	28	-0.7019056327840578	-0.6061456069900696	0.4447622753582769	-0.4724293277389999	-0.2294763050450579	-0.0238095238095238	5	0.5555555555555556	16	0.5714285714285714	1208	0.6374172185430463	False	Mann–Whitney U, two-sided	0.9294800467787652	0.994955926141128	False	False	True
LUAD_G12C_vs_WT	49	ATP5ME	521	26Q1	CANCER-001	kras-wt	same-disease models with KRAS p.G12C	same-disease models with WES/WGS coverage and no detected KRAS variant	9	52	9	28	9	28	-0.8773907186052212	-0.5970289735832804	0.6646532534545899	-0.6481105912873211	-0.2292801273179001	0.0317460317460317	5	0.5555555555555556	21	0.75	1208	0.6200331125827815	False	Mann–Whitney U, two-sided	0.9013955163571684	0.9926256220475582	False	False	True
LUAD_G12C_vs_WT	50	DHX35	60625	26Q1	CANCER-001	kras-wt	same-disease models with KRAS p.G12C	same-disease models with WES/WGS coverage and no detected KRAS variant	9	52	9	28	9	28	-0.4284590517715133	-0.377876764193795	0.3444925361663248	-0.2013953160107517	-0.2270637357607615	-0.3253968253968254	3	0.3333333333333333	7	0.25	1208	0.2309602649006622	False	Mann–Whitney U, two-sided	0.1516623291157837	0.8616002246097815	False	False	True
LUAD_G12C_vs_WT	51	NDUFAF8	284184	26Q1	CANCER-001	kras-wt	same-disease models with KRAS p.G12C	same-disease models with WES/WGS coverage and no detected KRAS variant	9	52	9	28	9	28	-0.8457147389864728	-0.7385731169153017	0.3724954068516205	-0.6187234003517801	-0.2269913386346926	-0.365079365079365	7	0.7777777777777778	20	0.7142857142857143	1208	0.7019867549668874	False	Mann–Whitney U, two-sided	0.1072489330954637	0.8538621650381372	False	False	True
LUAD_G12C_vs_WT	52	UFSP2	55325	26Q1	CANCER-001	kras-wt	same-disease models with KRAS p.G12C	same-disease models with WES/WGS coverage and no detected KRAS variant	9	52	9	28	9	28	-0.2825427942270825	-0.2277462787832772	0.3827784756928244	-0.0555800343985733	-0.2269627598285091	-0.4761904761904761	1	0.1111111111111111	1	0.0357142857142857	1208	0.1092715231788079	False	Mann–Whitney U, two-sided	0.0351802833924819	0.8220033239134322	False	False	True
LUAD_G12C_vs_WT	53	AHCYL1	10768	26Q1	CANCER-001	kras-wt	same-disease models with KRAS p.G12C	same-disease models with WES/WGS coverage and no detected KRAS variant	9	52	9	28	9	28	-0.5003243499181457	-0.4998112994135237	0.1894898138845595	-0.2745548638251941	-0.2257694860929515	-0.4365079365079365	5	0.5555555555555556	8	0.2857142857142857	1208	0.3700331125827814	False	Mann–Whitney U, two-sided	0.0536962245669724	0.8381376814736942	False	False	True
LUAD_G12C_vs_WT	54	DOCK5	80005	26Q1	CANCER-001	kras-wt	same-disease models with KRAS p.G12C	same-disease models with WES/WGS coverage and no detected KRAS variant	9	52	9	28	9	28	-0.376426831044468	-0.3282138461074831	0.4828698054144963	-0.1517520392246316	-0.2246747918198363	-0.3412698412698413	4	0.4444444444444444	1	0.0357142857142857	1208	0.070364238410596	False	Mann–Whitney U, two-sided	0.1324568694201507	0.8555863914087932	False	False	True
LUAD_G12C_vs_WT	55	FERMT2	10979	26Q1	CANCER-001	kras-wt	same-disease models with KRAS p.G12C	same-disease models with WES/WGS coverage and no detected KRAS variant	9	52	9	28	9	28	-0.7256828521320058	-0.8079001811676884	0.6496049723370516	-0.5012569879567443	-0.2244258641752614	-0.2301587301587301	6	0.6666666666666666	16	0.5714285714285714	1208	0.5248344370860927	False	Mann–Whitney U, two-sided	0.3130278406696515	0.905598936922801	False	False	True
LUAD_G12C_vs_WT	56	ITGB5	3693	26Q1	CANCER-001	kras-wt	same-disease models with KRAS p.G12C	same-disease models with WES/WGS coverage and no detected KRAS variant	9	52	9	28	9	28	-0.6861018959481396	-0.9467200251594158	0.7550233342939152	-0.4627272306576011	-0.2233746652905385	-0.365079365079365	6	0.6666666666666666	14	0.5	1208	0.4006622516556291	False	Mann–Whitney U, two-sided	0.1072489330954637	0.8538621650381372	False	False	True
LUAD_G12C_vs_WT	57	DAXX	1616	26Q1	CANCER-001	kras-wt	same-disease models with KRAS p.G12C	same-disease models with WES/WGS coverage and no detected KRAS variant	9	52	9	28	9	28	-0.4705496039939286	-0.5526686129064002	0.0740625201048699	-0.2472373202133693	-0.2233122837805592	-0.5952380952380952	5	0.5555555555555556	3	0.1071428571428571	1208	0.3054635761589404	False	Mann–Whitney U, two-sided	0.0083575932203039	0.8089611661241279	False	False	True
LUAD_G12C_vs_WT	58	C19orf25	148223	26Q1	CANCER-001	kras-wt	same-disease models with KRAS p.G12C	same-disease models with WES/WGS coverage and no detected KRAS variant	9	52	9	28	9	28	-0.3397733161364181	-0.3056507707359613	0.3016591270164117	-0.1166642213479224	-0.2231090947884956	-0.4047619047619047	2	0.2222222222222222	5	0.1785714285714285	1208	0.2524834437086092	False	Mann–Whitney U, two-sided	0.0738275499111419	0.8524495134262609	False	False	True
LUAD_G12C_vs_WT	59	RAD51D	5892	26Q1	CANCER-001	kras-wt	same-disease models with KRAS p.G12C	same-disease models with WES/WGS coverage and no detected KRAS variant	9	52	9	28	9	28	-0.894088600487353	-0.8628338908461862	0.2585070467785485	-0.6716554046753587	-0.2224331958119942	-0.3174603174603174	9	1.0	24	0.8571428571428571	1208	0.7715231788079471	False	Mann–Whitney U, two-sided	0.162027547676325	0.8616002246097815	False	False	True
LUAD_G12C_vs_WT	60	FDX1	2230	26Q1	CANCER-001	kras-wt	same-disease models with KRAS p.G12C	same-disease models with WES/WGS coverage and no detected KRAS variant	9	52	9	28	9	28	-0.5202797029017266	-0.5489016212945076	0.3419366628768988	-0.2983469892596703	-0.2219327136420563	-0.3492063492063492	5	0.5555555555555556	8	0.2857142857142857	1208	0.2309602649006622	False	Mann–Whitney U, two-sided	0.1235888003062427	0.8555863914087932	False	False	True
LUAD_G12C_vs_WT	61	MON2	23041	26Q1	CANCER-001	kras-wt	same-disease models with KRAS p.G12C	same-disease models with WES/WGS coverage and no detected KRAS variant	9	52	9	28	9	28	-0.2909656100826159	-0.1687644406395879	0.3567551865955937	-0.069044308363534	-0.2219213017190819	-0.1269841269841269	1	0.1111111111111111	4	0.1428571428571428	1208	0.1473509933774834	False	Mann–Whitney U, two-sided	0.5832154286425428	0.9578343882569552	False	False	True
LUAD_G12C_vs_WT	62	SUGT1	10910	26Q1	CANCER-001	kras-wt	same-disease models with KRAS p.G12C	same-disease models with WES/WGS coverage and no detected KRAS variant	9	52	9	28	9	28	-0.786439189051336	-0.8827482948079999	0.4911435058088632	-0.5679312480811904	-0.2185079409701456	-0.373015873015873	7	0.7777777777777778	22	0.7857142857142857	1208	0.6754966887417219	False	Mann–Whitney U, two-sided	0.0997468455539009	0.8538621650381372	False	False	True
LUAD_G12C_vs_WT	63	EMC1	23065	26Q1	CANCER-001	kras-wt	same-disease models with KRAS p.G12C	same-disease models with WES/WGS coverage and no detected KRAS variant	9	52	9	28	9	28	-0.6387105549778057	-0.50999835762877	0.3665496826374468	-0.4204799456350562	-0.2182306093427495	-0.2301587301587301	6	0.6666666666666666	9	0.3214285714285714	1208	0.5488410596026491	False	Mann–Whitney U, two-sided	0.3130278406696515	0.905598936922801	False	False	True
LUAD_G12C_vs_WT	64	CCNT1	904	26Q1	CANCER-001	kras-wt	same-disease models with KRAS p.G12C	same-disease models with WES/WGS coverage and no detected KRAS variant	9	52	9	28	9	28	-0.3469317993119992	-0.3592104261860489	0.1907383731345596	-0.130532662179275	-0.2163991371327241	-0.6984126984126984	3	0.3333333333333333	2	0.0714285714285714	1208	0.1067880794701986	False	Mann–Whitney U, two-sided	0.0019518250563711	0.8089611661241279	False	False	True
LUAD_G12C_vs_WT	65	SLC35B2	347734	26Q1	CANCER-001	kras-wt	same-disease models with KRAS p.G12C	same-disease models with WES/WGS coverage and no detected KRAS variant	9	52	9	28	9	28	-0.4928673388559624	-0.4042423947233941	0.4175297700441839	-0.276924121961953	-0.2159432168940094	-0.365079365079365	5	0.5555555555555556	7	0.25	1208	0.2483443708609271	False	Mann–Whitney U, two-sided	0.1072489330954637	0.8538621650381372	False	False	True
LUAD_G12C_vs_WT	66	MED24	9862	26Q1	CANCER-001	kras-wt	same-disease models with KRAS p.G12C	same-disease models with WES/WGS coverage and no detected KRAS variant	9	52	9	28	9	28	-0.4206670440392403	-0.4040099973050098	0.4400419995863941	-0.2050674638642573	-0.2155995801749829	-0.238095238095238	4	0.4444444444444444	6	0.2142857142857142	1208	0.4519867549668874	False	Mann–Whitney U, two-sided	0.296351848617099	0.9040294313632534	False	False	True
LUAD_G12C_vs_WT	67	SLC25A26	115286	26Q1	CANCER-001	kras-wt	same-disease models with KRAS p.G12C	same-disease models with WES/WGS coverage and no detected KRAS variant	9	52	9	28	9	28	-0.5904792015403713	-0.5135985652014939	0.3260642881191659	-0.3755219604895033	-0.2149572410508679	-0.2063492063492063	5	0.5555555555555556	12	0.4285714285714285	1208	0.4619205298013245	False	Mann–Whitney U, two-sided	0.3666903311705768	0.9239916144209686	False	False	True
LUAD_G12C_vs_WT	68	PTK2	5747	26Q1	CANCER-001	kras-wt	same-disease models with KRAS p.G12C	same-disease models with WES/WGS coverage and no detected KRAS variant	9	52	9	28	9	28	-0.7860457554607695	-0.8570883504969792	0.9953663049453974	-0.5712751885387045	-0.2147705669220649	-0.2698412698412698	6	0.6666666666666666	19	0.6785714285714286	1208	0.5554635761589404	False	Mann–Whitney U, two-sided	0.2356668704118633	0.8928254074276613	False	False	True
LUAD_G12C_vs_WT	69	TGIF1	7050	26Q1	CANCER-001	kras-wt	same-disease models with KRAS p.G12C	same-disease models with WES/WGS coverage and no detected KRAS variant	9	52	9	28	9	28	-0.409456381057814	-0.2979930354979593	0.4204006458834749	-0.1947085067414327	-0.2147478743163813	-0.1349206349206349	2	0.2222222222222222	5	0.1785714285714285	1208	0.0968543046357615	False	Mann–Whitney U, two-sided	0.5591572943909588	0.9517085378001218	False	False	True
LUAD_G12C_vs_WT	70	HEATR3	55027	26Q1	CANCER-001	kras-wt	same-disease models with KRAS p.G12C	same-disease models with WES/WGS coverage and no detected KRAS variant	9	52	9	28	9	28	-0.3337611267645009	-0.3513287568742139	0.3113311906973177	-0.1197387998290803	-0.2140223269354206	-0.4682539682539682	3	0.3333333333333333	1	0.0357142857142857	1208	0.287251655629139	False	Mann–Whitney U, two-sided	0.0383702404838292	0.8220033239134322	False	False	True
LUAD_G12C_vs_WT	71	LUC7L2	51631	26Q1	CANCER-001	kras-wt	same-disease models with KRAS p.G12C	same-disease models with WES/WGS coverage and no detected KRAS variant	9	52	9	28	9	28	-0.4867595539292808	-0.4674414302586797	0.3026997110834608	-0.2736756372539358	-0.213083916675345	-0.3809523809523809	5	0.5555555555555556	4	0.1428571428571428	1208	0.2185430463576159	False	Mann–Whitney U, two-sided	0.0926693739313002	0.8538621650381372	False	False	True
LUAD_G12C_vs_WT	72	DPPA2	151871	26Q1	CANCER-001	kras-wt	same-disease models with KRAS p.G12C	same-disease models with WES/WGS coverage and no detected KRAS variant	9	52	9	28	9	28	-0.5613835560248641	-0.5486364408188708	0.1446815865856702	-0.3493613399874059	-0.2120222160374582	-0.5238095238095238	6	0.6666666666666666	5	0.1785714285714285	1208	0.2822847682119205	False	Mann–Whitney U, two-sided	0.020412672348896	0.8089611661241279	False	False	True
LUAD_G12C_vs_WT	73	XRCC2	7516	26Q1	CANCER-001	kras-wt	same-disease models with KRAS p.G12C	same-disease models with WES/WGS coverage and no detected KRAS variant	9	52	9	28	9	28	-0.6081104546719343	-0.599521521522976	0.1683934403521005	-0.397213525131771	-0.2108969295401632	-0.2619047619047619	7	0.7777777777777778	12	0.4285714285714285	1208	0.478476821192053	False	Mann–Whitney U, two-sided	0.249943127844888	0.898862861088385	False	False	True
LUAD_G12C_vs_WT	74	RNASEH2A	10535	26Q1	CANCER-001	kras-wt	same-disease models with KRAS p.G12C	same-disease models with WES/WGS coverage and no detected KRAS variant	9	52	9	28	9	28	-0.4293157030491798	-0.4276894872838602	0.4378276610529243	-0.2221431287628852	-0.2071725742862946	-0.4365079365079365	4	0.4444444444444444	5	0.1785714285714285	1208	0.2831125827814569	False	Mann–Whitney U, two-sided	0.0536962245669724	0.8381376814736942	False	False	True
LUAD_G12C_vs_WT	75	HCFC1R1	54985	26Q1	CANCER-001	kras-wt	same-disease models with KRAS p.G12C	same-disease models with WES/WGS coverage and no detected KRAS variant	9	52	9	28	9	28	-0.4803172516606017	-0.4628364096983868	0.3301402360223369	-0.2733884654913842	-0.2069287861692175	-0.4444444444444444	5	0.5555555555555556	2	0.0714285714285714	1208	0.146523178807947	False	Mann–Whitney U, two-sided	0.0494514363916068	0.8381376814736942	False	False	True
LUAD_G12C_vs_WT	76	CCDC137	339230	26Q1	CANCER-001	kras-wt	same-disease models with KRAS p.G12C	same-disease models with WES/WGS coverage and no detected KRAS variant	9	52	9	28	9	28	-0.6007517967980937	-0.5918823698641756	0.1418418513958761	-0.3952441005505344	-0.2055076962475592	-0.4603174603174603	6	0.6666666666666666	14	0.5	1208	0.4139072847682119	False	Mann–Whitney U, two-sided	0.0418028064685206	0.8298205494925255	False	False	True
LUAD_G12C_vs_WT	77	PKN2	5586	26Q1	CANCER-001	kras-wt	same-disease models with KRAS p.G12C	same-disease models with WES/WGS coverage and no detected KRAS variant	9	52	9	28	9	28	-0.5849610383915822	-0.5825962650820169	0.4325012408845913	-0.3811456102369234	-0.2038154281546588	-0.365079365079365	5	0.5555555555555556	12	0.4285714285714285	1208	0.3038079470198676	False	Mann–Whitney U, two-sided	0.1072489330954637	0.8538621650381372	False	False	True
LUAD_G12C_vs_WT	78	TLN1	7094	26Q1	CANCER-001	kras-wt	same-disease models with KRAS p.G12C	same-disease models with WES/WGS coverage and no detected KRAS variant	9	52	9	28	9	28	-0.8053228133672148	-0.8375148813902897	0.4379437402436643	-0.602182898095697	-0.2031399152715177	-0.5	9	1.0	21	0.75	1208	0.5885761589403974	False	Mann–Whitney U, two-sided	0.0269337915440357	0.8089611661241279	False	False	True
LUAD_G12C_vs_WT	79	CLDND1	56650	26Q1	CANCER-001	kras-wt	same-disease models with KRAS p.G12C	same-disease models with WES/WGS coverage and no detected KRAS variant	9	52	9	28	9	28	-0.2159192232980122	-0.1564915234628319	0.1936588211693506	-0.0132452190695445	-0.2026740042284676	-0.492063492063492	0	0.0	0	0.0	1208	0.0057947019867549	False	Mann–Whitney U, two-sided	0.0294748675223683	0.8156077925055345	False	False	True
LUAD_G12C_vs_WT	80	SEC62	7095	26Q1	CANCER-001	kras-wt	same-disease models with KRAS p.G12C	same-disease models with WES/WGS coverage and no detected KRAS variant	9	52	9	28	9	28	-0.499975675402812	-0.5548472844112009	0.1243321996915222	-0.2973131457337076	-0.2026625296691044	-0.5714285714285714	5	0.5555555555555556	7	0.25	1208	0.3609271523178808	False	Mann–Whitney U, two-sided	0.0113714320834871	0.8089611661241279	False	False	True
LUAD_G12C_vs_WT	81	KIF4A	24137	26Q1	CANCER-001	kras-wt	same-disease models with KRAS p.G12C	same-disease models with WES/WGS coverage and no detected KRAS variant	9	52	9	28	9	28	-0.7952841183060796	-0.7821814061644868	0.1561690978095103	-0.5952242326907077	-0.2000598856153719	-0.3492063492063492	7	0.7777777777777778	21	0.75	1208	0.6605960264900662	False	Mann–Whitney U, two-sided	0.1235888003062427	0.8555863914087932	False	False	True
LUAD_G12C_vs_WT	82	PSMG2	56984	26Q1	CANCER-001	kras-wt	same-disease models with KRAS p.G12C	same-disease models with WES/WGS coverage and no detected KRAS variant	9	52	9	28	9	28	-0.8213954286691225	-0.9268541837785872	0.5252658681142197	-0.6226043395574543	-0.1987910891116682	-0.373015873015873	9	1.0	20	0.7142857142857143	1208	0.7210264900662252	False	Mann–Whitney U, two-sided	0.0997468455539009	0.8538621650381372	False	False	True
LUAD_G12C_vs_WT	83	HDGF	3068	26Q1	CANCER-001	kras-wt	same-disease models with KRAS p.G12C	same-disease models with WES/WGS coverage and no detected KRAS variant	9	52	9	28	9	28	-0.2579606782242361	-0.1873855528702702	0.2629334188440049	-0.0591860816882659	-0.1987745965359701	-0.4444444444444444	0	0.0	0	0.0	1208	0.0024834437086092	False	Mann–Whitney U, two-sided	0.0494514363916068	0.8381376814736942	False	False	True
LUAD_G12C_vs_WT	84	CMKLR1	1240	26Q1	CANCER-001	kras-wt	same-disease models with KRAS p.G12C	same-disease models with WES/WGS coverage and no detected KRAS variant	9	52	9	28	9	28	-0.1339763410540806	-0.15709940956607	0.1924199151217625	0.0640406969767542	-0.1980170380308348	-0.6746031746031746	0	0.0	0	0.0	1208	0.0124172185430463	False	Mann–Whitney U, two-sided	0.0027782193960436	0.8089611661241279	False	False	True
LUAD_G12C_vs_WT	85	SINHCAF	58516	26Q1	CANCER-001	kras-wt	same-disease models with KRAS p.G12C	same-disease models with WES/WGS coverage and no detected KRAS variant	9	52	9	28	9	28	-0.6718995909297177	-0.697907911902356	0.3770481778668358	-0.4740543908393589	-0.1978452000903587	-0.3968253968253968	6	0.6666666666666666	17	0.6071428571428571	1208	0.6490066225165563	False	Mann–Whitney U, two-sided	0.0797255005417806	0.8524495134262609	False	False	True
LUAD_G12C_vs_WT	86	TARS2	80222	26Q1	CANCER-001	kras-wt	same-disease models with KRAS p.G12C	same-disease models with WES/WGS coverage and no detected KRAS variant	9	52	9	28	9	28	-0.9659492886142088	-0.8314110236170518	0.5001280213316877	-0.7681148499457098	-0.197834438668499	-0.1825396825396825	7	0.7777777777777778	23	0.8214285714285714	1208	0.7541390728476821	False	Mann–Whitney U, two-sided	0.4257464918759179	0.936349852303089	False	False	True
LUAD_G12C_vs_WT	87	GZMH	2999	26Q1	CANCER-001	kras-wt	same-disease models with KRAS p.G12C	same-disease models with WES/WGS coverage and no detected KRAS variant	9	52	9	28	9	28	-0.4681268725159674	-0.4695878141660839	0.1679375750524241	-0.270761392444326	-0.1973654800716414	-0.6587301587301587	4	0.4444444444444444	3	0.1071428571428571	1208	0.1100993377483443	False	Mann–Whitney U, two-sided	0.0034950570475745	0.8089611661241279	False	False	True
LUAD_G12C_vs_WT	88	RHOA	387	26Q1	CANCER-001	kras-wt	same-disease models with KRAS p.G12C	same-disease models with WES/WGS coverage and no detected KRAS variant	9	52	9	28	9	28	-0.5649044383293287	-0.5167254601541205	0.4506483533792988	-0.3676166378047452	-0.1972878005245835	-0.1269841269841269	5	0.5555555555555556	12	0.4285714285714285	1208	0.4536423841059602	False	Mann–Whitney U, two-sided	0.5832154286425428	0.9578343882569552	False	False	True
LUAD_G12C_vs_WT	89	LTB4R	1241	26Q1	CANCER-001	kras-wt	same-disease models with KRAS p.G12C	same-disease models with WES/WGS coverage and no detected KRAS variant	9	52	9	28	9	28	-0.4912840374445001	-0.4888610123183457	0.208131274871291	-0.294665163956051	-0.1966188734884491	-0.5873015873015873	6	0.6666666666666666	5	0.1785714285714285	1208	0.11341059602649	False	Mann–Whitney U, two-sided	0.0092716505181709	0.8089611661241279	False	False	True
LUAD_G12C_vs_WT	90	KLHL10	317719	26Q1	CANCER-001	kras-wt	same-disease models with KRAS p.G12C	same-disease models with WES/WGS coverage and no detected KRAS variant	9	52	9	28	9	28	-0.2605392518206294	-0.1895509793700238	0.1961097928960518	-0.0654358374998462	-0.1951034143207831	-0.492063492063492	0	0.0	0	0.0	1208	0.0041390728476821	False	Mann–Whitney U, two-sided	0.0294748675223683	0.8156077925055345	False	False	True
LUAD_G12C_vs_WT	91	LCMT1	51451	26Q1	CANCER-001	kras-wt	same-disease models with KRAS p.G12C	same-disease models with WES/WGS coverage and no detected KRAS variant	9	52	9	28	9	28	-0.4454611044368943	-0.3877172980832541	0.1368953359398618	-0.2511237543021084	-0.1943373501347858	-0.3333333333333333	2	0.2222222222222222	5	0.1785714285714285	1208	0.3468543046357616	False	Mann–Whitney U, two-sided	0.141809986540385	0.8555863914087932	False	False	True
LUAD_G12C_vs_WT	92	GET4	51608	26Q1	CANCER-001	kras-wt	same-disease models with KRAS p.G12C	same-disease models with WES/WGS coverage and no detected KRAS variant	9	52	9	28	9	28	-0.3349482660419849	-0.3523330655406495	0.2278840252018484	-0.1416247068801362	-0.1933235591618487	-0.373015873015873	2	0.2222222222222222	5	0.1785714285714285	1208	0.2889072847682119	False	Mann–Whitney U, two-sided	0.0997468455539009	0.8538621650381372	False	False	True
LUAD_G12C_vs_WT	93	VPS33A	65082	26Q1	CANCER-001	kras-wt	same-disease models with KRAS p.G12C	same-disease models with WES/WGS coverage and no detected KRAS variant	9	52	9	28	9	28	-0.8102813110283766	-0.9237063453984168	0.6458762867884368	-0.6187102203813772	-0.1915710906469994	-0.3333333333333333	7	0.7777777777777778	17	0.6071428571428571	1208	0.7243377483443708	False	Mann–Whitney U, two-sided	0.141809986540385	0.8555863914087932	False	False	True
LUAD_G12C_vs_WT	94	VCL	7414	26Q1	CANCER-001	kras-wt	same-disease models with KRAS p.G12C	same-disease models with WES/WGS coverage and no detected KRAS variant	9	52	9	28	9	28	-0.463429931108087	-0.4580409651868447	0.2219541041189985	-0.2730048261934422	-0.1904251049146447	-0.4126984126984127	3	0.3333333333333333	6	0.2142857142857142	1208	0.2533112582781457	False	Mann–Whitney U, two-sided	0.0682912392148964	0.8509591454915276	False	False	True
LUAD_G12C_vs_WT	95	NCKAP1	10787	26Q1	CANCER-001	kras-wt	same-disease models with KRAS p.G12C	same-disease models with WES/WGS coverage and no detected KRAS variant	9	52	9	28	9	28	-0.5496313221610067	-0.4912895485877942	0.2671640188066571	-0.3605029987283351	-0.1891283234326716	-0.2857142857142857	6	0.6666666666666666	9	0.3214285714285714	1208	0.4900662251655629	False	Mann–Whitney U, two-sided	0.2088672228008856	0.8783297776835555	False	False	True
LUAD_G12C_vs_WT	96	CRK	1398	26Q1	CANCER-001	kras-wt	same-disease models with KRAS p.G12C	same-disease models with WES/WGS coverage and no detected KRAS variant	9	52	9	28	9	28	-0.3962323755895603	-0.2856238273572968	0.5574088490075085	-0.20723219259027	-0.1890001829992902	-0.1904761904761904	3	0.3333333333333333	2	0.0714285714285714	1208	0.1390728476821192	False	Mann–Whitney U, two-sided	0.4054704823176691	0.934390337802098	False	False	True
LUAD_G12C_vs_WT	97	RNF8	9025	26Q1	CANCER-001	kras-wt	same-disease models with KRAS p.G12C	same-disease models with WES/WGS coverage and no detected KRAS variant	9	52	9	28	9	28	-0.7042892492632457	-0.6781717459056575	0.1262715596112088	-0.515422398902971	-0.1888668503602746	-0.4126984126984127	8	0.8888888888888888	21	0.75	1208	0.5372516556291391	False	Mann–Whitney U, two-sided	0.0682912392148964	0.8509591454915276	False	False	True
LUAD_G12C_vs_WT	98	NFKBIA	4792	26Q1	CANCER-001	kras-wt	same-disease models with KRAS p.G12C	same-disease models with WES/WGS coverage and no detected KRAS variant	9	52	9	28	9	28	-0.322956052264553	-0.3060401709034839	0.47880567956144	-0.1342485235578171	-0.1887075287067358	-0.2777777777777778	3	0.3333333333333333	2	0.0714285714285714	1208	0.0480132450331125	False	Mann–Whitney U, two-sided	0.2219774641011133	0.8841132627270241	False	False	True
LUAD_G12C_vs_WT	99	THNSL2	55258	26Q1	CANCER-001	kras-wt	same-disease models with KRAS p.G12C	same-disease models with WES/WGS coverage and no detected KRAS variant	9	52	9	28	9	28	-0.2060470187978282	-0.1956520286689377	0.2369919950766518	-0.0173890785453675	-0.1886579402524607	-0.626984126984127	1	0.1111111111111111	0	0.0	1208	0.0016556291390728	False	Mann–Whitney U, two-sided	0.0054548371423949	0.8089611661241279	False	False	True
LUAD_G12C_vs_WT	100	XPOT	11260	26Q1	CANCER-001	kras-wt	same-disease models with KRAS p.G12C	same-disease models with WES/WGS coverage and no detected KRAS variant	9	52	9	28	9	28	-0.6673836937442876	-0.5898607332060857	0.3275552582460732	-0.4788459853265777	-0.1885377084177099	-0.2619047619047619	6	0.6666666666666666	18	0.6428571428571429	1208	0.5827814569536424	False	Mann–Whitney U, two-sided	0.249943127844888	0.898862861088385	False	False	True
LUAD_G12C_vs_other_KRAS	1	SNAP23	8773	26Q1	CANCER-001	other-kras	same-disease models with KRAS p.G12C	same-disease models carrying a non-target KRAS variant annotated as driver/hotspot	9	22	9	16	9	16	-1.1429220142733827	-1.101041117756283	1.0747476548454555	-0.3253115649391563	-0.8176104493342264	-0.5	5	0.5555555555555556	6	0.375	1208	0.6779801324503312	False	Mann–Whitney U, two-sided	0.044453235854658	1.0	False	False	True
LUAD_G12C_vs_other_KRAS	2	UBIAD1	29914	26Q1	CANCER-001	other-kras	same-disease models with KRAS p.G12C	same-disease models carrying a non-target KRAS variant annotated as driver/hotspot	9	22	9	16	9	16	-1.134907553104028	-1.098253532009336	0.3372201523373574	-0.5323056375041766	-0.6026019155998514	-0.4027777777777778	9	1.0	8	0.5	1208	0.3940397350993377	False	Mann–Whitney U, two-sided	0.1066370578025633	1.0	False	False	True
LUAD_G12C_vs_other_KRAS	3	PSMG1	8624	26Q1	CANCER-001	other-kras	same-disease models with KRAS p.G12C	same-disease models carrying a non-target KRAS variant annotated as driver/hotspot	9	22	9	16	9	16	-1.1104194731988504	-0.9072824816455566	0.7401585970743148	-0.5324136636352956	-0.5780058095635547	-0.4166666666666667	6	0.6666666666666666	10	0.625	1208	0.5678807947019867	False	Mann–Whitney U, two-sided	0.0948978739247642	1.0	False	False	True
LUAD_G12C_vs_other_KRAS	4	FDXR	2232	26Q1	CANCER-001	other-kras	same-disease models with KRAS p.G12C	same-disease models carrying a non-target KRAS variant annotated as driver/hotspot	9	22	9	16	9	16	-0.9007303573827492	-0.796218064001289	0.4595504142394009	-0.3705664863204134	-0.5301638710623358	-0.5833333333333334	7	0.7777777777777778	6	0.375	1208	0.6771523178807947	False	Mann–Whitney U, two-sided	0.0187999143247778	1.0	False	False	True
LUAD_G12C_vs_other_KRAS	5	BRD2	6046	26Q1	CANCER-001	other-kras	same-disease models with KRAS p.G12C	same-disease models carrying a non-target KRAS variant annotated as driver/hotspot	9	22	9	16	9	16	-0.7527758138256821	-0.6336799538761001	0.5267410254009814	-0.2851166828876281	-0.467659130938054	-0.4444444444444444	6	0.6666666666666666	4	0.25	1208	0.429635761589404	False	Mann–Whitney U, two-sided	0.0745315710546194	1.0	False	False	True
LUAD_G12C_vs_other_KRAS	6	ATP5ME	521	26Q1	CANCER-001	other-kras	same-disease models with KRAS p.G12C	same-disease models carrying a non-target KRAS variant annotated as driver/hotspot	9	22	9	16	9	16	-0.8773907186052212	-0.5970289735832804	0.6646532534545899	-0.4263203456738861	-0.4510703729313351	-0.0833333333333333	5	0.5555555555555556	8	0.5	1208	0.6200331125827815	False	Mann–Whitney U, two-sided	0.7555146567388422	1.0	False	False	True
LUAD_G12C_vs_other_KRAS	7	MON2	23041	26Q1	CANCER-001	other-kras	same-disease models with KRAS p.G12C	same-disease models carrying a non-target KRAS variant annotated as driver/hotspot	9	22	9	16	9	16	-0.2909656100826159	-0.1687644406395879	0.3567551865955937	0.149459672079772	-0.4404252821623879	-0.5	1	0.1111111111111111	1	0.0625	1208	0.1473509933774834	False	Mann–Whitney U, two-sided	0.044453235854658	1.0	False	False	True
LUAD_G12C_vs_other_KRAS	8	MIPEP	4285	26Q1	CANCER-001	other-kras	same-disease models with KRAS p.G12C	same-disease models carrying a non-target KRAS variant annotated as driver/hotspot	9	22	9	16	9	16	-0.7360850971400075	-0.6027775775267189	0.3157246792139907	-0.298170968774636	-0.4379141283653714	-0.6388888888888888	7	0.7777777777777778	1	0.0625	1208	0.3857615894039735	False	Mann–Whitney U, two-sided	0.0099970809825753	1.0	False	False	True
LUAD_G12C_vs_other_KRAS	9	SYNCRIP	10492	26Q1	CANCER-001	other-kras	same-disease models with KRAS p.G12C	same-disease models carrying a non-target KRAS variant annotated as driver/hotspot	9	22	9	16	9	16	-0.6399735048083726	-0.609030523204651	0.545648337634995	-0.2568000941239932	-0.3831734106843794	-0.5555555555555556	6	0.6666666666666666	2	0.125	1208	0.3038079470198676	False	Mann–Whitney U, two-sided	0.0253355867361791	1.0	False	False	True
LUAD_G12C_vs_other_KRAS	10	RAB10	10890	26Q1	CANCER-001	other-kras	same-disease models with KRAS p.G12C	same-disease models carrying a non-target KRAS variant annotated as driver/hotspot	9	22	9	16	9	16	-0.7590159276603008	-0.7663621414052325	0.9199373295059114	-0.3874843870405351	-0.3715315406197657	-0.4166666666666667	6	0.6666666666666666	5	0.3125	1208	0.4470198675496689	False	Mann–Whitney U, two-sided	0.0948978739247642	1.0	False	False	True
LUAD_G12C_vs_other_KRAS	11	SNRPB2	6629	26Q1	CANCER-001	other-kras	same-disease models with KRAS p.G12C	same-disease models carrying a non-target KRAS variant annotated as driver/hotspot	9	22	9	16	9	16	-0.8719735944851884	-0.794659642285171	0.3069772860795871	-0.5027492667190359	-0.3692243277661525	-0.2777777777777778	7	0.7777777777777778	7	0.4375	1208	0.6821192052980133	False	Mann–Whitney U, two-sided	0.269606104568209	1.0	False	False	True
LUAD_G12C_vs_other_KRAS	12	AP2S1	1175	26Q1	CANCER-001	other-kras	same-disease models with KRAS p.G12C	same-disease models carrying a non-target KRAS variant annotated as driver/hotspot	9	22	9	16	9	16	-0.825128432807423	-0.6894761197686299	0.6848936222049938	-0.4716605877944642	-0.3534678450129587	-0.0138888888888888	6	0.6666666666666666	7	0.4375	1208	0.7649006622516556	False	Mann–Whitney U, two-sided	0.9774173567823232	1.0	False	False	True
LUAD_G12C_vs_other_KRAS	13	WDR48	57599	26Q1	CANCER-001	other-kras	same-disease models with KRAS p.G12C	same-disease models carrying a non-target KRAS variant annotated as driver/hotspot	9	22	9	16	9	16	-0.6919169841274772	-0.6788500833515436	0.6142430333967839	-0.3387627545069491	-0.353154229620528	-0.4027777777777778	5	0.5555555555555556	6	0.375	1208	0.4271523178807947	False	Mann–Whitney U, two-sided	0.1066370578025633	1.0	False	False	True
LUAD_G12C_vs_other_KRAS	14	GMNN	51053	26Q1	CANCER-001	other-kras	same-disease models with KRAS p.G12C	same-disease models carrying a non-target KRAS variant annotated as driver/hotspot	9	22	9	16	9	16	-0.8312037858617911	-0.7096046146288949	0.4131534204457788	-0.4883290251818296	-0.3428747606799615	-0.4166666666666667	7	0.7777777777777778	6	0.375	1208	0.4428807947019867	False	Mann–Whitney U, two-sided	0.0948978739247642	1.0	False	False	True
LUAD_G12C_vs_other_KRAS	15	COX18	285521	26Q1	CANCER-001	other-kras	same-disease models with KRAS p.G12C	same-disease models carrying a non-target KRAS variant annotated as driver/hotspot	9	22	9	16	9	16	-0.5633662047834335	-0.4038629979817874	0.5428228779651922	-0.225019781380588	-0.3383464234028454	-0.2083333333333333	5	0.5555555555555556	2	0.125	1208	0.2458609271523179	False	Mann–Whitney U, two-sided	0.4117027470058471	1.0	False	False	True
LUAD_G12C_vs_other_KRAS	16	ZNF217	7764	26Q1	CANCER-001	other-kras	same-disease models with KRAS p.G12C	same-disease models carrying a non-target KRAS variant annotated as driver/hotspot	9	22	9	16	9	16	-0.5676131233440336	-0.5493173121624227	0.1554601204512322	-0.2340328005963549	-0.3335803227476786	-0.5277777777777778	7	0.7777777777777778	4	0.25	1208	0.4420529801324503	False	Mann–Whitney U, two-sided	0.0337522229559557	1.0	False	False	True
LUAD_G12C_vs_other_KRAS	17	EAF1	85403	26Q1	CANCER-001	other-kras	same-disease models with KRAS p.G12C	same-disease models carrying a non-target KRAS variant annotated as driver/hotspot	9	22	9	16	9	16	-0.6612955311007913	-0.5979149944013044	0.1843920529050996	-0.3308302437624966	-0.3304652873382947	-0.2638888888888889	7	0.7777777777777778	6	0.375	1208	0.3559602649006622	False	Mann–Whitney U, two-sided	0.2949352987570909	1.0	False	False	True
LUAD_G12C_vs_other_KRAS	18	WDR1	9948	26Q1	CANCER-001	other-kras	same-disease models with KRAS p.G12C	same-disease models carrying a non-target KRAS variant annotated as driver/hotspot	9	22	9	16	9	16	-0.8492270888287005	-0.8509996657366069	0.2656565811632871	-0.5216778157668345	-0.327549273061866	-0.4583333333333333	8	0.8888888888888888	8	0.5	1208	0.7144039735099338	False	Mann–Whitney U, two-sided	0.0657755518371786	1.0	False	False	True
LUAD_G12C_vs_other_KRAS	19	SLC25A26	115286	26Q1	CANCER-001	other-kras	same-disease models with KRAS p.G12C	same-disease models carrying a non-target KRAS variant annotated as driver/hotspot	9	22	9	16	9	16	-0.5904792015403713	-0.5135985652014939	0.3260642881191659	-0.2691254211701542	-0.321353780370217	-0.3333333333333333	5	0.5555555555555556	6	0.375	1208	0.4619205298013245	False	Mann–Whitney U, two-sided	0.1833781124894503	1.0	False	False	True
LUAD_G12C_vs_other_KRAS	20	MRPS6	64968	26Q1	CANCER-001	other-kras	same-disease models with KRAS p.G12C	same-disease models carrying a non-target KRAS variant annotated as driver/hotspot	9	22	9	16	9	16	-0.6840278270834611	-0.6540871300081571	0.6299328682314909	-0.365352810501085	-0.318675016582376	-0.4027777777777778	6	0.6666666666666666	7	0.4375	1208	0.6117549668874173	False	Mann–Whitney U, two-sided	0.1066370578025633	1.0	False	False	True
LUAD_G12C_vs_other_KRAS	21	MTPAP	55149	26Q1	CANCER-001	other-kras	same-disease models with KRAS p.G12C	same-disease models carrying a non-target KRAS variant annotated as driver/hotspot	9	22	9	16	9	16	-0.8839778209729366	-0.8632020239923367	0.3405359263041847	-0.5710362929108748	-0.3129415280620619	-0.4027777777777778	7	0.7777777777777778	11	0.6875	1208	0.7591059602649006	False	Mann–Whitney U, two-sided	0.1066370578025633	1.0	False	False	True
LUAD_G12C_vs_other_KRAS	22	MCL1	4170	26Q1	CANCER-001	other-kras	same-disease models with KRAS p.G12C	same-disease models carrying a non-target KRAS variant annotated as driver/hotspot	9	22	9	16	9	16	-0.791150582561199	-0.8121805437425281	0.3585970664411227	-0.4812385488915008	-0.3099120336696981	-0.4305555555555556	7	0.7777777777777778	8	0.5	1208	0.6837748344370861	False	Mann–Whitney U, two-sided	0.0842175169114889	1.0	False	False	True
LUAD_G12C_vs_other_KRAS	23	C3orf38	285237	26Q1	CANCER-001	other-kras	same-disease models with KRAS p.G12C	same-disease models carrying a non-target KRAS variant annotated as driver/hotspot	9	22	9	16	9	16	-0.545345486054029	-0.5961359163883683	0.4141163938122596	-0.2377853110247644	-0.3075601750292646	-0.6527777777777778	6	0.6666666666666666	4	0.25	1208	0.3079470198675497	False	Mann–Whitney U, two-sided	0.0084748018921538	1.0	False	False	True
LUAD_G12C_vs_other_KRAS	24	MRPS24	64951	26Q1	CANCER-001	other-kras	same-disease models with KRAS p.G12C	same-disease models carrying a non-target KRAS variant annotated as driver/hotspot	9	22	9	16	9	16	-0.5456736962423304	-0.4520450105183191	0.6417266589133058	-0.242964694365896	-0.3027090018764344	-0.3055555555555556	5	0.5555555555555556	3	0.1875	1208	0.4991721854304636	False	Mann–Whitney U, two-sided	0.223528962587941	1.0	False	False	True
LUAD_G12C_vs_other_KRAS	25	NXT1	29107	26Q1	CANCER-001	other-kras	same-disease models with KRAS p.G12C	same-disease models carrying a non-target KRAS variant annotated as driver/hotspot	9	22	9	16	9	16	-0.5668850628876889	-0.6140023543900355	0.2847735119350446	-0.2657526388489143	-0.3011324240387746	-0.4722222222222222	5	0.5555555555555556	4	0.25	1208	0.4602649006622517	False	Mann–Whitney U, two-sided	0.0578855014420181	1.0	False	False	True
LUAD_G12C_vs_other_KRAS	26	SLC35B2	347734	26Q1	CANCER-001	other-kras	same-disease models with KRAS p.G12C	same-disease models carrying a non-target KRAS variant annotated as driver/hotspot	9	22	9	16	9	16	-0.4928673388559624	-0.4042423947233941	0.4175297700441839	-0.1938631950466281	-0.2990041438093342	-0.4166666666666667	5	0.5555555555555556	0	0.0	1208	0.2483443708609271	False	Mann–Whitney U, two-sided	0.0948978739247642	1.0	False	False	True
LUAD_G12C_vs_other_KRAS	27	MLST8	64223	26Q1	CANCER-001	other-kras	same-disease models with KRAS p.G12C	same-disease models carrying a non-target KRAS variant annotated as driver/hotspot	9	22	9	16	9	16	-0.795697023981327	-0.7544829390694837	0.5014278702104433	-0.4989648093185587	-0.2967322146627683	-0.4305555555555556	6	0.6666666666666666	8	0.5	1208	0.722682119205298	False	Mann–Whitney U, two-sided	0.0842175169114889	1.0	False	False	True
LUAD_G12C_vs_other_KRAS	28	EMC1	23065	26Q1	CANCER-001	other-kras	same-disease models with KRAS p.G12C	same-disease models carrying a non-target KRAS variant annotated as driver/hotspot	9	22	9	16	9	16	-0.6387105549778057	-0.50999835762877	0.3665496826374468	-0.3472092343627421	-0.2915013206150636	-0.375	6	0.6666666666666666	4	0.25	1208	0.5488410596026491	False	Mann–Whitney U, two-sided	0.1335452358026168	1.0	False	False	True
LUAD_G12C_vs_other_KRAS	29	TFRC	7037	26Q1	CANCER-001	other-kras	same-disease models with KRAS p.G12C	same-disease models carrying a non-target KRAS variant annotated as driver/hotspot	9	22	9	16	9	16	-0.8111389656323347	-0.9155319717572874	0.874512918305802	-0.5204517117577254	-0.2906872538746092	-0.2916666666666667	8	0.8888888888888888	9	0.5625	1208	0.7367549668874173	False	Mann–Whitney U, two-sided	0.2458111315298186	1.0	False	False	True
LUAD_G12C_vs_other_KRAS	30	BRAT1	221927	26Q1	CANCER-001	other-kras	same-disease models with KRAS p.G12C	same-disease models carrying a non-target KRAS variant annotated as driver/hotspot	9	22	9	16	9	16	-0.5073270593987871	-0.5512239595011637	0.1220239140174958	-0.2180479830468426	-0.2892790763519444	-0.25	5	0.5555555555555556	5	0.3125	1208	0.4660596026490066	False	Mann–Whitney U, two-sided	0.3218113791981505	1.0	False	False	True
LUAD_G12C_vs_other_KRAS	31	DNM1L	10059	26Q1	CANCER-001	other-kras	same-disease models with KRAS p.G12C	same-disease models carrying a non-target KRAS variant annotated as driver/hotspot	9	22	9	16	9	16	-0.9779565828715522	-1.0037514799843454	0.9573173703678468	-0.6908426266229764	-0.2871139562485758	-0.3472222222222222	7	0.7777777777777778	11	0.6875	1208	0.6299668874172185	False	Mann–Whitney U, two-sided	0.1654297590683368	1.0	False	False	True
LUAD_G12C_vs_other_KRAS	32	NDUFS1	4719	26Q1	CANCER-001	other-kras	same-disease models with KRAS p.G12C	same-disease models carrying a non-target KRAS variant annotated as driver/hotspot	9	22	9	16	9	16	-0.5647220755899427	-0.5443722727813337	0.3681420826184883	-0.2798943262663064	-0.2848277493236363	-0.2638888888888889	5	0.5555555555555556	6	0.375	1208	0.4089403973509933	False	Mann–Whitney U, two-sided	0.2949352987570909	1.0	False	False	True
LUAD_G12C_vs_other_KRAS	33	CHD1	1105	26Q1	CANCER-001	other-kras	same-disease models with KRAS p.G12C	same-disease models carrying a non-target KRAS variant annotated as driver/hotspot	9	22	9	16	9	16	-0.3788017295522355	-0.3865178433834391	0.1262081610596548	-0.0943000179094501	-0.2845017116427854	-0.6666666666666666	2	0.2222222222222222	1	0.0625	1208	0.1117549668874172	False	Mann–Whitney U, two-sided	0.0071632515034737	1.0	False	False	True
LUAD_G12C_vs_other_KRAS	34	MRPS12	6183	26Q1	CANCER-001	other-kras	same-disease models with KRAS p.G12C	same-disease models carrying a non-target KRAS variant annotated as driver/hotspot	9	22	9	16	9	16	-0.8735745430630354	-0.7903755442720392	0.5569548935258568	-0.5906463800123118	-0.2829281630507235	-0.3333333333333333	7	0.7777777777777778	10	0.625	1208	0.6970198675496688	False	Mann–Whitney U, two-sided	0.1833781124894503	1.0	False	False	True
LUAD_G12C_vs_other_KRAS	35	ENO1	2023	26Q1	CANCER-001	other-kras	same-disease models with KRAS p.G12C	same-disease models carrying a non-target KRAS variant annotated as driver/hotspot	9	22	9	16	9	16	-0.7190312344768236	-0.7726199466168653	0.4409154885683104	-0.436708669237279	-0.2823225652395446	-0.2916666666666667	8	0.8888888888888888	7	0.4375	1208	0.5769867549668874	False	Mann–Whitney U, two-sided	0.2458111315298186	1.0	False	False	True
LUAD_G12C_vs_other_KRAS	36	TARS2	80222	26Q1	CANCER-001	other-kras	same-disease models with KRAS p.G12C	same-disease models carrying a non-target KRAS variant annotated as driver/hotspot	9	22	9	16	9	16	-0.9659492886142088	-0.8314110236170518	0.5001280213316877	-0.6851627160553904	-0.2807865725588184	-0.2083333333333333	7	0.7777777777777778	12	0.75	1208	0.7541390728476821	False	Mann–Whitney U, two-sided	0.4117027470058471	1.0	False	False	True
LUAD_G12C_vs_other_KRAS	37	SOD2	6648	26Q1	CANCER-001	other-kras	same-disease models with KRAS p.G12C	same-disease models carrying a non-target KRAS variant annotated as driver/hotspot	9	22	9	16	9	16	-0.6790721128913508	-0.7474085998650606	0.4943045671390791	-0.399187683133103	-0.2798844297582478	-0.2361111111111111	7	0.7777777777777778	7	0.4375	1208	0.7822847682119205	False	Mann–Whitney U, two-sided	0.3502375848189941	1.0	False	False	True
LUAD_G12C_vs_other_KRAS	38	SAMM50	25813	26Q1	CANCER-001	other-kras	same-disease models with KRAS p.G12C	same-disease models carrying a non-target KRAS variant annotated as driver/hotspot	9	22	9	16	9	16	-0.6778333974380827	-0.6789846220405262	0.1349848063926151	-0.3981022127435401	-0.2797311846945426	-0.6666666666666666	8	0.8888888888888888	5	0.3125	1208	0.6332781456953642	False	Mann–Whitney U, two-sided	0.0071632515034737	1.0	False	False	True
LUAD_G12C_vs_other_KRAS	39	HNRNPA1	3178	26Q1	CANCER-001	other-kras	same-disease models with KRAS p.G12C	same-disease models carrying a non-target KRAS variant annotated as driver/hotspot	9	22	9	16	9	16	-0.4916960623509095	-0.3806542336879603	0.3432913518943266	-0.2122184835088828	-0.2794775788420267	-0.2361111111111111	4	0.4444444444444444	3	0.1875	1208	0.2317880794701986	False	Mann–Whitney U, two-sided	0.3502375848189941	1.0	False	False	True
LUAD_G12C_vs_other_KRAS	40	PPP1R15B	84919	26Q1	CANCER-001	other-kras	same-disease models with KRAS p.G12C	same-disease models carrying a non-target KRAS variant annotated as driver/hotspot	9	22	9	16	9	16	-0.9606505969658754	-0.9760367037808588	0.5487544782650478	-0.6840510841134153	-0.2765995128524601	-0.3194444444444444	9	1.0	13	0.8125	1208	0.7889072847682119	False	Mann–Whitney U, two-sided	0.2027301706465225	1.0	False	False	True
LUAD_G12C_vs_other_KRAS	41	TGIF1	7050	26Q1	CANCER-001	other-kras	same-disease models with KRAS p.G12C	same-disease models carrying a non-target KRAS variant annotated as driver/hotspot	9	22	9	16	9	16	-0.409456381057814	-0.2979930354979593	0.4204006458834749	-0.1354093344354649	-0.2740470466223491	-0.2083333333333333	2	0.2222222222222222	4	0.25	1208	0.0968543046357615	False	Mann–Whitney U, two-sided	0.4117027470058471	1.0	False	False	True
LUAD_G12C_vs_other_KRAS	42	SETD2	29072	26Q1	CANCER-001	other-kras	same-disease models with KRAS p.G12C	same-disease models carrying a non-target KRAS variant annotated as driver/hotspot	9	22	9	16	9	16	-0.5657609197402163	-0.536493771664497	0.4067694521355658	-0.2933606973252073	-0.2724002224150089	-0.4166666666666667	5	0.5555555555555556	5	0.3125	1208	0.4031456953642384	False	Mann–Whitney U, two-sided	0.0948978739247642	1.0	False	False	True
LUAD_G12C_vs_other_KRAS	43	C19orf25	148223	26Q1	CANCER-001	other-kras	same-disease models with KRAS p.G12C	same-disease models carrying a non-target KRAS variant annotated as driver/hotspot	9	22	9	16	9	16	-0.3397733161364181	-0.3056507707359613	0.3016591270164117	-0.0687709059962737	-0.2710024101401443	-0.5555555555555556	2	0.2222222222222222	2	0.125	1208	0.2524834437086092	False	Mann–Whitney U, two-sided	0.0253355867361791	1.0	False	False	True
LUAD_G12C_vs_other_KRAS	44	ANKRD49	54851	26Q1	CANCER-001	other-kras	same-disease models with KRAS p.G12C	same-disease models carrying a non-target KRAS variant annotated as driver/hotspot	9	22	9	16	9	16	-0.4629174253593723	-0.3531328655563279	0.472822550938023	-0.1940345537359482	-0.268882871623424	-0.0972222222222222	4	0.4444444444444444	4	0.25	1208	0.3766556291390728	False	Mann–Whitney U, two-sided	0.7128806637550735	1.0	False	False	True
LUAD_G12C_vs_other_KRAS	45	EFR3A	23167	26Q1	CANCER-001	other-kras	same-disease models with KRAS p.G12C	same-disease models carrying a non-target KRAS variant annotated as driver/hotspot	9	22	9	16	9	16	-0.3954527005133404	-0.4399041952223499	0.2976590734890653	-0.1286492022835312	-0.2668034982298092	-0.3611111111111111	3	0.3333333333333333	3	0.1875	1208	0.3857615894039735	False	Mann–Whitney U, two-sided	0.1488365468767095	1.0	False	False	True
LUAD_G12C_vs_other_KRAS	46	WDR83	84292	26Q1	CANCER-001	other-kras	same-disease models with KRAS p.G12C	same-disease models carrying a non-target KRAS variant annotated as driver/hotspot	9	22	9	16	9	16	-0.5659697470016987	-0.5063034004623764	0.307032095284461	-0.299567947824403	-0.2664017991772956	-0.3472222222222222	5	0.5555555555555556	4	0.25	1208	0.5057947019867549	False	Mann–Whitney U, two-sided	0.1654297590683368	1.0	False	False	True
LUAD_G12C_vs_other_KRAS	47	SP3	6670	26Q1	CANCER-001	other-kras	same-disease models with KRAS p.G12C	same-disease models carrying a non-target KRAS variant annotated as driver/hotspot	9	22	9	16	9	16	-0.3889734998342833	-0.3343605008546453	0.2149930722648425	-0.1234100751351472	-0.2655634246991361	-0.4861111111111111	1	0.1111111111111111	1	0.0625	1208	0.0653973509933774	False	Mann–Whitney U, two-sided	0.0507985207388399	1.0	False	False	True
LUAD_G12C_vs_other_KRAS	48	MRPL53	116540	26Q1	CANCER-001	other-kras	same-disease models with KRAS p.G12C	same-disease models carrying a non-target KRAS variant annotated as driver/hotspot	9	22	9	16	9	16	-0.8213566827702663	-0.806690431175396	0.3682433799850885	-0.5625496435783885	-0.2588070391918777	-0.4583333333333333	9	1.0	11	0.6875	1208	0.7889072847682119	False	Mann–Whitney U, two-sided	0.0657755518371786	1.0	False	False	True
LUAD_G12C_vs_other_KRAS	49	ARL4A	10124	26Q1	CANCER-001	other-kras	same-disease models with KRAS p.G12C	same-disease models carrying a non-target KRAS variant annotated as driver/hotspot	9	22	9	16	9	16	-0.3226611695012127	-0.1980069486974407	0.3100425380381076	-0.0643934425083682	-0.2582677269928444	-0.375	0	0.0	0	0.0	1208	0.0140728476821192	False	Mann–Whitney U, two-sided	0.1335452358026168	1.0	False	False	True
LUAD_G12C_vs_other_KRAS	50	UQCRC2	7385	26Q1	CANCER-001	other-kras	same-disease models with KRAS p.G12C	same-disease models carrying a non-target KRAS variant annotated as driver/hotspot	9	22	9	16	9	16	-0.9111121715749358	-0.7776352463729325	0.5768518104169277	-0.655713870435879	-0.2553983011390568	-0.3472222222222222	6	0.6666666666666666	10	0.625	1208	0.6490066225165563	False	Mann–Whitney U, two-sided	0.1654297590683368	1.0	False	False	True
LUAD_G12C_vs_other_KRAS	51	ATAD3B	83858	26Q1	CANCER-001	other-kras	same-disease models with KRAS p.G12C	same-disease models carrying a non-target KRAS variant annotated as driver/hotspot	9	22	9	16	9	16	-0.1377332371418129	-0.1277129325722688	0.3050966336092866	0.1174824410855571	-0.25521567822737	-0.6944444444444444	0	0.0	0	0.0	1208	0.0124172185430463	False	Mann–Whitney U, two-sided	0.0050726194108165	1.0	False	False	True
LUAD_G12C_vs_other_KRAS	52	DOLK	22845	26Q1	CANCER-001	other-kras	same-disease models with KRAS p.G12C	same-disease models carrying a non-target KRAS variant annotated as driver/hotspot	9	22	9	16	9	16	-0.5852435595957646	-0.5238791776299748	0.1251103939515851	-0.3304309957147101	-0.2548125638810545	-0.4722222222222222	7	0.7777777777777778	4	0.25	1208	0.4817880794701987	False	Mann–Whitney U, two-sided	0.0578855014420181	1.0	False	False	True
LUAD_G12C_vs_other_KRAS	53	MRPS2	51116	26Q1	CANCER-001	other-kras	same-disease models with KRAS p.G12C	same-disease models carrying a non-target KRAS variant annotated as driver/hotspot	9	22	9	16	9	16	-0.6208755708871672	-0.6083691262829185	0.3144472494866323	-0.3680331727877201	-0.2528423980994471	-0.375	6	0.6666666666666666	7	0.4375	1208	0.48841059602649	False	Mann–Whitney U, two-sided	0.1335452358026168	1.0	False	False	True
LUAD_G12C_vs_other_KRAS	54	DOHH	83475	26Q1	CANCER-001	other-kras	same-disease models with KRAS p.G12C	same-disease models carrying a non-target KRAS variant annotated as driver/hotspot	9	22	9	16	9	16	-0.5811691195554178	-0.5639651372435637	0.3682411680998974	-0.3302114346676819	-0.2509576848877359	-0.5	6	0.6666666666666666	5	0.3125	1208	0.6324503311258278	False	Mann–Whitney U, two-sided	0.044453235854658	1.0	False	False	True
LUAD_G12C_vs_other_KRAS	55	KDM2A	22992	26Q1	CANCER-001	other-kras	same-disease models with KRAS p.G12C	same-disease models carrying a non-target KRAS variant annotated as driver/hotspot	9	22	9	16	9	16	-0.7715834677725715	-0.7496782077063835	0.4724054726857926	-0.522550389093373	-0.2490330786791984	-0.5	7	0.7777777777777778	9	0.5625	1208	0.6788079470198676	False	Mann–Whitney U, two-sided	0.044453235854658	1.0	False	False	True
LUAD_G12C_vs_other_KRAS	56	USE1	55850	26Q1	CANCER-001	other-kras	same-disease models with KRAS p.G12C	same-disease models carrying a non-target KRAS variant annotated as driver/hotspot	9	22	9	16	9	16	-0.5832079759540145	-0.5404872462208599	0.5237319876184804	-0.3362936744451658	-0.2469143015088487	-0.2083333333333333	5	0.5555555555555556	4	0.25	1208	0.4817880794701987	False	Mann–Whitney U, two-sided	0.4117027470058471	1.0	False	False	True
LUAD_G12C_vs_other_KRAS	57	ZKSCAN7	55888	26Q1	CANCER-001	other-kras	same-disease models with KRAS p.G12C	same-disease models carrying a non-target KRAS variant annotated as driver/hotspot	9	22	9	16	9	16	0.0898069018891191	0.3537011815622515	0.6374315218677679	0.3356476720662453	-0.2458407701771262	-0.0833333333333333	0	0.0	0	0.0	1208	0.0008278145695364	False	Mann–Whitney U, two-sided	0.7555146567388422	1.0	False	False	True
LUAD_G12C_vs_other_KRAS	58	HSP90AB1	3326	26Q1	CANCER-001	other-kras	same-disease models with KRAS p.G12C	same-disease models carrying a non-target KRAS variant annotated as driver/hotspot	9	22	9	16	9	16	-0.4440764803287829	-0.4325086497426416	0.3102456809090195	-0.2003214399279377	-0.2437550404008451	-0.3055555555555556	4	0.4444444444444444	2	0.125	1208	0.1283112582781456	False	Mann–Whitney U, two-sided	0.223528962587941	1.0	False	False	True
LUAD_G12C_vs_other_KRAS	59	CRKL	1399	26Q1	CANCER-001	other-kras	same-disease models with KRAS p.G12C	same-disease models carrying a non-target KRAS variant annotated as driver/hotspot	9	22	9	16	9	16	-1.125664353158004	-1.2083989730664964	1.0291144046796497	-0.8819551896648925	-0.2437091634931114	-0.1388888888888889	8	0.8888888888888888	16	1.0	1208	0.7458609271523179	False	Mann–Whitney U, two-sided	0.5906933198847109	1.0	False	False	True
LUAD_G12C_vs_other_KRAS	60	FIS1	51024	26Q1	CANCER-001	other-kras	same-disease models with KRAS p.G12C	same-disease models carrying a non-target KRAS variant annotated as driver/hotspot	9	22	9	16	9	16	-0.5294596916716476	-0.4607468647408868	0.4007303924361277	-0.2868810984698867	-0.2425785932017609	-0.3333333333333333	5	0.5555555555555556	4	0.25	1208	0.2615894039735099	False	Mann–Whitney U, two-sided	0.1833781124894503	1.0	False	False	True
LUAD_G12C_vs_other_KRAS	61	UBA5	79876	26Q1	CANCER-001	other-kras	same-disease models with KRAS p.G12C	same-disease models carrying a non-target KRAS variant annotated as driver/hotspot	9	22	9	16	9	16	-0.867479839993909	-0.8701823466743285	0.6176407832104308	-0.6255828740291887	-0.2418969659647203	-0.25	8	0.8888888888888888	11	0.6875	1208	0.6423841059602649	False	Mann–Whitney U, two-sided	0.3218113791981505	1.0	False	False	True
LUAD_G12C_vs_other_KRAS	62	G6PD	2539	26Q1	CANCER-001	other-kras	same-disease models with KRAS p.G12C	same-disease models carrying a non-target KRAS variant annotated as driver/hotspot	9	22	9	16	9	16	-0.2760329469761737	-0.272190836193346	0.4211860157680538	-0.0350090545374082	-0.2410238924387654	-0.4722222222222222	3	0.3333333333333333	1	0.0625	1208	0.1382450331125828	False	Mann–Whitney U, two-sided	0.0578855014420181	1.0	False	False	True
LUAD_G12C_vs_other_KRAS	63	SLMAP	7871	26Q1	CANCER-001	other-kras	same-disease models with KRAS p.G12C	same-disease models carrying a non-target KRAS variant annotated as driver/hotspot	9	22	9	16	9	16	-0.4323821436177917	-0.4792925897927716	0.2873588639554444	-0.1960425953082257	-0.236339548309566	-0.6944444444444444	4	0.4444444444444444	3	0.1875	1208	0.2094370860927152	False	Mann–Whitney U, two-sided	0.0050726194108165	1.0	False	False	True
LUAD_G12C_vs_other_KRAS	64	SLC33A1	9197	26Q1	CANCER-001	other-kras	same-disease models with KRAS p.G12C	same-disease models carrying a non-target KRAS variant annotated as driver/hotspot	9	22	9	16	9	16	-0.4112308814581716	-0.4978409775603834	0.2259165719079588	-0.1757168721951314	-0.2355140092630401	-0.3194444444444444	2	0.2222222222222222	4	0.25	1208	0.1506622516556291	False	Mann–Whitney U, two-sided	0.2027301706465225	1.0	False	False	True
LUAD_G12C_vs_other_KRAS	65	RNASEH2A	10535	26Q1	CANCER-001	other-kras	same-disease models with KRAS p.G12C	same-disease models carrying a non-target KRAS variant annotated as driver/hotspot	9	22	9	16	9	16	-0.4293157030491798	-0.4276894872838602	0.4378276610529243	-0.1959030219557064	-0.2334126810934734	-0.3888888888888889	4	0.4444444444444444	2	0.125	1208	0.2831125827814569	False	Mann–Whitney U, two-sided	0.1194987597900454	1.0	False	False	True
LUAD_G12C_vs_other_KRAS	66	APEX2	27301	26Q1	CANCER-001	other-kras	same-disease models with KRAS p.G12C	same-disease models carrying a non-target KRAS variant annotated as driver/hotspot	9	22	9	16	9	16	-0.357759725616386	-0.3265893300153654	0.2455915546886805	-0.1254801912481856	-0.2322795343682004	-0.25	2	0.2222222222222222	2	0.125	1208	0.1539735099337748	False	Mann–Whitney U, two-sided	0.3218113791981505	1.0	False	False	True
LUAD_G12C_vs_other_KRAS	67	TELO2	9894	26Q1	CANCER-001	other-kras	same-disease models with KRAS p.G12C	same-disease models carrying a non-target KRAS variant annotated as driver/hotspot	9	22	9	16	9	16	-0.8191171867388712	-0.7644099307477409	0.4921675161094754	-0.5893171152199566	-0.2298000715189146	-0.2638888888888889	7	0.7777777777777778	9	0.5625	1208	0.7400662251655629	False	Mann–Whitney U, two-sided	0.2949352987570909	1.0	False	False	True
LUAD_G12C_vs_other_KRAS	68	ODR4	54953	26Q1	CANCER-001	other-kras	same-disease models with KRAS p.G12C	same-disease models carrying a non-target KRAS variant annotated as driver/hotspot	9	22	9	16	9	16	-0.458627222100285	-0.3950232240692357	0.1619184356877135	-0.2327404784639749	-0.2258867436363101	-0.5277777777777778	4	0.4444444444444444	1	0.0625	1208	0.2400662251655629	False	Mann–Whitney U, two-sided	0.0337522229559557	1.0	False	False	True
LUAD_G12C_vs_other_KRAS	69	EMC7	56851	26Q1	CANCER-001	other-kras	same-disease models with KRAS p.G12C	same-disease models carrying a non-target KRAS variant annotated as driver/hotspot	9	22	9	16	9	16	-0.7238885939360745	-0.7181699939440026	0.2724374239111322	-0.4984233300311241	-0.2254652639049503	-0.3472222222222222	7	0.7777777777777778	8	0.5	1208	0.7384105960264901	False	Mann–Whitney U, two-sided	0.1654297590683368	1.0	False	False	True
LUAD_G12C_vs_other_KRAS	70	IWS1	55677	26Q1	CANCER-001	other-kras	same-disease models with KRAS p.G12C	same-disease models carrying a non-target KRAS variant annotated as driver/hotspot	9	22	9	16	9	16	-0.2679448491342902	-0.239070631565826	0.2409957579139511	-0.0439346723486411	-0.224010176785649	-0.3472222222222222	1	0.1111111111111111	1	0.0625	1208	0.0910596026490066	False	Mann–Whitney U, two-sided	0.1654297590683368	1.0	False	False	True
LUAD_G12C_vs_other_KRAS	71	DERL2	51009	26Q1	CANCER-001	other-kras	same-disease models with KRAS p.G12C	same-disease models carrying a non-target KRAS variant annotated as driver/hotspot	9	22	9	16	9	16	-0.3947503279625442	-0.3271881176492277	0.2242621794745301	-0.17100010614467	-0.2237502218178741	-0.5416666666666666	2	0.2222222222222222	0	0.0	1208	0.2905629139072848	False	Mann–Whitney U, two-sided	0.0292846550451611	1.0	False	False	True
LUAD_G12C_vs_other_KRAS	72	COP1	64326	26Q1	CANCER-001	other-kras	same-disease models with KRAS p.G12C	same-disease models carrying a non-target KRAS variant annotated as driver/hotspot	9	22	9	16	9	16	-0.4455912020055192	-0.3989904307098102	0.3652255602180841	-0.2238260041348316	-0.2217651978706876	-0.0833333333333333	4	0.4444444444444444	5	0.3125	1208	0.2524834437086092	False	Mann–Whitney U, two-sided	0.7555146567388422	1.0	False	False	True
LUAD_G12C_vs_other_KRAS	73	CEP43	11116	26Q1	CANCER-001	other-kras	same-disease models with KRAS p.G12C	same-disease models carrying a non-target KRAS variant annotated as driver/hotspot	9	22	9	16	9	16	-0.2086599085467697	-0.0994742083126212	0.2322573107038023	0.0125444149177068	-0.2212043234644765	-0.2083333333333333	1	0.1111111111111111	2	0.125	1208	0.3741721854304636	False	Mann–Whitney U, two-sided	0.4117027470058471	1.0	False	False	True
LUAD_G12C_vs_other_KRAS	74	SLC9A8	23315	26Q1	CANCER-001	other-kras	same-disease models with KRAS p.G12C	same-disease models carrying a non-target KRAS variant annotated as driver/hotspot	9	22	9	16	9	16	-0.0143217976850109	0.0608037063418949	0.244726225675367	0.2067012410111031	-0.221023038696114	-0.3194444444444444	0	0.0	0	0.0	1208	0.0016556291390728	False	Mann–Whitney U, two-sided	0.2027301706465225	1.0	False	False	True
LUAD_G12C_vs_other_KRAS	75	CYC1	1537	26Q1	CANCER-001	other-kras	same-disease models with KRAS p.G12C	same-disease models carrying a non-target KRAS variant annotated as driver/hotspot	9	22	9	16	9	16	-0.7231242723015812	-0.6183529628795782	0.4308517121960991	-0.5024656457918435	-0.2206586265097376	-0.2222222222222222	6	0.6666666666666666	9	0.5625	1208	0.6100993377483444	False	Mann–Whitney U, two-sided	0.3802071371873732	1.0	False	False	True
LUAD_G12C_vs_other_KRAS	76	ZNHIT6	54680	26Q1	CANCER-001	other-kras	same-disease models with KRAS p.G12C	same-disease models carrying a non-target KRAS variant annotated as driver/hotspot	9	22	9	16	9	16	-0.6172263409252859	-0.6310524085225829	0.1786608109169417	-0.3974379689500907	-0.2197883719751952	-0.3333333333333333	7	0.7777777777777778	6	0.375	1208	0.7599337748344371	False	Mann–Whitney U, two-sided	0.1833781124894503	1.0	False	False	True
LUAD_G12C_vs_other_KRAS	77	GCN1	10985	26Q1	CANCER-001	other-kras	same-disease models with KRAS p.G12C	same-disease models carrying a non-target KRAS variant annotated as driver/hotspot	9	22	9	16	9	16	-0.5964388032154809	-0.6196140367002293	0.2798625687406109	-0.3785334671025459	-0.217905336112935	-0.5	6	0.6666666666666666	5	0.3125	1208	0.5678807947019867	False	Mann–Whitney U, two-sided	0.044453235854658	1.0	False	False	True
LUAD_G12C_vs_other_KRAS	78	MTFMT	123263	26Q1	CANCER-001	other-kras	same-disease models with KRAS p.G12C	same-disease models carrying a non-target KRAS variant annotated as driver/hotspot	9	22	9	16	9	16	-0.3124867197367542	-0.2204499335074755	0.2777010298433571	-0.0951321292291934	-0.2173545905075607	-0.4722222222222222	0	0.0	0	0.0	1208	0.0836092715231788	False	Mann–Whitney U, two-sided	0.0578855014420181	1.0	False	False	True
LUAD_G12C_vs_other_KRAS	79	FANCE	2178	26Q1	CANCER-001	other-kras	same-disease models with KRAS p.G12C	same-disease models carrying a non-target KRAS variant annotated as driver/hotspot	9	22	9	16	9	16	-0.3426042364272522	-0.2989399769735033	0.0886851044281459	-0.1263041860710781	-0.216300050356174	-0.5694444444444444	0	0.0	0	0.0	1208	0.0778145695364238	False	Mann–Whitney U, two-sided	0.0218560090983136	1.0	False	False	True
LUAD_G12C_vs_other_KRAS	80	ARF4	378	26Q1	CANCER-001	other-kras	same-disease models with KRAS p.G12C	same-disease models carrying a non-target KRAS variant annotated as driver/hotspot	9	22	9	16	9	16	-0.7643058489983079	-0.8367402409960119	0.5102105955680211	-0.5483537274406487	-0.2159521215576592	-0.2222222222222222	7	0.7777777777777778	10	0.625	1208	0.640728476821192	False	Mann–Whitney U, two-sided	0.3802071371873732	1.0	False	False	True
LUAD_G12C_vs_other_KRAS	81	ZNF574	64763	26Q1	CANCER-001	other-kras	same-disease models with KRAS p.G12C	same-disease models carrying a non-target KRAS variant annotated as driver/hotspot	9	22	9	16	9	16	-0.7531399126902442	-0.7739335731372008	0.2081741685687604	-0.5385542107484267	-0.2145857019418174	-0.2222222222222222	8	0.8888888888888888	10	0.625	1208	0.7458609271523179	False	Mann–Whitney U, two-sided	0.3802071371873732	1.0	False	False	True
LUAD_G12C_vs_other_KRAS	82	STN1	79991	26Q1	CANCER-001	other-kras	same-disease models with KRAS p.G12C	same-disease models carrying a non-target KRAS variant annotated as driver/hotspot	9	22	9	16	9	16	-0.4354576983878838	-0.3872475623386355	0.3493301508562074	-0.2217141024465507	-0.213743595941333	-0.2777777777777778	4	0.4444444444444444	3	0.1875	1208	0.4519867549668874	False	Mann–Whitney U, two-sided	0.269606104568209	1.0	False	False	True
LUAD_G12C_vs_other_KRAS	83	FOXRED1	55572	26Q1	CANCER-001	other-kras	same-disease models with KRAS p.G12C	same-disease models carrying a non-target KRAS variant annotated as driver/hotspot	9	22	9	16	9	16	-0.3333556639277442	-0.2869033923609374	0.3605771114150907	-0.1209760946703872	-0.212379569257357	-0.2638888888888889	1	0.1111111111111111	1	0.0625	1208	0.1721854304635761	False	Mann–Whitney U, two-sided	0.2949352987570909	1.0	False	False	True
LUAD_G12C_vs_other_KRAS	84	EMC2	9694	26Q1	CANCER-001	other-kras	same-disease models with KRAS p.G12C	same-disease models carrying a non-target KRAS variant annotated as driver/hotspot	9	22	9	16	9	16	-0.2596225090240649	-0.2818142553692085	0.1072418110115918	-0.0477822332647676	-0.2118402757592972	-0.5833333333333334	1	0.1111111111111111	1	0.0625	1208	0.2450331125827814	False	Mann–Whitney U, two-sided	0.0187999143247778	1.0	False	False	True
LUAD_G12C_vs_other_KRAS	85	RPIA	22934	26Q1	CANCER-001	other-kras	same-disease models with KRAS p.G12C	same-disease models carrying a non-target KRAS variant annotated as driver/hotspot	9	22	9	16	9	16	-0.4877593052028983	-0.4785810822740111	0.5600142687675589	-0.2764207320645923	-0.211338573138306	-0.3472222222222222	5	0.5555555555555556	3	0.1875	1208	0.3211920529801324	False	Mann–Whitney U, two-sided	0.1654297590683368	1.0	False	False	True
LUAD_G12C_vs_other_KRAS	86	RAB7A	7879	26Q1	CANCER-001	other-kras	same-disease models with KRAS p.G12C	same-disease models carrying a non-target KRAS variant annotated as driver/hotspot	9	22	9	16	9	16	-0.6027533632282763	-0.5939836418591145	0.1600156254307942	-0.3914416434376393	-0.211311719790637	-0.25	7	0.7777777777777778	7	0.4375	1208	0.4552980132450331	False	Mann–Whitney U, two-sided	0.3218113791981505	1.0	False	False	True
LUAD_G12C_vs_other_KRAS	87	MRPL20	55052	26Q1	CANCER-001	other-kras	same-disease models with KRAS p.G12C	same-disease models carrying a non-target KRAS variant annotated as driver/hotspot	9	22	9	16	9	16	-0.4486533655309879	-0.3491998850479135	0.3490663421382927	-0.2379374887963442	-0.2107158767346437	-0.2916666666666667	3	0.3333333333333333	2	0.125	1208	0.4163907284768212	False	Mann–Whitney U, two-sided	0.2458111315298186	1.0	False	False	True
LUAD_G12C_vs_other_KRAS	88	SEC62	7095	26Q1	CANCER-001	other-kras	same-disease models with KRAS p.G12C	same-disease models carrying a non-target KRAS variant annotated as driver/hotspot	9	22	9	16	9	16	-0.499975675402812	-0.5548472844112009	0.1243321996915222	-0.2898692730610416	-0.2101064023417704	-0.5972222222222222	5	0.5555555555555556	2	0.125	1208	0.3609271523178808	False	Mann–Whitney U, two-sided	0.0161243493187363	1.0	False	False	True
LUAD_G12C_vs_other_KRAS	89	WASHC2C	253725	26Q1	CANCER-001	other-kras	same-disease models with KRAS p.G12C	same-disease models carrying a non-target KRAS variant annotated as driver/hotspot	9	22	9	16	9	16	-0.7373912446770374	-0.7641140106441665	0.1927786715796664	-0.5278605858642842	-0.2095306588127532	-0.375	8	0.8888888888888888	10	0.625	1165	0.6257510729613734	False	Mann–Whitney U, two-sided	0.1335452358026168	1.0	False	False	True
LUAD_G12C_vs_other_KRAS	90	NSUN4	387338	26Q1	CANCER-001	other-kras	same-disease models with KRAS p.G12C	same-disease models carrying a non-target KRAS variant annotated as driver/hotspot	9	22	9	16	9	16	-0.514138450391048	-0.5710385802258875	0.1793166032285675	-0.3049628983765114	-0.2091755520145365	-0.4305555555555556	5	0.5555555555555556	3	0.1875	1208	0.3948675496688741	False	Mann–Whitney U, two-sided	0.0842175169114889	1.0	False	False	True
LUAD_G12C_vs_other_KRAS	91	RCOR1	23186	26Q1	CANCER-001	other-kras	same-disease models with KRAS p.G12C	same-disease models carrying a non-target KRAS variant annotated as driver/hotspot	9	22	9	16	9	16	-0.6209224991665228	-0.620194583324143	0.2293628488666025	-0.4117653068678982	-0.2091571922986245	-0.375	5	0.5555555555555556	6	0.375	1208	0.3882450331125828	False	Mann–Whitney U, two-sided	0.1335452358026168	1.0	False	False	True
LUAD_G12C_vs_other_KRAS	92	SERBP1	26135	26Q1	CANCER-001	other-kras	same-disease models with KRAS p.G12C	same-disease models carrying a non-target KRAS variant annotated as driver/hotspot	9	22	9	16	9	16	-0.8360956402542736	-0.85850513392408	0.4126957809480184	-0.6285624811830339	-0.2075331590712397	-0.1944444444444444	7	0.7777777777777778	12	0.75	1208	0.7201986754966887	False	Mann–Whitney U, two-sided	0.4446962318497091	1.0	False	False	True
LUAD_G12C_vs_other_KRAS	93	VCL	7414	26Q1	CANCER-001	other-kras	same-disease models with KRAS p.G12C	same-disease models carrying a non-target KRAS variant annotated as driver/hotspot	9	22	9	16	9	16	-0.463429931108087	-0.4580409651868447	0.2219541041189985	-0.2559679075345345	-0.2074620235735524	-0.4027777777777778	3	0.3333333333333333	3	0.1875	1208	0.2533112582781457	False	Mann–Whitney U, two-sided	0.1066370578025633	1.0	False	False	True
LUAD_G12C_vs_other_KRAS	94	LTB4R	1241	26Q1	CANCER-001	other-kras	same-disease models with KRAS p.G12C	same-disease models carrying a non-target KRAS variant annotated as driver/hotspot	9	22	9	16	9	16	-0.4912840374445001	-0.4888610123183457	0.208131274871291	-0.2850568873033218	-0.2062271501411783	-0.4861111111111111	6	0.6666666666666666	3	0.1875	1208	0.11341059602649	False	Mann–Whitney U, two-sided	0.0507985207388399	1.0	False	False	True
LUAD_G12C_vs_other_KRAS	95	EXOC1	55763	26Q1	CANCER-001	other-kras	same-disease models with KRAS p.G12C	same-disease models carrying a non-target KRAS variant annotated as driver/hotspot	9	22	9	16	9	16	-0.6119205902483621	-0.6040923346412284	0.2062144292849053	-0.4075208773920126	-0.2043997128563494	-0.2916666666666667	6	0.6666666666666666	8	0.5	1208	0.581953642384106	False	Mann–Whitney U, two-sided	0.2458111315298186	1.0	False	False	True
LUAD_G12C_vs_other_KRAS	96	ALG8	79053	26Q1	CANCER-001	other-kras	same-disease models with KRAS p.G12C	same-disease models carrying a non-target KRAS variant annotated as driver/hotspot	9	22	9	16	9	16	-0.4994184431639918	-0.4492003021958131	0.267789712904857	-0.2953199020535406	-0.2040985411104511	-0.4583333333333333	5	0.5555555555555556	1	0.0625	1208	0.2458609271523179	False	Mann–Whitney U, two-sided	0.0657755518371786	1.0	False	False	True
LUAD_G12C_vs_other_KRAS	97	FURIN	5045	26Q1	CANCER-001	other-kras	same-disease models with KRAS p.G12C	same-disease models carrying a non-target KRAS variant annotated as driver/hotspot	9	22	9	16	9	16	-0.3792376470934268	-0.3508931878336331	0.1666204513085146	-0.1753198536261009	-0.2039177934673259	-0.4583333333333333	1	0.1111111111111111	2	0.125	1208	0.173841059602649	False	Mann–Whitney U, two-sided	0.0657755518371786	1.0	False	False	True
LUAD_G12C_vs_other_KRAS	98	DPH5	51611	26Q1	CANCER-001	other-kras	same-disease models with KRAS p.G12C	same-disease models carrying a non-target KRAS variant annotated as driver/hotspot	9	22	9	16	9	16	-0.1049482570005141	-0.0788224329144358	0.4151644597071088	0.0984411559001255	-0.2033894129006396	-0.3472222222222222	0	0.0	0	0.0	1208	0.076158940397351	False	Mann–Whitney U, two-sided	0.1654297590683368	1.0	False	False	True
LUAD_G12C_vs_other_KRAS	99	CCDC51	79714	26Q1	CANCER-001	other-kras	same-disease models with KRAS p.G12C	same-disease models carrying a non-target KRAS variant annotated as driver/hotspot	9	22	9	16	9	16	-0.2137916392832125	-0.382904106683457	0.5932591451933147	-0.0113779232562863	-0.2024137160269261	-0.5277777777777778	3	0.3333333333333333	0	0.0	1208	0.1456953642384106	False	Mann–Whitney U, two-sided	0.0337522229559557	1.0	False	False	True
LUAD_G12C_vs_other_KRAS	100	SCAP	22937	26Q1	CANCER-001	other-kras	same-disease models with KRAS p.G12C	same-disease models carrying a non-target KRAS variant annotated as driver/hotspot	9	22	9	16	9	16	-1.0354641182963495	-0.9673920057476372	0.8465054853827143	-0.8342286510867725	-0.201235467209577	-0.0138888888888888	6	0.6666666666666666	11	0.6875	1208	0.7061258278145696	False	Mann–Whitney U, two-sided	0.9774173567823232	1.0	False	False	True
PDAC_G12D_vs_other_KRAS	1	KRAS	3845	26Q1	CANCER-004	other-kras	same-disease models with KRAS p.G12D	same-disease models carrying a non-target KRAS variant annotated as driver/hotspot	22	29	19	24	19	24	-2.625605025715158	-2.726284498078437	1.357303772914786	-2.0859851683853017	-0.5396198573298565	-0.4385964912280701	19	1.0	24	1.0	1208	0.5761589403973509	False	Mann–Whitney U, two-sided	0.0149597481096453	0.88574003322167	False	False	True
PDAC_G12D_vs_other_KRAS	2	DOCK5	80005	26Q1	CANCER-004	other-kras	same-disease models with KRAS p.G12D	same-disease models carrying a non-target KRAS variant annotated as driver/hotspot	22	29	19	24	19	24	-0.7244518846767222	-0.7323914259496488	0.380471940472007	-0.2969401569384166	-0.4275117277383056	-0.5394736842105263	14	0.7368421052631579	8	0.3333333333333333	1208	0.070364238410596	False	Mann–Whitney U, two-sided	0.0027369410269228	0.88574003322167	False	False	True
PDAC_G12D_vs_other_KRAS	3	ZFP36L1	677	26Q1	CANCER-004	other-kras	same-disease models with KRAS p.G12D	same-disease models carrying a non-target KRAS variant annotated as driver/hotspot	22	29	19	24	19	24	-0.6075624147028478	-0.4021322684324124	0.6601350155204669	-0.2617901923090587	-0.3457722223937891	-0.1929824561403508	10	0.5263157894736842	6	0.25	1208	0.2524834437086092	False	Mann–Whitney U, two-sided	0.2874069534756094	0.9352983816281584	False	False	True
PDAC_G12D_vs_other_KRAS	4	GRB2	2885	26Q1	CANCER-004	other-kras	same-disease models with KRAS p.G12D	same-disease models carrying a non-target KRAS variant annotated as driver/hotspot	22	29	19	24	19	24	-0.8600603192834204	-0.8310165261575436	0.7000198493025818	-0.518061334719881	-0.3419989845635394	-0.2763157894736842	15	0.7894736842105263	14	0.5833333333333334	1208	0.7475165562913907	False	Mann–Whitney U, two-sided	0.1263915540106774	0.9032205895881524	False	False	True
PDAC_G12D_vs_other_KRAS	5	CCND1	595	26Q1	CANCER-004	other-kras	same-disease models with KRAS p.G12D	same-disease models carrying a non-target KRAS variant annotated as driver/hotspot	22	29	19	24	19	24	-1.7136216774892523	-1.8282399144401724	0.9091007725675696	-1.3775586548587828	-0.3360630226304695	-0.2894736842105263	19	1.0	24	1.0	1208	0.7450331125827815	False	Mann–Whitney U, two-sided	0.1091877082030567	0.9032205895881524	False	False	True
PDAC_G12D_vs_other_KRAS	6	YPEL5	51646	26Q1	CANCER-004	other-kras	same-disease models with KRAS p.G12D	same-disease models carrying a non-target KRAS variant annotated as driver/hotspot	22	29	19	24	19	24	-1.1553268069657667	-1.1877570918242215	0.94773585483099	-0.8337027888445929	-0.3216240181211738	-0.1973684210526315	18	0.9473684210526316	20	0.8333333333333334	1208	0.7789735099337748	False	Mann–Whitney U, two-sided	0.2764701606310942	0.932891691809588	False	False	True
PDAC_G12D_vs_other_KRAS	7	DDX3X	1654	26Q1	CANCER-004	other-kras	same-disease models with KRAS p.G12D	same-disease models carrying a non-target KRAS variant annotated as driver/hotspot	22	29	19	24	19	24	-1.2905620292874258	-1.336514863274483	0.4320953705693364	-0.9964994696684047	-0.2940625596190209	-0.3903508771929824	18	0.9473684210526316	22	0.9166666666666666	1208	0.7789735099337748	False	Mann–Whitney U, two-sided	0.0304383994104262	0.88574003322167	False	False	True
PDAC_G12D_vs_other_KRAS	8	KIF4A	24137	26Q1	CANCER-004	other-kras	same-disease models with KRAS p.G12D	same-disease models carrying a non-target KRAS variant annotated as driver/hotspot	22	29	19	24	19	24	-0.7934901026933069	-0.8266333683623425	0.3906237609506036	-0.5024487004703063	-0.2910414022230005	-0.4342105263157895	17	0.8947368421052632	14	0.5833333333333334	1208	0.6605960264900662	False	Mann–Whitney U, two-sided	0.0160008463208285	0.88574003322167	False	False	True
PDAC_G12D_vs_other_KRAS	9	WDR48	57599	26Q1	CANCER-004	other-kras	same-disease models with KRAS p.G12D	same-disease models carrying a non-target KRAS variant annotated as driver/hotspot	22	29	19	24	19	24	-0.5811725760041715	-0.5273868914693335	0.6672814639793389	-0.29104693677962	-0.2901256392245515	-0.2149122807017544	11	0.5789473684210527	9	0.375	1208	0.4271523178807947	False	Mann–Whitney U, two-sided	0.2355803343477146	0.9275781675864893	False	False	True
PDAC_G12D_vs_other_KRAS	10	SNRPB2	6629	26Q1	CANCER-004	other-kras	same-disease models with KRAS p.G12D	same-disease models carrying a non-target KRAS variant annotated as driver/hotspot	22	29	19	24	19	24	-0.9679318144389648	-0.8994089369957304	0.4861422497717067	-0.6799711213663716	-0.2879606930725932	-0.175438596491228	16	0.8421052631578947	17	0.7083333333333334	1208	0.6821192052980133	False	Mann–Whitney U, two-sided	0.3340421412593103	0.9493029605993122	False	False	True
PDAC_G12D_vs_other_KRAS	11	CDK4	1019	26Q1	CANCER-004	other-kras	same-disease models with KRAS p.G12D	same-disease models carrying a non-target KRAS variant annotated as driver/hotspot	22	29	19	24	19	24	-0.7932228517061412	-0.8476516146024184	0.5273747217287531	-0.5376535184422397	-0.2555693332639014	-0.4692982456140351	16	0.8421052631578947	15	0.625	1208	0.6440397350993378	False	Mann–Whitney U, two-sided	0.0091996973873914	0.88574003322167	False	False	True
PDAC_G12D_vs_other_KRAS	12	EIF4B	1975	26Q1	CANCER-004	other-kras	same-disease models with KRAS p.G12D	same-disease models carrying a non-target KRAS variant annotated as driver/hotspot	22	29	19	24	19	24	-0.6854133272334582	-0.7125523216371209	0.1978105880699914	-0.4408601534815476	-0.2445531737519105	-0.4956140350877193	18	0.9473684210526316	14	0.5833333333333334	1208	0.734271523178808	False	Mann–Whitney U, two-sided	0.0059363344073211	0.88574003322167	False	False	True
PDAC_G12D_vs_other_KRAS	13	PDS5A	23244	26Q1	CANCER-004	other-kras	same-disease models with KRAS p.G12D	same-disease models carrying a non-target KRAS variant annotated as driver/hotspot	22	29	19	24	19	24	-0.4856965263208426	-0.4944312308494958	0.4699618824817512	-0.2473896856611075	-0.238306840659735	-0.3859649122807017	9	0.4736842105263157	4	0.1666666666666666	1208	0.3038079470198676	False	Mann–Whitney U, two-sided	0.0323642679415547	0.88574003322167	False	False	True
PDAC_G12D_vs_other_KRAS	14	EMC7	56851	26Q1	CANCER-004	other-kras	same-disease models with KRAS p.G12D	same-disease models carrying a non-target KRAS variant annotated as driver/hotspot	22	29	19	24	19	24	-0.9676224798276716	-0.7928928906395862	0.4901499160007307	-0.7330513585101903	-0.2345711213174812	-0.0833333333333333	15	0.7894736842105263	20	0.8333333333333334	1208	0.7384105960264901	False	Mann–Whitney U, two-sided	0.6509575902656849	0.9844244371303024	False	False	True
PDAC_G12D_vs_other_KRAS	15	HEATR3	55027	26Q1	CANCER-004	other-kras	same-disease models with KRAS p.G12D	same-disease models carrying a non-target KRAS variant annotated as driver/hotspot	22	29	19	24	19	24	-0.4034938891429473	-0.358059848236828	0.3694483955950591	-0.1719087301688439	-0.2315851589741033	-0.2587719298245614	6	0.3157894736842105	6	0.25	1208	0.287251655629139	False	Mann–Whitney U, two-sided	0.1525264594987968	0.9032205895881524	False	False	True
PDAC_G12D_vs_other_KRAS	16	TSC22D2	9819	26Q1	CANCER-004	other-kras	same-disease models with KRAS p.G12D	same-disease models carrying a non-target KRAS variant annotated as driver/hotspot	22	29	19	24	19	24	-0.6508237431371635	-0.6467577613726331	0.3365414962080609	-0.4314080038668011	-0.2194157392703624	-0.3289473684210526	13	0.6842105263157895	11	0.4583333333333333	1208	0.4147350993377483	False	Mann–Whitney U, two-sided	0.0684615020054204	0.9028637724301654	False	False	True
PDAC_G12D_vs_other_KRAS	17	PTK2	5747	26Q1	CANCER-004	other-kras	same-disease models with KRAS p.G12D	same-disease models carrying a non-target KRAS variant annotated as driver/hotspot	22	29	19	24	19	24	-0.7606471194825708	-0.6809288800365241	0.512083888936784	-0.5491457875850274	-0.2115013318975434	-0.1228070175438596	14	0.7368421052631579	14	0.5833333333333334	1208	0.5554635761589404	False	Mann–Whitney U, two-sided	0.5012434948525759	0.9654954459342076	False	False	True
PDAC_G12D_vs_other_KRAS	18	VCAN	1462	26Q1	CANCER-004	other-kras	same-disease models with KRAS p.G12D	same-disease models carrying a non-target KRAS variant annotated as driver/hotspot	22	29	19	24	19	24	-0.1746264276901087	-0.142458004940354	0.2004151978365292	0.035189004526683	-0.2098154322167917	-0.4780701754385965	1	0.0526315789473684	0	0.0	1208	0.0107615894039735	False	Mann–Whitney U, two-sided	0.0079672573750113	0.88574003322167	False	False	True
PDAC_G12D_vs_other_KRAS	19	KRT4	3851	26Q1	CANCER-004	other-kras	same-disease models with KRAS p.G12D	same-disease models carrying a non-target KRAS variant annotated as driver/hotspot	22	29	19	24	19	24	-0.2839267851123126	-0.2406698838949515	0.2063523751596195	-0.0742738214368027	-0.2096529636755098	-0.618421052631579	1	0.0526315789473684	0	0.0	1208	0.0140728476821192	False	Mann–Whitney U, two-sided	0.0005902842149125	0.88574003322167	False	False	True
PDAC_G12D_vs_other_KRAS	20	YWHAZ	7534	26Q1	CANCER-004	other-kras	same-disease models with KRAS p.G12D	same-disease models carrying a non-target KRAS variant annotated as driver/hotspot	22	29	12	11	12	11	-0.7925800227003736	-0.8082383853912288	0.4760540927649889	-0.5875633449466944	-0.2050166777536792	-0.3181818181818182	11	0.9166666666666666	8	0.7272727272727273	381	0.7795275590551181	False	Mann–Whitney U, two-sided	0.2070611548700861	0.9216782228673958	False	False	True
PDAC_G12D_vs_other_KRAS	21	THAP12	5612	26Q1	CANCER-004	other-kras	same-disease models with KRAS p.G12D	same-disease models carrying a non-target KRAS variant annotated as driver/hotspot	22	29	19	24	19	24	-0.4621930612450901	-0.4391388872690994	0.2954640238786579	-0.2572027900058122	-0.2049902712392778	-0.3157894736842105	10	0.5263157894736842	8	0.3333333333333333	1208	0.4321192052980132	False	Mann–Whitney U, two-sided	0.0803619753944868	0.9028637724301654	False	False	True
PDAC_G12D_vs_other_KRAS	22	TIPARP	25976	26Q1	CANCER-004	other-kras	same-disease models with KRAS p.G12D	same-disease models carrying a non-target KRAS variant annotated as driver/hotspot	22	29	19	24	19	24	-0.5544713714198692	-0.6048251350360462	0.3967716975809628	-0.3500898704712487	-0.2043815009486205	-0.3333333333333333	11	0.5789473684210527	8	0.3333333333333333	1208	0.2740066225165563	False	Mann–Whitney U, two-sided	0.0648322821143792	0.8983830375524993	False	False	True
PDAC_G12D_vs_other_KRAS	23	SPINK7	84651	26Q1	CANCER-004	other-kras	same-disease models with KRAS p.G12D	same-disease models carrying a non-target KRAS variant annotated as driver/hotspot	22	29	19	24	19	24	-0.0927525262329336	-0.0293375716210095	0.1903342256231668	0.1101002898268321	-0.2028528160597657	-0.3903508771929824	0	0.0	0	0.0	1208	0.0008278145695364	False	Mann–Whitney U, two-sided	0.0304383994104262	0.88574003322167	False	False	True
PDAC_G12D_vs_other_KRAS	24	ITGAV	3685	26Q1	CANCER-004	other-kras	same-disease models with KRAS p.G12D	same-disease models carrying a non-target KRAS variant annotated as driver/hotspot	22	29	19	24	19	24	-0.4746445989661709	-0.5857325326119622	0.6383314137297813	-0.2794489225965316	-0.1951956763696392	-0.1578947368421052	11	0.5789473684210527	8	0.3333333333333333	1208	0.4536423841059602	False	Mann–Whitney U, two-sided	0.3852953202313322	0.95622565910976	False	False	True
PDAC_G12D_vs_other_KRAS	25	GPI	2821	26Q1	CANCER-004	other-kras	same-disease models with KRAS p.G12D	same-disease models carrying a non-target KRAS variant annotated as driver/hotspot	22	29	19	24	19	24	-0.4428908663556773	-0.4149811184114017	0.4250840804985482	-0.2511773584328868	-0.1917135079227905	-0.1228070175438596	8	0.4210526315789473	7	0.2916666666666667	1208	0.4528145695364238	False	Mann–Whitney U, two-sided	0.5012434948525759	0.9654954459342076	False	False	True
PDAC_G12D_vs_other_KRAS	26	ASH2L	9070	26Q1	CANCER-004	other-kras	same-disease models with KRAS p.G12D	same-disease models carrying a non-target KRAS variant annotated as driver/hotspot	22	29	19	24	19	24	-0.4011418756013891	-0.4238335545820421	0.393276265258731	-0.2102998569049624	-0.1908420186964267	-0.4078947368421052	8	0.4210526315789473	3	0.125	1208	0.2574503311258278	False	Mann–Whitney U, two-sided	0.0236874304436007	0.88574003322167	False	False	True
PDAC_G12D_vs_other_KRAS	27	ADRM1	11047	26Q1	CANCER-004	other-kras	same-disease models with KRAS p.G12D	same-disease models carrying a non-target KRAS variant annotated as driver/hotspot	22	29	19	24	19	24	-0.5704695471774349	-0.5681893546152779	0.2862039308076693	-0.3816748120696903	-0.1887947351077445	-0.4517543859649123	11	0.5789473684210527	9	0.375	1208	0.4246688741721854	False	Mann–Whitney U, two-sided	0.0121857392315466	0.88574003322167	False	False	True
PDAC_G12D_vs_other_KRAS	28	CRKL	1399	26Q1	CANCER-004	other-kras	same-disease models with KRAS p.G12D	same-disease models carrying a non-target KRAS variant annotated as driver/hotspot	22	29	19	24	19	24	-1.328961830708118	-1.430890864725941	0.9002261785215284	-1.142417326240402	-0.1865445044677158	-0.0219298245614035	18	0.9473684210526316	22	0.9166666666666666	1208	0.7458609271523179	False	Mann–Whitney U, two-sided	0.9123688511868904	0.9948726508533284	False	False	True
PDAC_G12D_vs_other_KRAS	29	ASF1A	25842	26Q1	CANCER-004	other-kras	same-disease models with KRAS p.G12D	same-disease models carrying a non-target KRAS variant annotated as driver/hotspot	22	29	19	24	19	24	-0.321968872505973	-0.28834183142625	0.2422253443307708	-0.1356916019332723	-0.1862772705727007	-0.3421052631578947	4	0.2105263157894736	2	0.0833333333333333	1208	0.1125827814569536	False	Mann–Whitney U, two-sided	0.0580494304120851	0.8896447322385455	False	False	True
PDAC_G12D_vs_other_KRAS	30	MST1	4485	26Q1	CANCER-004	other-kras	same-disease models with KRAS p.G12D	same-disease models carrying a non-target KRAS variant annotated as driver/hotspot	22	29	12	11	12	11	-0.2376538178267954	-0.194688505217887	0.1541006730604793	-0.0521417322222327	-0.1855120856045627	-0.4242424242424242	0	0.0	0	0.0	383	0.0130548302872062	False	Mann–Whitney U, two-sided	0.0905491558874913	0.9032205895881524	False	False	True
PDAC_G12D_vs_other_KRAS	31	UBA5	79876	26Q1	CANCER-004	other-kras	same-disease models with KRAS p.G12D	same-disease models carrying a non-target KRAS variant annotated as driver/hotspot	22	29	19	24	19	24	-0.835348563982468	-0.7777020082567118	0.6098608864045655	-0.6505154111800582	-0.1848331528024098	-0.0175438596491228	13	0.6842105263157895	17	0.7083333333333334	1208	0.6423841059602649	False	Mann–Whitney U, two-sided	0.931788136468625	0.996534240428183	False	False	True
PDAC_G12D_vs_other_KRAS	32	TMX2	51075	26Q1	CANCER-004	other-kras	same-disease models with KRAS p.G12D	same-disease models carrying a non-target KRAS variant annotated as driver/hotspot	22	29	19	24	19	24	-0.5117505568081977	-0.4485240806119793	0.2552654684956764	-0.3335535764949231	-0.1781969803132745	-0.1359649122807017	12	0.631578947368421	10	0.4166666666666667	1208	0.4304635761589404	False	Mann–Whitney U, two-sided	0.4557266884263546	0.9617082794130828	False	False	True
PDAC_G12D_vs_other_KRAS	33	CSNK2A1	1457	26Q1	CANCER-004	other-kras	same-disease models with KRAS p.G12D	same-disease models carrying a non-target KRAS variant annotated as driver/hotspot	22	29	19	24	19	24	-0.3449726468413696	-0.3085665062167195	0.4010703025350241	-0.1680787818235994	-0.1768938650177701	-0.2456140350877192	4	0.2105263157894736	5	0.2083333333333333	1208	0.070364238410596	False	Mann–Whitney U, two-sided	0.1746869024852333	0.9150120421837272	False	False	True
PDAC_G12D_vs_other_KRAS	34	HNRNPA1	3178	26Q1	CANCER-004	other-kras	same-disease models with KRAS p.G12D	same-disease models carrying a non-target KRAS variant annotated as driver/hotspot	22	29	19	24	19	24	-0.2379730164499042	-0.1762434604056467	0.3224616852115727	-0.0613836307203959	-0.1765893857295082	-0.1447368421052631	3	0.1578947368421052	4	0.1666666666666666	1208	0.2317880794701986	False	Mann–Whitney U, two-sided	0.4267220081750735	0.9605470525466387	False	False	True
PDAC_G12D_vs_other_KRAS	35	ELMO2	63916	26Q1	CANCER-004	other-kras	same-disease models with KRAS p.G12D	same-disease models carrying a non-target KRAS variant annotated as driver/hotspot	22	29	19	24	19	24	-0.3654972219186881	-0.5810117571830785	0.714888367989477	-0.1890760916915917	-0.1764211302270963	-0.2894736842105263	8	0.4210526315789473	6	0.25	1208	0.2723509933774834	False	Mann–Whitney U, two-sided	0.1091877082030567	0.9032205895881524	False	False	True
PDAC_G12D_vs_other_KRAS	36	ELOF1	84337	26Q1	CANCER-004	other-kras	same-disease models with KRAS p.G12D	same-disease models carrying a non-target KRAS variant annotated as driver/hotspot	22	29	19	24	19	24	-0.3317751326344405	-0.3676280653888369	0.290776068171365	-0.1583683731929587	-0.1734067594414817	-0.219298245614035	4	0.2105263157894736	6	0.25	1208	0.3460264900662251	False	Mann–Whitney U, two-sided	0.2260632883927726	0.9216782228673958	False	False	True
PDAC_G12D_vs_other_KRAS	37	SET	6418	26Q1	CANCER-004	other-kras	same-disease models with KRAS p.G12D	same-disease models carrying a non-target KRAS variant annotated as driver/hotspot	22	29	19	24	19	24	-0.328975325072576	-0.3155634485839031	0.2251810989486257	-0.1564049711432598	-0.1725703539293161	-0.3771929824561403	4	0.2105263157894736	3	0.125	1208	0.1481788079470198	False	Mann–Whitney U, two-sided	0.0365306772221386	0.88574003322167	False	False	True
PDAC_G12D_vs_other_KRAS	38	ITGB5	3693	26Q1	CANCER-004	other-kras	same-disease models with KRAS p.G12D	same-disease models carrying a non-target KRAS variant annotated as driver/hotspot	22	29	19	24	19	24	-0.5444875011183219	-0.6901111842968539	0.5894442853468955	-0.3743986460866134	-0.1700888550317084	-0.3333333333333333	10	0.5263157894736842	8	0.3333333333333333	1208	0.4006622516556291	False	Mann–Whitney U, two-sided	0.0648322821143792	0.8983830375524993	False	False	True
PDAC_G12D_vs_other_KRAS	39	LCMT1	51451	26Q1	CANCER-004	other-kras	same-disease models with KRAS p.G12D	same-disease models carrying a non-target KRAS variant annotated as driver/hotspot	22	29	19	24	19	24	-0.5775415195762119	-0.526579001606146	0.4242770955587256	-0.4080551904622516	-0.1694863291139602	-0.2587719298245614	12	0.631578947368421	12	0.5	1208	0.3468543046357616	False	Mann–Whitney U, two-sided	0.1525264594987968	0.9032205895881524	False	False	True
PDAC_G12D_vs_other_KRAS	40	USP7	7874	26Q1	CANCER-004	other-kras	same-disease models with KRAS p.G12D	same-disease models carrying a non-target KRAS variant annotated as driver/hotspot	22	29	19	24	19	24	-0.6960469491683139	-0.7497802751568643	0.3648868116946908	-0.5275503820925115	-0.1684965670758024	-0.2412280701754386	17	0.8947368421052632	14	0.5833333333333334	1208	0.7889072847682119	False	Mann–Whitney U, two-sided	0.1825839655866028	0.9150120421837272	False	False	True
PDAC_G12D_vs_other_KRAS	41	ALDOC	230	26Q1	CANCER-004	other-kras	same-disease models with KRAS p.G12D	same-disease models carrying a non-target KRAS variant annotated as driver/hotspot	22	29	19	24	19	24	-0.3716937063359647	-0.3409442271565646	0.2930980697134633	-0.2032894112528511	-0.1684042950831135	-0.337719298245614	7	0.3684210526315789	2	0.0833333333333333	1208	0.1018211920529801	False	Mann–Whitney U, two-sided	0.0613632887082346	0.8916573175262207	False	False	True
PDAC_G12D_vs_other_KRAS	42	WAC	51322	26Q1	CANCER-004	other-kras	same-disease models with KRAS p.G12D	same-disease models carrying a non-target KRAS variant annotated as driver/hotspot	22	29	19	24	19	24	-0.4819330719145908	-0.446946007220278	0.2872521877862962	-0.3138960966932638	-0.168036975221327	-0.175438596491228	10	0.5263157894736842	6	0.25	1208	0.3923841059602649	False	Mann–Whitney U, two-sided	0.3340421412593103	0.9493029605993122	False	False	True
PDAC_G12D_vs_other_KRAS	43	TSC2	7249	26Q1	CANCER-004	other-kras	same-disease models with KRAS p.G12D	same-disease models carrying a non-target KRAS variant annotated as driver/hotspot	22	29	19	24	19	24	-0.0872427456290817	-0.1279918673677369	0.5148326251580725	0.0799245708087577	-0.1671673164378394	-0.2017543859649122	4	0.2105263157894736	3	0.125	1208	0.2028145695364238	False	Mann–Whitney U, two-sided	0.2658205951726747	0.9314889763613896	False	False	True
PDAC_G12D_vs_other_KRAS	44	GPIHBP1	338328	26Q1	CANCER-004	other-kras	same-disease models with KRAS p.G12D	same-disease models carrying a non-target KRAS variant annotated as driver/hotspot	22	29	19	24	19	24	-0.2310791599427965	-0.2122862216479012	0.1809563956468214	-0.0639449584490298	-0.1671342014937667	-0.2236842105263158	2	0.1052631578947368	0	0.0	1208	0.0240066225165562	False	Mann–Whitney U, two-sided	0.2168238536003401	0.9216782228673958	False	False	True
PDAC_G12D_vs_other_KRAS	45	MMP28	79148	26Q1	CANCER-004	other-kras	same-disease models with KRAS p.G12D	same-disease models carrying a non-target KRAS variant annotated as driver/hotspot	22	29	19	24	19	24	-0.2009671675600672	-0.171493119380273	0.1670182557238672	-0.0372035565126589	-0.1637636110474082	-0.4824561403508772	0	0.0	1	0.0416666666666666	1208	0.0132450331125827	False	Mann–Whitney U, two-sided	0.0074083113922605	0.88574003322167	False	False	True
PDAC_G12D_vs_other_KRAS	46	DND1	373863	26Q1	CANCER-004	other-kras	same-disease models with KRAS p.G12D	same-disease models carrying a non-target KRAS variant annotated as driver/hotspot	22	29	19	24	19	24	-0.1994367045553162	-0.135509972830287	0.2128627199774	-0.0362354088943192	-0.1632012956609969	-0.4473684210526316	0	0.0	0	0.0	1208	0.0480132450331125	False	Mann–Whitney U, two-sided	0.0130550645610197	0.88574003322167	False	False	True
PDAC_G12D_vs_other_KRAS	47	SLC35A2	7355	26Q1	CANCER-004	other-kras	same-disease models with KRAS p.G12D	same-disease models carrying a non-target KRAS variant annotated as driver/hotspot	22	29	19	24	19	24	-0.1543758425489617	-0.140244997209953	0.1355656020829619	0.008517753677602	-0.1628935962265636	-0.3771929824561403	1	0.0526315789473684	0	0.0	1208	0.0753311258278145	False	Mann–Whitney U, two-sided	0.0365306772221386	0.88574003322167	False	False	True
PDAC_G12D_vs_other_KRAS	48	GYPB	2994	26Q1	CANCER-004	other-kras	same-disease models with KRAS p.G12D	same-disease models carrying a non-target KRAS variant annotated as driver/hotspot	22	29	12	9	12	9	0.284285906683788	0.24457889355154	0.3190780968022807	0.4467274634212416	-0.1624415567374535	-0.3703703703703703	0	0.0	0	0.0	317	0.0031545741324921	False	Mann–Whitney U, two-sided	0.1658065601940135	0.9090535788692368	False	False	True
PDAC_G12D_vs_other_KRAS	49	FIS1	51024	26Q1	CANCER-004	other-kras	same-disease models with KRAS p.G12D	same-disease models carrying a non-target KRAS variant annotated as driver/hotspot	22	29	19	24	19	24	-0.3825077439773975	-0.4450216879784693	0.3754015322734079	-0.2209153496303422	-0.1615923943470552	-0.1535087719298245	6	0.3157894736842105	8	0.3333333333333333	1208	0.2615894039735099	False	Mann–Whitney U, two-sided	0.3988230497314937	0.9582850221853004	False	False	True
PDAC_G12D_vs_other_KRAS	50	NFKBIE	4794	26Q1	CANCER-004	other-kras	same-disease models with KRAS p.G12D	same-disease models carrying a non-target KRAS variant annotated as driver/hotspot	22	29	19	24	19	24	-0.4757722420293012	-0.4605365425907455	0.2315692695184444	-0.3144703793241087	-0.1613018627051924	-0.3859649122807017	10	0.5263157894736842	7	0.2916666666666667	1208	0.3973509933774834	False	Mann–Whitney U, two-sided	0.0323642679415547	0.88574003322167	False	False	True
PDAC_G12D_vs_other_KRAS	51	MICALL1	85377	26Q1	CANCER-004	other-kras	same-disease models with KRAS p.G12D	same-disease models carrying a non-target KRAS variant annotated as driver/hotspot	22	29	19	24	19	24	-0.1859428912466786	-0.1899651051194995	0.14155684959285	-0.0248426858108447	-0.1611002054358339	-0.3552631578947368	1	0.0526315789473684	1	0.0416666666666666	1208	0.0165562913907284	False	Mann–Whitney U, two-sided	0.0489884875517896	0.88574003322167	False	False	True
PDAC_G12D_vs_other_KRAS	52	WASHC2C	253725	26Q1	CANCER-004	other-kras	same-disease models with KRAS p.G12D	same-disease models carrying a non-target KRAS variant annotated as driver/hotspot	22	29	19	24	19	24	-0.6239153672969792	-0.6126641993421572	0.2076086463935831	-0.4648265717211371	-0.159088795575842	-0.4342105263157895	16	0.8421052631578947	13	0.5416666666666666	1165	0.6257510729613734	False	Mann–Whitney U, two-sided	0.0160008463208285	0.88574003322167	False	False	True
PDAC_G12D_vs_other_KRAS	53	PPP1CA	5499	26Q1	CANCER-004	other-kras	same-disease models with KRAS p.G12D	same-disease models carrying a non-target KRAS variant annotated as driver/hotspot	22	29	19	24	19	24	-0.7454685268795118	-0.7760855329048418	0.3366588505490416	-0.5867646274335001	-0.1587038994460117	-0.3114035087719298	17	0.8947368421052632	17	0.7083333333333334	1208	0.7094370860927153	False	Mann–Whitney U, two-sided	0.0846836811005915	0.9032205895881524	False	False	True
PDAC_G12D_vs_other_KRAS	54	CYC1	1537	26Q1	CANCER-004	other-kras	same-disease models with KRAS p.G12D	same-disease models carrying a non-target KRAS variant annotated as driver/hotspot	22	29	19	24	19	24	-0.6453100269330162	-0.5767917304800952	0.2443507251732457	-0.4870815981220301	-0.1582284288109861	-0.1666666666666666	14	0.7368421052631579	14	0.5833333333333334	1208	0.6100993377483444	False	Mann–Whitney U, two-sided	0.3590941825787743	0.9493029605993122	False	False	True
PDAC_G12D_vs_other_KRAS	55	PRKRA	8575	26Q1	CANCER-004	other-kras	same-disease models with KRAS p.G12D	same-disease models carrying a non-target KRAS variant annotated as driver/hotspot	22	29	19	24	19	24	-0.8334015027877353	-0.9236802546995632	0.7513895711032117	-0.6761424716149413	-0.1572590311727939	-0.1184210526315789	15	0.7894736842105263	17	0.7083333333333334	1208	0.6771523178807947	False	Mann–Whitney U, two-sided	0.5169340599464043	0.969474388547116	False	False	True
PDAC_G12D_vs_other_KRAS	56	EAPP	55837	26Q1	CANCER-004	other-kras	same-disease models with KRAS p.G12D	same-disease models carrying a non-target KRAS variant annotated as driver/hotspot	22	29	19	24	19	24	-0.7151063371898997	-0.7354025818781376	0.3330446072641493	-0.5582479469215955	-0.1568583902683041	-0.2149122807017544	16	0.8421052631578947	19	0.7916666666666666	1208	0.7144039735099338	False	Mann–Whitney U, two-sided	0.2355803343477146	0.9275781675864893	False	False	True
PDAC_G12D_vs_other_KRAS	57	C3orf38	285237	26Q1	CANCER-004	other-kras	same-disease models with KRAS p.G12D	same-disease models carrying a non-target KRAS variant annotated as driver/hotspot	22	29	19	24	19	24	-0.3839011285057707	-0.3496063642240072	0.2943323234963021	-0.228220987886341	-0.1556801406194296	-0.1184210526315789	6	0.3157894736842105	5	0.2083333333333333	1208	0.3079470198675497	False	Mann–Whitney U, two-sided	0.5169340599464043	0.969474388547116	False	False	True
PDAC_G12D_vs_other_KRAS	58	UBIAD1	29914	26Q1	CANCER-004	other-kras	same-disease models with KRAS p.G12D	same-disease models carrying a non-target KRAS variant annotated as driver/hotspot	22	29	19	24	19	24	-0.6818300959207939	-0.6999183935290546	0.6938984781490775	-0.527141824628799	-0.1546882712919949	-0.2017543859649122	11	0.5789473684210527	13	0.5416666666666666	1208	0.3940397350993377	False	Mann–Whitney U, two-sided	0.2658205951726747	0.9314889763613896	False	False	True
PDAC_G12D_vs_other_KRAS	59	BHLHA15	168620	26Q1	CANCER-004	other-kras	same-disease models with KRAS p.G12D	same-disease models carrying a non-target KRAS variant annotated as driver/hotspot	22	29	19	24	19	24	-0.3187997537704425	-0.3394158129259424	0.1772993177801197	-0.1673553525457521	-0.1514444012246903	-0.4298245614035088	2	0.1052631578947368	1	0.0416666666666666	1208	0.0504966887417218	False	Mann–Whitney U, two-sided	0.0171051165333241	0.88574003322167	False	False	True
PDAC_G12D_vs_other_KRAS	60	DYNLL1	8655	26Q1	CANCER-004	other-kras	same-disease models with KRAS p.G12D	same-disease models carrying a non-target KRAS variant annotated as driver/hotspot	22	29	19	24	19	24	-0.8089314884306356	-0.8404543170022986	0.3873358470252797	-0.6586813815946324	-0.1502501068360031	-0.2324561403508772	18	0.9473684210526316	18	0.75	1208	0.609271523178808	False	Mann–Whitney U, two-sided	0.1991666351857588	0.91902284052286	False	False	True
PDAC_G12D_vs_other_KRAS	61	GATA6	2627	26Q1	CANCER-004	other-kras	same-disease models with KRAS p.G12D	same-disease models carrying a non-target KRAS variant annotated as driver/hotspot	22	29	19	24	19	24	-0.0707708158672081	-0.0994888462308164	0.1983656647755354	0.0793851225069365	-0.1501559383741446	-0.3728070175438596	1	0.0526315789473684	1	0.0416666666666666	1208	0.021523178807947	False	Mann–Whitney U, two-sided	0.038779872876508	0.88574003322167	False	False	True
PDAC_G12D_vs_other_KRAS	62	RHPN1	114822	26Q1	CANCER-004	other-kras	same-disease models with KRAS p.G12D	same-disease models carrying a non-target KRAS variant annotated as driver/hotspot	22	29	19	24	19	24	-0.4437124369752036	-0.4151024016949449	0.1950999878661461	-0.2936403507463562	-0.1500720862288473	-0.2236842105263158	7	0.3684210526315789	7	0.2916666666666667	1208	0.2102649006622516	False	Mann–Whitney U, two-sided	0.2168238536003401	0.9216782228673958	False	False	True
PDAC_G12D_vs_other_KRAS	63	RBM10	8241	26Q1	CANCER-004	other-kras	same-disease models with KRAS p.G12D	same-disease models carrying a non-target KRAS variant annotated as driver/hotspot	22	29	19	24	19	24	-0.552709578088914	-0.5205333285573303	0.4837670949456287	-0.403085231407838	-0.149624346681076	-0.2807017543859649	10	0.5263157894736842	8	0.3333333333333333	1208	0.4875827814569536	False	Mann–Whitney U, two-sided	0.1204366901002652	0.9032205895881524	False	False	True
PDAC_G12D_vs_other_KRAS	64	CRIPTO	6997	26Q1	CANCER-004	other-kras	same-disease models with KRAS p.G12D	same-disease models carrying a non-target KRAS variant annotated as driver/hotspot	22	29	19	24	19	24	-0.6336766554703617	-0.6872854505203692	0.3614388603359373	-0.4847257181666208	-0.1489509373037408	-0.3070175438596491	14	0.7368421052631579	14	0.5833333333333334	1208	0.6456953642384106	False	Mann–Whitney U, two-sided	0.0891914987010078	0.9032205895881524	False	False	True
PDAC_G12D_vs_other_KRAS	65	ITGB3	3690	26Q1	CANCER-004	other-kras	same-disease models with KRAS p.G12D	same-disease models carrying a non-target KRAS variant annotated as driver/hotspot	22	29	19	24	19	24	-0.1550392657788521	-0.1161763953407188	0.1254569657722783	-0.0066095713395717	-0.1484296944392803	-0.3464912280701754	0	0.0	0	0.0	1208	0.0389072847682119	False	Mann–Whitney U, two-sided	0.0548856621841631	0.889028734077894	False	False	True
PDAC_G12D_vs_other_KRAS	66	DSG2	1829	26Q1	CANCER-004	other-kras	same-disease models with KRAS p.G12D	same-disease models carrying a non-target KRAS variant annotated as driver/hotspot	22	29	19	24	19	24	-0.2174846059913401	-0.2225213063063209	0.1856970154460606	-0.0696924300998015	-0.1477921758915385	-0.631578947368421	1	0.0526315789473684	0	0.0	1208	0.0049668874172185	False	Mann–Whitney U, two-sided	0.0004491067261777	0.88574003322167	False	False	True
PDAC_G12D_vs_other_KRAS	67	IFITM2	10581	26Q1	CANCER-004	other-kras	same-disease models with KRAS p.G12D	same-disease models carrying a non-target KRAS variant annotated as driver/hotspot	22	29	19	24	19	24	-0.6408219142143017	-0.6437620272328406	0.2694412390799018	-0.493405066095085	-0.1474168481192166	-0.3991228070175439	15	0.7894736842105263	12	0.5	1208	0.5091059602649006	False	Mann–Whitney U, two-sided	0.0268804252952038	0.88574003322167	False	False	True
PDAC_G12D_vs_other_KRAS	68	GTF2F2	2963	26Q1	CANCER-004	other-kras	same-disease models with KRAS p.G12D	same-disease models carrying a non-target KRAS variant annotated as driver/hotspot	22	29	19	24	19	24	-0.8528103742426405	-0.7681059135643938	0.3442154558335962	-0.7057081167490646	-0.1471022574935758	-0.2894736842105263	16	0.8421052631578947	19	0.7916666666666666	1208	0.7938741721854304	False	Mann–Whitney U, two-sided	0.1091877082030567	0.9032205895881524	False	False	True
PDAC_G12D_vs_other_KRAS	69	TEAD4	7004	26Q1	CANCER-004	other-kras	same-disease models with KRAS p.G12D	same-disease models carrying a non-target KRAS variant annotated as driver/hotspot	22	29	19	24	19	24	-0.3308076740841651	-0.3272632265475475	0.133164438631257	-0.1841657579265898	-0.1466419161575753	-0.3333333333333333	3	0.1578947368421052	1	0.0416666666666666	1208	0.0894039735099337	False	Mann–Whitney U, two-sided	0.0648322821143792	0.8983830375524993	False	False	True
PDAC_G12D_vs_other_KRAS	70	FOXO3B	2310	26Q1	CANCER-004	other-kras	same-disease models with KRAS p.G12D	same-disease models carrying a non-target KRAS variant annotated as driver/hotspot	22	29	19	24	19	24	-0.2735898921649315	-0.2695511821768215	0.2985346583762392	-0.1282132890594997	-0.1453766031054317	-0.3552631578947368	6	0.3157894736842105	3	0.125	1165	0.192274678111588	False	Mann–Whitney U, two-sided	0.0489884875517896	0.88574003322167	False	False	True
PDAC_G12D_vs_other_KRAS	71	STAMBP	10617	26Q1	CANCER-004	other-kras	same-disease models with KRAS p.G12D	same-disease models carrying a non-target KRAS variant annotated as driver/hotspot	22	29	19	24	19	24	-0.4153191052502983	-0.4231194655133573	0.3283906386206948	-0.2701773434087758	-0.1451417618415224	-0.1447368421052631	7	0.3684210526315789	8	0.3333333333333333	1208	0.3079470198675497	False	Mann–Whitney U, two-sided	0.4267220081750735	0.9605470525466387	False	False	True
PDAC_G12D_vs_other_KRAS	72	TRA2B	6434	26Q1	CANCER-004	other-kras	same-disease models with KRAS p.G12D	same-disease models carrying a non-target KRAS variant annotated as driver/hotspot	22	29	19	24	19	24	-0.520124020940205	-0.5156348634372868	0.322313341685007	-0.3753738011481052	-0.1447502197920998	-0.2368421052631578	11	0.5789473684210527	8	0.3333333333333333	1208	0.6357615894039735	False	Mann–Whitney U, two-sided	0.1907426668734696	0.9162086149767436	False	False	True
PDAC_G12D_vs_other_KRAS	73	SLC38A2	54407	26Q1	CANCER-004	other-kras	same-disease models with KRAS p.G12D	same-disease models carrying a non-target KRAS variant annotated as driver/hotspot	22	29	19	24	19	24	-0.4699381670762439	-0.4675680483494044	0.3080034893222493	-0.3252543296450693	-0.1446838374311745	-0.3333333333333333	10	0.5263157894736842	6	0.25	1208	0.2938741721854304	False	Mann–Whitney U, two-sided	0.0648322821143792	0.8983830375524993	False	False	True
PDAC_G12D_vs_other_KRAS	74	ING3	54556	26Q1	CANCER-004	other-kras	same-disease models with KRAS p.G12D	same-disease models carrying a non-target KRAS variant annotated as driver/hotspot	22	29	19	24	19	24	-0.5456431773559323	-0.5495462191698383	0.4560231847450834	-0.4012323631199737	-0.1444108142359585	-0.25	10	0.5263157894736842	10	0.4166666666666667	1208	0.527317880794702	False	Mann–Whitney U, two-sided	0.1670476572625138	0.9090535788692368	False	False	True
PDAC_G12D_vs_other_KRAS	75	SPTSSA	171546	26Q1	CANCER-004	other-kras	same-disease models with KRAS p.G12D	same-disease models carrying a non-target KRAS variant annotated as driver/hotspot	22	29	19	24	19	24	-0.4688291210381615	-0.4781025399965581	0.2790197615542048	-0.3244777610580197	-0.1443513599801417	-0.293859649122807	8	0.4210526315789473	6	0.25	1208	0.390728476821192	False	Mann–Whitney U, two-sided	0.103883585152209	0.9032205895881524	False	False	True
PDAC_G12D_vs_other_KRAS	76	RAB5C	5878	26Q1	CANCER-004	other-kras	same-disease models with KRAS p.G12D	same-disease models carrying a non-target KRAS variant annotated as driver/hotspot	22	29	19	24	19	24	-0.3659821449725467	-0.352176401877892	0.214108111136985	-0.2218671749823061	-0.1441149699902405	-0.25	4	0.2105263157894736	5	0.2083333333333333	1208	0.1357615894039735	False	Mann–Whitney U, two-sided	0.1670476572625138	0.9090535788692368	False	False	True
PDAC_G12D_vs_other_KRAS	77	TMSB10	9168	26Q1	CANCER-004	other-kras	same-disease models with KRAS p.G12D	same-disease models carrying a non-target KRAS variant annotated as driver/hotspot	22	29	15	20	15	20	-0.4759201004373033	-0.4569846399122876	0.2594626172577023	-0.3320013674999784	-0.1439187329373248	-0.2333333333333333	8	0.5333333333333333	5	0.25	1090	0.4009174311926605	False	Mann–Whitney U, two-sided	0.2501438712743007	0.9289389413504432	False	False	True
PDAC_G12D_vs_other_KRAS	78	CDKL2	8999	26Q1	CANCER-004	other-kras	same-disease models with KRAS p.G12D	same-disease models carrying a non-target KRAS variant annotated as driver/hotspot	22	29	19	24	19	24	-0.1488418101831422	-0.1492284301198732	0.1217075105870002	-0.0050049482887893	-0.1438368618943528	-0.5789473684210527	0	0.0	0	0.0	1208	0.0024834437086092	False	Mann–Whitney U, two-sided	0.0013001909004019	0.88574003322167	False	False	True
PDAC_G12D_vs_other_KRAS	79	RPRD1B	58490	26Q1	CANCER-004	other-kras	same-disease models with KRAS p.G12D	same-disease models carrying a non-target KRAS variant annotated as driver/hotspot	22	29	19	24	19	24	-0.5323868288952598	-0.4970141771129563	0.2779004182321644	-0.3887622412531403	-0.1436245876421195	-0.1929824561403508	10	0.5263157894736842	10	0.4166666666666667	1208	0.4842715231788079	False	Mann–Whitney U, two-sided	0.2874069534756094	0.9352983816281584	False	False	True
PDAC_G12D_vs_other_KRAS	80	METAP2	10988	26Q1	CANCER-004	other-kras	same-disease models with KRAS p.G12D	same-disease models carrying a non-target KRAS variant annotated as driver/hotspot	22	29	19	24	19	24	-0.7750915108503097	-0.7020504237267865	0.2881294600890351	-0.6315012352931745	-0.1435902755571352	-0.1359649122807017	15	0.7894736842105263	15	0.625	1208	0.7119205298013245	False	Mann–Whitney U, two-sided	0.4557266884263546	0.9617082794130828	False	False	True
PDAC_G12D_vs_other_KRAS	81	HLA-C	3107	26Q1	CANCER-004	other-kras	same-disease models with KRAS p.G12D	same-disease models carrying a non-target KRAS variant annotated as driver/hotspot	22	29	19	24	19	24	-0.5242698763081143	-0.5150493230444628	0.243890435388695	-0.381005958029063	-0.1432639182790512	-0.4298245614035088	13	0.6842105263157895	4	0.1666666666666666	1208	0.3899006622516556	False	Mann–Whitney U, two-sided	0.0171051165333241	0.88574003322167	False	False	True
PDAC_G12D_vs_other_KRAS	82	SLC39A10	57181	26Q1	CANCER-004	other-kras	same-disease models with KRAS p.G12D	same-disease models carrying a non-target KRAS variant annotated as driver/hotspot	22	29	19	24	19	24	-0.5564545077826788	-0.502904654084427	0.2141964909497696	-0.4133018122488462	-0.1431526955338325	-0.2543859649122807	12	0.631578947368421	10	0.4166666666666667	1208	0.36341059602649	False	Mann–Whitney U, two-sided	0.1596622310796909	0.9077056009796886	False	False	True
PDAC_G12D_vs_other_KRAS	83	NUP35	129401	26Q1	CANCER-004	other-kras	same-disease models with KRAS p.G12D	same-disease models carrying a non-target KRAS variant annotated as driver/hotspot	22	29	19	24	19	24	-0.6073320276751766	-0.5618457434174712	0.2169762096446009	-0.4642185932871722	-0.1431134343880044	-0.3289473684210526	14	0.7368421052631579	13	0.5416666666666666	1208	0.4875827814569536	False	Mann–Whitney U, two-sided	0.0684615020054204	0.9028637724301654	False	False	True
PDAC_G12D_vs_other_KRAS	84	CRTC3	64784	26Q1	CANCER-004	other-kras	same-disease models with KRAS p.G12D	same-disease models carrying a non-target KRAS variant annotated as driver/hotspot	22	29	19	24	19	24	-0.173879788237814	-0.1717931775169704	0.1245463534992516	-0.0308628536858552	-0.1430169345519588	-0.5570175438596491	0	0.0	0	0.0	1208	0.0513245033112582	False	Mann–Whitney U, two-sided	0.0019770483228786	0.88574003322167	False	False	True
PDAC_G12D_vs_other_KRAS	85	BCAR1	9564	26Q1	CANCER-004	other-kras	same-disease models with KRAS p.G12D	same-disease models carrying a non-target KRAS variant annotated as driver/hotspot	22	29	19	24	19	24	-0.5137206963985815	-0.4349915089522853	0.4300216266281627	-0.3710502853487813	-0.1426704110498002	-0.1447368421052631	10	0.5263157894736842	9	0.375	1208	0.1274834437086092	False	Mann–Whitney U, two-sided	0.4267220081750735	0.9605470525466387	False	False	True
PDAC_G12D_vs_other_KRAS	86	HS6ST1	9394	26Q1	CANCER-004	other-kras	same-disease models with KRAS p.G12D	same-disease models carrying a non-target KRAS variant annotated as driver/hotspot	22	29	19	24	19	24	-0.5531710071076097	-0.5090846582270384	0.2602623481046726	-0.4106577976391705	-0.1425132094684391	-0.1666666666666666	12	0.631578947368421	11	0.4583333333333333	1208	0.5206953642384106	False	Mann–Whitney U, two-sided	0.3590941825787743	0.9493029605993122	False	False	True
PDAC_G12D_vs_other_KRAS	87	NUFIP1	26747	26Q1	CANCER-004	other-kras	same-disease models with KRAS p.G12D	same-disease models carrying a non-target KRAS variant annotated as driver/hotspot	22	29	19	24	19	24	-0.6476373336584623	-0.6382739382057563	0.2256068092668992	-0.5060582595732198	-0.1415790740852425	-0.3157894736842105	16	0.8421052631578947	19	0.7916666666666666	1208	0.765728476821192	False	Mann–Whitney U, two-sided	0.0803619753944868	0.9028637724301654	False	False	True
PDAC_G12D_vs_other_KRAS	88	PITPNB	23760	26Q1	CANCER-004	other-kras	same-disease models with KRAS p.G12D	same-disease models carrying a non-target KRAS variant annotated as driver/hotspot	22	29	19	24	19	24	-0.0402984460714765	0.0127292983359272	0.1894017234451704	0.1012355062751431	-0.1415339523466196	-0.3947368421052631	0	0.0	0	0.0	1208	0.0140728476821192	False	Mann–Whitney U, two-sided	0.0286118126502751	0.88574003322167	False	False	True
PDAC_G12D_vs_other_KRAS	89	PHIP	55023	26Q1	CANCER-004	other-kras	same-disease models with KRAS p.G12D	same-disease models carrying a non-target KRAS variant annotated as driver/hotspot	22	29	19	24	19	24	-0.2151498594198622	-0.2111997139931967	0.1515351409044367	-0.0743705320613955	-0.1407793273584667	-0.3552631578947368	2	0.1052631578947368	0	0.0	1208	0.0596026490066225	False	Mann–Whitney U, two-sided	0.0489884875517896	0.88574003322167	False	False	True
PDAC_G12D_vs_other_KRAS	90	CPOX	1371	26Q1	CANCER-004	other-kras	same-disease models with KRAS p.G12D	same-disease models carrying a non-target KRAS variant annotated as driver/hotspot	22	29	19	24	19	24	-0.4476485263447642	-0.4010835487423345	0.2443974153258613	-0.3069909122779775	-0.1406576140667867	-0.1666666666666666	9	0.4736842105263157	6	0.25	1208	0.2350993377483443	False	Mann–Whitney U, two-sided	0.3590941825787743	0.9493029605993122	False	False	True
PDAC_G12D_vs_other_KRAS	91	SKA1	220134	26Q1	CANCER-004	other-kras	same-disease models with KRAS p.G12D	same-disease models carrying a non-target KRAS variant annotated as driver/hotspot	22	29	19	24	19	24	-0.6417444303692572	-0.6214218587509381	0.3928433431378652	-0.5011815121308681	-0.140562918238389	-0.25	15	0.7894736842105263	14	0.5833333333333334	1208	0.5951986754966887	False	Mann–Whitney U, two-sided	0.1670476572625138	0.9090535788692368	False	False	True
PDAC_G12D_vs_other_KRAS	92	NUP50	10762	26Q1	CANCER-004	other-kras	same-disease models with KRAS p.G12D	same-disease models carrying a non-target KRAS variant annotated as driver/hotspot	22	29	19	24	19	24	-0.7012221365023257	-0.7317592117766786	0.3749973651166417	-0.5611622326136722	-0.1400599038886535	-0.0570175438596491	16	0.8421052631578947	18	0.75	1208	0.5811258278145696	False	Mann–Whitney U, two-sided	0.7598349826486077	0.9934087549305276	False	False	True
PDAC_G12D_vs_other_KRAS	93	CCNB1	891	26Q1	CANCER-004	other-kras	same-disease models with KRAS p.G12D	same-disease models carrying a non-target KRAS variant annotated as driver/hotspot	22	29	19	24	19	24	-0.9750438025321448	-0.9051014149937668	0.3584854238166199	-0.8364304752341372	-0.1386133272980076	-0.2017543859649122	17	0.8947368421052632	20	0.8333333333333334	1208	0.7690397350993378	False	Mann–Whitney U, two-sided	0.2658205951726747	0.9314889763613896	False	False	True
PDAC_G12D_vs_other_KRAS	94	ALG6	29929	26Q1	CANCER-004	other-kras	same-disease models with KRAS p.G12D	same-disease models carrying a non-target KRAS variant annotated as driver/hotspot	22	29	19	24	19	24	-0.346636391237057	-0.3268033940586533	0.2647066991751338	-0.2080521214809325	-0.1385842697561244	-0.1973684210526315	5	0.2631578947368421	4	0.1666666666666666	1208	0.1423841059602649	False	Mann–Whitney U, two-sided	0.2764701606310942	0.932891691809588	False	False	True
PDAC_G12D_vs_other_KRAS	95	USP18	11274	26Q1	CANCER-004	other-kras	same-disease models with KRAS p.G12D	same-disease models carrying a non-target KRAS variant annotated as driver/hotspot	22	29	19	24	19	24	-0.4973611142804253	-0.5673521950973096	0.1828911668356645	-0.3589111656596799	-0.1384499486207454	-0.4342105263157895	13	0.6842105263157895	8	0.3333333333333333	1208	0.3451986754966887	False	Mann–Whitney U, two-sided	0.0160008463208285	0.88574003322167	False	False	True
PDAC_G12D_vs_other_KRAS	96	FNBP4	23360	26Q1	CANCER-004	other-kras	same-disease models with KRAS p.G12D	same-disease models carrying a non-target KRAS variant annotated as driver/hotspot	22	29	19	24	19	24	-0.587057067171327	-0.6405691771927721	0.3789357730592361	-0.4487290771188617	-0.1383279900524653	-0.3157894736842105	13	0.6842105263157895	11	0.4583333333333333	1208	0.6647350993377483	False	Mann–Whitney U, two-sided	0.0803619753944868	0.9028637724301654	False	False	True
PDAC_G12D_vs_other_KRAS	97	AMELY	266	26Q1	CANCER-004	other-kras	same-disease models with KRAS p.G12D	same-disease models carrying a non-target KRAS variant annotated as driver/hotspot	22	29	12	11	12	11	0.1255068251057633	0.1348182514459952	0.1654781229876943	0.2635483449666597	-0.1380415198608963	-0.3636363636363636	0	0.0	0	0.0	383	0.0	False	Mann–Whitney U, two-sided	0.1480860615850711	0.9032205895881524	False	False	True
PDAC_G12D_vs_other_KRAS	98	CNOT1	23019	26Q1	CANCER-004	other-kras	same-disease models with KRAS p.G12D	same-disease models carrying a non-target KRAS variant annotated as driver/hotspot	22	29	19	24	19	24	-0.8727022396276567	-0.8550429082829737	0.3908980507116841	-0.7350795413437614	-0.1376226982838952	-0.2105263157894736	16	0.8421052631578947	21	0.875	1208	0.7466887417218543	False	Mann–Whitney U, two-sided	0.2453774716711445	0.9282412330243236	False	False	True
PDAC_G12D_vs_other_KRAS	99	GIGYF1	64599	26Q1	CANCER-004	other-kras	same-disease models with KRAS p.G12D	same-disease models carrying a non-target KRAS variant annotated as driver/hotspot	22	29	19	24	19	24	-0.2504212627516379	-0.247799004248154	0.2599361306707491	-0.1134407835429536	-0.1369804792086842	-0.3771929824561403	1	0.0526315789473684	1	0.0416666666666666	1208	0.0355960264900662	False	Mann–Whitney U, two-sided	0.0365306772221386	0.88574003322167	False	False	True
PDAC_G12D_vs_other_KRAS	100	FAM50A	9130	26Q1	CANCER-004	other-kras	same-disease models with KRAS p.G12D	same-disease models carrying a non-target KRAS variant annotated as driver/hotspot	22	29	19	24	19	24	-0.4697388061105358	-0.8049002012405818	0.9193377326170163	-0.3328722386559241	-0.1368665674546117	-0.2894736842105263	11	0.5789473684210527	9	0.375	1208	0.5339403973509934	False	Mann–Whitney U, two-sided	0.1091877082030567	0.9032205895881524	False	False	True
